dataset,species,level,move_id,move,type,category,power,accuracy,pp,effect,priority,implemented,relation
HGSS,Bulbasaur,1,MOVE_TACKLE,Tackle,Normal,Physical,35,95,35,0,0,True,Normal
HGSS,Bulbasaur,3,MOVE_GROWL,Growl,Normal,Status,0,100,40,18,0,True,Normal
HGSS,Bulbasaur,7,MOVE_LEECH_SEED,Leech Seed,Grass,Status,0,90,10,84,0,True,Own type
HGSS,Bulbasaur,9,MOVE_VINE_WHIP,Vine Whip,Grass,Physical,35,100,15,0,0,True,Own type
HGSS,Bulbasaur,13,MOVE_POISON_POWDER,Poison Powder,Poison,Status,0,75,35,66,0,True,Own type
HGSS,Bulbasaur,13,MOVE_SLEEP_POWDER,Sleep Powder,Grass,Status,0,75,15,1,0,True,Own type
HGSS,Bulbasaur,15,MOVE_TAKE_DOWN,Take Down,Normal,Physical,90,85,20,48,0,True,Normal
HGSS,Bulbasaur,19,MOVE_RAZOR_LEAF,Razor Leaf,Grass,Physical,55,95,25,43,0,True,Own type
HGSS,Bulbasaur,21,MOVE_SWEET_SCENT,Sweet Scent,Normal,Status,0,100,20,24,0,True,Normal
HGSS,Bulbasaur,25,MOVE_GROWTH,Growth,Normal,Status,0,0,40,13,0,True,Normal
HGSS,Bulbasaur,27,MOVE_DOUBLE_EDGE,Double-Edge,Normal,Physical,120,100,15,198,0,True,Normal
HGSS,Bulbasaur,31,MOVE_WORRY_SEED,Worry Seed,Grass,Status,0,100,10,247,0,True,Own type
HGSS,Bulbasaur,33,MOVE_SYNTHESIS,Synthesis,Grass,Status,0,0,5,132,0,True,Own type
HGSS,Bulbasaur,37,MOVE_SEED_BOMB,Seed Bomb,Grass,Physical,80,100,15,0,0,True,Own type
HGSS,Ivysaur,1,MOVE_TACKLE,Tackle,Normal,Physical,35,95,35,0,0,True,Normal
HGSS,Ivysaur,1,MOVE_GROWL,Growl,Normal,Status,0,100,40,18,0,True,Normal
HGSS,Ivysaur,1,MOVE_LEECH_SEED,Leech Seed,Grass,Status,0,90,10,84,0,True,Own type
HGSS,Ivysaur,3,MOVE_GROWL,Growl,Normal,Status,0,100,40,18,0,True,Normal
HGSS,Ivysaur,7,MOVE_LEECH_SEED,Leech Seed,Grass,Status,0,90,10,84,0,True,Own type
HGSS,Ivysaur,9,MOVE_VINE_WHIP,Vine Whip,Grass,Physical,35,100,15,0,0,True,Own type
HGSS,Ivysaur,13,MOVE_POISON_POWDER,Poison Powder,Poison,Status,0,75,35,66,0,True,Own type
HGSS,Ivysaur,13,MOVE_SLEEP_POWDER,Sleep Powder,Grass,Status,0,75,15,1,0,True,Own type
HGSS,Ivysaur,15,MOVE_TAKE_DOWN,Take Down,Normal,Physical,90,85,20,48,0,True,Normal
HGSS,Ivysaur,20,MOVE_RAZOR_LEAF,Razor Leaf,Grass,Physical,55,95,25,43,0,True,Own type
HGSS,Ivysaur,23,MOVE_SWEET_SCENT,Sweet Scent,Normal,Status,0,100,20,24,0,True,Normal
HGSS,Ivysaur,28,MOVE_GROWTH,Growth,Normal,Status,0,0,40,13,0,True,Normal
HGSS,Ivysaur,31,MOVE_DOUBLE_EDGE,Double-Edge,Normal,Physical,120,100,15,198,0,True,Normal
HGSS,Ivysaur,36,MOVE_WORRY_SEED,Worry Seed,Grass,Status,0,100,10,247,0,True,Own type
HGSS,Ivysaur,39,MOVE_SYNTHESIS,Synthesis,Grass,Status,0,0,5,132,0,True,Own type
HGSS,Ivysaur,44,MOVE_SOLAR_BEAM,Solar Beam,Grass,Special,120,100,10,151,0,True,Own type
HGSS,Venusaur,1,MOVE_TACKLE,Tackle,Normal,Physical,35,95,35,0,0,True,Normal
HGSS,Venusaur,1,MOVE_GROWL,Growl,Normal,Status,0,100,40,18,0,True,Normal
HGSS,Venusaur,1,MOVE_LEECH_SEED,Leech Seed,Grass,Status,0,90,10,84,0,True,Own type
HGSS,Venusaur,1,MOVE_VINE_WHIP,Vine Whip,Grass,Physical,35,100,15,0,0,True,Own type
HGSS,Venusaur,3,MOVE_GROWL,Growl,Normal,Status,0,100,40,18,0,True,Normal
HGSS,Venusaur,7,MOVE_LEECH_SEED,Leech Seed,Grass,Status,0,90,10,84,0,True,Own type
HGSS,Venusaur,9,MOVE_VINE_WHIP,Vine Whip,Grass,Physical,35,100,15,0,0,True,Own type
HGSS,Venusaur,13,MOVE_POISON_POWDER,Poison Powder,Poison,Status,0,75,35,66,0,True,Own type
HGSS,Venusaur,13,MOVE_SLEEP_POWDER,Sleep Powder,Grass,Status,0,75,15,1,0,True,Own type
HGSS,Venusaur,15,MOVE_TAKE_DOWN,Take Down,Normal,Physical,90,85,20,48,0,True,Normal
HGSS,Venusaur,20,MOVE_RAZOR_LEAF,Razor Leaf,Grass,Physical,55,95,25,43,0,True,Own type
HGSS,Venusaur,23,MOVE_SWEET_SCENT,Sweet Scent,Normal,Status,0,100,20,24,0,True,Normal
HGSS,Venusaur,28,MOVE_GROWTH,Growth,Normal,Status,0,0,40,13,0,True,Normal
HGSS,Venusaur,31,MOVE_DOUBLE_EDGE,Double-Edge,Normal,Physical,120,100,15,198,0,True,Normal
HGSS,Venusaur,32,MOVE_PETAL_DANCE,Petal Dance,Grass,Special,90,100,20,27,0,True,Own type
HGSS,Venusaur,39,MOVE_WORRY_SEED,Worry Seed,Grass,Status,0,100,10,247,0,True,Own type
HGSS,Venusaur,45,MOVE_SYNTHESIS,Synthesis,Grass,Status,0,0,5,132,0,True,Own type
HGSS,Venusaur,53,MOVE_SOLAR_BEAM,Solar Beam,Grass,Special,120,100,10,151,0,True,Own type
HGSS,Charmander,1,MOVE_SCRATCH,Scratch,Normal,Physical,40,100,35,0,0,True,Normal
HGSS,Charmander,1,MOVE_GROWL,Growl,Normal,Status,0,100,40,18,0,True,Normal
HGSS,Charmander,7,MOVE_EMBER,Ember,Fire,Special,40,100,25,4,0,True,Own type
HGSS,Charmander,10,MOVE_SMOKESCREEN,Smokescreen,Normal,Status,0,100,20,23,0,True,Normal
HGSS,Charmander,16,MOVE_DRAGON_RAGE,Dragon Rage,Dragon,Special,1,100,10,41,0,True,Other type
HGSS,Charmander,19,MOVE_SCARY_FACE,Scary Face,Normal,Status,0,90,10,60,0,True,Normal
HGSS,Charmander,25,MOVE_FIRE_FANG,Fire Fang,Fire,Physical,65,95,15,273,0,True,Own type
HGSS,Charmander,28,MOVE_SLASH,Slash,Normal,Physical,70,100,20,43,0,True,Normal
HGSS,Charmander,34,MOVE_FLAMETHROWER,Flamethrower,Fire,Special,95,100,15,4,0,True,Own type
HGSS,Charmander,37,MOVE_FIRE_SPIN,Fire Spin,Fire,Special,15,70,15,42,0,True,Own type
HGSS,Charmeleon,1,MOVE_SCRATCH,Scratch,Normal,Physical,40,100,35,0,0,True,Normal
HGSS,Charmeleon,1,MOVE_GROWL,Growl,Normal,Status,0,100,40,18,0,True,Normal
HGSS,Charmeleon,1,MOVE_EMBER,Ember,Fire,Special,40,100,25,4,0,True,Own type
HGSS,Charmeleon,7,MOVE_EMBER,Ember,Fire,Special,40,100,25,4,0,True,Own type
HGSS,Charmeleon,10,MOVE_SMOKESCREEN,Smokescreen,Normal,Status,0,100,20,23,0,True,Normal
HGSS,Charmeleon,17,MOVE_DRAGON_RAGE,Dragon Rage,Dragon,Special,1,100,10,41,0,True,Other type
HGSS,Charmeleon,21,MOVE_SCARY_FACE,Scary Face,Normal,Status,0,90,10,60,0,True,Normal
HGSS,Charmeleon,28,MOVE_FIRE_FANG,Fire Fang,Fire,Physical,65,95,15,273,0,True,Own type
HGSS,Charmeleon,32,MOVE_SLASH,Slash,Normal,Physical,70,100,20,43,0,True,Normal
HGSS,Charmeleon,39,MOVE_FLAMETHROWER,Flamethrower,Fire,Special,95,100,15,4,0,True,Own type
HGSS,Charmeleon,43,MOVE_FIRE_SPIN,Fire Spin,Fire,Special,15,70,15,42,0,True,Own type
HGSS,Charizard,1,MOVE_DRAGON_CLAW,Dragon Claw,Dragon,Physical,80,100,15,0,0,True,Other type
HGSS,Charizard,1,MOVE_SHADOW_CLAW,Shadow Claw,Ghost,Physical,70,100,15,43,0,True,Other type
HGSS,Charizard,1,MOVE_AIR_SLASH,Air Slash,Flying,Special,75,95,20,31,0,True,Own type
HGSS,Charizard,1,MOVE_SCRATCH,Scratch,Normal,Physical,40,100,35,0,0,True,Normal
HGSS,Charizard,1,MOVE_GROWL,Growl,Normal,Status,0,100,40,18,0,True,Normal
HGSS,Charizard,1,MOVE_EMBER,Ember,Fire,Special,40,100,25,4,0,True,Own type
HGSS,Charizard,1,MOVE_SMOKESCREEN,Smokescreen,Normal,Status,0,100,20,23,0,True,Normal
HGSS,Charizard,7,MOVE_EMBER,Ember,Fire,Special,40,100,25,4,0,True,Own type
HGSS,Charizard,10,MOVE_SMOKESCREEN,Smokescreen,Normal,Status,0,100,20,23,0,True,Normal
HGSS,Charizard,17,MOVE_DRAGON_RAGE,Dragon Rage,Dragon,Special,1,100,10,41,0,True,Other type
HGSS,Charizard,21,MOVE_SCARY_FACE,Scary Face,Normal,Status,0,90,10,60,0,True,Normal
HGSS,Charizard,28,MOVE_FIRE_FANG,Fire Fang,Fire,Physical,65,95,15,273,0,True,Own type
HGSS,Charizard,32,MOVE_SLASH,Slash,Normal,Physical,70,100,20,43,0,True,Normal
HGSS,Charizard,36,MOVE_WING_ATTACK,Wing Attack,Flying,Physical,60,100,35,0,0,True,Own type
HGSS,Charizard,42,MOVE_FLAMETHROWER,Flamethrower,Fire,Special,95,100,15,4,0,True,Own type
HGSS,Charizard,49,MOVE_FIRE_SPIN,Fire Spin,Fire,Special,15,70,15,42,0,True,Own type
HGSS,Charizard,59,MOVE_HEAT_WAVE,Heat Wave,Fire,Special,100,90,10,4,0,True,Own type
HGSS,Charizard,66,MOVE_FLARE_BLITZ,Flare Blitz,Fire,Physical,120,100,15,253,0,True,Own type
HGSS,Squirtle,1,MOVE_TACKLE,Tackle,Normal,Physical,35,95,35,0,0,True,Normal
HGSS,Squirtle,4,MOVE_TAIL_WHIP,Tail Whip,Normal,Status,0,100,30,19,0,True,Normal
HGSS,Squirtle,7,MOVE_BUBBLE,Bubble,Water,Special,20,100,30,70,0,True,Own type
HGSS,Squirtle,10,MOVE_WITHDRAW,Withdraw,Water,Status,0,0,40,11,0,True,Own type
HGSS,Squirtle,13,MOVE_WATER_GUN,Water Gun,Water,Special,40,100,25,0,0,True,Own type
HGSS,Squirtle,16,MOVE_BITE,Bite,Dark,Physical,60,100,25,31,0,True,Other type
HGSS,Squirtle,19,MOVE_RAPID_SPIN,Rapid Spin,Normal,Physical,20,100,40,129,0,True,Normal
HGSS,Squirtle,22,MOVE_PROTECT,Protect,Normal,Status,0,0,10,111,3,True,Normal
HGSS,Squirtle,25,MOVE_WATER_PULSE,Water Pulse,Water,Special,60,100,20,76,0,True,Own type
HGSS,Squirtle,28,MOVE_AQUA_TAIL,Aqua Tail,Water,Physical,90,90,10,0,0,True,Own type
HGSS,Squirtle,31,MOVE_SKULL_BASH,Skull Bash,Normal,Physical,100,100,15,145,0,True,Normal
HGSS,Squirtle,34,MOVE_IRON_DEFENSE,Iron Defense,Steel,Status,0,0,15,51,0,True,Other type
HGSS,Squirtle,37,MOVE_RAIN_DANCE,Rain Dance,Water,Status,0,0,5,136,0,True,Own type
HGSS,Squirtle,40,MOVE_HYDRO_PUMP,Hydro Pump,Water,Special,120,80,5,0,0,True,Own type
HGSS,Wartortle,1,MOVE_TACKLE,Tackle,Normal,Physical,35,95,35,0,0,True,Normal
HGSS,Wartortle,1,MOVE_TAIL_WHIP,Tail Whip,Normal,Status,0,100,30,19,0,True,Normal
HGSS,Wartortle,1,MOVE_BUBBLE,Bubble,Water,Special,20,100,30,70,0,True,Own type
HGSS,Wartortle,4,MOVE_TAIL_WHIP,Tail Whip,Normal,Status,0,100,30,19,0,True,Normal
HGSS,Wartortle,7,MOVE_BUBBLE,Bubble,Water,Special,20,100,30,70,0,True,Own type
HGSS,Wartortle,10,MOVE_WITHDRAW,Withdraw,Water,Status,0,0,40,11,0,True,Own type
HGSS,Wartortle,13,MOVE_WATER_GUN,Water Gun,Water,Special,40,100,25,0,0,True,Own type
HGSS,Wartortle,16,MOVE_BITE,Bite,Dark,Physical,60,100,25,31,0,True,Other type
HGSS,Wartortle,20,MOVE_RAPID_SPIN,Rapid Spin,Normal,Physical,20,100,40,129,0,True,Normal
HGSS,Wartortle,24,MOVE_PROTECT,Protect,Normal,Status,0,0,10,111,3,True,Normal
HGSS,Wartortle,28,MOVE_WATER_PULSE,Water Pulse,Water,Special,60,100,20,76,0,True,Own type
HGSS,Wartortle,32,MOVE_AQUA_TAIL,Aqua Tail,Water,Physical,90,90,10,0,0,True,Own type
HGSS,Wartortle,36,MOVE_SKULL_BASH,Skull Bash,Normal,Physical,100,100,15,145,0,True,Normal
HGSS,Wartortle,40,MOVE_IRON_DEFENSE,Iron Defense,Steel,Status,0,0,15,51,0,True,Other type
HGSS,Wartortle,44,MOVE_RAIN_DANCE,Rain Dance,Water,Status,0,0,5,136,0,True,Own type
HGSS,Wartortle,48,MOVE_HYDRO_PUMP,Hydro Pump,Water,Special,120,80,5,0,0,True,Own type
HGSS,Blastoise,1,MOVE_FLASH_CANNON,Flash Cannon,Steel,Special,80,100,10,72,0,True,Other type
HGSS,Blastoise,1,MOVE_TACKLE,Tackle,Normal,Physical,35,95,35,0,0,True,Normal
HGSS,Blastoise,1,MOVE_TAIL_WHIP,Tail Whip,Normal,Status,0,100,30,19,0,True,Normal
HGSS,Blastoise,1,MOVE_BUBBLE,Bubble,Water,Special,20,100,30,70,0,True,Own type
HGSS,Blastoise,1,MOVE_WITHDRAW,Withdraw,Water,Status,0,0,40,11,0,True,Own type
HGSS,Blastoise,4,MOVE_TAIL_WHIP,Tail Whip,Normal,Status,0,100,30,19,0,True,Normal
HGSS,Blastoise,7,MOVE_BUBBLE,Bubble,Water,Special,20,100,30,70,0,True,Own type
HGSS,Blastoise,10,MOVE_WITHDRAW,Withdraw,Water,Status,0,0,40,11,0,True,Own type
HGSS,Blastoise,13,MOVE_WATER_GUN,Water Gun,Water,Special,40,100,25,0,0,True,Own type
HGSS,Blastoise,16,MOVE_BITE,Bite,Dark,Physical,60,100,25,31,0,True,Other type
HGSS,Blastoise,20,MOVE_RAPID_SPIN,Rapid Spin,Normal,Physical,20,100,40,129,0,True,Normal
HGSS,Blastoise,24,MOVE_PROTECT,Protect,Normal,Status,0,0,10,111,3,True,Normal
HGSS,Blastoise,28,MOVE_WATER_PULSE,Water Pulse,Water,Special,60,100,20,76,0,True,Own type
HGSS,Blastoise,32,MOVE_AQUA_TAIL,Aqua Tail,Water,Physical,90,90,10,0,0,True,Own type
HGSS,Blastoise,39,MOVE_SKULL_BASH,Skull Bash,Normal,Physical,100,100,15,145,0,True,Normal
HGSS,Blastoise,46,MOVE_IRON_DEFENSE,Iron Defense,Steel,Status,0,0,15,51,0,True,Other type
HGSS,Blastoise,53,MOVE_RAIN_DANCE,Rain Dance,Water,Status,0,0,5,136,0,True,Own type
HGSS,Blastoise,60,MOVE_HYDRO_PUMP,Hydro Pump,Water,Special,120,80,5,0,0,True,Own type
HGSS,Chikorita,1,MOVE_TACKLE,Tackle,Normal,Physical,35,95,35,0,0,True,Normal
HGSS,Chikorita,1,MOVE_GROWL,Growl,Normal,Status,0,100,40,18,0,True,Normal
HGSS,Chikorita,6,MOVE_RAZOR_LEAF,Razor Leaf,Grass,Physical,55,95,25,43,0,True,Own type
HGSS,Chikorita,9,MOVE_POISON_POWDER,Poison Powder,Poison,Status,0,75,35,66,0,True,Other type
HGSS,Chikorita,12,MOVE_SYNTHESIS,Synthesis,Grass,Status,0,0,5,132,0,True,Own type
HGSS,Chikorita,17,MOVE_REFLECT,Reflect,Psychic,Status,0,0,20,65,0,True,Other type
HGSS,Chikorita,20,MOVE_MAGICAL_LEAF,Magical Leaf,Grass,Special,60,0,20,17,0,True,Own type
HGSS,Chikorita,23,MOVE_NATURAL_GIFT,Natural Gift,Normal,Physical,1,100,15,222,0,True,Normal
HGSS,Chikorita,28,MOVE_SWEET_SCENT,Sweet Scent,Normal,Status,0,100,20,24,0,True,Normal
HGSS,Chikorita,31,MOVE_LIGHT_SCREEN,Light Screen,Psychic,Status,0,0,30,35,0,True,Other type
HGSS,Chikorita,34,MOVE_BODY_SLAM,Body Slam,Normal,Physical,85,100,15,6,0,True,Normal
HGSS,Chikorita,39,MOVE_SAFEGUARD,Safeguard,Normal,Status,0,0,25,124,0,True,Normal
HGSS,Chikorita,42,MOVE_AROMATHERAPY,Aromatherapy,Grass,Status,0,0,5,102,0,True,Own type
HGSS,Chikorita,45,MOVE_SOLAR_BEAM,Solar Beam,Grass,Special,120,100,10,151,0,True,Own type
HGSS,Bayleef,1,MOVE_TACKLE,Tackle,Normal,Physical,35,95,35,0,0,True,Normal
HGSS,Bayleef,1,MOVE_GROWL,Growl,Normal,Status,0,100,40,18,0,True,Normal
HGSS,Bayleef,1,MOVE_RAZOR_LEAF,Razor Leaf,Grass,Physical,55,95,25,43,0,True,Own type
HGSS,Bayleef,1,MOVE_POISON_POWDER,Poison Powder,Poison,Status,0,75,35,66,0,True,Other type
HGSS,Bayleef,6,MOVE_RAZOR_LEAF,Razor Leaf,Grass,Physical,55,95,25,43,0,True,Own type
HGSS,Bayleef,9,MOVE_POISON_POWDER,Poison Powder,Poison,Status,0,75,35,66,0,True,Other type
HGSS,Bayleef,12,MOVE_SYNTHESIS,Synthesis,Grass,Status,0,0,5,132,0,True,Own type
HGSS,Bayleef,18,MOVE_REFLECT,Reflect,Psychic,Status,0,0,20,65,0,True,Other type
HGSS,Bayleef,22,MOVE_MAGICAL_LEAF,Magical Leaf,Grass,Special,60,0,20,17,0,True,Own type
HGSS,Bayleef,26,MOVE_NATURAL_GIFT,Natural Gift,Normal,Physical,1,100,15,222,0,True,Normal
HGSS,Bayleef,32,MOVE_SWEET_SCENT,Sweet Scent,Normal,Status,0,100,20,24,0,True,Normal
HGSS,Bayleef,36,MOVE_LIGHT_SCREEN,Light Screen,Psychic,Status,0,0,30,35,0,True,Other type
HGSS,Bayleef,40,MOVE_BODY_SLAM,Body Slam,Normal,Physical,85,100,15,6,0,True,Normal
HGSS,Bayleef,46,MOVE_SAFEGUARD,Safeguard,Normal,Status,0,0,25,124,0,True,Normal
HGSS,Bayleef,50,MOVE_AROMATHERAPY,Aromatherapy,Grass,Status,0,0,5,102,0,True,Own type
HGSS,Bayleef,54,MOVE_SOLAR_BEAM,Solar Beam,Grass,Special,120,100,10,151,0,True,Own type
HGSS,Meganium,1,MOVE_TACKLE,Tackle,Normal,Physical,35,95,35,0,0,True,Normal
HGSS,Meganium,1,MOVE_GROWL,Growl,Normal,Status,0,100,40,18,0,True,Normal
HGSS,Meganium,1,MOVE_RAZOR_LEAF,Razor Leaf,Grass,Physical,55,95,25,43,0,True,Own type
HGSS,Meganium,1,MOVE_POISON_POWDER,Poison Powder,Poison,Status,0,75,35,66,0,True,Other type
HGSS,Meganium,6,MOVE_RAZOR_LEAF,Razor Leaf,Grass,Physical,55,95,25,43,0,True,Own type
HGSS,Meganium,9,MOVE_POISON_POWDER,Poison Powder,Poison,Status,0,75,35,66,0,True,Other type
HGSS,Meganium,12,MOVE_SYNTHESIS,Synthesis,Grass,Status,0,0,5,132,0,True,Own type
HGSS,Meganium,18,MOVE_REFLECT,Reflect,Psychic,Status,0,0,20,65,0,True,Other type
HGSS,Meganium,22,MOVE_MAGICAL_LEAF,Magical Leaf,Grass,Special,60,0,20,17,0,True,Own type
HGSS,Meganium,26,MOVE_NATURAL_GIFT,Natural Gift,Normal,Physical,1,100,15,222,0,True,Normal
HGSS,Meganium,32,MOVE_PETAL_DANCE,Petal Dance,Grass,Special,90,100,20,27,0,True,Own type
HGSS,Meganium,34,MOVE_SWEET_SCENT,Sweet Scent,Normal,Status,0,100,20,24,0,True,Normal
HGSS,Meganium,40,MOVE_LIGHT_SCREEN,Light Screen,Psychic,Status,0,0,30,35,0,True,Other type
HGSS,Meganium,46,MOVE_BODY_SLAM,Body Slam,Normal,Physical,85,100,15,6,0,True,Normal
HGSS,Meganium,54,MOVE_SAFEGUARD,Safeguard,Normal,Status,0,0,25,124,0,True,Normal
HGSS,Meganium,60,MOVE_AROMATHERAPY,Aromatherapy,Grass,Status,0,0,5,102,0,True,Own type
HGSS,Meganium,66,MOVE_SOLAR_BEAM,Solar Beam,Grass,Special,120,100,10,151,0,True,Own type
HGSS,Cyndaquil,1,MOVE_TACKLE,Tackle,Normal,Physical,35,95,35,0,0,True,Normal
HGSS,Cyndaquil,1,MOVE_LEER,Leer,Normal,Status,0,100,30,19,0,True,Normal
HGSS,Cyndaquil,6,MOVE_SMOKESCREEN,Smokescreen,Normal,Status,0,100,20,23,0,True,Normal
HGSS,Cyndaquil,10,MOVE_EMBER,Ember,Fire,Special,40,100,25,4,0,True,Own type
HGSS,Cyndaquil,13,MOVE_QUICK_ATTACK,Quick Attack,Normal,Physical,40,100,30,103,1,True,Normal
HGSS,Cyndaquil,19,MOVE_FLAME_WHEEL,Flame Wheel,Fire,Physical,60,100,25,125,0,True,Own type
HGSS,Cyndaquil,22,MOVE_DEFENSE_CURL,Defense Curl,Normal,Status,0,0,40,156,0,True,Normal
HGSS,Cyndaquil,28,MOVE_SWIFT,Swift,Normal,Special,60,0,20,17,0,True,Normal
HGSS,Cyndaquil,31,MOVE_LAVA_PLUME,Lava Plume,Fire,Special,80,100,15,4,0,True,Own type
HGSS,Cyndaquil,37,MOVE_FLAMETHROWER,Flamethrower,Fire,Special,95,100,15,4,0,True,Own type
HGSS,Cyndaquil,40,MOVE_ROLLOUT,Rollout,Rock,Physical,30,90,20,117,0,True,Other type
HGSS,Cyndaquil,46,MOVE_DOUBLE_EDGE,Double-Edge,Normal,Physical,120,100,15,198,0,True,Normal
HGSS,Cyndaquil,49,MOVE_ERUPTION,Eruption,Fire,Special,150,100,5,190,0,True,Own type
HGSS,Quilava,1,MOVE_TACKLE,Tackle,Normal,Physical,35,95,35,0,0,True,Normal
HGSS,Quilava,1,MOVE_LEER,Leer,Normal,Status,0,100,30,19,0,True,Normal
HGSS,Quilava,1,MOVE_SMOKESCREEN,Smokescreen,Normal,Status,0,100,20,23,0,True,Normal
HGSS,Quilava,6,MOVE_SMOKESCREEN,Smokescreen,Normal,Status,0,100,20,23,0,True,Normal
HGSS,Quilava,10,MOVE_EMBER,Ember,Fire,Special,40,100,25,4,0,True,Own type
HGSS,Quilava,13,MOVE_QUICK_ATTACK,Quick Attack,Normal,Physical,40,100,30,103,1,True,Normal
HGSS,Quilava,20,MOVE_FLAME_WHEEL,Flame Wheel,Fire,Physical,60,100,25,125,0,True,Own type
HGSS,Quilava,24,MOVE_DEFENSE_CURL,Defense Curl,Normal,Status,0,0,40,156,0,True,Normal
HGSS,Quilava,31,MOVE_SWIFT,Swift,Normal,Special,60,0,20,17,0,True,Normal
HGSS,Quilava,35,MOVE_LAVA_PLUME,Lava Plume,Fire,Special,80,100,15,4,0,True,Own type
HGSS,Quilava,42,MOVE_FLAMETHROWER,Flamethrower,Fire,Special,95,100,15,4,0,True,Own type
HGSS,Quilava,46,MOVE_ROLLOUT,Rollout,Rock,Physical,30,90,20,117,0,True,Other type
HGSS,Quilava,53,MOVE_DOUBLE_EDGE,Double-Edge,Normal,Physical,120,100,15,198,0,True,Normal
HGSS,Quilava,57,MOVE_ERUPTION,Eruption,Fire,Special,150,100,5,190,0,True,Own type
HGSS,Typhlosion,1,MOVE_GYRO_BALL,Gyro Ball,Steel,Physical,1,100,5,219,0,True,Other type
HGSS,Typhlosion,1,MOVE_TACKLE,Tackle,Normal,Physical,35,95,35,0,0,True,Normal
HGSS,Typhlosion,1,MOVE_LEER,Leer,Normal,Status,0,100,30,19,0,True,Normal
HGSS,Typhlosion,1,MOVE_SMOKESCREEN,Smokescreen,Normal,Status,0,100,20,23,0,True,Normal
HGSS,Typhlosion,1,MOVE_EMBER,Ember,Fire,Special,40,100,25,4,0,True,Own type
HGSS,Typhlosion,6,MOVE_SMOKESCREEN,Smokescreen,Normal,Status,0,100,20,23,0,True,Normal
HGSS,Typhlosion,10,MOVE_EMBER,Ember,Fire,Special,40,100,25,4,0,True,Own type
HGSS,Typhlosion,13,MOVE_QUICK_ATTACK,Quick Attack,Normal,Physical,40,100,30,103,1,True,Normal
HGSS,Typhlosion,20,MOVE_FLAME_WHEEL,Flame Wheel,Fire,Physical,60,100,25,125,0,True,Own type
HGSS,Typhlosion,24,MOVE_DEFENSE_CURL,Defense Curl,Normal,Status,0,0,40,156,0,True,Normal
HGSS,Typhlosion,31,MOVE_SWIFT,Swift,Normal,Special,60,0,20,17,0,True,Normal
HGSS,Typhlosion,35,MOVE_LAVA_PLUME,Lava Plume,Fire,Special,80,100,15,4,0,True,Own type
HGSS,Typhlosion,42,MOVE_FLAMETHROWER,Flamethrower,Fire,Special,95,100,15,4,0,True,Own type
HGSS,Typhlosion,46,MOVE_ROLLOUT,Rollout,Rock,Physical,30,90,20,117,0,True,Other type
HGSS,Typhlosion,53,MOVE_DOUBLE_EDGE,Double-Edge,Normal,Physical,120,100,15,198,0,True,Normal
HGSS,Typhlosion,57,MOVE_ERUPTION,Eruption,Fire,Special,150,100,5,190,0,True,Own type
HGSS,Totodile,1,MOVE_SCRATCH,Scratch,Normal,Physical,40,100,35,0,0,True,Normal
HGSS,Totodile,1,MOVE_LEER,Leer,Normal,Status,0,100,30,19,0,True,Normal
HGSS,Totodile,6,MOVE_WATER_GUN,Water Gun,Water,Special,40,100,25,0,0,True,Own type
HGSS,Totodile,8,MOVE_RAGE,Rage,Normal,Physical,20,100,20,81,0,True,Normal
HGSS,Totodile,13,MOVE_BITE,Bite,Dark,Physical,60,100,25,31,0,True,Other type
HGSS,Totodile,15,MOVE_SCARY_FACE,Scary Face,Normal,Status,0,90,10,60,0,True,Normal
HGSS,Totodile,20,MOVE_ICE_FANG,Ice Fang,Ice,Physical,65,95,15,274,0,True,Other type
HGSS,Totodile,22,MOVE_FLAIL,Flail,Normal,Physical,1,100,15,99,0,True,Normal
HGSS,Totodile,27,MOVE_CRUNCH,Crunch,Dark,Physical,80,100,15,69,0,True,Other type
HGSS,Totodile,29,MOVE_SLASH,Slash,Normal,Physical,70,100,20,43,0,True,Normal
HGSS,Totodile,34,MOVE_SCREECH,Screech,Normal,Status,0,85,40,59,0,True,Normal
HGSS,Totodile,36,MOVE_THRASH,Thrash,Normal,Physical,90,100,20,27,0,True,Normal
HGSS,Totodile,41,MOVE_AQUA_TAIL,Aqua Tail,Water,Physical,90,90,10,0,0,True,Own type
HGSS,Totodile,43,MOVE_SUPERPOWER,Superpower,Fighting,Physical,120,100,5,182,0,True,Other type
HGSS,Totodile,48,MOVE_HYDRO_PUMP,Hydro Pump,Water,Special,120,80,5,0,0,True,Own type
HGSS,Croconaw,1,MOVE_SCRATCH,Scratch,Normal,Physical,40,100,35,0,0,True,Normal
HGSS,Croconaw,1,MOVE_LEER,Leer,Normal,Status,0,100,30,19,0,True,Normal
HGSS,Croconaw,1,MOVE_WATER_GUN,Water Gun,Water,Special,40,100,25,0,0,True,Own type
HGSS,Croconaw,6,MOVE_WATER_GUN,Water Gun,Water,Special,40,100,25,0,0,True,Own type
HGSS,Croconaw,8,MOVE_RAGE,Rage,Normal,Physical,20,100,20,81,0,True,Normal
HGSS,Croconaw,13,MOVE_BITE,Bite,Dark,Physical,60,100,25,31,0,True,Other type
HGSS,Croconaw,15,MOVE_SCARY_FACE,Scary Face,Normal,Status,0,90,10,60,0,True,Normal
HGSS,Croconaw,21,MOVE_ICE_FANG,Ice Fang,Ice,Physical,65,95,15,274,0,True,Other type
HGSS,Croconaw,24,MOVE_FLAIL,Flail,Normal,Physical,1,100,15,99,0,True,Normal
HGSS,Croconaw,30,MOVE_CRUNCH,Crunch,Dark,Physical,80,100,15,69,0,True,Other type
HGSS,Croconaw,33,MOVE_SLASH,Slash,Normal,Physical,70,100,20,43,0,True,Normal
HGSS,Croconaw,39,MOVE_SCREECH,Screech,Normal,Status,0,85,40,59,0,True,Normal
HGSS,Croconaw,42,MOVE_THRASH,Thrash,Normal,Physical,90,100,20,27,0,True,Normal
HGSS,Croconaw,48,MOVE_AQUA_TAIL,Aqua Tail,Water,Physical,90,90,10,0,0,True,Own type
HGSS,Croconaw,51,MOVE_SUPERPOWER,Superpower,Fighting,Physical,120,100,5,182,0,True,Other type
HGSS,Croconaw,57,MOVE_HYDRO_PUMP,Hydro Pump,Water,Special,120,80,5,0,0,True,Own type
HGSS,Feraligatr,1,MOVE_SCRATCH,Scratch,Normal,Physical,40,100,35,0,0,True,Normal
HGSS,Feraligatr,1,MOVE_LEER,Leer,Normal,Status,0,100,30,19,0,True,Normal
HGSS,Feraligatr,1,MOVE_WATER_GUN,Water Gun,Water,Special,40,100,25,0,0,True,Own type
HGSS,Feraligatr,1,MOVE_RAGE,Rage,Normal,Physical,20,100,20,81,0,True,Normal
HGSS,Feraligatr,6,MOVE_WATER_GUN,Water Gun,Water,Special,40,100,25,0,0,True,Own type
HGSS,Feraligatr,8,MOVE_RAGE,Rage,Normal,Physical,20,100,20,81,0,True,Normal
HGSS,Feraligatr,13,MOVE_BITE,Bite,Dark,Physical,60,100,25,31,0,True,Other type
HGSS,Feraligatr,15,MOVE_SCARY_FACE,Scary Face,Normal,Status,0,90,10,60,0,True,Normal
HGSS,Feraligatr,21,MOVE_ICE_FANG,Ice Fang,Ice,Physical,65,95,15,274,0,True,Other type
HGSS,Feraligatr,24,MOVE_FLAIL,Flail,Normal,Physical,1,100,15,99,0,True,Normal
HGSS,Feraligatr,30,MOVE_AGILITY,Agility,Psychic,Status,0,0,30,52,0,True,Other type
HGSS,Feraligatr,32,MOVE_CRUNCH,Crunch,Dark,Physical,80,100,15,69,0,True,Other type
HGSS,Feraligatr,37,MOVE_SLASH,Slash,Normal,Physical,70,100,20,43,0,True,Normal
HGSS,Feraligatr,45,MOVE_SCREECH,Screech,Normal,Status,0,85,40,59,0,True,Normal
HGSS,Feraligatr,50,MOVE_THRASH,Thrash,Normal,Physical,90,100,20,27,0,True,Normal
HGSS,Feraligatr,58,MOVE_AQUA_TAIL,Aqua Tail,Water,Physical,90,90,10,0,0,True,Own type
HGSS,Feraligatr,63,MOVE_SUPERPOWER,Superpower,Fighting,Physical,120,100,5,182,0,True,Other type
HGSS,Feraligatr,71,MOVE_HYDRO_PUMP,Hydro Pump,Water,Special,120,80,5,0,0,True,Own type
HGSS,Treecko,1,MOVE_POUND,Pound,Normal,Physical,40,100,35,0,0,True,Normal
HGSS,Treecko,1,MOVE_LEER,Leer,Normal,Status,0,100,30,19,0,True,Normal
HGSS,Treecko,6,MOVE_ABSORB,Absorb,Grass,Special,20,100,25,3,0,True,Own type
HGSS,Treecko,11,MOVE_QUICK_ATTACK,Quick Attack,Normal,Physical,40,100,30,103,1,True,Normal
HGSS,Treecko,16,MOVE_PURSUIT,Pursuit,Dark,Physical,40,100,20,128,0,True,Other type
HGSS,Treecko,21,MOVE_SCREECH,Screech,Normal,Status,0,85,40,59,0,True,Normal
HGSS,Treecko,26,MOVE_MEGA_DRAIN,Mega Drain,Grass,Special,40,100,15,3,0,True,Own type
HGSS,Treecko,31,MOVE_AGILITY,Agility,Psychic,Status,0,0,30,52,0,True,Other type
HGSS,Treecko,36,MOVE_SLAM,Slam,Normal,Physical,80,75,20,0,0,True,Normal
HGSS,Treecko,41,MOVE_DETECT,Detect,Fighting,Status,0,0,5,111,3,True,Other type
HGSS,Treecko,46,MOVE_GIGA_DRAIN,Giga Drain,Grass,Special,60,100,10,3,0,True,Own type
HGSS,Treecko,51,MOVE_ENERGY_BALL,Energy Ball,Grass,Special,80,100,10,72,0,True,Own type
HGSS,Grovyle,1,MOVE_POUND,Pound,Normal,Physical,40,100,35,0,0,True,Normal
HGSS,Grovyle,1,MOVE_LEER,Leer,Normal,Status,0,100,30,19,0,True,Normal
HGSS,Grovyle,1,MOVE_ABSORB,Absorb,Grass,Special,20,100,25,3,0,True,Own type
HGSS,Grovyle,1,MOVE_QUICK_ATTACK,Quick Attack,Normal,Physical,40,100,30,103,1,True,Normal
HGSS,Grovyle,6,MOVE_ABSORB,Absorb,Grass,Special,20,100,25,3,0,True,Own type
HGSS,Grovyle,11,MOVE_QUICK_ATTACK,Quick Attack,Normal,Physical,40,100,30,103,1,True,Normal
HGSS,Grovyle,16,MOVE_FURY_CUTTER,Fury Cutter,Bug,Physical,10,95,20,119,0,True,Other type
HGSS,Grovyle,17,MOVE_PURSUIT,Pursuit,Dark,Physical,40,100,20,128,0,True,Other type
HGSS,Grovyle,23,MOVE_SCREECH,Screech,Normal,Status,0,85,40,59,0,True,Normal
HGSS,Grovyle,29,MOVE_LEAF_BLADE,Leaf Blade,Grass,Physical,90,100,15,43,0,True,Own type
HGSS,Grovyle,35,MOVE_AGILITY,Agility,Psychic,Status,0,0,30,52,0,True,Other type
HGSS,Grovyle,41,MOVE_SLAM,Slam,Normal,Physical,80,75,20,0,0,True,Normal
HGSS,Grovyle,47,MOVE_DETECT,Detect,Fighting,Status,0,0,5,111,3,True,Other type
HGSS,Grovyle,53,MOVE_FALSE_SWIPE,False Swipe,Normal,Physical,40,100,40,101,0,True,Normal
HGSS,Grovyle,59,MOVE_LEAF_STORM,Leaf Storm,Grass,Special,140,90,5,204,0,True,Own type
HGSS,Sceptile,1,MOVE_NIGHT_SLASH,Night Slash,Dark,Physical,70,100,15,43,0,True,Other type
HGSS,Sceptile,1,MOVE_POUND,Pound,Normal,Physical,40,100,35,0,0,True,Normal
HGSS,Sceptile,1,MOVE_LEER,Leer,Normal,Status,0,100,30,19,0,True,Normal
HGSS,Sceptile,1,MOVE_ABSORB,Absorb,Grass,Special,20,100,25,3,0,True,Own type
HGSS,Sceptile,1,MOVE_QUICK_ATTACK,Quick Attack,Normal,Physical,40,100,30,103,1,True,Normal
HGSS,Sceptile,6,MOVE_ABSORB,Absorb,Grass,Special,20,100,25,3,0,True,Own type
HGSS,Sceptile,11,MOVE_QUICK_ATTACK,Quick Attack,Normal,Physical,40,100,30,103,1,True,Normal
HGSS,Sceptile,16,MOVE_X_SCISSOR,X-Scissor,Bug,Physical,80,100,15,0,0,True,Other type
HGSS,Sceptile,17,MOVE_PURSUIT,Pursuit,Dark,Physical,40,100,20,128,0,True,Other type
HGSS,Sceptile,23,MOVE_SCREECH,Screech,Normal,Status,0,85,40,59,0,True,Normal
HGSS,Sceptile,29,MOVE_LEAF_BLADE,Leaf Blade,Grass,Physical,90,100,15,43,0,True,Own type
HGSS,Sceptile,35,MOVE_AGILITY,Agility,Psychic,Status,0,0,30,52,0,True,Other type
HGSS,Sceptile,43,MOVE_SLAM,Slam,Normal,Physical,80,75,20,0,0,True,Normal
HGSS,Sceptile,51,MOVE_DETECT,Detect,Fighting,Status,0,0,5,111,3,True,Other type
HGSS,Sceptile,59,MOVE_FALSE_SWIPE,False Swipe,Normal,Physical,40,100,40,101,0,True,Normal
HGSS,Sceptile,67,MOVE_LEAF_STORM,Leaf Storm,Grass,Special,140,90,5,204,0,True,Own type
HGSS,Torchic,1,MOVE_SCRATCH,Scratch,Normal,Physical,40,100,35,0,0,True,Normal
HGSS,Torchic,1,MOVE_GROWL,Growl,Normal,Status,0,100,40,18,0,True,Normal
HGSS,Torchic,7,MOVE_FOCUS_ENERGY,Focus Energy,Normal,Status,0,0,30,47,0,True,Normal
HGSS,Torchic,10,MOVE_EMBER,Ember,Fire,Special,40,100,25,4,0,True,Own type
HGSS,Torchic,16,MOVE_PECK,Peck,Flying,Physical,35,100,35,0,0,True,Other type
HGSS,Torchic,19,MOVE_SAND_ATTACK,Sand Attack,Ground,Status,0,100,15,23,0,True,Other type
HGSS,Torchic,25,MOVE_FIRE_SPIN,Fire Spin,Fire,Special,15,70,15,42,0,True,Own type
HGSS,Torchic,28,MOVE_QUICK_ATTACK,Quick Attack,Normal,Physical,40,100,30,103,1,True,Normal
HGSS,Torchic,34,MOVE_SLASH,Slash,Normal,Physical,70,100,20,43,0,True,Normal
HGSS,Torchic,37,MOVE_MIRROR_MOVE,Mirror Move,Flying,Status,0,0,20,9,0,True,Other type
HGSS,Torchic,43,MOVE_FLAMETHROWER,Flamethrower,Fire,Special,95,100,15,4,0,True,Own type
HGSS,Combusken,1,MOVE_SCRATCH,Scratch,Normal,Physical,40,100,35,0,0,True,Normal
HGSS,Combusken,1,MOVE_GROWL,Growl,Normal,Status,0,100,40,18,0,True,Normal
HGSS,Combusken,1,MOVE_FOCUS_ENERGY,Focus Energy,Normal,Status,0,0,30,47,0,True,Normal
HGSS,Combusken,1,MOVE_EMBER,Ember,Fire,Special,40,100,25,4,0,True,Own type
HGSS,Combusken,7,MOVE_FOCUS_ENERGY,Focus Energy,Normal,Status,0,0,30,47,0,True,Normal
HGSS,Combusken,13,MOVE_EMBER,Ember,Fire,Special,40,100,25,4,0,True,Own type
HGSS,Combusken,16,MOVE_DOUBLE_KICK,Double Kick,Fighting,Physical,30,100,30,44,0,True,Own type
HGSS,Combusken,17,MOVE_PECK,Peck,Flying,Physical,35,100,35,0,0,True,Other type
HGSS,Combusken,21,MOVE_SAND_ATTACK,Sand Attack,Ground,Status,0,100,15,23,0,True,Other type
HGSS,Combusken,28,MOVE_BULK_UP,Bulk Up,Fighting,Status,0,0,20,208,0,True,Own type
HGSS,Combusken,32,MOVE_QUICK_ATTACK,Quick Attack,Normal,Physical,40,100,30,103,1,True,Normal
HGSS,Combusken,39,MOVE_SLASH,Slash,Normal,Physical,70,100,20,43,0,True,Normal
HGSS,Combusken,43,MOVE_MIRROR_MOVE,Mirror Move,Flying,Status,0,0,20,9,0,True,Other type
HGSS,Combusken,50,MOVE_SKY_UPPERCUT,Sky Uppercut,Fighting,Physical,85,90,15,207,0,True,Own type
HGSS,Combusken,54,MOVE_FLARE_BLITZ,Flare Blitz,Fire,Physical,120,100,15,253,0,True,Own type
HGSS,Blaziken,1,MOVE_FIRE_PUNCH,Fire Punch,Fire,Physical,75,100,15,4,0,True,Own type
HGSS,Blaziken,1,MOVE_SCRATCH,Scratch,Normal,Physical,40,100,35,0,0,True,Normal
HGSS,Blaziken,1,MOVE_GROWL,Growl,Normal,Status,0,100,40,18,0,True,Normal
HGSS,Blaziken,1,MOVE_FOCUS_ENERGY,Focus Energy,Normal,Status,0,0,30,47,0,True,Normal
HGSS,Blaziken,1,MOVE_EMBER,Ember,Fire,Special,40,100,25,4,0,True,Own type
HGSS,Blaziken,7,MOVE_FOCUS_ENERGY,Focus Energy,Normal,Status,0,0,30,47,0,True,Normal
HGSS,Blaziken,13,MOVE_EMBER,Ember,Fire,Special,40,100,25,4,0,True,Own type
HGSS,Blaziken,16,MOVE_DOUBLE_KICK,Double Kick,Fighting,Physical,30,100,30,44,0,True,Own type
HGSS,Blaziken,17,MOVE_PECK,Peck,Flying,Physical,35,100,35,0,0,True,Other type
HGSS,Blaziken,21,MOVE_SAND_ATTACK,Sand Attack,Ground,Status,0,100,15,23,0,True,Other type
HGSS,Blaziken,28,MOVE_BULK_UP,Bulk Up,Fighting,Status,0,0,20,208,0,True,Own type
HGSS,Blaziken,32,MOVE_QUICK_ATTACK,Quick Attack,Normal,Physical,40,100,30,103,1,True,Normal
HGSS,Blaziken,36,MOVE_BLAZE_KICK,Blaze Kick,Fire,Physical,85,90,10,200,0,True,Own type
HGSS,Blaziken,42,MOVE_SLASH,Slash,Normal,Physical,70,100,20,43,0,True,Normal
HGSS,Blaziken,49,MOVE_BRAVE_BIRD,Brave Bird,Flying,Physical,120,100,15,198,0,True,Other type
HGSS,Blaziken,59,MOVE_SKY_UPPERCUT,Sky Uppercut,Fighting,Physical,85,90,15,207,0,True,Own type
HGSS,Blaziken,66,MOVE_FLARE_BLITZ,Flare Blitz,Fire,Physical,120,100,15,253,0,True,Own type
HGSS,Mudkip,1,MOVE_TACKLE,Tackle,Normal,Physical,35,95,35,0,0,True,Normal
HGSS,Mudkip,1,MOVE_GROWL,Growl,Normal,Status,0,100,40,18,0,True,Normal
HGSS,Mudkip,6,MOVE_MUD_SLAP,Mud-Slap,Ground,Special,20,100,10,73,0,True,Other type
HGSS,Mudkip,10,MOVE_WATER_GUN,Water Gun,Water,Special,40,100,25,0,0,True,Own type
HGSS,Mudkip,15,MOVE_BIDE,Bide,Normal,Physical,1,0,10,26,1,True,Normal
HGSS,Mudkip,19,MOVE_FORESIGHT,Foresight,Normal,Status,0,0,40,113,0,True,Normal
HGSS,Mudkip,24,MOVE_MUD_SPORT,Mud Sport,Ground,Status,0,0,15,201,0,True,Other type
HGSS,Mudkip,28,MOVE_TAKE_DOWN,Take Down,Normal,Physical,90,85,20,48,0,True,Normal
HGSS,Mudkip,33,MOVE_WHIRLPOOL,Whirlpool,Water,Special,15,70,15,261,0,True,Own type
HGSS,Mudkip,37,MOVE_PROTECT,Protect,Normal,Status,0,0,10,111,3,True,Normal
HGSS,Mudkip,42,MOVE_HYDRO_PUMP,Hydro Pump,Water,Special,120,80,5,0,0,True,Own type
HGSS,Mudkip,46,MOVE_ENDEAVOR,Endeavor,Normal,Physical,1,100,5,189,0,True,Normal
HGSS,Marshtomp,1,MOVE_TACKLE,Tackle,Normal,Physical,35,95,35,0,0,True,Normal
HGSS,Marshtomp,1,MOVE_GROWL,Growl,Normal,Status,0,100,40,18,0,True,Normal
HGSS,Marshtomp,1,MOVE_MUD_SLAP,Mud-Slap,Ground,Special,20,100,10,73,0,True,Own type
HGSS,Marshtomp,1,MOVE_WATER_GUN,Water Gun,Water,Special,40,100,25,0,0,True,Own type
HGSS,Marshtomp,6,MOVE_MUD_SLAP,Mud-Slap,Ground,Special,20,100,10,73,0,True,Own type
HGSS,Marshtomp,10,MOVE_WATER_GUN,Water Gun,Water,Special,40,100,25,0,0,True,Own type
HGSS,Marshtomp,15,MOVE_BIDE,Bide,Normal,Physical,1,0,10,26,1,True,Normal
HGSS,Marshtomp,16,MOVE_MUD_SHOT,Mud Shot,Ground,Special,55,95,15,70,0,True,Own type
HGSS,Marshtomp,20,MOVE_FORESIGHT,Foresight,Normal,Status,0,0,40,113,0,True,Normal
HGSS,Marshtomp,25,MOVE_MUD_BOMB,Mud Bomb,Ground,Special,65,85,10,73,0,True,Own type
HGSS,Marshtomp,31,MOVE_TAKE_DOWN,Take Down,Normal,Physical,90,85,20,48,0,True,Normal
HGSS,Marshtomp,37,MOVE_MUDDY_WATER,Muddy Water,Water,Special,95,85,10,73,0,True,Own type
HGSS,Marshtomp,42,MOVE_PROTECT,Protect,Normal,Status,0,0,10,111,3,True,Normal
HGSS,Marshtomp,46,MOVE_EARTHQUAKE,Earthquake,Ground,Physical,100,100,10,147,0,True,Own type
HGSS,Marshtomp,53,MOVE_ENDEAVOR,Endeavor,Normal,Physical,1,100,5,189,0,True,Normal
HGSS,Swampert,1,MOVE_TACKLE,Tackle,Normal,Physical,35,95,35,0,0,True,Normal
HGSS,Swampert,1,MOVE_GROWL,Growl,Normal,Status,0,100,40,18,0,True,Normal
HGSS,Swampert,1,MOVE_MUD_SLAP,Mud-Slap,Ground,Special,20,100,10,73,0,True,Own type
HGSS,Swampert,1,MOVE_WATER_GUN,Water Gun,Water,Special,40,100,25,0,0,True,Own type
HGSS,Swampert,6,MOVE_MUD_SLAP,Mud-Slap,Ground,Special,20,100,10,73,0,True,Own type
HGSS,Swampert,10,MOVE_WATER_GUN,Water Gun,Water,Special,40,100,25,0,0,True,Own type
HGSS,Swampert,15,MOVE_BIDE,Bide,Normal,Physical,1,0,10,26,1,True,Normal
HGSS,Swampert,16,MOVE_MUD_SHOT,Mud Shot,Ground,Special,55,95,15,70,0,True,Own type
HGSS,Swampert,20,MOVE_FORESIGHT,Foresight,Normal,Status,0,0,40,113,0,True,Normal
HGSS,Swampert,25,MOVE_MUD_BOMB,Mud Bomb,Ground,Special,65,85,10,73,0,True,Own type
HGSS,Swampert,31,MOVE_TAKE_DOWN,Take Down,Normal,Physical,90,85,20,48,0,True,Normal
HGSS,Swampert,39,MOVE_MUDDY_WATER,Muddy Water,Water,Special,95,85,10,73,0,True,Own type
HGSS,Swampert,46,MOVE_PROTECT,Protect,Normal,Status,0,0,10,111,3,True,Normal
HGSS,Swampert,52,MOVE_EARTHQUAKE,Earthquake,Ground,Physical,100,100,10,147,0,True,Own type
HGSS,Swampert,61,MOVE_ENDEAVOR,Endeavor,Normal,Physical,1,100,5,189,0,True,Normal
HGSS,Swampert,69,MOVE_HAMMER_ARM,Hammer Arm,Fighting,Physical,100,90,10,218,0,True,Other type
HGSS,Turtwig,1,MOVE_TACKLE,Tackle,Normal,Physical,35,95,35,0,0,True,Normal
HGSS,Turtwig,5,MOVE_WITHDRAW,Withdraw,Water,Status,0,0,40,11,0,True,Other type
HGSS,Turtwig,9,MOVE_ABSORB,Absorb,Grass,Special,20,100,25,3,0,True,Own type
HGSS,Turtwig,13,MOVE_RAZOR_LEAF,Razor Leaf,Grass,Physical,55,95,25,43,0,True,Own type
HGSS,Turtwig,17,MOVE_CURSE,Curse,Unknown,Status,0,0,10,109,0,True,Other type
HGSS,Turtwig,21,MOVE_BITE,Bite,Dark,Physical,60,100,25,31,0,True,Other type
HGSS,Turtwig,25,MOVE_MEGA_DRAIN,Mega Drain,Grass,Special,40,100,15,3,0,True,Own type
HGSS,Turtwig,29,MOVE_LEECH_SEED,Leech Seed,Grass,Status,0,90,10,84,0,True,Own type
HGSS,Turtwig,33,MOVE_SYNTHESIS,Synthesis,Grass,Status,0,0,5,132,0,True,Own type
HGSS,Turtwig,37,MOVE_CRUNCH,Crunch,Dark,Physical,80,100,15,69,0,True,Other type
HGSS,Turtwig,41,MOVE_GIGA_DRAIN,Giga Drain,Grass,Special,60,100,10,3,0,True,Own type
HGSS,Turtwig,45,MOVE_LEAF_STORM,Leaf Storm,Grass,Special,140,90,5,204,0,True,Own type
HGSS,Grotle,1,MOVE_TACKLE,Tackle,Normal,Physical,35,95,35,0,0,True,Normal
HGSS,Grotle,1,MOVE_WITHDRAW,Withdraw,Water,Status,0,0,40,11,0,True,Other type
HGSS,Grotle,5,MOVE_WITHDRAW,Withdraw,Water,Status,0,0,40,11,0,True,Other type
HGSS,Grotle,9,MOVE_ABSORB,Absorb,Grass,Special,20,100,25,3,0,True,Own type
HGSS,Grotle,13,MOVE_RAZOR_LEAF,Razor Leaf,Grass,Physical,55,95,25,43,0,True,Own type
HGSS,Grotle,17,MOVE_CURSE,Curse,Unknown,Status,0,0,10,109,0,True,Other type
HGSS,Grotle,22,MOVE_BITE,Bite,Dark,Physical,60,100,25,31,0,True,Other type
HGSS,Grotle,27,MOVE_MEGA_DRAIN,Mega Drain,Grass,Special,40,100,15,3,0,True,Own type
HGSS,Grotle,32,MOVE_LEECH_SEED,Leech Seed,Grass,Status,0,90,10,84,0,True,Own type
HGSS,Grotle,37,MOVE_SYNTHESIS,Synthesis,Grass,Status,0,0,5,132,0,True,Own type
HGSS,Grotle,42,MOVE_CRUNCH,Crunch,Dark,Physical,80,100,15,69,0,True,Other type
HGSS,Grotle,47,MOVE_GIGA_DRAIN,Giga Drain,Grass,Special,60,100,10,3,0,True,Own type
HGSS,Grotle,52,MOVE_LEAF_STORM,Leaf Storm,Grass,Special,140,90,5,204,0,True,Own type
HGSS,Torterra,1,MOVE_WOOD_HAMMER,Wood Hammer,Grass,Physical,120,100,15,198,0,True,Own type
HGSS,Torterra,1,MOVE_TACKLE,Tackle,Normal,Physical,35,95,35,0,0,True,Normal
HGSS,Torterra,1,MOVE_WITHDRAW,Withdraw,Water,Status,0,0,40,11,0,True,Other type
HGSS,Torterra,1,MOVE_ABSORB,Absorb,Grass,Special,20,100,25,3,0,True,Own type
HGSS,Torterra,1,MOVE_RAZOR_LEAF,Razor Leaf,Grass,Physical,55,95,25,43,0,True,Own type
HGSS,Torterra,5,MOVE_WITHDRAW,Withdraw,Water,Status,0,0,40,11,0,True,Other type
HGSS,Torterra,9,MOVE_ABSORB,Absorb,Grass,Special,20,100,25,3,0,True,Own type
HGSS,Torterra,13,MOVE_RAZOR_LEAF,Razor Leaf,Grass,Physical,55,95,25,43,0,True,Own type
HGSS,Torterra,17,MOVE_CURSE,Curse,Unknown,Status,0,0,10,109,0,True,Other type
HGSS,Torterra,22,MOVE_BITE,Bite,Dark,Physical,60,100,25,31,0,True,Other type
HGSS,Torterra,27,MOVE_MEGA_DRAIN,Mega Drain,Grass,Special,40,100,15,3,0,True,Own type
HGSS,Torterra,32,MOVE_EARTHQUAKE,Earthquake,Ground,Physical,100,100,10,147,0,True,Own type
HGSS,Torterra,33,MOVE_LEECH_SEED,Leech Seed,Grass,Status,0,90,10,84,0,True,Own type
HGSS,Torterra,39,MOVE_SYNTHESIS,Synthesis,Grass,Status,0,0,5,132,0,True,Own type
HGSS,Torterra,45,MOVE_CRUNCH,Crunch,Dark,Physical,80,100,15,69,0,True,Other type
HGSS,Torterra,51,MOVE_GIGA_DRAIN,Giga Drain,Grass,Special,60,100,10,3,0,True,Own type
HGSS,Torterra,57,MOVE_LEAF_STORM,Leaf Storm,Grass,Special,140,90,5,204,0,True,Own type
HGSS,Chimchar,1,MOVE_SCRATCH,Scratch,Normal,Physical,40,100,35,0,0,True,Normal
HGSS,Chimchar,1,MOVE_LEER,Leer,Normal,Status,0,100,30,19,0,True,Normal
HGSS,Chimchar,7,MOVE_EMBER,Ember,Fire,Special,40,100,25,4,0,True,Own type
HGSS,Chimchar,9,MOVE_TAUNT,Taunt,Dark,Status,0,100,20,175,0,True,Other type
HGSS,Chimchar,15,MOVE_FURY_SWIPES,Fury Swipes,Normal,Physical,18,80,15,29,0,True,Normal
HGSS,Chimchar,17,MOVE_FLAME_WHEEL,Flame Wheel,Fire,Physical,60,100,25,125,0,True,Own type
HGSS,Chimchar,23,MOVE_NASTY_PLOT,Nasty Plot,Dark,Status,0,0,20,53,0,True,Other type
HGSS,Chimchar,25,MOVE_TORMENT,Torment,Dark,Status,0,100,15,165,0,True,Other type
HGSS,Chimchar,31,MOVE_FACADE,Facade,Normal,Physical,70,100,20,169,0,True,Normal
HGSS,Chimchar,33,MOVE_FIRE_SPIN,Fire Spin,Fire,Special,15,70,15,42,0,True,Own type
HGSS,Chimchar,39,MOVE_SLACK_OFF,Slack Off,Normal,Status,0,0,10,32,0,True,Normal
HGSS,Chimchar,41,MOVE_FLAMETHROWER,Flamethrower,Fire,Special,95,100,15,4,0,True,Own type
HGSS,Monferno,1,MOVE_SCRATCH,Scratch,Normal,Physical,40,100,35,0,0,True,Normal
HGSS,Monferno,1,MOVE_LEER,Leer,Normal,Status,0,100,30,19,0,True,Normal
HGSS,Monferno,1,MOVE_EMBER,Ember,Fire,Special,40,100,25,4,0,True,Own type
HGSS,Monferno,7,MOVE_EMBER,Ember,Fire,Special,40,100,25,4,0,True,Own type
HGSS,Monferno,9,MOVE_TAUNT,Taunt,Dark,Status,0,100,20,175,0,True,Other type
HGSS,Monferno,14,MOVE_MACH_PUNCH,Mach Punch,Fighting,Physical,40,100,30,103,1,True,Own type
HGSS,Monferno,16,MOVE_FURY_SWIPES,Fury Swipes,Normal,Physical,18,80,15,29,0,True,Normal
HGSS,Monferno,19,MOVE_FLAME_WHEEL,Flame Wheel,Fire,Physical,60,100,25,125,0,True,Own type
HGSS,Monferno,26,MOVE_FEINT,Feint,Normal,Physical,50,100,10,223,2,True,Normal
HGSS,Monferno,29,MOVE_TORMENT,Torment,Dark,Status,0,100,15,165,0,True,Other type
HGSS,Monferno,36,MOVE_CLOSE_COMBAT,Close Combat,Fighting,Physical,120,100,5,229,0,True,Own type
HGSS,Monferno,39,MOVE_FIRE_SPIN,Fire Spin,Fire,Special,15,70,15,42,0,True,Own type
HGSS,Monferno,46,MOVE_SLACK_OFF,Slack Off,Normal,Status,0,0,10,32,0,True,Normal
HGSS,Monferno,49,MOVE_FLARE_BLITZ,Flare Blitz,Fire,Physical,120,100,15,253,0,True,Own type
HGSS,Infernape,1,MOVE_SCRATCH,Scratch,Normal,Physical,40,100,35,0,0,True,Normal
HGSS,Infernape,1,MOVE_LEER,Leer,Normal,Status,0,100,30,19,0,True,Normal
HGSS,Infernape,1,MOVE_EMBER,Ember,Fire,Special,40,100,25,4,0,True,Own type
HGSS,Infernape,1,MOVE_TAUNT,Taunt,Dark,Status,0,100,20,175,0,True,Other type
HGSS,Infernape,7,MOVE_EMBER,Ember,Fire,Special,40,100,25,4,0,True,Own type
HGSS,Infernape,9,MOVE_TAUNT,Taunt,Dark,Status,0,100,20,175,0,True,Other type
HGSS,Infernape,14,MOVE_MACH_PUNCH,Mach Punch,Fighting,Physical,40,100,30,103,1,True,Own type
HGSS,Infernape,17,MOVE_FURY_SWIPES,Fury Swipes,Normal,Physical,18,80,15,29,0,True,Normal
HGSS,Infernape,21,MOVE_FLAME_WHEEL,Flame Wheel,Fire,Physical,60,100,25,125,0,True,Own type
HGSS,Infernape,29,MOVE_FEINT,Feint,Normal,Physical,50,100,10,223,2,True,Normal
HGSS,Infernape,33,MOVE_PUNISHMENT,Punishment,Dark,Physical,1,100,5,245,0,True,Other type
HGSS,Infernape,41,MOVE_CLOSE_COMBAT,Close Combat,Fighting,Physical,120,100,5,229,0,True,Own type
HGSS,Infernape,45,MOVE_FIRE_SPIN,Fire Spin,Fire,Special,15,70,15,42,0,True,Own type
HGSS,Infernape,53,MOVE_CALM_MIND,Calm Mind,Psychic,Status,0,0,20,211,0,True,Other type
HGSS,Infernape,57,MOVE_FLARE_BLITZ,Flare Blitz,Fire,Physical,120,100,15,253,0,True,Own type
HGSS,Piplup,1,MOVE_POUND,Pound,Normal,Physical,40,100,35,0,0,True,Normal
HGSS,Piplup,4,MOVE_GROWL,Growl,Normal,Status,0,100,40,18,0,True,Normal
HGSS,Piplup,8,MOVE_BUBBLE,Bubble,Water,Special,20,100,30,70,0,True,Own type
HGSS,Piplup,11,MOVE_WATER_SPORT,Water Sport,Water,Status,0,0,15,210,0,True,Own type
HGSS,Piplup,15,MOVE_PECK,Peck,Flying,Physical,35,100,35,0,0,True,Other type
HGSS,Piplup,18,MOVE_BUBBLE_BEAM,Bubble Beam,Water,Special,65,100,20,70,0,True,Own type
HGSS,Piplup,22,MOVE_BIDE,Bide,Normal,Physical,1,0,10,26,1,True,Normal
HGSS,Piplup,25,MOVE_FURY_ATTACK,Fury Attack,Normal,Physical,15,85,20,29,0,True,Normal
HGSS,Piplup,29,MOVE_BRINE,Brine,Water,Special,65,100,10,221,0,True,Own type
HGSS,Piplup,32,MOVE_WHIRLPOOL,Whirlpool,Water,Special,15,70,15,261,0,True,Own type
HGSS,Piplup,36,MOVE_MIST,Mist,Ice,Status,0,0,30,46,0,True,Other type
HGSS,Piplup,39,MOVE_DRILL_PECK,Drill Peck,Flying,Physical,80,100,20,0,0,True,Other type
HGSS,Piplup,43,MOVE_HYDRO_PUMP,Hydro Pump,Water,Special,120,80,5,0,0,True,Own type
HGSS,Prinplup,1,MOVE_TACKLE,Tackle,Normal,Physical,35,95,35,0,0,True,Normal
HGSS,Prinplup,1,MOVE_GROWL,Growl,Normal,Status,0,100,40,18,0,True,Normal
HGSS,Prinplup,4,MOVE_GROWL,Growl,Normal,Status,0,100,40,18,0,True,Normal
HGSS,Prinplup,8,MOVE_BUBBLE,Bubble,Water,Special,20,100,30,70,0,True,Own type
HGSS,Prinplup,11,MOVE_WATER_SPORT,Water Sport,Water,Status,0,0,15,210,0,True,Own type
HGSS,Prinplup,15,MOVE_PECK,Peck,Flying,Physical,35,100,35,0,0,True,Other type
HGSS,Prinplup,16,MOVE_METAL_CLAW,Metal Claw,Steel,Physical,50,95,35,139,0,True,Other type
HGSS,Prinplup,19,MOVE_BUBBLE_BEAM,Bubble Beam,Water,Special,65,100,20,70,0,True,Own type
HGSS,Prinplup,24,MOVE_BIDE,Bide,Normal,Physical,1,0,10,26,1,True,Normal
HGSS,Prinplup,28,MOVE_FURY_ATTACK,Fury Attack,Normal,Physical,15,85,20,29,0,True,Normal
HGSS,Prinplup,33,MOVE_BRINE,Brine,Water,Special,65,100,10,221,0,True,Own type
HGSS,Prinplup,37,MOVE_WHIRLPOOL,Whirlpool,Water,Special,15,70,15,261,0,True,Own type
HGSS,Prinplup,42,MOVE_MIST,Mist,Ice,Status,0,0,30,46,0,True,Other type
HGSS,Prinplup,46,MOVE_DRILL_PECK,Drill Peck,Flying,Physical,80,100,20,0,0,True,Other type
HGSS,Prinplup,51,MOVE_HYDRO_PUMP,Hydro Pump,Water,Special,120,80,5,0,0,True,Own type
HGSS,Empoleon,1,MOVE_TACKLE,Tackle,Normal,Physical,35,95,35,0,0,True,Normal
HGSS,Empoleon,1,MOVE_GROWL,Growl,Normal,Status,0,100,40,18,0,True,Normal
HGSS,Empoleon,1,MOVE_BUBBLE,Bubble,Water,Special,20,100,30,70,0,True,Own type
HGSS,Empoleon,4,MOVE_GROWL,Growl,Normal,Status,0,100,40,18,0,True,Normal
HGSS,Empoleon,8,MOVE_BUBBLE,Bubble,Water,Special,20,100,30,70,0,True,Own type
HGSS,Empoleon,11,MOVE_SWORDS_DANCE,Swords Dance,Normal,Status,0,0,30,50,0,True,Normal
HGSS,Empoleon,15,MOVE_PECK,Peck,Flying,Physical,35,100,35,0,0,True,Other type
HGSS,Empoleon,16,MOVE_METAL_CLAW,Metal Claw,Steel,Physical,50,95,35,139,0,True,Own type
HGSS,Empoleon,19,MOVE_BUBBLE_BEAM,Bubble Beam,Water,Special,65,100,20,70,0,True,Own type
HGSS,Empoleon,24,MOVE_SWAGGER,Swagger,Normal,Status,0,90,15,118,0,True,Normal
HGSS,Empoleon,28,MOVE_FURY_ATTACK,Fury Attack,Normal,Physical,15,85,20,29,0,True,Normal
HGSS,Empoleon,33,MOVE_BRINE,Brine,Water,Special,65,100,10,221,0,True,Own type
HGSS,Empoleon,36,MOVE_AQUA_JET,Aqua Jet,Water,Physical,40,100,20,103,1,True,Own type
HGSS,Empoleon,39,MOVE_WHIRLPOOL,Whirlpool,Water,Special,15,70,15,261,0,True,Own type
HGSS,Empoleon,46,MOVE_MIST,Mist,Ice,Status,0,0,30,46,0,True,Other type
HGSS,Empoleon,52,MOVE_DRILL_PECK,Drill Peck,Flying,Physical,80,100,20,0,0,True,Other type
HGSS,Empoleon,59,MOVE_HYDRO_PUMP,Hydro Pump,Water,Special,120,80,5,0,0,True,Own type
HGSS,Larvitar,1,MOVE_BITE,Bite,Dark,Physical,60,100,25,31,0,True,Other type
HGSS,Larvitar,1,MOVE_LEER,Leer,Normal,Status,0,100,30,19,0,True,Normal
HGSS,Larvitar,5,MOVE_SANDSTORM,Sandstorm,Rock,Status,0,0,10,115,0,True,Own type
HGSS,Larvitar,10,MOVE_SCREECH,Screech,Normal,Status,0,85,40,59,0,True,Normal
HGSS,Larvitar,14,MOVE_ROCK_SLIDE,Rock Slide,Rock,Physical,75,90,10,31,0,True,Own type
HGSS,Larvitar,19,MOVE_SCARY_FACE,Scary Face,Normal,Status,0,90,10,60,0,True,Normal
HGSS,Larvitar,23,MOVE_THRASH,Thrash,Normal,Physical,90,100,20,27,0,True,Normal
HGSS,Larvitar,28,MOVE_DARK_PULSE,Dark Pulse,Dark,Special,80,100,15,31,0,True,Other type
HGSS,Larvitar,32,MOVE_PAYBACK,Payback,Dark,Physical,50,100,10,230,0,True,Other type
HGSS,Larvitar,37,MOVE_CRUNCH,Crunch,Dark,Physical,80,100,15,69,0,True,Other type
HGSS,Larvitar,41,MOVE_EARTHQUAKE,Earthquake,Ground,Physical,100,100,10,147,0,True,Own type
HGSS,Larvitar,46,MOVE_STONE_EDGE,Stone Edge,Rock,Physical,100,80,5,43,0,True,Own type
HGSS,Larvitar,50,MOVE_HYPER_BEAM,Hyper Beam,Normal,Special,150,90,5,80,0,True,Normal
HGSS,Pupitar,1,MOVE_BITE,Bite,Dark,Physical,60,100,25,31,0,True,Other type
HGSS,Pupitar,1,MOVE_LEER,Leer,Normal,Status,0,100,30,19,0,True,Normal
HGSS,Pupitar,1,MOVE_SANDSTORM,Sandstorm,Rock,Status,0,0,10,115,0,True,Own type
HGSS,Pupitar,1,MOVE_SCREECH,Screech,Normal,Status,0,85,40,59,0,True,Normal
HGSS,Pupitar,5,MOVE_SANDSTORM,Sandstorm,Rock,Status,0,0,10,115,0,True,Own type
HGSS,Pupitar,10,MOVE_SCREECH,Screech,Normal,Status,0,85,40,59,0,True,Normal
HGSS,Pupitar,14,MOVE_ROCK_SLIDE,Rock Slide,Rock,Physical,75,90,10,31,0,True,Own type
HGSS,Pupitar,19,MOVE_SCARY_FACE,Scary Face,Normal,Status,0,90,10,60,0,True,Normal
HGSS,Pupitar,23,MOVE_THRASH,Thrash,Normal,Physical,90,100,20,27,0,True,Normal
HGSS,Pupitar,28,MOVE_DARK_PULSE,Dark Pulse,Dark,Special,80,100,15,31,0,True,Other type
HGSS,Pupitar,34,MOVE_PAYBACK,Payback,Dark,Physical,50,100,10,230,0,True,Other type
HGSS,Pupitar,41,MOVE_CRUNCH,Crunch,Dark,Physical,80,100,15,69,0,True,Other type
HGSS,Pupitar,47,MOVE_EARTHQUAKE,Earthquake,Ground,Physical,100,100,10,147,0,True,Own type
HGSS,Pupitar,54,MOVE_STONE_EDGE,Stone Edge,Rock,Physical,100,80,5,43,0,True,Own type
HGSS,Pupitar,60,MOVE_HYPER_BEAM,Hyper Beam,Normal,Special,150,90,5,80,0,True,Normal
HGSS,Tyranitar,1,MOVE_THUNDER_FANG,Thunder Fang,Electric,Physical,65,95,15,275,0,True,Other type
HGSS,Tyranitar,1,MOVE_ICE_FANG,Ice Fang,Ice,Physical,65,95,15,274,0,True,Other type
HGSS,Tyranitar,1,MOVE_FIRE_FANG,Fire Fang,Fire,Physical,65,95,15,273,0,True,Other type
HGSS,Tyranitar,1,MOVE_BITE,Bite,Dark,Physical,60,100,25,31,0,True,Own type
HGSS,Tyranitar,1,MOVE_LEER,Leer,Normal,Status,0,100,30,19,0,True,Normal
HGSS,Tyranitar,1,MOVE_SANDSTORM,Sandstorm,Rock,Status,0,0,10,115,0,True,Own type
HGSS,Tyranitar,1,MOVE_SCREECH,Screech,Normal,Status,0,85,40,59,0,True,Normal
HGSS,Tyranitar,5,MOVE_SANDSTORM,Sandstorm,Rock,Status,0,0,10,115,0,True,Own type
HGSS,Tyranitar,10,MOVE_SCREECH,Screech,Normal,Status,0,85,40,59,0,True,Normal
HGSS,Tyranitar,14,MOVE_ROCK_SLIDE,Rock Slide,Rock,Physical,75,90,10,31,0,True,Own type
HGSS,Tyranitar,19,MOVE_SCARY_FACE,Scary Face,Normal,Status,0,90,10,60,0,True,Normal
HGSS,Tyranitar,23,MOVE_THRASH,Thrash,Normal,Physical,90,100,20,27,0,True,Normal
HGSS,Tyranitar,28,MOVE_DARK_PULSE,Dark Pulse,Dark,Special,80,100,15,31,0,True,Own type
HGSS,Tyranitar,34,MOVE_PAYBACK,Payback,Dark,Physical,50,100,10,230,0,True,Own type
HGSS,Tyranitar,41,MOVE_CRUNCH,Crunch,Dark,Physical,80,100,15,69,0,True,Own type
HGSS,Tyranitar,47,MOVE_EARTHQUAKE,Earthquake,Ground,Physical,100,100,10,147,0,True,Other type
HGSS,Tyranitar,54,MOVE_STONE_EDGE,Stone Edge,Rock,Physical,100,80,5,43,0,True,Own type
HGSS,Tyranitar,70,MOVE_HYPER_BEAM,Hyper Beam,Normal,Special,150,90,5,80,0,True,Normal
HGSS,Bagon,1,MOVE_RAGE,Rage,Normal,Physical,20,100,20,81,0,True,Normal
HGSS,Bagon,5,MOVE_BITE,Bite,Dark,Physical,60,100,25,31,0,True,Other type
HGSS,Bagon,10,MOVE_LEER,Leer,Normal,Status,0,100,30,19,0,True,Normal
HGSS,Bagon,16,MOVE_HEADBUTT,Headbutt,Normal,Physical,70,100,15,31,0,True,Normal
HGSS,Bagon,20,MOVE_FOCUS_ENERGY,Focus Energy,Normal,Status,0,0,30,47,0,True,Normal
HGSS,Bagon,25,MOVE_EMBER,Ember,Fire,Special,40,100,25,4,0,True,Other type
HGSS,Bagon,31,MOVE_DRAGON_BREATH,Dragon Breath,Dragon,Special,60,100,20,6,0,True,Own type
HGSS,Bagon,35,MOVE_ZEN_HEADBUTT,Zen Headbutt,Psychic,Physical,80,90,15,31,0,True,Other type
HGSS,Bagon,40,MOVE_SCARY_FACE,Scary Face,Normal,Status,0,90,10,60,0,True,Normal
HGSS,Bagon,46,MOVE_CRUNCH,Crunch,Dark,Physical,80,100,15,69,0,True,Other type
HGSS,Bagon,50,MOVE_DRAGON_CLAW,Dragon Claw,Dragon,Physical,80,100,15,0,0,True,Own type
HGSS,Bagon,55,MOVE_DOUBLE_EDGE,Double-Edge,Normal,Physical,120,100,15,198,0,True,Normal
HGSS,Shelgon,1,MOVE_RAGE,Rage,Normal,Physical,20,100,20,81,0,True,Normal
HGSS,Shelgon,1,MOVE_BITE,Bite,Dark,Physical,60,100,25,31,0,True,Other type
HGSS,Shelgon,1,MOVE_LEER,Leer,Normal,Status,0,100,30,19,0,True,Normal
HGSS,Shelgon,1,MOVE_HEADBUTT,Headbutt,Normal,Physical,70,100,15,31,0,True,Normal
HGSS,Shelgon,5,MOVE_BITE,Bite,Dark,Physical,60,100,25,31,0,True,Other type
HGSS,Shelgon,10,MOVE_LEER,Leer,Normal,Status,0,100,30,19,0,True,Normal
HGSS,Shelgon,16,MOVE_HEADBUTT,Headbutt,Normal,Physical,70,100,15,31,0,True,Normal
HGSS,Shelgon,20,MOVE_FOCUS_ENERGY,Focus Energy,Normal,Status,0,0,30,47,0,True,Normal
HGSS,Shelgon,25,MOVE_EMBER,Ember,Fire,Special,40,100,25,4,0,True,Other type
HGSS,Shelgon,30,MOVE_PROTECT,Protect,Normal,Status,0,0,10,111,3,True,Normal
HGSS,Shelgon,32,MOVE_DRAGON_BREATH,Dragon Breath,Dragon,Special,60,100,20,6,0,True,Own type
HGSS,Shelgon,37,MOVE_ZEN_HEADBUTT,Zen Headbutt,Psychic,Physical,80,90,15,31,0,True,Other type
HGSS,Shelgon,43,MOVE_SCARY_FACE,Scary Face,Normal,Status,0,90,10,60,0,True,Normal
HGSS,Shelgon,50,MOVE_CRUNCH,Crunch,Dark,Physical,80,100,15,69,0,True,Other type
HGSS,Shelgon,55,MOVE_DRAGON_CLAW,Dragon Claw,Dragon,Physical,80,100,15,0,0,True,Own type
HGSS,Shelgon,61,MOVE_DOUBLE_EDGE,Double-Edge,Normal,Physical,120,100,15,198,0,True,Normal
HGSS,Salamence,1,MOVE_FIRE_FANG,Fire Fang,Fire,Physical,65,95,15,273,0,True,Other type
HGSS,Salamence,1,MOVE_THUNDER_FANG,Thunder Fang,Electric,Physical,65,95,15,275,0,True,Other type
HGSS,Salamence,1,MOVE_RAGE,Rage,Normal,Physical,20,100,20,81,0,True,Normal
HGSS,Salamence,1,MOVE_BITE,Bite,Dark,Physical,60,100,25,31,0,True,Other type
HGSS,Salamence,1,MOVE_LEER,Leer,Normal,Status,0,100,30,19,0,True,Normal
HGSS,Salamence,1,MOVE_HEADBUTT,Headbutt,Normal,Physical,70,100,15,31,0,True,Normal
HGSS,Salamence,5,MOVE_BITE,Bite,Dark,Physical,60,100,25,31,0,True,Other type
HGSS,Salamence,10,MOVE_LEER,Leer,Normal,Status,0,100,30,19,0,True,Normal
HGSS,Salamence,16,MOVE_HEADBUTT,Headbutt,Normal,Physical,70,100,15,31,0,True,Normal
HGSS,Salamence,20,MOVE_FOCUS_ENERGY,Focus Energy,Normal,Status,0,0,30,47,0,True,Normal
HGSS,Salamence,25,MOVE_EMBER,Ember,Fire,Special,40,100,25,4,0,True,Other type
HGSS,Salamence,30,MOVE_PROTECT,Protect,Normal,Status,0,0,10,111,3,True,Normal
HGSS,Salamence,32,MOVE_DRAGON_BREATH,Dragon Breath,Dragon,Special,60,100,20,6,0,True,Own type
HGSS,Salamence,37,MOVE_ZEN_HEADBUTT,Zen Headbutt,Psychic,Physical,80,90,15,31,0,True,Other type
HGSS,Salamence,43,MOVE_SCARY_FACE,Scary Face,Normal,Status,0,90,10,60,0,True,Normal
HGSS,Salamence,50,MOVE_FLY,Fly,Flying,Physical,90,95,15,155,0,True,Own type
HGSS,Salamence,53,MOVE_CRUNCH,Crunch,Dark,Physical,80,100,15,69,0,True,Other type
HGSS,Salamence,61,MOVE_DRAGON_CLAW,Dragon Claw,Dragon,Physical,80,100,15,0,0,True,Own type
HGSS,Salamence,70,MOVE_DOUBLE_EDGE,Double-Edge,Normal,Physical,120,100,15,198,0,True,Normal
HGSS,Mareep,1,MOVE_TACKLE,Tackle,Normal,Physical,35,95,35,0,0,True,Normal
HGSS,Mareep,5,MOVE_GROWL,Growl,Normal,Status,0,100,40,18,0,True,Normal
HGSS,Mareep,10,MOVE_THUNDER_SHOCK,Thunder Shock,Electric,Special,40,100,30,6,0,True,Own type
HGSS,Mareep,14,MOVE_THUNDER_WAVE,Thunder Wave,Electric,Status,0,100,20,67,0,True,Own type
HGSS,Mareep,19,MOVE_COTTON_SPORE,Cotton Spore,Grass,Status,0,85,40,60,0,True,Other type
HGSS,Mareep,23,MOVE_CHARGE,Charge,Electric,Status,0,0,20,174,0,True,Own type
HGSS,Mareep,28,MOVE_DISCHARGE,Discharge,Electric,Special,80,100,15,6,0,True,Own type
HGSS,Mareep,32,MOVE_SIGNAL_BEAM,Signal Beam,Bug,Special,75,100,15,76,0,True,Other type
HGSS,Mareep,37,MOVE_LIGHT_SCREEN,Light Screen,Psychic,Status,0,0,30,35,0,True,Other type
HGSS,Mareep,41,MOVE_POWER_GEM,Power Gem,Rock,Special,70,100,20,0,0,True,Other type
HGSS,Mareep,46,MOVE_THUNDER,Thunder,Electric,Special,120,70,10,152,0,True,Own type
HGSS,Flaaffy,1,MOVE_TACKLE,Tackle,Normal,Physical,35,95,35,0,0,True,Normal
HGSS,Flaaffy,1,MOVE_GROWL,Growl,Normal,Status,0,100,40,18,0,True,Normal
HGSS,Flaaffy,1,MOVE_THUNDER_SHOCK,Thunder Shock,Electric,Special,40,100,30,6,0,True,Own type
HGSS,Flaaffy,5,MOVE_GROWL,Growl,Normal,Status,0,100,40,18,0,True,Normal
HGSS,Flaaffy,10,MOVE_THUNDER_SHOCK,Thunder Shock,Electric,Special,40,100,30,6,0,True,Own type
HGSS,Flaaffy,14,MOVE_THUNDER_WAVE,Thunder Wave,Electric,Status,0,100,20,67,0,True,Own type
HGSS,Flaaffy,20,MOVE_COTTON_SPORE,Cotton Spore,Grass,Status,0,85,40,60,0,True,Other type
HGSS,Flaaffy,25,MOVE_CHARGE,Charge,Electric,Status,0,0,20,174,0,True,Own type
HGSS,Flaaffy,31,MOVE_DISCHARGE,Discharge,Electric,Special,80,100,15,6,0,True,Own type
HGSS,Flaaffy,36,MOVE_SIGNAL_BEAM,Signal Beam,Bug,Special,75,100,15,76,0,True,Other type
HGSS,Flaaffy,42,MOVE_LIGHT_SCREEN,Light Screen,Psychic,Status,0,0,30,35,0,True,Other type
HGSS,Flaaffy,47,MOVE_POWER_GEM,Power Gem,Rock,Special,70,100,20,0,0,True,Other type
HGSS,Flaaffy,53,MOVE_THUNDER,Thunder,Electric,Special,120,70,10,152,0,True,Own type
HGSS,Ampharos,1,MOVE_FIRE_PUNCH,Fire Punch,Fire,Physical,75,100,15,4,0,True,Other type
HGSS,Ampharos,1,MOVE_TACKLE,Tackle,Normal,Physical,35,95,35,0,0,True,Normal
HGSS,Ampharos,1,MOVE_GROWL,Growl,Normal,Status,0,100,40,18,0,True,Normal
HGSS,Ampharos,1,MOVE_THUNDER_SHOCK,Thunder Shock,Electric,Special,40,100,30,6,0,True,Own type
HGSS,Ampharos,1,MOVE_THUNDER_WAVE,Thunder Wave,Electric,Status,0,100,20,67,0,True,Own type
HGSS,Ampharos,5,MOVE_GROWL,Growl,Normal,Status,0,100,40,18,0,True,Normal
HGSS,Ampharos,10,MOVE_THUNDER_SHOCK,Thunder Shock,Electric,Special,40,100,30,6,0,True,Own type
HGSS,Ampharos,14,MOVE_THUNDER_WAVE,Thunder Wave,Electric,Status,0,100,20,67,0,True,Own type
HGSS,Ampharos,20,MOVE_COTTON_SPORE,Cotton Spore,Grass,Status,0,85,40,60,0,True,Other type
HGSS,Ampharos,25,MOVE_CHARGE,Charge,Electric,Status,0,0,20,174,0,True,Own type
HGSS,Ampharos,30,MOVE_THUNDER_PUNCH,Thunder Punch,Electric,Physical,75,100,15,6,0,True,Own type
HGSS,Ampharos,34,MOVE_DISCHARGE,Discharge,Electric,Special,80,100,15,6,0,True,Own type
HGSS,Ampharos,42,MOVE_SIGNAL_BEAM,Signal Beam,Bug,Special,75,100,15,76,0,True,Other type
HGSS,Ampharos,51,MOVE_LIGHT_SCREEN,Light Screen,Psychic,Status,0,0,30,35,0,True,Other type
HGSS,Ampharos,59,MOVE_POWER_GEM,Power Gem,Rock,Special,70,100,20,0,0,True,Other type
HGSS,Ampharos,68,MOVE_THUNDER,Thunder,Electric,Special,120,70,10,152,0,True,Own type
HGSS,Shinx,1,MOVE_TACKLE,Tackle,Normal,Physical,35,95,35,0,0,True,Normal
HGSS,Shinx,5,MOVE_LEER,Leer,Normal,Status,0,100,30,19,0,True,Normal
HGSS,Shinx,9,MOVE_CHARGE,Charge,Electric,Status,0,0,20,174,0,True,Own type
HGSS,Shinx,13,MOVE_SPARK,Spark,Electric,Physical,65,100,20,6,0,True,Own type
HGSS,Shinx,17,MOVE_BITE,Bite,Dark,Physical,60,100,25,31,0,True,Other type
HGSS,Shinx,21,MOVE_ROAR,Roar,Normal,Status,0,100,20,28,-6,True,Normal
HGSS,Shinx,25,MOVE_SWAGGER,Swagger,Normal,Status,0,90,15,118,0,True,Normal
HGSS,Shinx,29,MOVE_THUNDER_FANG,Thunder Fang,Electric,Physical,65,95,15,275,0,True,Own type
HGSS,Shinx,33,MOVE_CRUNCH,Crunch,Dark,Physical,80,100,15,69,0,True,Other type
HGSS,Shinx,37,MOVE_SCARY_FACE,Scary Face,Normal,Status,0,90,10,60,0,True,Normal
HGSS,Shinx,41,MOVE_DISCHARGE,Discharge,Electric,Special,80,100,15,6,0,True,Own type
HGSS,Luxio,1,MOVE_TACKLE,Tackle,Normal,Physical,35,95,35,0,0,True,Normal
HGSS,Luxio,1,MOVE_LEER,Leer,Normal,Status,0,100,30,19,0,True,Normal
HGSS,Luxio,5,MOVE_LEER,Leer,Normal,Status,0,100,30,19,0,True,Normal
HGSS,Luxio,9,MOVE_CHARGE,Charge,Electric,Status,0,0,20,174,0,True,Own type
HGSS,Luxio,13,MOVE_SPARK,Spark,Electric,Physical,65,100,20,6,0,True,Own type
HGSS,Luxio,18,MOVE_BITE,Bite,Dark,Physical,60,100,25,31,0,True,Other type
HGSS,Luxio,23,MOVE_ROAR,Roar,Normal,Status,0,100,20,28,-6,True,Normal
HGSS,Luxio,28,MOVE_SWAGGER,Swagger,Normal,Status,0,90,15,118,0,True,Normal
HGSS,Luxio,33,MOVE_THUNDER_FANG,Thunder Fang,Electric,Physical,65,95,15,275,0,True,Own type
HGSS,Luxio,38,MOVE_CRUNCH,Crunch,Dark,Physical,80,100,15,69,0,True,Other type
HGSS,Luxio,43,MOVE_SCARY_FACE,Scary Face,Normal,Status,0,90,10,60,0,True,Normal
HGSS,Luxio,48,MOVE_DISCHARGE,Discharge,Electric,Special,80,100,15,6,0,True,Own type
HGSS,Luxray,1,MOVE_TACKLE,Tackle,Normal,Physical,35,95,35,0,0,True,Normal
HGSS,Luxray,1,MOVE_LEER,Leer,Normal,Status,0,100,30,19,0,True,Normal
HGSS,Luxray,1,MOVE_CHARGE,Charge,Electric,Status,0,0,20,174,0,True,Own type
HGSS,Luxray,5,MOVE_LEER,Leer,Normal,Status,0,100,30,19,0,True,Normal
HGSS,Luxray,9,MOVE_CHARGE,Charge,Electric,Status,0,0,20,174,0,True,Own type
HGSS,Luxray,13,MOVE_SPARK,Spark,Electric,Physical,65,100,20,6,0,True,Own type
HGSS,Luxray,18,MOVE_BITE,Bite,Dark,Physical,60,100,25,31,0,True,Other type
HGSS,Luxray,23,MOVE_ROAR,Roar,Normal,Status,0,100,20,28,-6,True,Normal
HGSS,Luxray,28,MOVE_SWAGGER,Swagger,Normal,Status,0,90,15,118,0,True,Normal
HGSS,Luxray,35,MOVE_THUNDER_FANG,Thunder Fang,Electric,Physical,65,95,15,275,0,True,Own type
HGSS,Luxray,42,MOVE_CRUNCH,Crunch,Dark,Physical,80,100,15,69,0,True,Other type
HGSS,Luxray,49,MOVE_SCARY_FACE,Scary Face,Normal,Status,0,90,10,60,0,True,Normal
HGSS,Luxray,56,MOVE_DISCHARGE,Discharge,Electric,Special,80,100,15,6,0,True,Own type
HGSS,Machop,1,MOVE_LOW_KICK,Low Kick,Fighting,Physical,1,100,20,196,0,True,Own type
HGSS,Machop,1,MOVE_LEER,Leer,Normal,Status,0,100,30,19,0,True,Normal
HGSS,Machop,7,MOVE_FOCUS_ENERGY,Focus Energy,Normal,Status,0,0,30,47,0,True,Normal
HGSS,Machop,10,MOVE_KARATE_CHOP,Karate Chop,Fighting,Physical,50,100,25,43,0,True,Own type
HGSS,Machop,13,MOVE_FORESIGHT,Foresight,Normal,Status,0,0,40,113,0,True,Normal
HGSS,Machop,19,MOVE_SEISMIC_TOSS,Seismic Toss,Fighting,Physical,1,100,20,87,0,True,Own type
HGSS,Machop,22,MOVE_REVENGE,Revenge,Fighting,Physical,60,100,10,185,-4,True,Own type
HGSS,Machop,25,MOVE_VITAL_THROW,Vital Throw,Fighting,Physical,70,0,10,78,-1,True,Own type
HGSS,Machop,31,MOVE_SUBMISSION,Submission,Fighting,Physical,80,80,25,48,0,True,Own type
HGSS,Machop,34,MOVE_WAKE_UP_SLAP,Wake-Up Slap,Fighting,Physical,60,100,10,217,0,True,Own type
HGSS,Machop,37,MOVE_CROSS_CHOP,Cross Chop,Fighting,Physical,100,80,5,43,0,True,Own type
HGSS,Machop,43,MOVE_SCARY_FACE,Scary Face,Normal,Status,0,90,10,60,0,True,Normal
HGSS,Machop,46,MOVE_DYNAMIC_PUNCH,Dynamic Punch,Fighting,Physical,100,50,5,76,0,True,Own type
HGSS,Machoke,1,MOVE_LOW_KICK,Low Kick,Fighting,Physical,1,100,20,196,0,True,Own type
HGSS,Machoke,1,MOVE_LEER,Leer,Normal,Status,0,100,30,19,0,True,Normal
HGSS,Machoke,1,MOVE_FOCUS_ENERGY,Focus Energy,Normal,Status,0,0,30,47,0,True,Normal
HGSS,Machoke,7,MOVE_FOCUS_ENERGY,Focus Energy,Normal,Status,0,0,30,47,0,True,Normal
HGSS,Machoke,10,MOVE_KARATE_CHOP,Karate Chop,Fighting,Physical,50,100,25,43,0,True,Own type
HGSS,Machoke,13,MOVE_FORESIGHT,Foresight,Normal,Status,0,0,40,113,0,True,Normal
HGSS,Machoke,19,MOVE_SEISMIC_TOSS,Seismic Toss,Fighting,Physical,1,100,20,87,0,True,Own type
HGSS,Machoke,22,MOVE_REVENGE,Revenge,Fighting,Physical,60,100,10,185,-4,True,Own type
HGSS,Machoke,25,MOVE_VITAL_THROW,Vital Throw,Fighting,Physical,70,0,10,78,-1,True,Own type
HGSS,Machoke,32,MOVE_SUBMISSION,Submission,Fighting,Physical,80,80,25,48,0,True,Own type
HGSS,Machoke,36,MOVE_WAKE_UP_SLAP,Wake-Up Slap,Fighting,Physical,60,100,10,217,0,True,Own type
HGSS,Machoke,40,MOVE_CROSS_CHOP,Cross Chop,Fighting,Physical,100,80,5,43,0,True,Own type
HGSS,Machoke,44,MOVE_SCARY_FACE,Scary Face,Normal,Status,0,90,10,60,0,True,Normal
HGSS,Machoke,51,MOVE_DYNAMIC_PUNCH,Dynamic Punch,Fighting,Physical,100,50,5,76,0,True,Own type
HGSS,Machamp,1,MOVE_LOW_KICK,Low Kick,Fighting,Physical,1,100,20,196,0,True,Own type
HGSS,Machamp,1,MOVE_LEER,Leer,Normal,Status,0,100,30,19,0,True,Normal
HGSS,Machamp,1,MOVE_FOCUS_ENERGY,Focus Energy,Normal,Status,0,0,30,47,0,True,Normal
HGSS,Machamp,7,MOVE_FOCUS_ENERGY,Focus Energy,Normal,Status,0,0,30,47,0,True,Normal
HGSS,Machamp,10,MOVE_KARATE_CHOP,Karate Chop,Fighting,Physical,50,100,25,43,0,True,Own type
HGSS,Machamp,13,MOVE_FORESIGHT,Foresight,Normal,Status,0,0,40,113,0,True,Normal
HGSS,Machamp,19,MOVE_SEISMIC_TOSS,Seismic Toss,Fighting,Physical,1,100,20,87,0,True,Own type
HGSS,Machamp,22,MOVE_REVENGE,Revenge,Fighting,Physical,60,100,10,185,-4,True,Own type
HGSS,Machamp,25,MOVE_VITAL_THROW,Vital Throw,Fighting,Physical,70,0,10,78,-1,True,Own type
HGSS,Machamp,32,MOVE_SUBMISSION,Submission,Fighting,Physical,80,80,25,48,0,True,Own type
HGSS,Machamp,36,MOVE_WAKE_UP_SLAP,Wake-Up Slap,Fighting,Physical,60,100,10,217,0,True,Own type
HGSS,Machamp,40,MOVE_CROSS_CHOP,Cross Chop,Fighting,Physical,100,80,5,43,0,True,Own type
HGSS,Machamp,44,MOVE_SCARY_FACE,Scary Face,Normal,Status,0,90,10,60,0,True,Normal
HGSS,Machamp,51,MOVE_DYNAMIC_PUNCH,Dynamic Punch,Fighting,Physical,100,50,5,76,0,True,Own type
HGSS,Elekid,1,MOVE_QUICK_ATTACK,Quick Attack,Normal,Physical,40,100,30,103,1,True,Normal
HGSS,Elekid,1,MOVE_LEER,Leer,Normal,Status,0,100,30,19,0,True,Normal
HGSS,Elekid,7,MOVE_THUNDER_SHOCK,Thunder Shock,Electric,Special,40,100,30,6,0,True,Own type
HGSS,Elekid,10,MOVE_LOW_KICK,Low Kick,Fighting,Physical,1,100,20,196,0,True,Other type
HGSS,Elekid,16,MOVE_SWIFT,Swift,Normal,Special,60,0,20,17,0,True,Normal
HGSS,Elekid,19,MOVE_SHOCK_WAVE,Shock Wave,Electric,Special,60,0,20,17,0,True,Own type
HGSS,Elekid,25,MOVE_LIGHT_SCREEN,Light Screen,Psychic,Status,0,0,30,35,0,True,Other type
HGSS,Elekid,28,MOVE_THUNDER_PUNCH,Thunder Punch,Electric,Physical,75,100,15,6,0,True,Own type
HGSS,Elekid,34,MOVE_DISCHARGE,Discharge,Electric,Special,80,100,15,6,0,True,Own type
HGSS,Elekid,37,MOVE_THUNDERBOLT,Thunderbolt,Electric,Special,95,100,15,6,0,True,Own type
HGSS,Elekid,43,MOVE_SCREECH,Screech,Normal,Status,0,85,40,59,0,True,Normal
HGSS,Elekid,46,MOVE_THUNDER,Thunder,Electric,Special,120,70,10,152,0,True,Own type
HGSS,Electabuzz,1,MOVE_QUICK_ATTACK,Quick Attack,Normal,Physical,40,100,30,103,1,True,Normal
HGSS,Electabuzz,1,MOVE_LEER,Leer,Normal,Status,0,100,30,19,0,True,Normal
HGSS,Electabuzz,1,MOVE_THUNDER_SHOCK,Thunder Shock,Electric,Special,40,100,30,6,0,True,Own type
HGSS,Electabuzz,7,MOVE_THUNDER_SHOCK,Thunder Shock,Electric,Special,40,100,30,6,0,True,Own type
HGSS,Electabuzz,10,MOVE_LOW_KICK,Low Kick,Fighting,Physical,1,100,20,196,0,True,Other type
HGSS,Electabuzz,16,MOVE_SWIFT,Swift,Normal,Special,60,0,20,17,0,True,Normal
HGSS,Electabuzz,19,MOVE_SHOCK_WAVE,Shock Wave,Electric,Special,60,0,20,17,0,True,Own type
HGSS,Electabuzz,25,MOVE_LIGHT_SCREEN,Light Screen,Psychic,Status,0,0,30,35,0,True,Other type
HGSS,Electabuzz,28,MOVE_THUNDER_PUNCH,Thunder Punch,Electric,Physical,75,100,15,6,0,True,Own type
HGSS,Electabuzz,37,MOVE_DISCHARGE,Discharge,Electric,Special,80,100,15,6,0,True,Own type
HGSS,Electabuzz,43,MOVE_THUNDERBOLT,Thunderbolt,Electric,Special,95,100,15,6,0,True,Own type
HGSS,Electabuzz,52,MOVE_SCREECH,Screech,Normal,Status,0,85,40,59,0,True,Normal
HGSS,Electabuzz,58,MOVE_THUNDER,Thunder,Electric,Special,120,70,10,152,0,True,Own type
HGSS,Electivire,1,MOVE_FIRE_PUNCH,Fire Punch,Fire,Physical,75,100,15,4,0,True,Other type
HGSS,Electivire,1,MOVE_QUICK_ATTACK,Quick Attack,Normal,Physical,40,100,30,103,1,True,Normal
HGSS,Electivire,1,MOVE_LEER,Leer,Normal,Status,0,100,30,19,0,True,Normal
HGSS,Electivire,1,MOVE_THUNDER_SHOCK,Thunder Shock,Electric,Special,40,100,30,6,0,True,Own type
HGSS,Electivire,1,MOVE_LOW_KICK,Low Kick,Fighting,Physical,1,100,20,196,0,True,Other type
HGSS,Electivire,7,MOVE_THUNDER_SHOCK,Thunder Shock,Electric,Special,40,100,30,6,0,True,Own type
HGSS,Electivire,10,MOVE_LOW_KICK,Low Kick,Fighting,Physical,1,100,20,196,0,True,Other type
HGSS,Electivire,16,MOVE_SWIFT,Swift,Normal,Special,60,0,20,17,0,True,Normal
HGSS,Electivire,19,MOVE_SHOCK_WAVE,Shock Wave,Electric,Special,60,0,20,17,0,True,Own type
HGSS,Electivire,25,MOVE_LIGHT_SCREEN,Light Screen,Psychic,Status,0,0,30,35,0,True,Other type
HGSS,Electivire,28,MOVE_THUNDER_PUNCH,Thunder Punch,Electric,Physical,75,100,15,6,0,True,Own type
HGSS,Electivire,37,MOVE_DISCHARGE,Discharge,Electric,Special,80,100,15,6,0,True,Own type
HGSS,Electivire,43,MOVE_THUNDERBOLT,Thunderbolt,Electric,Special,95,100,15,6,0,True,Own type
HGSS,Electivire,52,MOVE_SCREECH,Screech,Normal,Status,0,85,40,59,0,True,Normal
HGSS,Electivire,58,MOVE_THUNDER,Thunder,Electric,Special,120,70,10,152,0,True,Own type
HGSS,Electivire,67,MOVE_GIGA_IMPACT,Giga Impact,Normal,Physical,150,90,5,80,0,True,Normal
HGSS,Zapdos,1,MOVE_PECK,Peck,Flying,Physical,35,100,35,0,0,True,Own type
HGSS,Zapdos,1,MOVE_THUNDER_SHOCK,Thunder Shock,Electric,Special,40,100,30,6,0,True,Own type
HGSS,Zapdos,8,MOVE_THUNDER_WAVE,Thunder Wave,Electric,Status,0,100,20,67,0,True,Own type
HGSS,Zapdos,15,MOVE_DETECT,Detect,Fighting,Status,0,0,5,111,3,True,Other type
HGSS,Zapdos,22,MOVE_PLUCK,Pluck,Flying,Physical,60,100,20,224,0,True,Own type
HGSS,Zapdos,29,MOVE_ANCIENT_POWER,Ancient Power,Rock,Special,60,100,5,140,0,True,Other type
HGSS,Zapdos,36,MOVE_CHARGE,Charge,Electric,Status,0,0,20,174,0,True,Own type
HGSS,Zapdos,43,MOVE_AGILITY,Agility,Psychic,Status,0,0,30,52,0,True,Other type
HGSS,Zapdos,50,MOVE_DISCHARGE,Discharge,Electric,Special,80,100,15,6,0,True,Own type
HGSS,Zapdos,57,MOVE_ROOST,Roost,Flying,Status,0,0,10,214,0,True,Own type
HGSS,Zapdos,64,MOVE_LIGHT_SCREEN,Light Screen,Psychic,Status,0,0,30,35,0,True,Other type
HGSS,Zapdos,71,MOVE_DRILL_PECK,Drill Peck,Flying,Physical,80,100,20,0,0,True,Own type
HGSS,Zapdos,78,MOVE_THUNDER,Thunder,Electric,Special,120,70,10,152,0,True,Own type
HGSS,Zapdos,85,MOVE_RAIN_DANCE,Rain Dance,Water,Status,0,0,5,136,0,True,Other type
HGSS,Magnezone,1,MOVE_MIRROR_COAT,Mirror Coat,Psychic,Special,1,100,20,144,-5,True,Other type
HGSS,Magnezone,1,MOVE_BARRIER,Barrier,Psychic,Status,0,0,30,51,0,True,Other type
HGSS,Magnezone,1,MOVE_METAL_SOUND,Metal Sound,Steel,Status,0,85,40,62,0,True,Own type
HGSS,Magnezone,1,MOVE_TACKLE,Tackle,Normal,Physical,35,95,35,0,0,True,Normal
HGSS,Magnezone,1,MOVE_THUNDER_SHOCK,Thunder Shock,Electric,Special,40,100,30,6,0,True,Own type
HGSS,Magnezone,1,MOVE_SUPERSONIC,Supersonic,Normal,Status,0,55,20,49,0,True,Normal
HGSS,Magnezone,6,MOVE_THUNDER_SHOCK,Thunder Shock,Electric,Special,40,100,30,6,0,True,Own type
HGSS,Magnezone,11,MOVE_SUPERSONIC,Supersonic,Normal,Status,0,55,20,49,0,True,Normal
HGSS,Magnezone,14,MOVE_SONIC_BOOM,Sonic Boom,Normal,Special,1,90,20,130,0,True,Normal
HGSS,Magnezone,17,MOVE_THUNDER_WAVE,Thunder Wave,Electric,Status,0,100,20,67,0,True,Own type
HGSS,Magnezone,22,MOVE_SPARK,Spark,Electric,Physical,65,100,20,6,0,True,Own type
HGSS,Magnezone,27,MOVE_LOCK_ON,Lock-On,Normal,Status,0,0,5,94,0,True,Normal
HGSS,Magnezone,30,MOVE_MAGNET_BOMB,Magnet Bomb,Steel,Physical,60,0,20,17,0,True,Own type
HGSS,Magnezone,34,MOVE_SCREECH,Screech,Normal,Status,0,85,40,59,0,True,Normal
HGSS,Magnezone,40,MOVE_DISCHARGE,Discharge,Electric,Special,80,100,15,6,0,True,Own type
HGSS,Magnezone,46,MOVE_MIRROR_SHOT,Mirror Shot,Steel,Special,65,85,10,73,0,True,Own type
HGSS,Magnezone,50,MOVE_MAGNET_RISE,Magnet Rise,Electric,Status,0,0,10,252,0,True,Own type
HGSS,Magnezone,54,MOVE_GYRO_BALL,Gyro Ball,Steel,Physical,1,100,5,219,0,True,Own type
HGSS,Magnezone,60,MOVE_ZAP_CANNON,Zap Cannon,Electric,Special,120,50,5,6,0,True,Own type
HGSS,Jolteon,1,MOVE_TAIL_WHIP,Tail Whip,Normal,Status,0,100,30,19,0,True,Normal
HGSS,Jolteon,1,MOVE_TACKLE,Tackle,Normal,Physical,35,95,35,0,0,True,Normal
HGSS,Jolteon,1,MOVE_HELPING_HAND,Helping Hand,Normal,Status,0,0,20,176,5,True,Normal
HGSS,Jolteon,8,MOVE_SAND_ATTACK,Sand Attack,Ground,Status,0,100,15,23,0,True,Other type
HGSS,Jolteon,15,MOVE_THUNDER_SHOCK,Thunder Shock,Electric,Special,40,100,30,6,0,True,Own type
HGSS,Jolteon,22,MOVE_QUICK_ATTACK,Quick Attack,Normal,Physical,40,100,30,103,1,True,Normal
HGSS,Jolteon,29,MOVE_DOUBLE_KICK,Double Kick,Fighting,Physical,30,100,30,44,0,True,Other type
HGSS,Jolteon,36,MOVE_PIN_MISSILE,Pin Missile,Bug,Physical,14,85,20,29,0,True,Other type
HGSS,Jolteon,43,MOVE_THUNDER_FANG,Thunder Fang,Electric,Physical,65,95,15,275,0,True,Own type
HGSS,Jolteon,50,MOVE_LAST_RESORT,Last Resort,Normal,Physical,130,100,5,246,0,True,Normal
HGSS,Jolteon,57,MOVE_THUNDER_WAVE,Thunder Wave,Electric,Status,0,100,20,67,0,True,Own type
HGSS,Jolteon,64,MOVE_AGILITY,Agility,Psychic,Status,0,0,30,52,0,True,Other type
HGSS,Jolteon,71,MOVE_THUNDER,Thunder,Electric,Special,120,70,10,152,0,True,Own type
HGSS,Jolteon,78,MOVE_DISCHARGE,Discharge,Electric,Special,80,100,15,6,0,True,Own type
HGSS,Raikou,1,MOVE_BITE,Bite,Dark,Physical,60,100,25,31,0,True,Other type
HGSS,Raikou,1,MOVE_LEER,Leer,Normal,Status,0,100,30,19,0,True,Normal
HGSS,Raikou,8,MOVE_THUNDER_SHOCK,Thunder Shock,Electric,Special,40,100,30,6,0,True,Own type
HGSS,Raikou,15,MOVE_ROAR,Roar,Normal,Status,0,100,20,28,-6,True,Normal
HGSS,Raikou,22,MOVE_QUICK_ATTACK,Quick Attack,Normal,Physical,40,100,30,103,1,True,Normal
HGSS,Raikou,29,MOVE_SPARK,Spark,Electric,Physical,65,100,20,6,0,True,Own type
HGSS,Raikou,36,MOVE_REFLECT,Reflect,Psychic,Status,0,0,20,65,0,True,Other type
HGSS,Raikou,43,MOVE_CRUNCH,Crunch,Dark,Physical,80,100,15,69,0,True,Other type
HGSS,Raikou,50,MOVE_THUNDER_FANG,Thunder Fang,Electric,Physical,65,95,15,275,0,True,Own type
HGSS,Raikou,57,MOVE_DISCHARGE,Discharge,Electric,Special,80,100,15,6,0,True,Own type
HGSS,Raikou,64,MOVE_EXTRASENSORY,Extrasensory,Psychic,Special,80,100,30,31,0,True,Other type
HGSS,Raikou,71,MOVE_RAIN_DANCE,Rain Dance,Water,Status,0,0,5,136,0,True,Other type
HGSS,Raikou,78,MOVE_CALM_MIND,Calm Mind,Psychic,Status,0,0,20,211,0,True,Other type
HGSS,Raikou,85,MOVE_THUNDER,Thunder,Electric,Special,120,70,10,152,0,True,Own type
HGSS,Lucario,1,MOVE_DARK_PULSE,Dark Pulse,Dark,Special,80,100,15,31,0,True,Other type
HGSS,Lucario,1,MOVE_QUICK_ATTACK,Quick Attack,Normal,Physical,40,100,30,103,1,True,Normal
HGSS,Lucario,1,MOVE_FORESIGHT,Foresight,Normal,Status,0,0,40,113,0,True,Normal
HGSS,Lucario,1,MOVE_DETECT,Detect,Fighting,Status,0,0,5,111,3,True,Own type
HGSS,Lucario,1,MOVE_METAL_CLAW,Metal Claw,Steel,Physical,50,95,35,139,0,True,Own type
HGSS,Lucario,6,MOVE_COUNTER,Counter,Fighting,Physical,1,100,20,89,-5,True,Own type
HGSS,Lucario,11,MOVE_FORCE_PALM,Force Palm,Fighting,Physical,60,100,10,6,0,True,Own type
HGSS,Lucario,15,MOVE_FEINT,Feint,Normal,Physical,50,100,10,223,2,True,Normal
HGSS,Lucario,19,MOVE_BONE_RUSH,Bone Rush,Ground,Physical,25,80,10,29,0,True,Other type
HGSS,Lucario,24,MOVE_METAL_SOUND,Metal Sound,Steel,Status,0,85,40,62,0,True,Own type
HGSS,Lucario,29,MOVE_ME_FIRST,Me First,Normal,Status,0,0,20,241,0,True,Normal
HGSS,Lucario,33,MOVE_SWORDS_DANCE,Swords Dance,Normal,Status,0,0,30,50,0,True,Normal
HGSS,Lucario,37,MOVE_AURA_SPHERE,Aura Sphere,Fighting,Special,90,0,20,17,0,True,Own type
HGSS,Lucario,42,MOVE_CLOSE_COMBAT,Close Combat,Fighting,Physical,120,100,5,229,0,True,Own type
HGSS,Lucario,47,MOVE_DRAGON_PULSE,Dragon Pulse,Dragon,Special,90,100,10,0,0,True,Other type
HGSS,Lucario,51,MOVE_EXTREME_SPEED,Extreme Speed,Normal,Physical,80,100,5,103,1,True,Normal
HGSS,Spheal,1,MOVE_DEFENSE_CURL,Defense Curl,Normal,Status,0,0,40,156,0,True,Normal
HGSS,Spheal,1,MOVE_POWDER_SNOW,Powder Snow,Ice,Special,40,100,25,5,0,True,Own type
HGSS,Spheal,1,MOVE_GROWL,Growl,Normal,Status,0,100,40,18,0,True,Normal
HGSS,Spheal,1,MOVE_WATER_GUN,Water Gun,Water,Special,40,100,25,0,0,True,Own type
HGSS,Spheal,7,MOVE_ENCORE,Encore,Normal,Status,0,100,5,90,0,True,Normal
HGSS,Spheal,13,MOVE_ICE_BALL,Ice Ball,Ice,Physical,30,90,20,117,0,True,Own type
HGSS,Spheal,19,MOVE_BODY_SLAM,Body Slam,Normal,Physical,85,100,15,6,0,True,Normal
HGSS,Spheal,25,MOVE_AURORA_BEAM,Aurora Beam,Ice,Special,65,100,20,68,0,True,Own type
HGSS,Spheal,31,MOVE_HAIL,Hail,Ice,Status,0,0,10,164,0,True,Own type
HGSS,Spheal,37,MOVE_REST,Rest,Psychic,Status,0,0,10,37,0,True,Other type
HGSS,Spheal,37,MOVE_SNORE,Snore,Normal,Special,40,100,15,92,0,True,Normal
HGSS,Spheal,43,MOVE_BLIZZARD,Blizzard,Ice,Special,120,70,5,260,0,True,Own type
HGSS,Spheal,49,MOVE_SHEER_COLD,Sheer Cold,Ice,Special,1,30,5,38,0,True,Own type
HGSS,Sealeo,1,MOVE_POWDER_SNOW,Powder Snow,Ice,Special,40,100,25,5,0,True,Own type
HGSS,Sealeo,1,MOVE_GROWL,Growl,Normal,Status,0,100,40,18,0,True,Normal
HGSS,Sealeo,1,MOVE_WATER_GUN,Water Gun,Water,Special,40,100,25,0,0,True,Own type
HGSS,Sealeo,1,MOVE_ENCORE,Encore,Normal,Status,0,100,5,90,0,True,Normal
HGSS,Sealeo,7,MOVE_ENCORE,Encore,Normal,Status,0,100,5,90,0,True,Normal
HGSS,Sealeo,13,MOVE_ICE_BALL,Ice Ball,Ice,Physical,30,90,20,117,0,True,Own type
HGSS,Sealeo,19,MOVE_BODY_SLAM,Body Slam,Normal,Physical,85,100,15,6,0,True,Normal
HGSS,Sealeo,25,MOVE_AURORA_BEAM,Aurora Beam,Ice,Special,65,100,20,68,0,True,Own type
HGSS,Sealeo,31,MOVE_HAIL,Hail,Ice,Status,0,0,10,164,0,True,Own type
HGSS,Sealeo,32,MOVE_SWAGGER,Swagger,Normal,Status,0,90,15,118,0,True,Normal
HGSS,Sealeo,39,MOVE_REST,Rest,Psychic,Status,0,0,10,37,0,True,Other type
HGSS,Sealeo,39,MOVE_SNORE,Snore,Normal,Special,40,100,15,92,0,True,Normal
HGSS,Sealeo,47,MOVE_BLIZZARD,Blizzard,Ice,Special,120,70,5,260,0,True,Own type
HGSS,Sealeo,55,MOVE_SHEER_COLD,Sheer Cold,Ice,Special,1,30,5,38,0,True,Own type
HGSS,Walrein,1,MOVE_CRUNCH,Crunch,Dark,Physical,80,100,15,69,0,True,Other type
HGSS,Walrein,1,MOVE_POWDER_SNOW,Powder Snow,Ice,Special,40,100,25,5,0,True,Own type
HGSS,Walrein,1,MOVE_GROWL,Growl,Normal,Status,0,100,40,18,0,True,Normal
HGSS,Walrein,1,MOVE_WATER_GUN,Water Gun,Water,Special,40,100,25,0,0,True,Own type
HGSS,Walrein,1,MOVE_ENCORE,Encore,Normal,Status,0,100,5,90,0,True,Normal
HGSS,Walrein,7,MOVE_ENCORE,Encore,Normal,Status,0,100,5,90,0,True,Normal
HGSS,Walrein,13,MOVE_ICE_BALL,Ice Ball,Ice,Physical,30,90,20,117,0,True,Own type
HGSS,Walrein,19,MOVE_BODY_SLAM,Body Slam,Normal,Physical,85,100,15,6,0,True,Normal
HGSS,Walrein,25,MOVE_AURORA_BEAM,Aurora Beam,Ice,Special,65,100,20,68,0,True,Own type
HGSS,Walrein,31,MOVE_HAIL,Hail,Ice,Status,0,0,10,164,0,True,Own type
HGSS,Walrein,32,MOVE_SWAGGER,Swagger,Normal,Status,0,90,15,118,0,True,Normal
HGSS,Walrein,39,MOVE_REST,Rest,Psychic,Status,0,0,10,37,0,True,Other type
HGSS,Walrein,39,MOVE_SNORE,Snore,Normal,Special,40,100,15,92,0,True,Normal
HGSS,Walrein,44,MOVE_ICE_FANG,Ice Fang,Ice,Physical,65,95,15,274,0,True,Own type
HGSS,Walrein,52,MOVE_BLIZZARD,Blizzard,Ice,Special,120,70,5,260,0,True,Own type
HGSS,Walrein,65,MOVE_SHEER_COLD,Sheer Cold,Ice,Special,1,30,5,38,0,True,Own type
HGSS,Swinub,1,MOVE_TACKLE,Tackle,Normal,Physical,35,95,35,0,0,True,Normal
HGSS,Swinub,1,MOVE_ODOR_SLEUTH,Odor Sleuth,Normal,Status,0,0,40,113,0,True,Normal
HGSS,Swinub,4,MOVE_MUD_SPORT,Mud Sport,Ground,Status,0,0,15,201,0,True,Own type
HGSS,Swinub,8,MOVE_POWDER_SNOW,Powder Snow,Ice,Special,40,100,25,5,0,True,Own type
HGSS,Swinub,13,MOVE_MUD_SLAP,Mud-Slap,Ground,Special,20,100,10,73,0,True,Own type
HGSS,Swinub,16,MOVE_ENDURE,Endure,Normal,Status,0,0,10,116,3,True,Normal
HGSS,Swinub,20,MOVE_MUD_BOMB,Mud Bomb,Ground,Special,65,85,10,73,0,True,Own type
HGSS,Swinub,25,MOVE_ICY_WIND,Icy Wind,Ice,Special,55,95,15,70,0,True,Own type
HGSS,Swinub,28,MOVE_ICE_SHARD,Ice Shard,Ice,Physical,40,100,30,103,1,True,Own type
HGSS,Swinub,32,MOVE_TAKE_DOWN,Take Down,Normal,Physical,90,85,20,48,0,True,Normal
HGSS,Swinub,37,MOVE_EARTHQUAKE,Earthquake,Ground,Physical,100,100,10,147,0,True,Own type
HGSS,Swinub,40,MOVE_MIST,Mist,Ice,Status,0,0,30,46,0,True,Own type
HGSS,Swinub,44,MOVE_BLIZZARD,Blizzard,Ice,Special,120,70,5,260,0,True,Own type
HGSS,Swinub,49,MOVE_AMNESIA,Amnesia,Psychic,Status,0,0,20,54,0,True,Other type
HGSS,Piloswine,1,MOVE_ANCIENT_POWER,Ancient Power,Rock,Special,60,100,5,140,0,True,Other type
HGSS,Piloswine,1,MOVE_PECK,Peck,Flying,Physical,35,100,35,0,0,True,Other type
HGSS,Piloswine,1,MOVE_ODOR_SLEUTH,Odor Sleuth,Normal,Status,0,0,40,113,0,True,Normal
HGSS,Piloswine,1,MOVE_MUD_SPORT,Mud Sport,Ground,Status,0,0,15,201,0,True,Own type
HGSS,Piloswine,1,MOVE_POWDER_SNOW,Powder Snow,Ice,Special,40,100,25,5,0,True,Own type
HGSS,Piloswine,4,MOVE_MUD_SPORT,Mud Sport,Ground,Status,0,0,15,201,0,True,Own type
HGSS,Piloswine,8,MOVE_POWDER_SNOW,Powder Snow,Ice,Special,40,100,25,5,0,True,Own type
HGSS,Piloswine,13,MOVE_MUD_SLAP,Mud-Slap,Ground,Special,20,100,10,73,0,True,Own type
HGSS,Piloswine,16,MOVE_ENDURE,Endure,Normal,Status,0,0,10,116,3,True,Normal
HGSS,Piloswine,20,MOVE_MUD_BOMB,Mud Bomb,Ground,Special,65,85,10,73,0,True,Own type
HGSS,Piloswine,25,MOVE_ICY_WIND,Icy Wind,Ice,Special,55,95,15,70,0,True,Own type
HGSS,Piloswine,28,MOVE_ICE_FANG,Ice Fang,Ice,Physical,65,95,15,274,0,True,Own type
HGSS,Piloswine,32,MOVE_TAKE_DOWN,Take Down,Normal,Physical,90,85,20,48,0,True,Normal
HGSS,Piloswine,33,MOVE_FURY_ATTACK,Fury Attack,Normal,Physical,15,85,20,29,0,True,Normal
HGSS,Piloswine,40,MOVE_EARTHQUAKE,Earthquake,Ground,Physical,100,100,10,147,0,True,Own type
HGSS,Piloswine,48,MOVE_MIST,Mist,Ice,Status,0,0,30,46,0,True,Own type
HGSS,Piloswine,56,MOVE_BLIZZARD,Blizzard,Ice,Special,120,70,5,260,0,True,Own type
HGSS,Piloswine,65,MOVE_AMNESIA,Amnesia,Psychic,Status,0,0,20,54,0,True,Other type
HGSS,Mamoswine,1,MOVE_ANCIENT_POWER,Ancient Power,Rock,Special,60,100,5,140,0,True,Other type
HGSS,Mamoswine,1,MOVE_PECK,Peck,Flying,Physical,35,100,35,0,0,True,Other type
HGSS,Mamoswine,1,MOVE_ODOR_SLEUTH,Odor Sleuth,Normal,Status,0,0,40,113,0,True,Normal
HGSS,Mamoswine,1,MOVE_MUD_SPORT,Mud Sport,Ground,Status,0,0,15,201,0,True,Own type
HGSS,Mamoswine,1,MOVE_POWDER_SNOW,Powder Snow,Ice,Special,40,100,25,5,0,True,Own type
HGSS,Mamoswine,4,MOVE_MUD_SPORT,Mud Sport,Ground,Status,0,0,15,201,0,True,Own type
HGSS,Mamoswine,8,MOVE_POWDER_SNOW,Powder Snow,Ice,Special,40,100,25,5,0,True,Own type
HGSS,Mamoswine,13,MOVE_MUD_SLAP,Mud-Slap,Ground,Special,20,100,10,73,0,True,Own type
HGSS,Mamoswine,16,MOVE_ENDURE,Endure,Normal,Status,0,0,10,116,3,True,Normal
HGSS,Mamoswine,20,MOVE_MUD_BOMB,Mud Bomb,Ground,Special,65,85,10,73,0,True,Own type
HGSS,Mamoswine,25,MOVE_HAIL,Hail,Ice,Status,0,0,10,164,0,True,Own type
HGSS,Mamoswine,28,MOVE_ICE_FANG,Ice Fang,Ice,Physical,65,95,15,274,0,True,Own type
HGSS,Mamoswine,32,MOVE_TAKE_DOWN,Take Down,Normal,Physical,90,85,20,48,0,True,Normal
HGSS,Mamoswine,33,MOVE_DOUBLE_HIT,Double Hit,Normal,Physical,35,90,10,44,0,True,Normal
HGSS,Mamoswine,40,MOVE_EARTHQUAKE,Earthquake,Ground,Physical,100,100,10,147,0,True,Own type
HGSS,Mamoswine,48,MOVE_MIST,Mist,Ice,Status,0,0,30,46,0,True,Own type
HGSS,Mamoswine,56,MOVE_BLIZZARD,Blizzard,Ice,Special,120,70,5,260,0,True,Own type
HGSS,Mamoswine,65,MOVE_SCARY_FACE,Scary Face,Normal,Status,0,90,10,60,0,True,Normal
HGSS,Snorunt,1,MOVE_POWDER_SNOW,Powder Snow,Ice,Special,40,100,25,5,0,True,Own type
HGSS,Snorunt,1,MOVE_LEER,Leer,Normal,Status,0,100,30,19,0,True,Normal
HGSS,Snorunt,4,MOVE_DOUBLE_TEAM,Double Team,Normal,Status,0,0,15,16,0,True,Normal
HGSS,Snorunt,10,MOVE_BITE,Bite,Dark,Physical,60,100,25,31,0,True,Other type
HGSS,Snorunt,13,MOVE_ICY_WIND,Icy Wind,Ice,Special,55,95,15,70,0,True,Own type
HGSS,Snorunt,19,MOVE_HEADBUTT,Headbutt,Normal,Physical,70,100,15,31,0,True,Normal
HGSS,Snorunt,22,MOVE_PROTECT,Protect,Normal,Status,0,0,10,111,3,True,Normal
HGSS,Snorunt,28,MOVE_ICE_FANG,Ice Fang,Ice,Physical,65,95,15,274,0,True,Own type
HGSS,Snorunt,31,MOVE_CRUNCH,Crunch,Dark,Physical,80,100,15,69,0,True,Other type
HGSS,Snorunt,37,MOVE_ICE_SHARD,Ice Shard,Ice,Physical,40,100,30,103,1,True,Own type
HGSS,Snorunt,40,MOVE_HAIL,Hail,Ice,Status,0,0,10,164,0,True,Own type
HGSS,Snorunt,46,MOVE_BLIZZARD,Blizzard,Ice,Special,120,70,5,260,0,True,Own type
HGSS,Glalie,1,MOVE_POWDER_SNOW,Powder Snow,Ice,Special,40,100,25,5,0,True,Own type
HGSS,Glalie,1,MOVE_LEER,Leer,Normal,Status,0,100,30,19,0,True,Normal
HGSS,Glalie,1,MOVE_DOUBLE_TEAM,Double Team,Normal,Status,0,0,15,16,0,True,Normal
HGSS,Glalie,1,MOVE_BITE,Bite,Dark,Physical,60,100,25,31,0,True,Other type
HGSS,Glalie,4,MOVE_DOUBLE_TEAM,Double Team,Normal,Status,0,0,15,16,0,True,Normal
HGSS,Glalie,10,MOVE_BITE,Bite,Dark,Physical,60,100,25,31,0,True,Other type
HGSS,Glalie,13,MOVE_ICY_WIND,Icy Wind,Ice,Special,55,95,15,70,0,True,Own type
HGSS,Glalie,19,MOVE_HEADBUTT,Headbutt,Normal,Physical,70,100,15,31,0,True,Normal
HGSS,Glalie,22,MOVE_PROTECT,Protect,Normal,Status,0,0,10,111,3,True,Normal
HGSS,Glalie,28,MOVE_ICE_FANG,Ice Fang,Ice,Physical,65,95,15,274,0,True,Own type
HGSS,Glalie,31,MOVE_CRUNCH,Crunch,Dark,Physical,80,100,15,69,0,True,Other type
HGSS,Glalie,37,MOVE_ICE_BEAM,Ice Beam,Ice,Special,95,100,10,5,0,True,Own type
HGSS,Glalie,40,MOVE_HAIL,Hail,Ice,Status,0,0,10,164,0,True,Own type
HGSS,Glalie,51,MOVE_BLIZZARD,Blizzard,Ice,Special,120,70,5,260,0,True,Own type
HGSS,Glalie,59,MOVE_SHEER_COLD,Sheer Cold,Ice,Special,1,30,5,38,0,True,Own type
HGSS,Froslass,1,MOVE_POWDER_SNOW,Powder Snow,Ice,Special,40,100,25,5,0,True,Own type
HGSS,Froslass,1,MOVE_LEER,Leer,Normal,Status,0,100,30,19,0,True,Normal
HGSS,Froslass,1,MOVE_DOUBLE_TEAM,Double Team,Normal,Status,0,0,15,16,0,True,Normal
HGSS,Froslass,1,MOVE_ASTONISH,Astonish,Ghost,Physical,30,100,15,31,0,True,Own type
HGSS,Froslass,4,MOVE_DOUBLE_TEAM,Double Team,Normal,Status,0,0,15,16,0,True,Normal
HGSS,Froslass,10,MOVE_ASTONISH,Astonish,Ghost,Physical,30,100,15,31,0,True,Own type
HGSS,Froslass,13,MOVE_ICY_WIND,Icy Wind,Ice,Special,55,95,15,70,0,True,Own type
HGSS,Froslass,19,MOVE_CONFUSE_RAY,Confuse Ray,Ghost,Status,0,100,10,49,0,True,Own type
HGSS,Froslass,22,MOVE_OMINOUS_WIND,Ominous Wind,Ghost,Special,60,100,5,140,0,True,Own type
HGSS,Froslass,28,MOVE_WAKE_UP_SLAP,Wake-Up Slap,Fighting,Physical,60,100,10,217,0,True,Other type
HGSS,Froslass,31,MOVE_CAPTIVATE,Captivate,Normal,Status,0,100,20,265,0,True,Normal
HGSS,Froslass,37,MOVE_ICE_SHARD,Ice Shard,Ice,Physical,40,100,30,103,1,True,Own type
HGSS,Froslass,40,MOVE_HAIL,Hail,Ice,Status,0,0,10,164,0,True,Own type
HGSS,Froslass,51,MOVE_BLIZZARD,Blizzard,Ice,Special,120,70,5,260,0,True,Own type
HGSS,Froslass,59,MOVE_DESTINY_BOND,Destiny Bond,Ghost,Status,0,0,5,98,0,True,Own type
HGSS,Sneasel,1,MOVE_SCRATCH,Scratch,Normal,Physical,40,100,35,0,0,True,Normal
HGSS,Sneasel,1,MOVE_LEER,Leer,Normal,Status,0,100,30,19,0,True,Normal
HGSS,Sneasel,1,MOVE_TAUNT,Taunt,Dark,Status,0,100,20,175,0,True,Own type
HGSS,Sneasel,8,MOVE_QUICK_ATTACK,Quick Attack,Normal,Physical,40,100,30,103,1,True,Normal
HGSS,Sneasel,10,MOVE_SCREECH,Screech,Normal,Status,0,85,40,59,0,True,Normal
HGSS,Sneasel,14,MOVE_FEINT_ATTACK,Feint Attack,Dark,Physical,60,0,20,17,0,True,Own type
HGSS,Sneasel,21,MOVE_FURY_SWIPES,Fury Swipes,Normal,Physical,18,80,15,29,0,True,Normal
HGSS,Sneasel,24,MOVE_AGILITY,Agility,Psychic,Status,0,0,30,52,0,True,Other type
HGSS,Sneasel,28,MOVE_ICY_WIND,Icy Wind,Ice,Special,55,95,15,70,0,True,Own type
HGSS,Sneasel,35,MOVE_SLASH,Slash,Normal,Physical,70,100,20,43,0,True,Normal
HGSS,Sneasel,38,MOVE_BEAT_UP,Beat Up,Dark,Physical,10,100,10,154,0,True,Own type
HGSS,Sneasel,42,MOVE_METAL_CLAW,Metal Claw,Steel,Physical,50,95,35,139,0,True,Other type
HGSS,Sneasel,49,MOVE_ICE_SHARD,Ice Shard,Ice,Physical,40,100,30,103,1,True,Own type
HGSS,Weavile,1,MOVE_EMBARGO,Embargo,Dark,Status,0,100,15,232,0,True,Own type
HGSS,Weavile,1,MOVE_REVENGE,Revenge,Fighting,Physical,60,100,10,185,-4,True,Other type
HGSS,Weavile,1,MOVE_ASSURANCE,Assurance,Dark,Physical,50,100,10,231,0,True,Own type
HGSS,Weavile,1,MOVE_SCRATCH,Scratch,Normal,Physical,40,100,35,0,0,True,Normal
HGSS,Weavile,1,MOVE_LEER,Leer,Normal,Status,0,100,30,19,0,True,Normal
HGSS,Weavile,1,MOVE_TAUNT,Taunt,Dark,Status,0,100,20,175,0,True,Own type
HGSS,Weavile,1,MOVE_QUICK_ATTACK,Quick Attack,Normal,Physical,40,100,30,103,1,True,Normal
HGSS,Weavile,8,MOVE_QUICK_ATTACK,Quick Attack,Normal,Physical,40,100,30,103,1,True,Normal
HGSS,Weavile,10,MOVE_SCREECH,Screech,Normal,Status,0,85,40,59,0,True,Normal
HGSS,Weavile,14,MOVE_FEINT_ATTACK,Feint Attack,Dark,Physical,60,0,20,17,0,True,Own type
HGSS,Weavile,21,MOVE_FURY_SWIPES,Fury Swipes,Normal,Physical,18,80,15,29,0,True,Normal
HGSS,Weavile,24,MOVE_NASTY_PLOT,Nasty Plot,Dark,Status,0,0,20,53,0,True,Own type
HGSS,Weavile,28,MOVE_ICY_WIND,Icy Wind,Ice,Special,55,95,15,70,0,True,Own type
HGSS,Weavile,35,MOVE_NIGHT_SLASH,Night Slash,Dark,Physical,70,100,15,43,0,True,Own type
HGSS,Weavile,38,MOVE_FLING,Fling,Dark,Physical,1,100,10,233,0,True,Own type
HGSS,Weavile,42,MOVE_METAL_CLAW,Metal Claw,Steel,Physical,50,95,35,139,0,True,Other type
HGSS,Weavile,49,MOVE_DARK_PULSE,Dark Pulse,Dark,Special,80,100,15,31,0,True,Own type
HGSS,Houndour,1,MOVE_LEER,Leer,Normal,Status,0,100,30,19,0,True,Normal
HGSS,Houndour,1,MOVE_EMBER,Ember,Fire,Special,40,100,25,4,0,True,Own type
HGSS,Houndour,4,MOVE_HOWL,Howl,Normal,Status,0,0,40,10,0,True,Normal
HGSS,Houndour,9,MOVE_SMOG,Smog,Poison,Special,20,70,20,2,0,True,Other type
HGSS,Houndour,14,MOVE_ROAR,Roar,Normal,Status,0,100,20,28,-6,True,Normal
HGSS,Houndour,17,MOVE_BITE,Bite,Dark,Physical,60,100,25,31,0,True,Own type
HGSS,Houndour,22,MOVE_ODOR_SLEUTH,Odor Sleuth,Normal,Status,0,0,40,113,0,True,Normal
HGSS,Houndour,27,MOVE_BEAT_UP,Beat Up,Dark,Physical,10,100,10,154,0,True,Own type
HGSS,Houndour,30,MOVE_FIRE_FANG,Fire Fang,Fire,Physical,65,95,15,273,0,True,Own type
HGSS,Houndour,35,MOVE_FEINT_ATTACK,Feint Attack,Dark,Physical,60,0,20,17,0,True,Own type
HGSS,Houndour,40,MOVE_EMBARGO,Embargo,Dark,Status,0,100,15,232,0,True,Own type
HGSS,Houndour,43,MOVE_FLAMETHROWER,Flamethrower,Fire,Special,95,100,15,4,0,True,Own type
HGSS,Houndour,48,MOVE_CRUNCH,Crunch,Dark,Physical,80,100,15,69,0,True,Own type
HGSS,Houndour,53,MOVE_NASTY_PLOT,Nasty Plot,Dark,Status,0,0,20,53,0,True,Own type
HGSS,Houndoom,1,MOVE_THUNDER_FANG,Thunder Fang,Electric,Physical,65,95,15,275,0,True,Other type
HGSS,Houndoom,1,MOVE_LEER,Leer,Normal,Status,0,100,30,19,0,True,Normal
HGSS,Houndoom,1,MOVE_EMBER,Ember,Fire,Special,40,100,25,4,0,True,Own type
HGSS,Houndoom,1,MOVE_HOWL,Howl,Normal,Status,0,0,40,10,0,True,Normal
HGSS,Houndoom,1,MOVE_SMOG,Smog,Poison,Special,20,70,20,2,0,True,Other type
HGSS,Houndoom,4,MOVE_HOWL,Howl,Normal,Status,0,0,40,10,0,True,Normal
HGSS,Houndoom,9,MOVE_SMOG,Smog,Poison,Special,20,70,20,2,0,True,Other type
HGSS,Houndoom,14,MOVE_ROAR,Roar,Normal,Status,0,100,20,28,-6,True,Normal
HGSS,Houndoom,17,MOVE_BITE,Bite,Dark,Physical,60,100,25,31,0,True,Own type
HGSS,Houndoom,22,MOVE_ODOR_SLEUTH,Odor Sleuth,Normal,Status,0,0,40,113,0,True,Normal
HGSS,Houndoom,28,MOVE_BEAT_UP,Beat Up,Dark,Physical,10,100,10,154,0,True,Own type
HGSS,Houndoom,32,MOVE_FIRE_FANG,Fire Fang,Fire,Physical,65,95,15,273,0,True,Own type
HGSS,Houndoom,38,MOVE_FEINT_ATTACK,Feint Attack,Dark,Physical,60,0,20,17,0,True,Own type
HGSS,Houndoom,44,MOVE_EMBARGO,Embargo,Dark,Status,0,100,15,232,0,True,Own type
HGSS,Houndoom,48,MOVE_FLAMETHROWER,Flamethrower,Fire,Special,95,100,15,4,0,True,Own type
HGSS,Houndoom,54,MOVE_CRUNCH,Crunch,Dark,Physical,80,100,15,69,0,True,Own type
HGSS,Houndoom,60,MOVE_NASTY_PLOT,Nasty Plot,Dark,Status,0,0,20,53,0,True,Own type
HGSS,Magby,1,MOVE_SMOG,Smog,Poison,Special,20,70,20,2,0,True,Other type
HGSS,Magby,1,MOVE_LEER,Leer,Normal,Status,0,100,30,19,0,True,Normal
HGSS,Magby,7,MOVE_EMBER,Ember,Fire,Special,40,100,25,4,0,True,Own type
HGSS,Magby,10,MOVE_SMOKESCREEN,Smokescreen,Normal,Status,0,100,20,23,0,True,Normal
HGSS,Magby,16,MOVE_FEINT_ATTACK,Feint Attack,Dark,Physical,60,0,20,17,0,True,Other type
HGSS,Magby,19,MOVE_FIRE_SPIN,Fire Spin,Fire,Special,15,70,15,42,0,True,Own type
HGSS,Magby,25,MOVE_CONFUSE_RAY,Confuse Ray,Ghost,Status,0,100,10,49,0,True,Other type
HGSS,Magby,28,MOVE_FIRE_PUNCH,Fire Punch,Fire,Physical,75,100,15,4,0,True,Own type
HGSS,Magby,34,MOVE_LAVA_PLUME,Lava Plume,Fire,Special,80,100,15,4,0,True,Own type
HGSS,Magby,37,MOVE_FLAMETHROWER,Flamethrower,Fire,Special,95,100,15,4,0,True,Own type
HGSS,Magby,43,MOVE_SUNNY_DAY,Sunny Day,Fire,Status,0,0,5,137,0,True,Own type
HGSS,Magby,46,MOVE_FIRE_BLAST,Fire Blast,Fire,Special,120,85,5,4,0,True,Own type
HGSS,Magmar,1,MOVE_SMOG,Smog,Poison,Special,20,70,20,2,0,True,Other type
HGSS,Magmar,1,MOVE_LEER,Leer,Normal,Status,0,100,30,19,0,True,Normal
HGSS,Magmar,1,MOVE_EMBER,Ember,Fire,Special,40,100,25,4,0,True,Own type
HGSS,Magmar,7,MOVE_EMBER,Ember,Fire,Special,40,100,25,4,0,True,Own type
HGSS,Magmar,10,MOVE_SMOKESCREEN,Smokescreen,Normal,Status,0,100,20,23,0,True,Normal
HGSS,Magmar,16,MOVE_FEINT_ATTACK,Feint Attack,Dark,Physical,60,0,20,17,0,True,Other type
HGSS,Magmar,19,MOVE_FIRE_SPIN,Fire Spin,Fire,Special,15,70,15,42,0,True,Own type
HGSS,Magmar,25,MOVE_CONFUSE_RAY,Confuse Ray,Ghost,Status,0,100,10,49,0,True,Other type
HGSS,Magmar,28,MOVE_FIRE_PUNCH,Fire Punch,Fire,Physical,75,100,15,4,0,True,Own type
HGSS,Magmar,36,MOVE_LAVA_PLUME,Lava Plume,Fire,Special,80,100,15,4,0,True,Own type
HGSS,Magmar,41,MOVE_FLAMETHROWER,Flamethrower,Fire,Special,95,100,15,4,0,True,Own type
HGSS,Magmar,49,MOVE_SUNNY_DAY,Sunny Day,Fire,Status,0,0,5,137,0,True,Own type
HGSS,Magmar,54,MOVE_FIRE_BLAST,Fire Blast,Fire,Special,120,85,5,4,0,True,Own type
HGSS,Magmortar,1,MOVE_THUNDER_PUNCH,Thunder Punch,Electric,Physical,75,100,15,6,0,True,Other type
HGSS,Magmortar,1,MOVE_SMOG,Smog,Poison,Special,20,70,20,2,0,True,Other type
HGSS,Magmortar,1,MOVE_LEER,Leer,Normal,Status,0,100,30,19,0,True,Normal
HGSS,Magmortar,1,MOVE_EMBER,Ember,Fire,Special,40,100,25,4,0,True,Own type
HGSS,Magmortar,1,MOVE_SMOKESCREEN,Smokescreen,Normal,Status,0,100,20,23,0,True,Normal
HGSS,Magmortar,7,MOVE_EMBER,Ember,Fire,Special,40,100,25,4,0,True,Own type
HGSS,Magmortar,10,MOVE_SMOKESCREEN,Smokescreen,Normal,Status,0,100,20,23,0,True,Normal
HGSS,Magmortar,16,MOVE_FEINT_ATTACK,Feint Attack,Dark,Physical,60,0,20,17,0,True,Other type
HGSS,Magmortar,19,MOVE_FIRE_SPIN,Fire Spin,Fire,Special,15,70,15,42,0,True,Own type
HGSS,Magmortar,25,MOVE_CONFUSE_RAY,Confuse Ray,Ghost,Status,0,100,10,49,0,True,Other type
HGSS,Magmortar,28,MOVE_FIRE_PUNCH,Fire Punch,Fire,Physical,75,100,15,4,0,True,Own type
HGSS,Magmortar,37,MOVE_LAVA_PLUME,Lava Plume,Fire,Special,80,100,15,4,0,True,Own type
HGSS,Magmortar,43,MOVE_FLAMETHROWER,Flamethrower,Fire,Special,95,100,15,4,0,True,Own type
HGSS,Magmortar,52,MOVE_SUNNY_DAY,Sunny Day,Fire,Status,0,0,5,137,0,True,Own type
HGSS,Magmortar,58,MOVE_FIRE_BLAST,Fire Blast,Fire,Special,120,85,5,4,0,True,Own type
HGSS,Magmortar,67,MOVE_HYPER_BEAM,Hyper Beam,Normal,Special,150,90,5,80,0,True,Normal
HGSS,Trapinch,1,MOVE_BITE,Bite,Dark,Physical,60,100,25,31,0,True,Other type
HGSS,Trapinch,9,MOVE_SAND_ATTACK,Sand Attack,Ground,Status,0,100,15,23,0,True,Own type
HGSS,Trapinch,17,MOVE_FEINT_ATTACK,Feint Attack,Dark,Physical,60,0,20,17,0,True,Other type
HGSS,Trapinch,25,MOVE_SAND_TOMB,Sand Tomb,Ground,Physical,15,70,15,42,0,True,Own type
HGSS,Trapinch,33,MOVE_CRUNCH,Crunch,Dark,Physical,80,100,15,69,0,True,Other type
HGSS,Trapinch,41,MOVE_DIG,Dig,Ground,Physical,80,100,10,256,0,True,Own type
HGSS,Trapinch,49,MOVE_SANDSTORM,Sandstorm,Rock,Status,0,0,10,115,0,True,Other type
HGSS,Trapinch,57,MOVE_HYPER_BEAM,Hyper Beam,Normal,Special,150,90,5,80,0,True,Normal
HGSS,Trapinch,65,MOVE_EARTH_POWER,Earth Power,Ground,Special,90,100,10,72,0,True,Own type
HGSS,Trapinch,73,MOVE_EARTHQUAKE,Earthquake,Ground,Physical,100,100,10,147,0,True,Own type
HGSS,Trapinch,81,MOVE_FEINT,Feint,Normal,Physical,50,100,10,223,2,True,Normal
HGSS,Trapinch,89,MOVE_FISSURE,Fissure,Ground,Physical,1,30,5,38,0,True,Own type
HGSS,Vibrava,1,MOVE_SONIC_BOOM,Sonic Boom,Normal,Special,1,90,20,130,0,True,Normal
HGSS,Vibrava,1,MOVE_SAND_ATTACK,Sand Attack,Ground,Status,0,100,15,23,0,True,Own type
HGSS,Vibrava,1,MOVE_FEINT_ATTACK,Feint Attack,Dark,Physical,60,0,20,17,0,True,Other type
HGSS,Vibrava,1,MOVE_SAND_TOMB,Sand Tomb,Ground,Physical,15,70,15,42,0,True,Own type
HGSS,Vibrava,9,MOVE_SAND_ATTACK,Sand Attack,Ground,Status,0,100,15,23,0,True,Own type
HGSS,Vibrava,17,MOVE_FEINT_ATTACK,Feint Attack,Dark,Physical,60,0,20,17,0,True,Other type
HGSS,Vibrava,25,MOVE_SAND_TOMB,Sand Tomb,Ground,Physical,15,70,15,42,0,True,Own type
HGSS,Vibrava,33,MOVE_SUPERSONIC,Supersonic,Normal,Status,0,55,20,49,0,True,Normal
HGSS,Vibrava,35,MOVE_DRAGON_BREATH,Dragon Breath,Dragon,Special,60,100,20,6,0,True,Own type
HGSS,Vibrava,41,MOVE_SCREECH,Screech,Normal,Status,0,85,40,59,0,True,Normal
HGSS,Vibrava,49,MOVE_SANDSTORM,Sandstorm,Rock,Status,0,0,10,115,0,True,Other type
HGSS,Vibrava,57,MOVE_HYPER_BEAM,Hyper Beam,Normal,Special,150,90,5,80,0,True,Normal
HGSS,Flygon,1,MOVE_SONIC_BOOM,Sonic Boom,Normal,Special,1,90,20,130,0,True,Normal
HGSS,Flygon,1,MOVE_SAND_ATTACK,Sand Attack,Ground,Status,0,100,15,23,0,True,Own type
HGSS,Flygon,1,MOVE_FEINT_ATTACK,Feint Attack,Dark,Physical,60,0,20,17,0,True,Other type
HGSS,Flygon,1,MOVE_SAND_TOMB,Sand Tomb,Ground,Physical,15,70,15,42,0,True,Own type
HGSS,Flygon,9,MOVE_SAND_ATTACK,Sand Attack,Ground,Status,0,100,15,23,0,True,Own type
HGSS,Flygon,17,MOVE_FEINT_ATTACK,Feint Attack,Dark,Physical,60,0,20,17,0,True,Other type
HGSS,Flygon,25,MOVE_SAND_TOMB,Sand Tomb,Ground,Physical,15,70,15,42,0,True,Own type
HGSS,Flygon,33,MOVE_SUPERSONIC,Supersonic,Normal,Status,0,55,20,49,0,True,Normal
HGSS,Flygon,35,MOVE_DRAGON_BREATH,Dragon Breath,Dragon,Special,60,100,20,6,0,True,Own type
HGSS,Flygon,41,MOVE_SCREECH,Screech,Normal,Status,0,85,40,59,0,True,Normal
HGSS,Flygon,45,MOVE_DRAGON_CLAW,Dragon Claw,Dragon,Physical,80,100,15,0,0,True,Own type
HGSS,Flygon,49,MOVE_SANDSTORM,Sandstorm,Rock,Status,0,0,10,115,0,True,Other type
HGSS,Flygon,57,MOVE_HYPER_BEAM,Hyper Beam,Normal,Special,150,90,5,80,0,True,Normal
HGSS,Gible,1,MOVE_TACKLE,Tackle,Normal,Physical,35,95,35,0,0,True,Normal
HGSS,Gible,3,MOVE_SAND_ATTACK,Sand Attack,Ground,Status,0,100,15,23,0,True,Own type
HGSS,Gible,7,MOVE_DRAGON_RAGE,Dragon Rage,Dragon,Special,1,100,10,41,0,True,Own type
HGSS,Gible,13,MOVE_SANDSTORM,Sandstorm,Rock,Status,0,0,10,115,0,True,Other type
HGSS,Gible,15,MOVE_TAKE_DOWN,Take Down,Normal,Physical,90,85,20,48,0,True,Normal
HGSS,Gible,19,MOVE_SAND_TOMB,Sand Tomb,Ground,Physical,15,70,15,42,0,True,Own type
HGSS,Gible,25,MOVE_SLASH,Slash,Normal,Physical,70,100,20,43,0,True,Normal
HGSS,Gible,27,MOVE_DRAGON_CLAW,Dragon Claw,Dragon,Physical,80,100,15,0,0,True,Own type
HGSS,Gible,31,MOVE_DIG,Dig,Ground,Physical,80,100,10,256,0,True,Own type
HGSS,Gible,37,MOVE_DRAGON_RUSH,Dragon Rush,Dragon,Physical,100,75,10,31,0,True,Own type
HGSS,Gabite,1,MOVE_TACKLE,Tackle,Normal,Physical,35,95,35,0,0,True,Normal
HGSS,Gabite,1,MOVE_SAND_ATTACK,Sand Attack,Ground,Status,0,100,15,23,0,True,Own type
HGSS,Gabite,3,MOVE_SAND_ATTACK,Sand Attack,Ground,Status,0,100,15,23,0,True,Own type
HGSS,Gabite,7,MOVE_DRAGON_RAGE,Dragon Rage,Dragon,Special,1,100,10,41,0,True,Own type
HGSS,Gabite,13,MOVE_SANDSTORM,Sandstorm,Rock,Status,0,0,10,115,0,True,Other type
HGSS,Gabite,15,MOVE_TAKE_DOWN,Take Down,Normal,Physical,90,85,20,48,0,True,Normal
HGSS,Gabite,19,MOVE_SAND_TOMB,Sand Tomb,Ground,Physical,15,70,15,42,0,True,Own type
HGSS,Gabite,28,MOVE_SLASH,Slash,Normal,Physical,70,100,20,43,0,True,Normal
HGSS,Gabite,33,MOVE_DRAGON_CLAW,Dragon Claw,Dragon,Physical,80,100,15,0,0,True,Own type
HGSS,Gabite,40,MOVE_DIG,Dig,Ground,Physical,80,100,10,256,0,True,Own type
HGSS,Gabite,49,MOVE_DRAGON_RUSH,Dragon Rush,Dragon,Physical,100,75,10,31,0,True,Own type
HGSS,Garchomp,1,MOVE_FIRE_FANG,Fire Fang,Fire,Physical,65,95,15,273,0,True,Other type
HGSS,Garchomp,1,MOVE_TACKLE,Tackle,Normal,Physical,35,95,35,0,0,True,Normal
HGSS,Garchomp,1,MOVE_SAND_ATTACK,Sand Attack,Ground,Status,0,100,15,23,0,True,Own type
HGSS,Garchomp,1,MOVE_DRAGON_RAGE,Dragon Rage,Dragon,Special,1,100,10,41,0,True,Own type
HGSS,Garchomp,1,MOVE_SANDSTORM,Sandstorm,Rock,Status,0,0,10,115,0,True,Other type
HGSS,Garchomp,3,MOVE_SAND_ATTACK,Sand Attack,Ground,Status,0,100,15,23,0,True,Own type
HGSS,Garchomp,7,MOVE_DRAGON_RAGE,Dragon Rage,Dragon,Special,1,100,10,41,0,True,Own type
HGSS,Garchomp,13,MOVE_SANDSTORM,Sandstorm,Rock,Status,0,0,10,115,0,True,Other type
HGSS,Garchomp,15,MOVE_TAKE_DOWN,Take Down,Normal,Physical,90,85,20,48,0,True,Normal
HGSS,Garchomp,19,MOVE_SAND_TOMB,Sand Tomb,Ground,Physical,15,70,15,42,0,True,Own type
HGSS,Garchomp,28,MOVE_SLASH,Slash,Normal,Physical,70,100,20,43,0,True,Normal
HGSS,Garchomp,33,MOVE_DRAGON_CLAW,Dragon Claw,Dragon,Physical,80,100,15,0,0,True,Own type
HGSS,Garchomp,40,MOVE_DIG,Dig,Ground,Physical,80,100,10,256,0,True,Own type
HGSS,Garchomp,48,MOVE_CRUNCH,Crunch,Dark,Physical,80,100,15,69,0,True,Other type
HGSS,Garchomp,55,MOVE_DRAGON_RUSH,Dragon Rush,Dragon,Physical,100,75,10,31,0,True,Own type
HGSS,Starly,1,MOVE_TACKLE,Tackle,Normal,Physical,35,95,35,0,0,True,Own type
HGSS,Starly,1,MOVE_GROWL,Growl,Normal,Status,0,100,40,18,0,True,Own type
HGSS,Starly,5,MOVE_QUICK_ATTACK,Quick Attack,Normal,Physical,40,100,30,103,1,True,Own type
HGSS,Starly,9,MOVE_WING_ATTACK,Wing Attack,Flying,Physical,60,100,35,0,0,True,Own type
HGSS,Starly,13,MOVE_DOUBLE_TEAM,Double Team,Normal,Status,0,0,15,16,0,True,Own type
HGSS,Starly,17,MOVE_ENDEAVOR,Endeavor,Normal,Physical,1,100,5,189,0,True,Own type
HGSS,Starly,21,MOVE_WHIRLWIND,Whirlwind,Normal,Status,0,100,20,28,-6,True,Own type
HGSS,Starly,25,MOVE_AERIAL_ACE,Aerial Ace,Flying,Physical,60,0,20,17,0,True,Own type
HGSS,Starly,29,MOVE_TAKE_DOWN,Take Down,Normal,Physical,90,85,20,48,0,True,Own type
HGSS,Starly,33,MOVE_AGILITY,Agility,Psychic,Status,0,0,30,52,0,True,Other type
HGSS,Starly,37,MOVE_BRAVE_BIRD,Brave Bird,Flying,Physical,120,100,15,198,0,True,Own type
HGSS,Staravia,1,MOVE_TACKLE,Tackle,Normal,Physical,35,95,35,0,0,True,Own type
HGSS,Staravia,1,MOVE_GROWL,Growl,Normal,Status,0,100,40,18,0,True,Own type
HGSS,Staravia,1,MOVE_QUICK_ATTACK,Quick Attack,Normal,Physical,40,100,30,103,1,True,Own type
HGSS,Staravia,5,MOVE_QUICK_ATTACK,Quick Attack,Normal,Physical,40,100,30,103,1,True,Own type
HGSS,Staravia,9,MOVE_WING_ATTACK,Wing Attack,Flying,Physical,60,100,35,0,0,True,Own type
HGSS,Staravia,13,MOVE_DOUBLE_TEAM,Double Team,Normal,Status,0,0,15,16,0,True,Own type
HGSS,Staravia,18,MOVE_ENDEAVOR,Endeavor,Normal,Physical,1,100,5,189,0,True,Own type
HGSS,Staravia,23,MOVE_WHIRLWIND,Whirlwind,Normal,Status,0,100,20,28,-6,True,Own type
HGSS,Staravia,28,MOVE_AERIAL_ACE,Aerial Ace,Flying,Physical,60,0,20,17,0,True,Own type
HGSS,Staravia,33,MOVE_TAKE_DOWN,Take Down,Normal,Physical,90,85,20,48,0,True,Own type
HGSS,Staravia,38,MOVE_AGILITY,Agility,Psychic,Status,0,0,30,52,0,True,Other type
HGSS,Staravia,43,MOVE_BRAVE_BIRD,Brave Bird,Flying,Physical,120,100,15,198,0,True,Own type
HGSS,Staraptor,1,MOVE_TACKLE,Tackle,Normal,Physical,35,95,35,0,0,True,Own type
HGSS,Staraptor,1,MOVE_GROWL,Growl,Normal,Status,0,100,40,18,0,True,Own type
HGSS,Staraptor,1,MOVE_QUICK_ATTACK,Quick Attack,Normal,Physical,40,100,30,103,1,True,Own type
HGSS,Staraptor,1,MOVE_WING_ATTACK,Wing Attack,Flying,Physical,60,100,35,0,0,True,Own type
HGSS,Staraptor,5,MOVE_QUICK_ATTACK,Quick Attack,Normal,Physical,40,100,30,103,1,True,Own type
HGSS,Staraptor,9,MOVE_WING_ATTACK,Wing Attack,Flying,Physical,60,100,35,0,0,True,Own type
HGSS,Staraptor,13,MOVE_DOUBLE_TEAM,Double Team,Normal,Status,0,0,15,16,0,True,Own type
HGSS,Staraptor,18,MOVE_ENDEAVOR,Endeavor,Normal,Physical,1,100,5,189,0,True,Own type
HGSS,Staraptor,23,MOVE_WHIRLWIND,Whirlwind,Normal,Status,0,100,20,28,-6,True,Own type
HGSS,Staraptor,28,MOVE_AERIAL_ACE,Aerial Ace,Flying,Physical,60,0,20,17,0,True,Own type
HGSS,Staraptor,33,MOVE_TAKE_DOWN,Take Down,Normal,Physical,90,85,20,48,0,True,Own type
HGSS,Staraptor,34,MOVE_CLOSE_COMBAT,Close Combat,Fighting,Physical,120,100,5,229,0,True,Other type
HGSS,Staraptor,41,MOVE_AGILITY,Agility,Psychic,Status,0,0,30,52,0,True,Other type
HGSS,Staraptor,49,MOVE_BRAVE_BIRD,Brave Bird,Flying,Physical,120,100,15,198,0,True,Own type
HGSS,Pidgey,1,MOVE_TACKLE,Tackle,Normal,Physical,35,95,35,0,0,True,Own type
HGSS,Pidgey,5,MOVE_SAND_ATTACK,Sand Attack,Ground,Status,0,100,15,23,0,True,Other type
HGSS,Pidgey,9,MOVE_GUST,Gust,Flying,Special,40,100,35,149,0,True,Own type
HGSS,Pidgey,13,MOVE_QUICK_ATTACK,Quick Attack,Normal,Physical,40,100,30,103,1,True,Own type
HGSS,Pidgey,17,MOVE_WHIRLWIND,Whirlwind,Normal,Status,0,100,20,28,-6,True,Own type
HGSS,Pidgey,21,MOVE_TWISTER,Twister,Dragon,Special,40,100,20,146,0,True,Other type
HGSS,Pidgey,25,MOVE_FEATHER_DANCE,Feather Dance,Flying,Status,0,100,15,58,0,True,Own type
HGSS,Pidgey,29,MOVE_AGILITY,Agility,Psychic,Status,0,0,30,52,0,True,Other type
HGSS,Pidgey,33,MOVE_WING_ATTACK,Wing Attack,Flying,Physical,60,100,35,0,0,True,Own type
HGSS,Pidgey,37,MOVE_ROOST,Roost,Flying,Status,0,0,10,214,0,True,Own type
HGSS,Pidgey,41,MOVE_TAILWIND,Tailwind,Flying,Status,0,0,30,225,0,True,Own type
HGSS,Pidgey,45,MOVE_MIRROR_MOVE,Mirror Move,Flying,Status,0,0,20,9,0,True,Own type
HGSS,Pidgey,49,MOVE_AIR_SLASH,Air Slash,Flying,Special,75,95,20,31,0,True,Own type
HGSS,Pidgeotto,1,MOVE_TACKLE,Tackle,Normal,Physical,35,95,35,0,0,True,Own type
HGSS,Pidgeotto,1,MOVE_SAND_ATTACK,Sand Attack,Ground,Status,0,100,15,23,0,True,Other type
HGSS,Pidgeotto,1,MOVE_GUST,Gust,Flying,Special,40,100,35,149,0,True,Own type
HGSS,Pidgeotto,5,MOVE_SAND_ATTACK,Sand Attack,Ground,Status,0,100,15,23,0,True,Other type
HGSS,Pidgeotto,9,MOVE_GUST,Gust,Flying,Special,40,100,35,149,0,True,Own type
HGSS,Pidgeotto,13,MOVE_QUICK_ATTACK,Quick Attack,Normal,Physical,40,100,30,103,1,True,Own type
HGSS,Pidgeotto,17,MOVE_WHIRLWIND,Whirlwind,Normal,Status,0,100,20,28,-6,True,Own type
HGSS,Pidgeotto,22,MOVE_TWISTER,Twister,Dragon,Special,40,100,20,146,0,True,Other type
HGSS,Pidgeotto,27,MOVE_FEATHER_DANCE,Feather Dance,Flying,Status,0,100,15,58,0,True,Own type
HGSS,Pidgeotto,32,MOVE_AGILITY,Agility,Psychic,Status,0,0,30,52,0,True,Other type
HGSS,Pidgeotto,37,MOVE_WING_ATTACK,Wing Attack,Flying,Physical,60,100,35,0,0,True,Own type
HGSS,Pidgeotto,42,MOVE_ROOST,Roost,Flying,Status,0,0,10,214,0,True,Own type
HGSS,Pidgeotto,47,MOVE_TAILWIND,Tailwind,Flying,Status,0,0,30,225,0,True,Own type
HGSS,Pidgeotto,52,MOVE_MIRROR_MOVE,Mirror Move,Flying,Status,0,0,20,9,0,True,Own type
HGSS,Pidgeotto,57,MOVE_AIR_SLASH,Air Slash,Flying,Special,75,95,20,31,0,True,Own type
HGSS,Pidgeot,1,MOVE_TACKLE,Tackle,Normal,Physical,35,95,35,0,0,True,Own type
HGSS,Pidgeot,1,MOVE_SAND_ATTACK,Sand Attack,Ground,Status,0,100,15,23,0,True,Other type
HGSS,Pidgeot,1,MOVE_GUST,Gust,Flying,Special,40,100,35,149,0,True,Own type
HGSS,Pidgeot,1,MOVE_QUICK_ATTACK,Quick Attack,Normal,Physical,40,100,30,103,1,True,Own type
HGSS,Pidgeot,5,MOVE_SAND_ATTACK,Sand Attack,Ground,Status,0,100,15,23,0,True,Other type
HGSS,Pidgeot,9,MOVE_GUST,Gust,Flying,Special,40,100,35,149,0,True,Own type
HGSS,Pidgeot,13,MOVE_QUICK_ATTACK,Quick Attack,Normal,Physical,40,100,30,103,1,True,Own type
HGSS,Pidgeot,17,MOVE_WHIRLWIND,Whirlwind,Normal,Status,0,100,20,28,-6,True,Own type
HGSS,Pidgeot,22,MOVE_TWISTER,Twister,Dragon,Special,40,100,20,146,0,True,Other type
HGSS,Pidgeot,27,MOVE_FEATHER_DANCE,Feather Dance,Flying,Status,0,100,15,58,0,True,Own type
HGSS,Pidgeot,32,MOVE_AGILITY,Agility,Psychic,Status,0,0,30,52,0,True,Other type
HGSS,Pidgeot,38,MOVE_WING_ATTACK,Wing Attack,Flying,Physical,60,100,35,0,0,True,Own type
HGSS,Pidgeot,44,MOVE_ROOST,Roost,Flying,Status,0,0,10,214,0,True,Own type
HGSS,Pidgeot,50,MOVE_TAILWIND,Tailwind,Flying,Status,0,0,30,225,0,True,Own type
HGSS,Pidgeot,56,MOVE_MIRROR_MOVE,Mirror Move,Flying,Status,0,0,20,9,0,True,Own type
HGSS,Pidgeot,62,MOVE_AIR_SLASH,Air Slash,Flying,Special,75,95,20,31,0,True,Own type
HGSS,Rhyhorn,1,MOVE_HORN_ATTACK,Horn Attack,Normal,Physical,65,100,25,0,0,True,Normal
HGSS,Rhyhorn,1,MOVE_TAIL_WHIP,Tail Whip,Normal,Status,0,100,30,19,0,True,Normal
HGSS,Rhyhorn,9,MOVE_STOMP,Stomp,Normal,Physical,65,100,20,150,0,True,Normal
HGSS,Rhyhorn,13,MOVE_FURY_ATTACK,Fury Attack,Normal,Physical,15,85,20,29,0,True,Normal
HGSS,Rhyhorn,21,MOVE_SCARY_FACE,Scary Face,Normal,Status,0,90,10,60,0,True,Normal
HGSS,Rhyhorn,25,MOVE_ROCK_BLAST,Rock Blast,Rock,Physical,25,80,10,29,0,True,Own type
HGSS,Rhyhorn,33,MOVE_TAKE_DOWN,Take Down,Normal,Physical,90,85,20,48,0,True,Normal
HGSS,Rhyhorn,37,MOVE_HORN_DRILL,Horn Drill,Normal,Physical,1,30,5,38,0,True,Normal
HGSS,Rhyhorn,45,MOVE_STONE_EDGE,Stone Edge,Rock,Physical,100,80,5,43,0,True,Own type
HGSS,Rhyhorn,49,MOVE_EARTHQUAKE,Earthquake,Ground,Physical,100,100,10,147,0,True,Own type
HGSS,Rhyhorn,57,MOVE_MEGAHORN,Megahorn,Bug,Physical,120,85,10,0,0,True,Other type
HGSS,Rhydon,1,MOVE_HORN_ATTACK,Horn Attack,Normal,Physical,65,100,25,0,0,True,Normal
HGSS,Rhydon,1,MOVE_TAIL_WHIP,Tail Whip,Normal,Status,0,100,30,19,0,True,Normal
HGSS,Rhydon,1,MOVE_STOMP,Stomp,Normal,Physical,65,100,20,150,0,True,Normal
HGSS,Rhydon,1,MOVE_FURY_ATTACK,Fury Attack,Normal,Physical,15,85,20,29,0,True,Normal
HGSS,Rhydon,9,MOVE_STOMP,Stomp,Normal,Physical,65,100,20,150,0,True,Normal
HGSS,Rhydon,13,MOVE_FURY_ATTACK,Fury Attack,Normal,Physical,15,85,20,29,0,True,Normal
HGSS,Rhydon,21,MOVE_SCARY_FACE,Scary Face,Normal,Status,0,90,10,60,0,True,Normal
HGSS,Rhydon,25,MOVE_ROCK_BLAST,Rock Blast,Rock,Physical,25,80,10,29,0,True,Own type
HGSS,Rhydon,33,MOVE_TAKE_DOWN,Take Down,Normal,Physical,90,85,20,48,0,True,Normal
HGSS,Rhydon,37,MOVE_HORN_DRILL,Horn Drill,Normal,Physical,1,30,5,38,0,True,Normal
HGSS,Rhydon,42,MOVE_HAMMER_ARM,Hammer Arm,Fighting,Physical,100,90,10,218,0,True,Other type
HGSS,Rhydon,45,MOVE_STONE_EDGE,Stone Edge,Rock,Physical,100,80,5,43,0,True,Own type
HGSS,Rhydon,49,MOVE_EARTHQUAKE,Earthquake,Ground,Physical,100,100,10,147,0,True,Own type
HGSS,Rhydon,57,MOVE_MEGAHORN,Megahorn,Bug,Physical,120,85,10,0,0,True,Other type
HGSS,Rhyperior,1,MOVE_POISON_JAB,Poison Jab,Poison,Physical,80,100,20,2,0,True,Other type
HGSS,Rhyperior,1,MOVE_HORN_ATTACK,Horn Attack,Normal,Physical,65,100,25,0,0,True,Normal
HGSS,Rhyperior,1,MOVE_TAIL_WHIP,Tail Whip,Normal,Status,0,100,30,19,0,True,Normal
HGSS,Rhyperior,1,MOVE_STOMP,Stomp,Normal,Physical,65,100,20,150,0,True,Normal
HGSS,Rhyperior,1,MOVE_FURY_ATTACK,Fury Attack,Normal,Physical,15,85,20,29,0,True,Normal
HGSS,Rhyperior,9,MOVE_STOMP,Stomp,Normal,Physical,65,100,20,150,0,True,Normal
HGSS,Rhyperior,13,MOVE_FURY_ATTACK,Fury Attack,Normal,Physical,15,85,20,29,0,True,Normal
HGSS,Rhyperior,21,MOVE_SCARY_FACE,Scary Face,Normal,Status,0,90,10,60,0,True,Normal
HGSS,Rhyperior,25,MOVE_ROCK_BLAST,Rock Blast,Rock,Physical,25,80,10,29,0,True,Own type
HGSS,Rhyperior,33,MOVE_TAKE_DOWN,Take Down,Normal,Physical,90,85,20,48,0,True,Normal
HGSS,Rhyperior,37,MOVE_HORN_DRILL,Horn Drill,Normal,Physical,1,30,5,38,0,True,Normal
HGSS,Rhyperior,42,MOVE_HAMMER_ARM,Hammer Arm,Fighting,Physical,100,90,10,218,0,True,Other type
HGSS,Rhyperior,45,MOVE_STONE_EDGE,Stone Edge,Rock,Physical,100,80,5,43,0,True,Own type
HGSS,Rhyperior,49,MOVE_EARTHQUAKE,Earthquake,Ground,Physical,100,100,10,147,0,True,Own type
HGSS,Rhyperior,57,MOVE_MEGAHORN,Megahorn,Bug,Physical,120,85,10,0,0,True,Other type
HGSS,Rhyperior,61,MOVE_ROCK_WRECKER,Rock Wrecker,Rock,Physical,150,90,5,80,0,True,Own type
HGSS,Togepi,1,MOVE_GROWL,Growl,Normal,Status,0,100,40,18,0,True,Normal
HGSS,Togepi,1,MOVE_CHARM,Charm,Normal,Status,0,100,20,58,0,True,Normal
HGSS,Togepi,6,MOVE_METRONOME,Metronome,Normal,Status,0,0,10,83,0,True,Normal
HGSS,Togepi,10,MOVE_SWEET_KISS,Sweet Kiss,Normal,Status,0,75,10,49,0,True,Normal
HGSS,Togepi,15,MOVE_YAWN,Yawn,Normal,Status,0,0,10,187,0,True,Normal
HGSS,Togepi,19,MOVE_ENCORE,Encore,Normal,Status,0,100,5,90,0,True,Normal
HGSS,Togepi,24,MOVE_FOLLOW_ME,Follow Me,Normal,Status,0,0,20,172,3,True,Normal
HGSS,Togepi,28,MOVE_WISH,Wish,Normal,Status,0,0,10,179,0,True,Normal
HGSS,Togepi,33,MOVE_ANCIENT_POWER,Ancient Power,Rock,Special,60,100,5,140,0,True,Other type
HGSS,Togepi,37,MOVE_SAFEGUARD,Safeguard,Normal,Status,0,0,25,124,0,True,Normal
HGSS,Togepi,42,MOVE_BATON_PASS,Baton Pass,Normal,Status,0,0,40,127,0,True,Normal
HGSS,Togepi,46,MOVE_DOUBLE_EDGE,Double-Edge,Normal,Physical,120,100,15,198,0,True,Normal
HGSS,Togepi,51,MOVE_LAST_RESORT,Last Resort,Normal,Physical,130,100,5,246,0,True,Normal
HGSS,Togetic,1,MOVE_MAGICAL_LEAF,Magical Leaf,Grass,Special,60,0,20,17,0,True,Other type
HGSS,Togetic,1,MOVE_GROWL,Growl,Normal,Status,0,100,40,18,0,True,Normal
HGSS,Togetic,1,MOVE_CHARM,Charm,Normal,Status,0,100,20,58,0,True,Normal
HGSS,Togetic,1,MOVE_METRONOME,Metronome,Normal,Status,0,0,10,83,0,True,Normal
HGSS,Togetic,1,MOVE_SWEET_KISS,Sweet Kiss,Normal,Status,0,75,10,49,0,True,Normal
HGSS,Togetic,6,MOVE_METRONOME,Metronome,Normal,Status,0,0,10,83,0,True,Normal
HGSS,Togetic,10,MOVE_SWEET_KISS,Sweet Kiss,Normal,Status,0,75,10,49,0,True,Normal
HGSS,Togetic,15,MOVE_YAWN,Yawn,Normal,Status,0,0,10,187,0,True,Normal
HGSS,Togetic,19,MOVE_ENCORE,Encore,Normal,Status,0,100,5,90,0,True,Normal
HGSS,Togetic,24,MOVE_FOLLOW_ME,Follow Me,Normal,Status,0,0,20,172,3,True,Normal
HGSS,Togetic,28,MOVE_WISH,Wish,Normal,Status,0,0,10,179,0,True,Normal
HGSS,Togetic,33,MOVE_ANCIENT_POWER,Ancient Power,Rock,Special,60,100,5,140,0,True,Other type
HGSS,Togetic,37,MOVE_SAFEGUARD,Safeguard,Normal,Status,0,0,25,124,0,True,Normal
HGSS,Togetic,42,MOVE_BATON_PASS,Baton Pass,Normal,Status,0,0,40,127,0,True,Normal
HGSS,Togetic,46,MOVE_DOUBLE_EDGE,Double-Edge,Normal,Physical,120,100,15,198,0,True,Normal
HGSS,Togetic,51,MOVE_LAST_RESORT,Last Resort,Normal,Physical,130,100,5,246,0,True,Normal
HGSS,Togekiss,1,MOVE_SKY_ATTACK,Sky Attack,Flying,Physical,140,90,5,75,0,True,Own type
HGSS,Togekiss,1,MOVE_EXTREME_SPEED,Extreme Speed,Normal,Physical,80,100,5,103,1,True,Normal
HGSS,Togekiss,1,MOVE_AURA_SPHERE,Aura Sphere,Fighting,Special,90,0,20,17,0,True,Other type
HGSS,Togekiss,1,MOVE_AIR_SLASH,Air Slash,Flying,Special,75,95,20,31,0,True,Own type
HGSS,Raichu,1,MOVE_THUNDER_SHOCK,Thunder Shock,Electric,Special,40,100,30,6,0,True,Own type
HGSS,Raichu,1,MOVE_TAIL_WHIP,Tail Whip,Normal,Status,0,100,30,19,0,True,Normal
HGSS,Raichu,1,MOVE_QUICK_ATTACK,Quick Attack,Normal,Physical,40,100,30,103,1,True,Normal
HGSS,Raichu,1,MOVE_THUNDERBOLT,Thunderbolt,Electric,Special,95,100,15,6,0,True,Own type
HGSS,Electrode,1,MOVE_CHARGE,Charge,Electric,Status,0,0,20,174,0,True,Own type
HGSS,Electrode,1,MOVE_TACKLE,Tackle,Normal,Physical,35,95,35,0,0,True,Normal
HGSS,Electrode,1,MOVE_SONIC_BOOM,Sonic Boom,Normal,Special,1,90,20,130,0,True,Normal
HGSS,Electrode,1,MOVE_SPARK,Spark,Electric,Physical,65,100,20,6,0,True,Own type
HGSS,Electrode,5,MOVE_TACKLE,Tackle,Normal,Physical,35,95,35,0,0,True,Normal
HGSS,Electrode,8,MOVE_SONIC_BOOM,Sonic Boom,Normal,Special,1,90,20,130,0,True,Normal
HGSS,Electrode,12,MOVE_SPARK,Spark,Electric,Physical,65,100,20,6,0,True,Own type
HGSS,Electrode,15,MOVE_ROLLOUT,Rollout,Rock,Physical,30,90,20,117,0,True,Other type
HGSS,Electrode,19,MOVE_SCREECH,Screech,Normal,Status,0,85,40,59,0,True,Normal
HGSS,Electrode,22,MOVE_LIGHT_SCREEN,Light Screen,Psychic,Status,0,0,30,35,0,True,Other type
HGSS,Electrode,26,MOVE_CHARGE_BEAM,Charge Beam,Electric,Special,50,90,10,276,0,True,Own type
HGSS,Electrode,29,MOVE_SELF_DESTRUCT,Self-Destruct,Normal,Physical,200,100,5,7,0,True,Normal
HGSS,Electrode,35,MOVE_SWIFT,Swift,Normal,Special,60,0,20,17,0,True,Normal
HGSS,Electrode,40,MOVE_MAGNET_RISE,Magnet Rise,Electric,Status,0,0,10,252,0,True,Own type
HGSS,Electrode,46,MOVE_GYRO_BALL,Gyro Ball,Steel,Physical,1,100,5,219,0,True,Other type
HGSS,Electrode,51,MOVE_EXPLOSION,Explosion,Normal,Physical,250,100,5,7,0,True,Normal
HGSS,Electrode,57,MOVE_MIRROR_COAT,Mirror Coat,Psychic,Special,1,100,20,144,-5,True,Other type
HGSS,Lanturn,1,MOVE_BUBBLE,Bubble,Water,Special,20,100,30,70,0,True,Own type
HGSS,Lanturn,1,MOVE_SUPERSONIC,Supersonic,Normal,Status,0,55,20,49,0,True,Normal
HGSS,Lanturn,1,MOVE_THUNDER_WAVE,Thunder Wave,Electric,Status,0,100,20,67,0,True,Own type
HGSS,Lanturn,6,MOVE_THUNDER_WAVE,Thunder Wave,Electric,Status,0,100,20,67,0,True,Own type
HGSS,Lanturn,9,MOVE_FLAIL,Flail,Normal,Physical,1,100,15,99,0,True,Normal
HGSS,Lanturn,12,MOVE_WATER_GUN,Water Gun,Water,Special,40,100,25,0,0,True,Own type
HGSS,Lanturn,17,MOVE_CONFUSE_RAY,Confuse Ray,Ghost,Status,0,100,10,49,0,True,Other type
HGSS,Lanturn,20,MOVE_SPARK,Spark,Electric,Physical,65,100,20,6,0,True,Own type
HGSS,Lanturn,23,MOVE_TAKE_DOWN,Take Down,Normal,Physical,90,85,20,48,0,True,Normal
HGSS,Lanturn,27,MOVE_STOCKPILE,Stockpile,Normal,Status,0,0,20,160,0,True,Normal
HGSS,Lanturn,27,MOVE_SWALLOW,Swallow,Normal,Status,0,0,10,162,0,True,Normal
HGSS,Lanturn,27,MOVE_SPIT_UP,Spit Up,Normal,Special,1,100,10,161,0,True,Normal
HGSS,Lanturn,30,MOVE_BUBBLE_BEAM,Bubble Beam,Water,Special,65,100,20,70,0,True,Own type
HGSS,Lanturn,35,MOVE_SIGNAL_BEAM,Signal Beam,Bug,Special,75,100,15,76,0,True,Other type
HGSS,Lanturn,40,MOVE_DISCHARGE,Discharge,Electric,Special,80,100,15,6,0,True,Own type
HGSS,Lanturn,47,MOVE_AQUA_RING,Aqua Ring,Water,Status,0,0,20,251,0,True,Own type
HGSS,Lanturn,52,MOVE_HYDRO_PUMP,Hydro Pump,Water,Special,120,80,5,0,0,True,Own type
HGSS,Lanturn,57,MOVE_CHARGE,Charge,Electric,Status,0,0,20,174,0,True,Own type
HGSS,Manectric,1,MOVE_FIRE_FANG,Fire Fang,Fire,Physical,65,95,15,273,0,True,Other type
HGSS,Manectric,1,MOVE_TACKLE,Tackle,Normal,Physical,35,95,35,0,0,True,Normal
HGSS,Manectric,1,MOVE_THUNDER_WAVE,Thunder Wave,Electric,Status,0,100,20,67,0,True,Own type
HGSS,Manectric,1,MOVE_LEER,Leer,Normal,Status,0,100,30,19,0,True,Normal
HGSS,Manectric,1,MOVE_HOWL,Howl,Normal,Status,0,0,40,10,0,True,Normal
HGSS,Manectric,4,MOVE_THUNDER_WAVE,Thunder Wave,Electric,Status,0,100,20,67,0,True,Own type
HGSS,Manectric,9,MOVE_LEER,Leer,Normal,Status,0,100,30,19,0,True,Normal
HGSS,Manectric,12,MOVE_HOWL,Howl,Normal,Status,0,0,40,10,0,True,Normal
HGSS,Manectric,17,MOVE_QUICK_ATTACK,Quick Attack,Normal,Physical,40,100,30,103,1,True,Normal
HGSS,Manectric,20,MOVE_SPARK,Spark,Electric,Physical,65,100,20,6,0,True,Own type
HGSS,Manectric,25,MOVE_ODOR_SLEUTH,Odor Sleuth,Normal,Status,0,0,40,113,0,True,Normal
HGSS,Manectric,30,MOVE_BITE,Bite,Dark,Physical,60,100,25,31,0,True,Other type
HGSS,Manectric,37,MOVE_THUNDER_FANG,Thunder Fang,Electric,Physical,65,95,15,275,0,True,Own type
HGSS,Manectric,42,MOVE_ROAR,Roar,Normal,Status,0,100,20,28,-6,True,Normal
HGSS,Manectric,49,MOVE_DISCHARGE,Discharge,Electric,Special,80,100,15,6,0,True,Own type
HGSS,Manectric,54,MOVE_CHARGE,Charge,Electric,Status,0,0,20,174,0,True,Own type
HGSS,Manectric,61,MOVE_THUNDER,Thunder,Electric,Special,120,70,10,152,0,True,Own type
HGSS,Rotom,1,MOVE_TRICK,Trick,Psychic,Status,0,100,10,177,0,True,Other type
HGSS,Rotom,1,MOVE_ASTONISH,Astonish,Ghost,Physical,30,100,15,31,0,True,Own type
HGSS,Rotom,1,MOVE_THUNDER_WAVE,Thunder Wave,Electric,Status,0,100,20,67,0,True,Own type
HGSS,Rotom,1,MOVE_THUNDER_SHOCK,Thunder Shock,Electric,Special,40,100,30,6,0,True,Own type
HGSS,Rotom,1,MOVE_CONFUSE_RAY,Confuse Ray,Ghost,Status,0,100,10,49,0,True,Own type
HGSS,Rotom,8,MOVE_UPROAR,Uproar,Normal,Special,50,100,10,159,0,True,Normal
HGSS,Rotom,15,MOVE_DOUBLE_TEAM,Double Team,Normal,Status,0,0,15,16,0,True,Normal
HGSS,Rotom,22,MOVE_SHOCK_WAVE,Shock Wave,Electric,Special,60,0,20,17,0,True,Own type
HGSS,Rotom,29,MOVE_OMINOUS_WIND,Ominous Wind,Ghost,Special,60,100,5,140,0,True,Own type
HGSS,Rotom,36,MOVE_SUBSTITUTE,Substitute,Normal,Status,0,0,10,79,0,True,Normal
HGSS,Rotom,43,MOVE_CHARGE,Charge,Electric,Status,0,0,20,174,0,True,Own type
HGSS,Rotom,50,MOVE_DISCHARGE,Discharge,Electric,Special,80,100,15,6,0,True,Own type
HGSS,Plusle,1,MOVE_GROWL,Growl,Normal,Status,0,100,40,18,0,True,Normal
HGSS,Plusle,3,MOVE_THUNDER_WAVE,Thunder Wave,Electric,Status,0,100,20,67,0,True,Own type
HGSS,Plusle,7,MOVE_QUICK_ATTACK,Quick Attack,Normal,Physical,40,100,30,103,1,True,Normal
HGSS,Plusle,10,MOVE_HELPING_HAND,Helping Hand,Normal,Status,0,0,20,176,5,True,Normal
HGSS,Plusle,15,MOVE_SPARK,Spark,Electric,Physical,65,100,20,6,0,True,Own type
HGSS,Plusle,17,MOVE_ENCORE,Encore,Normal,Status,0,100,5,90,0,True,Normal
HGSS,Plusle,21,MOVE_FAKE_TEARS,Fake Tears,Dark,Status,0,100,20,62,0,True,Other type
HGSS,Plusle,24,MOVE_COPYCAT,Copycat,Normal,Status,0,0,20,242,0,True,Normal
HGSS,Plusle,29,MOVE_SWIFT,Swift,Normal,Special,60,0,20,17,0,True,Normal
HGSS,Plusle,31,MOVE_FAKE_TEARS,Fake Tears,Dark,Status,0,100,20,62,0,True,Other type
HGSS,Plusle,35,MOVE_CHARGE,Charge,Electric,Status,0,0,20,174,0,True,Own type
HGSS,Plusle,38,MOVE_THUNDER,Thunder,Electric,Special,120,70,10,152,0,True,Own type
HGSS,Plusle,42,MOVE_BATON_PASS,Baton Pass,Normal,Status,0,0,40,127,0,True,Normal
HGSS,Plusle,44,MOVE_AGILITY,Agility,Psychic,Status,0,0,30,52,0,True,Other type
HGSS,Plusle,48,MOVE_LAST_RESORT,Last Resort,Normal,Physical,130,100,5,246,0,True,Normal
HGSS,Plusle,51,MOVE_NASTY_PLOT,Nasty Plot,Dark,Status,0,0,20,53,0,True,Other type
HGSS,Minun,1,MOVE_GROWL,Growl,Normal,Status,0,100,40,18,0,True,Normal
HGSS,Minun,3,MOVE_THUNDER_WAVE,Thunder Wave,Electric,Status,0,100,20,67,0,True,Own type
HGSS,Minun,7,MOVE_QUICK_ATTACK,Quick Attack,Normal,Physical,40,100,30,103,1,True,Normal
HGSS,Minun,10,MOVE_HELPING_HAND,Helping Hand,Normal,Status,0,0,20,176,5,True,Normal
HGSS,Minun,15,MOVE_SPARK,Spark,Electric,Physical,65,100,20,6,0,True,Own type
HGSS,Minun,17,MOVE_ENCORE,Encore,Normal,Status,0,100,5,90,0,True,Normal
HGSS,Minun,21,MOVE_CHARM,Charm,Normal,Status,0,100,20,58,0,True,Normal
HGSS,Minun,24,MOVE_COPYCAT,Copycat,Normal,Status,0,0,20,242,0,True,Normal
HGSS,Minun,29,MOVE_SWIFT,Swift,Normal,Special,60,0,20,17,0,True,Normal
HGSS,Minun,31,MOVE_FAKE_TEARS,Fake Tears,Dark,Status,0,100,20,62,0,True,Other type
HGSS,Minun,35,MOVE_CHARGE,Charge,Electric,Status,0,0,20,174,0,True,Own type
HGSS,Minun,38,MOVE_THUNDER,Thunder,Electric,Special,120,70,10,152,0,True,Own type
HGSS,Minun,42,MOVE_BATON_PASS,Baton Pass,Normal,Status,0,0,40,127,0,True,Normal
HGSS,Minun,44,MOVE_AGILITY,Agility,Psychic,Status,0,0,30,52,0,True,Other type
HGSS,Minun,48,MOVE_TRUMP_CARD,Trump Card,Normal,Special,1,0,5,235,0,True,Normal
HGSS,Minun,51,MOVE_NASTY_PLOT,Nasty Plot,Dark,Status,0,0,20,53,0,True,Other type
HGSS,Pachirisu,1,MOVE_GROWL,Growl,Normal,Status,0,100,40,18,0,True,Normal
HGSS,Pachirisu,1,MOVE_BIDE,Bide,Normal,Physical,1,0,10,26,1,True,Normal
HGSS,Pachirisu,5,MOVE_QUICK_ATTACK,Quick Attack,Normal,Physical,40,100,30,103,1,True,Normal
HGSS,Pachirisu,9,MOVE_CHARM,Charm,Normal,Status,0,100,20,58,0,True,Normal
HGSS,Pachirisu,13,MOVE_SPARK,Spark,Electric,Physical,65,100,20,6,0,True,Own type
HGSS,Pachirisu,17,MOVE_ENDURE,Endure,Normal,Status,0,0,10,116,3,True,Normal
HGSS,Pachirisu,21,MOVE_SWIFT,Swift,Normal,Special,60,0,20,17,0,True,Normal
HGSS,Pachirisu,25,MOVE_SWEET_KISS,Sweet Kiss,Normal,Status,0,75,10,49,0,True,Normal
HGSS,Pachirisu,29,MOVE_DISCHARGE,Discharge,Electric,Special,80,100,15,6,0,True,Own type
HGSS,Pachirisu,33,MOVE_SUPER_FANG,Super Fang,Normal,Physical,1,90,10,40,0,True,Normal
HGSS,Pachirisu,37,MOVE_LAST_RESORT,Last Resort,Normal,Physical,130,100,5,246,0,True,Normal
HGSS,Primeape,1,MOVE_FLING,Fling,Dark,Physical,1,100,10,233,0,True,Other type
HGSS,Primeape,1,MOVE_SCRATCH,Scratch,Normal,Physical,40,100,35,0,0,True,Normal
HGSS,Primeape,1,MOVE_LOW_KICK,Low Kick,Fighting,Physical,1,100,20,196,0,True,Own type
HGSS,Primeape,1,MOVE_LEER,Leer,Normal,Status,0,100,30,19,0,True,Normal
HGSS,Primeape,1,MOVE_FOCUS_ENERGY,Focus Energy,Normal,Status,0,0,30,47,0,True,Normal
HGSS,Primeape,9,MOVE_FURY_SWIPES,Fury Swipes,Normal,Physical,18,80,15,29,0,True,Normal
HGSS,Primeape,13,MOVE_KARATE_CHOP,Karate Chop,Fighting,Physical,50,100,25,43,0,True,Own type
HGSS,Primeape,17,MOVE_SEISMIC_TOSS,Seismic Toss,Fighting,Physical,1,100,20,87,0,True,Own type
HGSS,Primeape,21,MOVE_SCREECH,Screech,Normal,Status,0,85,40,59,0,True,Normal
HGSS,Primeape,25,MOVE_ASSURANCE,Assurance,Dark,Physical,50,100,10,231,0,True,Other type
HGSS,Primeape,28,MOVE_RAGE,Rage,Normal,Physical,20,100,20,81,0,True,Normal
HGSS,Primeape,35,MOVE_SWAGGER,Swagger,Normal,Status,0,90,15,118,0,True,Normal
HGSS,Primeape,41,MOVE_CROSS_CHOP,Cross Chop,Fighting,Physical,100,80,5,43,0,True,Own type
HGSS,Primeape,47,MOVE_THRASH,Thrash,Normal,Physical,90,100,20,27,0,True,Normal
HGSS,Primeape,53,MOVE_PUNISHMENT,Punishment,Dark,Physical,1,100,5,245,0,True,Other type
HGSS,Primeape,59,MOVE_CLOSE_COMBAT,Close Combat,Fighting,Physical,120,100,5,229,0,True,Own type
HGSS,Hitmonchan,1,MOVE_REVENGE,Revenge,Fighting,Physical,60,100,10,185,-4,True,Own type
HGSS,Hitmonchan,1,MOVE_COMET_PUNCH,Comet Punch,Normal,Physical,18,85,15,29,0,True,Normal
HGSS,Hitmonchan,6,MOVE_AGILITY,Agility,Psychic,Status,0,0,30,52,0,True,Other type
HGSS,Hitmonchan,11,MOVE_PURSUIT,Pursuit,Dark,Physical,40,100,20,128,0,True,Other type
HGSS,Hitmonchan,16,MOVE_MACH_PUNCH,Mach Punch,Fighting,Physical,40,100,30,103,1,True,Own type
HGSS,Hitmonchan,16,MOVE_BULLET_PUNCH,Bullet Punch,Steel,Physical,40,100,30,103,1,True,Other type
HGSS,Hitmonchan,21,MOVE_FEINT,Feint,Normal,Physical,50,100,10,223,2,True,Normal
HGSS,Hitmonchan,26,MOVE_VACUUM_WAVE,Vacuum Wave,Fighting,Special,40,100,30,103,1,True,Own type
HGSS,Hitmonchan,31,MOVE_THUNDER_PUNCH,Thunder Punch,Electric,Physical,75,100,15,6,0,True,Other type
HGSS,Hitmonchan,31,MOVE_ICE_PUNCH,Ice Punch,Ice,Physical,75,100,15,5,0,True,Other type
HGSS,Hitmonchan,31,MOVE_FIRE_PUNCH,Fire Punch,Fire,Physical,75,100,15,4,0,True,Other type
HGSS,Hitmonchan,36,MOVE_SKY_UPPERCUT,Sky Uppercut,Fighting,Physical,85,90,15,207,0,True,Own type
HGSS,Hitmonchan,41,MOVE_MEGA_PUNCH,Mega Punch,Normal,Physical,80,85,20,0,0,True,Normal
HGSS,Hitmonchan,46,MOVE_DETECT,Detect,Fighting,Status,0,0,5,111,3,True,Own type
HGSS,Hitmonchan,51,MOVE_COUNTER,Counter,Fighting,Physical,1,100,20,89,-5,True,Own type
HGSS,Hitmonchan,56,MOVE_CLOSE_COMBAT,Close Combat,Fighting,Physical,120,100,5,229,0,True,Own type
HGSS,Heracross,1,MOVE_NIGHT_SLASH,Night Slash,Dark,Physical,70,100,15,43,0,True,Other type
HGSS,Heracross,1,MOVE_TACKLE,Tackle,Normal,Physical,35,95,35,0,0,True,Normal
HGSS,Heracross,1,MOVE_LEER,Leer,Normal,Status,0,100,30,19,0,True,Normal
HGSS,Heracross,1,MOVE_HORN_ATTACK,Horn Attack,Normal,Physical,65,100,25,0,0,True,Normal
HGSS,Heracross,1,MOVE_ENDURE,Endure,Normal,Status,0,0,10,116,3,True,Normal
HGSS,Heracross,7,MOVE_FURY_ATTACK,Fury Attack,Normal,Physical,15,85,20,29,0,True,Normal
HGSS,Heracross,13,MOVE_AERIAL_ACE,Aerial Ace,Flying,Physical,60,0,20,17,0,True,Other type
HGSS,Heracross,19,MOVE_BRICK_BREAK,Brick Break,Fighting,Physical,75,100,15,186,0,True,Own type
HGSS,Heracross,25,MOVE_COUNTER,Counter,Fighting,Physical,1,100,20,89,-5,True,Own type
HGSS,Heracross,31,MOVE_TAKE_DOWN,Take Down,Normal,Physical,90,85,20,48,0,True,Normal
HGSS,Heracross,37,MOVE_CLOSE_COMBAT,Close Combat,Fighting,Physical,120,100,5,229,0,True,Own type
HGSS,Heracross,43,MOVE_REVERSAL,Reversal,Fighting,Physical,1,100,15,99,0,True,Own type
HGSS,Heracross,49,MOVE_FEINT,Feint,Normal,Physical,50,100,10,223,2,True,Normal
HGSS,Heracross,55,MOVE_MEGAHORN,Megahorn,Bug,Physical,120,85,10,0,0,True,Own type
HGSS,Hariyama,1,MOVE_BRINE,Brine,Water,Special,65,100,10,221,0,True,Other type
HGSS,Hariyama,1,MOVE_TACKLE,Tackle,Normal,Physical,35,95,35,0,0,True,Normal
HGSS,Hariyama,1,MOVE_FOCUS_ENERGY,Focus Energy,Normal,Status,0,0,30,47,0,True,Normal
HGSS,Hariyama,1,MOVE_SAND_ATTACK,Sand Attack,Ground,Status,0,100,15,23,0,True,Other type
HGSS,Hariyama,1,MOVE_ARM_THRUST,Arm Thrust,Fighting,Physical,15,100,20,29,0,True,Own type
HGSS,Hariyama,4,MOVE_SAND_ATTACK,Sand Attack,Ground,Status,0,100,15,23,0,True,Other type
HGSS,Hariyama,7,MOVE_ARM_THRUST,Arm Thrust,Fighting,Physical,15,100,20,29,0,True,Own type
HGSS,Hariyama,10,MOVE_VITAL_THROW,Vital Throw,Fighting,Physical,70,0,10,78,-1,True,Own type
HGSS,Hariyama,13,MOVE_FAKE_OUT,Fake Out,Normal,Physical,40,100,10,158,1,True,Normal
HGSS,Hariyama,16,MOVE_WHIRLWIND,Whirlwind,Normal,Status,0,100,20,28,-6,True,Normal
HGSS,Hariyama,19,MOVE_KNOCK_OFF,Knock Off,Dark,Physical,20,100,20,188,0,True,Other type
HGSS,Hariyama,22,MOVE_SMELLING_SALTS,Smelling Salts,Normal,Physical,60,100,10,171,0,True,Normal
HGSS,Hariyama,27,MOVE_BELLY_DRUM,Belly Drum,Normal,Status,0,0,10,142,0,True,Normal
HGSS,Hariyama,32,MOVE_FORCE_PALM,Force Palm,Fighting,Physical,60,100,10,6,0,True,Own type
HGSS,Hariyama,37,MOVE_SEISMIC_TOSS,Seismic Toss,Fighting,Physical,1,100,20,87,0,True,Own type
HGSS,Hariyama,42,MOVE_WAKE_UP_SLAP,Wake-Up Slap,Fighting,Physical,60,100,10,217,0,True,Own type
HGSS,Hariyama,47,MOVE_ENDURE,Endure,Normal,Status,0,0,10,116,3,True,Normal
HGSS,Hariyama,52,MOVE_CLOSE_COMBAT,Close Combat,Fighting,Physical,120,100,5,229,0,True,Own type
HGSS,Hariyama,57,MOVE_REVERSAL,Reversal,Fighting,Physical,1,100,15,99,0,True,Own type
HGSS,Medicham,1,MOVE_FIRE_PUNCH,Fire Punch,Fire,Physical,75,100,15,4,0,True,Other type
HGSS,Medicham,1,MOVE_THUNDER_PUNCH,Thunder Punch,Electric,Physical,75,100,15,6,0,True,Other type
HGSS,Medicham,1,MOVE_ICE_PUNCH,Ice Punch,Ice,Physical,75,100,15,5,0,True,Other type
HGSS,Medicham,1,MOVE_BIDE,Bide,Normal,Physical,1,0,10,26,1,True,Normal
HGSS,Medicham,1,MOVE_MEDITATE,Meditate,Psychic,Status,0,0,40,10,0,True,Own type
HGSS,Medicham,1,MOVE_CONFUSION,Confusion,Psychic,Special,50,100,25,76,0,True,Own type
HGSS,Medicham,1,MOVE_DETECT,Detect,Fighting,Status,0,0,5,111,3,True,Own type
HGSS,Medicham,4,MOVE_MEDITATE,Meditate,Psychic,Status,0,0,40,10,0,True,Own type
HGSS,Medicham,8,MOVE_CONFUSION,Confusion,Psychic,Special,50,100,25,76,0,True,Own type
HGSS,Medicham,11,MOVE_DETECT,Detect,Fighting,Status,0,0,5,111,3,True,Own type
HGSS,Medicham,15,MOVE_HIDDEN_POWER,Hidden Power,Normal,Special,1,100,15,135,0,True,Normal
HGSS,Medicham,18,MOVE_MIND_READER,Mind Reader,Normal,Status,0,0,5,94,0,True,Normal
HGSS,Medicham,22,MOVE_FEINT,Feint,Normal,Physical,50,100,10,223,2,True,Normal
HGSS,Medicham,25,MOVE_CALM_MIND,Calm Mind,Psychic,Status,0,0,20,211,0,True,Own type
HGSS,Medicham,29,MOVE_FORCE_PALM,Force Palm,Fighting,Physical,60,100,10,6,0,True,Own type
HGSS,Medicham,32,MOVE_HIGH_JUMP_KICK,High Jump Kick,Fighting,Physical,100,90,20,45,0,True,Own type
HGSS,Medicham,36,MOVE_PSYCH_UP,Psych Up,Normal,Status,0,0,10,143,0,True,Normal
HGSS,Medicham,42,MOVE_POWER_TRICK,Power Trick,Psychic,Status,0,0,10,238,0,True,Own type
HGSS,Medicham,49,MOVE_REVERSAL,Reversal,Fighting,Physical,1,100,15,99,0,True,Own type
HGSS,Medicham,55,MOVE_RECOVER,Recover,Normal,Status,0,0,10,32,0,True,Normal
HGSS,Breloom,1,MOVE_ABSORB,Absorb,Grass,Special,20,100,25,3,0,True,Own type
HGSS,Breloom,1,MOVE_TACKLE,Tackle,Normal,Physical,35,95,35,0,0,True,Normal
HGSS,Breloom,1,MOVE_STUN_SPORE,Stun Spore,Grass,Status,0,75,30,67,0,True,Own type
HGSS,Breloom,1,MOVE_LEECH_SEED,Leech Seed,Grass,Status,0,90,10,84,0,True,Own type
HGSS,Breloom,5,MOVE_TACKLE,Tackle,Normal,Physical,35,95,35,0,0,True,Normal
HGSS,Breloom,9,MOVE_STUN_SPORE,Stun Spore,Grass,Status,0,75,30,67,0,True,Own type
HGSS,Breloom,13,MOVE_LEECH_SEED,Leech Seed,Grass,Status,0,90,10,84,0,True,Own type
HGSS,Breloom,17,MOVE_MEGA_DRAIN,Mega Drain,Grass,Special,40,100,15,3,0,True,Own type
HGSS,Breloom,21,MOVE_HEADBUTT,Headbutt,Normal,Physical,70,100,15,31,0,True,Normal
HGSS,Breloom,23,MOVE_MACH_PUNCH,Mach Punch,Fighting,Physical,40,100,30,103,1,True,Own type
HGSS,Breloom,25,MOVE_COUNTER,Counter,Fighting,Physical,1,100,20,89,-5,True,Own type
HGSS,Breloom,29,MOVE_FORCE_PALM,Force Palm,Fighting,Physical,60,100,10,6,0,True,Own type
HGSS,Breloom,33,MOVE_SKY_UPPERCUT,Sky Uppercut,Fighting,Physical,85,90,15,207,0,True,Own type
HGSS,Breloom,37,MOVE_MIND_READER,Mind Reader,Normal,Status,0,0,5,94,0,True,Normal
HGSS,Breloom,41,MOVE_SEED_BOMB,Seed Bomb,Grass,Physical,80,100,15,0,0,True,Own type
HGSS,Breloom,45,MOVE_DYNAMIC_PUNCH,Dynamic Punch,Fighting,Physical,100,50,5,76,0,True,Own type
HGSS,Gallade,1,MOVE_LEAF_BLADE,Leaf Blade,Grass,Physical,90,100,15,43,0,True,Other type
HGSS,Gallade,1,MOVE_NIGHT_SLASH,Night Slash,Dark,Physical,70,100,15,43,0,True,Other type
HGSS,Gallade,1,MOVE_LEER,Leer,Normal,Status,0,100,30,19,0,True,Normal
HGSS,Gallade,1,MOVE_CONFUSION,Confusion,Psychic,Special,50,100,25,76,0,True,Own type
HGSS,Gallade,1,MOVE_DOUBLE_TEAM,Double Team,Normal,Status,0,0,15,16,0,True,Normal
HGSS,Gallade,1,MOVE_TELEPORT,Teleport,Psychic,Status,0,0,20,153,0,True,Own type
HGSS,Gallade,6,MOVE_CONFUSION,Confusion,Psychic,Special,50,100,25,76,0,True,Own type
HGSS,Gallade,10,MOVE_DOUBLE_TEAM,Double Team,Normal,Status,0,0,15,16,0,True,Normal
HGSS,Gallade,12,MOVE_TELEPORT,Teleport,Psychic,Status,0,0,20,153,0,True,Own type
HGSS,Gallade,17,MOVE_FURY_CUTTER,Fury Cutter,Bug,Physical,10,95,20,119,0,True,Other type
HGSS,Gallade,22,MOVE_SLASH,Slash,Normal,Physical,70,100,20,43,0,True,Normal
HGSS,Gallade,25,MOVE_SWORDS_DANCE,Swords Dance,Normal,Status,0,0,30,50,0,True,Normal
HGSS,Gallade,31,MOVE_PSYCHO_CUT,Psycho Cut,Psychic,Physical,70,100,20,43,0,True,Own type
HGSS,Gallade,36,MOVE_HELPING_HAND,Helping Hand,Normal,Status,0,0,20,176,5,True,Normal
HGSS,Gallade,39,MOVE_FEINT,Feint,Normal,Physical,50,100,10,223,2,True,Normal
HGSS,Gallade,45,MOVE_FALSE_SWIPE,False Swipe,Normal,Physical,40,100,40,101,0,True,Normal
HGSS,Gallade,50,MOVE_PROTECT,Protect,Normal,Status,0,0,10,111,3,True,Normal
HGSS,Gallade,53,MOVE_CLOSE_COMBAT,Close Combat,Fighting,Physical,120,100,5,229,0,True,Own type
HGSS,Poliwrath,1,MOVE_BUBBLE_BEAM,Bubble Beam,Water,Special,65,100,20,70,0,True,Own type
HGSS,Poliwrath,1,MOVE_HYPNOSIS,Hypnosis,Psychic,Status,0,60,20,1,0,True,Other type
HGSS,Poliwrath,1,MOVE_DOUBLE_SLAP,Double Slap,Normal,Physical,15,85,10,29,0,True,Normal
HGSS,Poliwrath,1,MOVE_SUBMISSION,Submission,Fighting,Physical,80,80,25,48,0,True,Own type
HGSS,Poliwrath,43,MOVE_DYNAMIC_PUNCH,Dynamic Punch,Fighting,Physical,100,50,5,76,0,True,Own type
HGSS,Poliwrath,53,MOVE_MIND_READER,Mind Reader,Normal,Status,0,0,5,94,0,True,Normal
HGSS,Toxicroak,1,MOVE_ASTONISH,Astonish,Ghost,Physical,30,100,15,31,0,True,Other type
HGSS,Toxicroak,1,MOVE_MUD_SLAP,Mud-Slap,Ground,Special,20,100,10,73,0,True,Other type
HGSS,Toxicroak,1,MOVE_POISON_STING,Poison Sting,Poison,Physical,15,100,35,2,0,True,Own type
HGSS,Toxicroak,3,MOVE_MUD_SLAP,Mud-Slap,Ground,Special,20,100,10,73,0,True,Other type
HGSS,Toxicroak,8,MOVE_POISON_STING,Poison Sting,Poison,Physical,15,100,35,2,0,True,Own type
HGSS,Toxicroak,10,MOVE_TAUNT,Taunt,Dark,Status,0,100,20,175,0,True,Other type
HGSS,Toxicroak,15,MOVE_PURSUIT,Pursuit,Dark,Physical,40,100,20,128,0,True,Other type
HGSS,Toxicroak,17,MOVE_FEINT_ATTACK,Feint Attack,Dark,Physical,60,0,20,17,0,True,Other type
HGSS,Toxicroak,22,MOVE_REVENGE,Revenge,Fighting,Physical,60,100,10,185,-4,True,Own type
HGSS,Toxicroak,24,MOVE_SWAGGER,Swagger,Normal,Status,0,90,15,118,0,True,Normal
HGSS,Toxicroak,29,MOVE_MUD_BOMB,Mud Bomb,Ground,Special,65,85,10,73,0,True,Other type
HGSS,Toxicroak,31,MOVE_SUCKER_PUNCH,Sucker Punch,Dark,Physical,80,100,5,248,1,True,Other type
HGSS,Toxicroak,36,MOVE_NASTY_PLOT,Nasty Plot,Dark,Status,0,0,20,53,0,True,Other type
HGSS,Toxicroak,41,MOVE_POISON_JAB,Poison Jab,Poison,Physical,80,100,20,2,0,True,Own type
HGSS,Toxicroak,49,MOVE_SLUDGE_BOMB,Sludge Bomb,Poison,Special,90,100,10,2,0,True,Own type
HGSS,Toxicroak,54,MOVE_FLATTER,Flatter,Dark,Status,0,100,15,166,0,True,Other type
HGSS,Ninetales,1,MOVE_NASTY_PLOT,Nasty Plot,Dark,Status,0,0,20,53,0,True,Other type
HGSS,Ninetales,1,MOVE_EMBER,Ember,Fire,Special,40,100,25,4,0,True,Own type
HGSS,Ninetales,1,MOVE_QUICK_ATTACK,Quick Attack,Normal,Physical,40,100,30,103,1,True,Normal
HGSS,Ninetales,1,MOVE_CONFUSE_RAY,Confuse Ray,Ghost,Status,0,100,10,49,0,True,Other type
HGSS,Ninetales,1,MOVE_SAFEGUARD,Safeguard,Normal,Status,0,0,25,124,0,True,Normal
HGSS,Arcanine,1,MOVE_THUNDER_FANG,Thunder Fang,Electric,Physical,65,95,15,275,0,True,Other type
HGSS,Arcanine,1,MOVE_BITE,Bite,Dark,Physical,60,100,25,31,0,True,Other type
HGSS,Arcanine,1,MOVE_ROAR,Roar,Normal,Status,0,100,20,28,-6,True,Normal
HGSS,Arcanine,1,MOVE_FIRE_FANG,Fire Fang,Fire,Physical,65,95,15,273,0,True,Own type
HGSS,Arcanine,1,MOVE_ODOR_SLEUTH,Odor Sleuth,Normal,Status,0,0,40,113,0,True,Normal
HGSS,Arcanine,39,MOVE_EXTREME_SPEED,Extreme Speed,Normal,Physical,80,100,5,103,1,True,Normal
HGSS,Rapidash,1,MOVE_POISON_JAB,Poison Jab,Poison,Physical,80,100,20,2,0,True,Other type
HGSS,Rapidash,1,MOVE_MEGAHORN,Megahorn,Bug,Physical,120,85,10,0,0,True,Other type
HGSS,Rapidash,1,MOVE_GROWL,Growl,Normal,Status,0,100,40,18,0,True,Normal
HGSS,Rapidash,1,MOVE_QUICK_ATTACK,Quick Attack,Normal,Physical,40,100,30,103,1,True,Normal
HGSS,Rapidash,1,MOVE_TAIL_WHIP,Tail Whip,Normal,Status,0,100,30,19,0,True,Normal
HGSS,Rapidash,1,MOVE_EMBER,Ember,Fire,Special,40,100,25,4,0,True,Own type
HGSS,Rapidash,6,MOVE_TAIL_WHIP,Tail Whip,Normal,Status,0,100,30,19,0,True,Normal
HGSS,Rapidash,10,MOVE_EMBER,Ember,Fire,Special,40,100,25,4,0,True,Own type
HGSS,Rapidash,15,MOVE_FLAME_WHEEL,Flame Wheel,Fire,Physical,60,100,25,125,0,True,Own type
HGSS,Rapidash,19,MOVE_STOMP,Stomp,Normal,Physical,65,100,20,150,0,True,Normal
HGSS,Rapidash,24,MOVE_FIRE_SPIN,Fire Spin,Fire,Special,15,70,15,42,0,True,Own type
HGSS,Rapidash,28,MOVE_TAKE_DOWN,Take Down,Normal,Physical,90,85,20,48,0,True,Normal
HGSS,Rapidash,33,MOVE_AGILITY,Agility,Psychic,Status,0,0,30,52,0,True,Other type
HGSS,Rapidash,37,MOVE_FIRE_BLAST,Fire Blast,Fire,Special,120,85,5,4,0,True,Own type
HGSS,Rapidash,40,MOVE_FURY_ATTACK,Fury Attack,Normal,Physical,15,85,20,29,0,True,Normal
HGSS,Rapidash,47,MOVE_BOUNCE,Bounce,Flying,Physical,85,85,5,263,0,True,Other type
HGSS,Rapidash,56,MOVE_FLARE_BLITZ,Flare Blitz,Fire,Physical,120,100,15,253,0,True,Own type
HGSS,Flareon,1,MOVE_TAIL_WHIP,Tail Whip,Normal,Status,0,100,30,19,0,True,Normal
HGSS,Flareon,1,MOVE_TACKLE,Tackle,Normal,Physical,35,95,35,0,0,True,Normal
HGSS,Flareon,1,MOVE_HELPING_HAND,Helping Hand,Normal,Status,0,0,20,176,5,True,Normal
HGSS,Flareon,8,MOVE_SAND_ATTACK,Sand Attack,Ground,Status,0,100,15,23,0,True,Other type
HGSS,Flareon,15,MOVE_EMBER,Ember,Fire,Special,40,100,25,4,0,True,Own type
HGSS,Flareon,22,MOVE_QUICK_ATTACK,Quick Attack,Normal,Physical,40,100,30,103,1,True,Normal
HGSS,Flareon,29,MOVE_BITE,Bite,Dark,Physical,60,100,25,31,0,True,Other type
HGSS,Flareon,36,MOVE_FIRE_SPIN,Fire Spin,Fire,Special,15,70,15,42,0,True,Own type
HGSS,Flareon,43,MOVE_FIRE_FANG,Fire Fang,Fire,Physical,65,95,15,273,0,True,Own type
HGSS,Flareon,50,MOVE_LAST_RESORT,Last Resort,Normal,Physical,130,100,5,246,0,True,Normal
HGSS,Flareon,57,MOVE_SMOG,Smog,Poison,Special,20,70,20,2,0,True,Other type
HGSS,Flareon,64,MOVE_SCARY_FACE,Scary Face,Normal,Status,0,90,10,60,0,True,Normal
HGSS,Flareon,71,MOVE_FIRE_BLAST,Fire Blast,Fire,Special,120,85,5,4,0,True,Own type
HGSS,Flareon,78,MOVE_LAVA_PLUME,Lava Plume,Fire,Special,80,100,15,4,0,True,Own type
HGSS,Moltres,1,MOVE_WING_ATTACK,Wing Attack,Flying,Physical,60,100,35,0,0,True,Own type
HGSS,Moltres,1,MOVE_EMBER,Ember,Fire,Special,40,100,25,4,0,True,Own type
HGSS,Moltres,8,MOVE_FIRE_SPIN,Fire Spin,Fire,Special,15,70,15,42,0,True,Own type
HGSS,Moltres,15,MOVE_AGILITY,Agility,Psychic,Status,0,0,30,52,0,True,Other type
HGSS,Moltres,22,MOVE_ENDURE,Endure,Normal,Status,0,0,10,116,3,True,Normal
HGSS,Moltres,29,MOVE_ANCIENT_POWER,Ancient Power,Rock,Special,60,100,5,140,0,True,Other type
HGSS,Moltres,36,MOVE_FLAMETHROWER,Flamethrower,Fire,Special,95,100,15,4,0,True,Own type
HGSS,Moltres,43,MOVE_SAFEGUARD,Safeguard,Normal,Status,0,0,25,124,0,True,Normal
HGSS,Moltres,50,MOVE_AIR_SLASH,Air Slash,Flying,Special,75,95,20,31,0,True,Own type
HGSS,Moltres,57,MOVE_ROOST,Roost,Flying,Status,0,0,10,214,0,True,Own type
HGSS,Moltres,64,MOVE_HEAT_WAVE,Heat Wave,Fire,Special,100,90,10,4,0,True,Own type
HGSS,Moltres,71,MOVE_SOLAR_BEAM,Solar Beam,Grass,Special,120,100,10,151,0,True,Other type
HGSS,Moltres,78,MOVE_SKY_ATTACK,Sky Attack,Flying,Physical,140,90,5,75,0,True,Own type
HGSS,Moltres,85,MOVE_SUNNY_DAY,Sunny Day,Fire,Status,0,0,5,137,0,True,Own type
HGSS,Entei,1,MOVE_BITE,Bite,Dark,Physical,60,100,25,31,0,True,Other type
HGSS,Entei,1,MOVE_LEER,Leer,Normal,Status,0,100,30,19,0,True,Normal
HGSS,Entei,8,MOVE_EMBER,Ember,Fire,Special,40,100,25,4,0,True,Own type
HGSS,Entei,15,MOVE_ROAR,Roar,Normal,Status,0,100,20,28,-6,True,Normal
HGSS,Entei,22,MOVE_FIRE_SPIN,Fire Spin,Fire,Special,15,70,15,42,0,True,Own type
HGSS,Entei,29,MOVE_STOMP,Stomp,Normal,Physical,65,100,20,150,0,True,Normal
HGSS,Entei,36,MOVE_FLAMETHROWER,Flamethrower,Fire,Special,95,100,15,4,0,True,Own type
HGSS,Entei,43,MOVE_SWAGGER,Swagger,Normal,Status,0,90,15,118,0,True,Normal
HGSS,Entei,50,MOVE_FIRE_FANG,Fire Fang,Fire,Physical,65,95,15,273,0,True,Own type
HGSS,Entei,57,MOVE_LAVA_PLUME,Lava Plume,Fire,Special,80,100,15,4,0,True,Own type
HGSS,Entei,64,MOVE_EXTRASENSORY,Extrasensory,Psychic,Special,80,100,30,31,0,True,Other type
HGSS,Entei,71,MOVE_FIRE_BLAST,Fire Blast,Fire,Special,120,85,5,4,0,True,Own type
HGSS,Entei,78,MOVE_CALM_MIND,Calm Mind,Psychic,Status,0,0,20,211,0,True,Other type
HGSS,Entei,85,MOVE_ERUPTION,Eruption,Fire,Special,150,100,5,190,0,True,Own type
HGSS,Camerupt,1,MOVE_GROWL,Growl,Normal,Status,0,100,40,18,0,True,Normal
HGSS,Camerupt,1,MOVE_TACKLE,Tackle,Normal,Physical,35,95,35,0,0,True,Normal
HGSS,Camerupt,1,MOVE_EMBER,Ember,Fire,Special,40,100,25,4,0,True,Own type
HGSS,Camerupt,1,MOVE_MAGNITUDE,Magnitude,Ground,Physical,1,100,30,126,0,True,Own type
HGSS,Camerupt,5,MOVE_EMBER,Ember,Fire,Special,40,100,25,4,0,True,Own type
HGSS,Camerupt,11,MOVE_MAGNITUDE,Magnitude,Ground,Physical,1,100,30,126,0,True,Own type
HGSS,Camerupt,15,MOVE_FOCUS_ENERGY,Focus Energy,Normal,Status,0,0,30,47,0,True,Normal
HGSS,Camerupt,21,MOVE_TAKE_DOWN,Take Down,Normal,Physical,90,85,20,48,0,True,Normal
HGSS,Camerupt,25,MOVE_AMNESIA,Amnesia,Psychic,Status,0,0,20,54,0,True,Other type
HGSS,Camerupt,31,MOVE_LAVA_PLUME,Lava Plume,Fire,Special,80,100,15,4,0,True,Own type
HGSS,Camerupt,33,MOVE_ROCK_SLIDE,Rock Slide,Rock,Physical,75,90,10,31,0,True,Other type
HGSS,Camerupt,39,MOVE_EARTH_POWER,Earth Power,Ground,Special,90,100,10,72,0,True,Own type
HGSS,Camerupt,49,MOVE_EARTHQUAKE,Earthquake,Ground,Physical,100,100,10,147,0,True,Own type
HGSS,Camerupt,57,MOVE_ERUPTION,Eruption,Fire,Special,150,100,5,190,0,True,Own type
HGSS,Camerupt,67,MOVE_FISSURE,Fissure,Ground,Physical,1,30,5,38,0,True,Own type
HGSS,Torkoal,1,MOVE_EMBER,Ember,Fire,Special,40,100,25,4,0,True,Own type
HGSS,Torkoal,4,MOVE_SMOG,Smog,Poison,Special,20,70,20,2,0,True,Other type
HGSS,Torkoal,7,MOVE_WITHDRAW,Withdraw,Water,Status,0,0,40,11,0,True,Other type
HGSS,Torkoal,12,MOVE_CURSE,Curse,Unknown,Status,0,0,10,109,0,True,Other type
HGSS,Torkoal,17,MOVE_FIRE_SPIN,Fire Spin,Fire,Special,15,70,15,42,0,True,Own type
HGSS,Torkoal,20,MOVE_SMOKESCREEN,Smokescreen,Normal,Status,0,100,20,23,0,True,Normal
HGSS,Torkoal,23,MOVE_RAPID_SPIN,Rapid Spin,Normal,Physical,20,100,40,129,0,True,Normal
HGSS,Torkoal,28,MOVE_FLAMETHROWER,Flamethrower,Fire,Special,95,100,15,4,0,True,Own type
HGSS,Torkoal,33,MOVE_BODY_SLAM,Body Slam,Normal,Physical,85,100,15,6,0,True,Normal
HGSS,Torkoal,36,MOVE_PROTECT,Protect,Normal,Status,0,0,10,111,3,True,Normal
HGSS,Torkoal,39,MOVE_LAVA_PLUME,Lava Plume,Fire,Special,80,100,15,4,0,True,Own type
HGSS,Torkoal,44,MOVE_IRON_DEFENSE,Iron Defense,Steel,Status,0,0,15,51,0,True,Other type
HGSS,Torkoal,49,MOVE_AMNESIA,Amnesia,Psychic,Status,0,0,20,54,0,True,Other type
HGSS,Torkoal,52,MOVE_FLAIL,Flail,Normal,Physical,1,100,15,99,0,True,Normal
HGSS,Torkoal,55,MOVE_HEAT_WAVE,Heat Wave,Fire,Special,100,90,10,4,0,True,Own type
HGSS,Heatran,1,MOVE_ANCIENT_POWER,Ancient Power,Rock,Special,60,100,5,140,0,True,Other type
HGSS,Heatran,9,MOVE_LEER,Leer,Normal,Status,0,100,30,19,0,True,Normal
HGSS,Heatran,17,MOVE_FIRE_FANG,Fire Fang,Fire,Physical,65,95,15,273,0,True,Own type
HGSS,Heatran,25,MOVE_METAL_SOUND,Metal Sound,Steel,Status,0,85,40,62,0,True,Own type
HGSS,Heatran,33,MOVE_CRUNCH,Crunch,Dark,Physical,80,100,15,69,0,True,Other type
HGSS,Heatran,41,MOVE_SCARY_FACE,Scary Face,Normal,Status,0,90,10,60,0,True,Normal
HGSS,Heatran,49,MOVE_LAVA_PLUME,Lava Plume,Fire,Special,80,100,15,4,0,True,Own type
HGSS,Heatran,57,MOVE_FIRE_SPIN,Fire Spin,Fire,Special,15,70,15,42,0,True,Own type
HGSS,Heatran,65,MOVE_IRON_HEAD,Iron Head,Steel,Physical,80,100,15,31,0,True,Own type
HGSS,Heatran,73,MOVE_EARTH_POWER,Earth Power,Ground,Special,90,100,10,72,0,True,Other type
HGSS,Heatran,81,MOVE_HEAT_WAVE,Heat Wave,Fire,Special,100,90,10,4,0,True,Own type
HGSS,Heatran,88,MOVE_STONE_EDGE,Stone Edge,Rock,Physical,100,80,5,43,0,True,Other type
HGSS,Heatran,96,MOVE_MAGMA_STORM,Magma Storm,Fire,Special,120,70,5,42,0,True,Own type
HGSS,Dewgong,1,MOVE_HEADBUTT,Headbutt,Normal,Physical,70,100,15,31,0,True,Normal
HGSS,Dewgong,1,MOVE_GROWL,Growl,Normal,Status,0,100,40,18,0,True,Normal
HGSS,Dewgong,1,MOVE_SIGNAL_BEAM,Signal Beam,Bug,Special,75,100,15,76,0,True,Other type
HGSS,Dewgong,1,MOVE_ICY_WIND,Icy Wind,Ice,Special,55,95,15,70,0,True,Own type
HGSS,Dewgong,3,MOVE_GROWL,Growl,Normal,Status,0,100,40,18,0,True,Normal
HGSS,Dewgong,7,MOVE_SIGNAL_BEAM,Signal Beam,Bug,Special,75,100,15,76,0,True,Other type
HGSS,Dewgong,11,MOVE_ICY_WIND,Icy Wind,Ice,Special,55,95,15,70,0,True,Own type
HGSS,Dewgong,13,MOVE_ENCORE,Encore,Normal,Status,0,100,5,90,0,True,Normal
HGSS,Dewgong,17,MOVE_ICE_SHARD,Ice Shard,Ice,Physical,40,100,30,103,1,True,Own type
HGSS,Dewgong,21,MOVE_REST,Rest,Psychic,Status,0,0,10,37,0,True,Other type
HGSS,Dewgong,23,MOVE_AQUA_RING,Aqua Ring,Water,Status,0,0,20,251,0,True,Own type
HGSS,Dewgong,27,MOVE_AURORA_BEAM,Aurora Beam,Ice,Special,65,100,20,68,0,True,Own type
HGSS,Dewgong,31,MOVE_AQUA_JET,Aqua Jet,Water,Physical,40,100,20,103,1,True,Own type
HGSS,Dewgong,33,MOVE_BRINE,Brine,Water,Special,65,100,10,221,0,True,Own type
HGSS,Dewgong,34,MOVE_SHEER_COLD,Sheer Cold,Ice,Special,1,30,5,38,0,True,Own type
HGSS,Dewgong,37,MOVE_TAKE_DOWN,Take Down,Normal,Physical,90,85,20,48,0,True,Normal
HGSS,Dewgong,41,MOVE_DIVE,Dive,Water,Physical,80,100,10,255,0,True,Own type
HGSS,Dewgong,43,MOVE_AQUA_TAIL,Aqua Tail,Water,Physical,90,90,10,0,0,True,Own type
HGSS,Dewgong,47,MOVE_ICE_BEAM,Ice Beam,Ice,Special,95,100,10,5,0,True,Own type
HGSS,Dewgong,51,MOVE_SAFEGUARD,Safeguard,Normal,Status,0,0,25,124,0,True,Normal
HGSS,Cloyster,1,MOVE_TOXIC_SPIKES,Toxic Spikes,Poison,Status,0,0,20,249,0,True,Other type
HGSS,Cloyster,1,MOVE_WITHDRAW,Withdraw,Water,Status,0,0,40,11,0,True,Own type
HGSS,Cloyster,1,MOVE_SUPERSONIC,Supersonic,Normal,Status,0,55,20,49,0,True,Normal
HGSS,Cloyster,1,MOVE_AURORA_BEAM,Aurora Beam,Ice,Special,65,100,20,68,0,True,Own type
HGSS,Cloyster,1,MOVE_PROTECT,Protect,Normal,Status,0,0,10,111,3,True,Normal
HGSS,Cloyster,28,MOVE_SPIKES,Spikes,Ground,Status,0,0,20,112,0,True,Other type
HGSS,Cloyster,40,MOVE_SPIKE_CANNON,Spike Cannon,Normal,Physical,20,100,15,29,0,True,Normal
HGSS,Jynx,1,MOVE_POUND,Pound,Normal,Physical,40,100,35,0,0,True,Normal
HGSS,Jynx,1,MOVE_LICK,Lick,Ghost,Physical,20,100,30,6,0,True,Other type
HGSS,Jynx,1,MOVE_LOVELY_KISS,Lovely Kiss,Normal,Status,0,75,10,1,0,True,Normal
HGSS,Jynx,1,MOVE_POWDER_SNOW,Powder Snow,Ice,Special,40,100,25,5,0,True,Own type
HGSS,Jynx,5,MOVE_LICK,Lick,Ghost,Physical,20,100,30,6,0,True,Other type
HGSS,Jynx,8,MOVE_LOVELY_KISS,Lovely Kiss,Normal,Status,0,75,10,1,0,True,Normal
HGSS,Jynx,11,MOVE_POWDER_SNOW,Powder Snow,Ice,Special,40,100,25,5,0,True,Own type
HGSS,Jynx,15,MOVE_DOUBLE_SLAP,Double Slap,Normal,Physical,15,85,10,29,0,True,Normal
HGSS,Jynx,18,MOVE_ICE_PUNCH,Ice Punch,Ice,Physical,75,100,15,5,0,True,Own type
HGSS,Jynx,21,MOVE_MEAN_LOOK,Mean Look,Normal,Status,0,0,5,106,0,True,Normal
HGSS,Jynx,25,MOVE_FAKE_TEARS,Fake Tears,Dark,Status,0,100,20,62,0,True,Other type
HGSS,Jynx,28,MOVE_WAKE_UP_SLAP,Wake-Up Slap,Fighting,Physical,60,100,10,217,0,True,Other type
HGSS,Jynx,33,MOVE_AVALANCHE,Avalanche,Ice,Physical,60,100,10,185,-4,True,Own type
HGSS,Jynx,39,MOVE_BODY_SLAM,Body Slam,Normal,Physical,85,100,15,6,0,True,Normal
HGSS,Jynx,44,MOVE_WRING_OUT,Wring Out,Normal,Special,1,100,5,237,0,True,Normal
HGSS,Jynx,49,MOVE_PERISH_SONG,Perish Song,Normal,Status,0,0,5,114,0,True,Normal
HGSS,Jynx,55,MOVE_BLIZZARD,Blizzard,Ice,Special,120,70,5,260,0,True,Own type
HGSS,Lapras,1,MOVE_SING,Sing,Normal,Status,0,55,15,1,0,True,Normal
HGSS,Lapras,1,MOVE_GROWL,Growl,Normal,Status,0,100,40,18,0,True,Normal
HGSS,Lapras,1,MOVE_WATER_GUN,Water Gun,Water,Special,40,100,25,0,0,True,Own type
HGSS,Lapras,4,MOVE_MIST,Mist,Ice,Status,0,0,30,46,0,True,Own type
HGSS,Lapras,7,MOVE_CONFUSE_RAY,Confuse Ray,Ghost,Status,0,100,10,49,0,True,Other type
HGSS,Lapras,10,MOVE_ICE_SHARD,Ice Shard,Ice,Physical,40,100,30,103,1,True,Own type
HGSS,Lapras,14,MOVE_WATER_PULSE,Water Pulse,Water,Special,60,100,20,76,0,True,Own type
HGSS,Lapras,18,MOVE_BODY_SLAM,Body Slam,Normal,Physical,85,100,15,6,0,True,Normal
HGSS,Lapras,22,MOVE_RAIN_DANCE,Rain Dance,Water,Status,0,0,5,136,0,True,Own type
HGSS,Lapras,27,MOVE_PERISH_SONG,Perish Song,Normal,Status,0,0,5,114,0,True,Normal
HGSS,Lapras,32,MOVE_ICE_BEAM,Ice Beam,Ice,Special,95,100,10,5,0,True,Own type
HGSS,Lapras,37,MOVE_BRINE,Brine,Water,Special,65,100,10,221,0,True,Own type
HGSS,Lapras,43,MOVE_SAFEGUARD,Safeguard,Normal,Status,0,0,25,124,0,True,Normal
HGSS,Lapras,49,MOVE_HYDRO_PUMP,Hydro Pump,Water,Special,120,80,5,0,0,True,Own type
HGSS,Lapras,55,MOVE_SHEER_COLD,Sheer Cold,Ice,Special,1,30,5,38,0,True,Own type
HGSS,Articuno,1,MOVE_GUST,Gust,Flying,Special,40,100,35,149,0,True,Own type
HGSS,Articuno,1,MOVE_POWDER_SNOW,Powder Snow,Ice,Special,40,100,25,5,0,True,Own type
HGSS,Articuno,8,MOVE_MIST,Mist,Ice,Status,0,0,30,46,0,True,Own type
HGSS,Articuno,15,MOVE_ICE_SHARD,Ice Shard,Ice,Physical,40,100,30,103,1,True,Own type
HGSS,Articuno,22,MOVE_MIND_READER,Mind Reader,Normal,Status,0,0,5,94,0,True,Normal
HGSS,Articuno,29,MOVE_ANCIENT_POWER,Ancient Power,Rock,Special,60,100,5,140,0,True,Other type
HGSS,Articuno,36,MOVE_AGILITY,Agility,Psychic,Status,0,0,30,52,0,True,Other type
HGSS,Articuno,43,MOVE_ICE_BEAM,Ice Beam,Ice,Special,95,100,10,5,0,True,Own type
HGSS,Articuno,50,MOVE_REFLECT,Reflect,Psychic,Status,0,0,20,65,0,True,Other type
HGSS,Articuno,57,MOVE_ROOST,Roost,Flying,Status,0,0,10,214,0,True,Own type
HGSS,Articuno,64,MOVE_TAILWIND,Tailwind,Flying,Status,0,0,30,225,0,True,Own type
HGSS,Articuno,71,MOVE_BLIZZARD,Blizzard,Ice,Special,120,70,5,260,0,True,Own type
HGSS,Articuno,78,MOVE_SHEER_COLD,Sheer Cold,Ice,Special,1,30,5,38,0,True,Own type
HGSS,Articuno,85,MOVE_HAIL,Hail,Ice,Status,0,0,10,164,0,True,Own type
HGSS,Abomasnow,1,MOVE_ICE_PUNCH,Ice Punch,Ice,Physical,75,100,15,5,0,True,Own type
HGSS,Abomasnow,1,MOVE_POWDER_SNOW,Powder Snow,Ice,Special,40,100,25,5,0,True,Own type
HGSS,Abomasnow,1,MOVE_LEER,Leer,Normal,Status,0,100,30,19,0,True,Normal
HGSS,Abomasnow,1,MOVE_RAZOR_LEAF,Razor Leaf,Grass,Physical,55,95,25,43,0,True,Own type
HGSS,Abomasnow,1,MOVE_ICY_WIND,Icy Wind,Ice,Special,55,95,15,70,0,True,Own type
HGSS,Abomasnow,5,MOVE_RAZOR_LEAF,Razor Leaf,Grass,Physical,55,95,25,43,0,True,Own type
HGSS,Abomasnow,9,MOVE_ICY_WIND,Icy Wind,Ice,Special,55,95,15,70,0,True,Own type
HGSS,Abomasnow,13,MOVE_GRASS_WHISTLE,Grass Whistle,Grass,Status,0,55,15,1,0,True,Own type
HGSS,Abomasnow,17,MOVE_SWAGGER,Swagger,Normal,Status,0,90,15,118,0,True,Normal
HGSS,Abomasnow,21,MOVE_MIST,Mist,Ice,Status,0,0,30,46,0,True,Own type
HGSS,Abomasnow,26,MOVE_ICE_SHARD,Ice Shard,Ice,Physical,40,100,30,103,1,True,Own type
HGSS,Abomasnow,31,MOVE_INGRAIN,Ingrain,Grass,Status,0,0,20,181,0,True,Own type
HGSS,Abomasnow,36,MOVE_WOOD_HAMMER,Wood Hammer,Grass,Physical,120,100,15,198,0,True,Own type
HGSS,Abomasnow,47,MOVE_BLIZZARD,Blizzard,Ice,Special,120,70,5,260,0,True,Own type
HGSS,Abomasnow,58,MOVE_SHEER_COLD,Sheer Cold,Ice,Special,1,30,5,38,0,True,Own type
HGSS,Umbreon,1,MOVE_TAIL_WHIP,Tail Whip,Normal,Status,0,100,30,19,0,True,Normal
HGSS,Umbreon,1,MOVE_TACKLE,Tackle,Normal,Physical,35,95,35,0,0,True,Normal
HGSS,Umbreon,1,MOVE_HELPING_HAND,Helping Hand,Normal,Status,0,0,20,176,5,True,Normal
HGSS,Umbreon,8,MOVE_SAND_ATTACK,Sand Attack,Ground,Status,0,100,15,23,0,True,Other type
HGSS,Umbreon,15,MOVE_PURSUIT,Pursuit,Dark,Physical,40,100,20,128,0,True,Own type
HGSS,Umbreon,22,MOVE_QUICK_ATTACK,Quick Attack,Normal,Physical,40,100,30,103,1,True,Normal
HGSS,Umbreon,29,MOVE_CONFUSE_RAY,Confuse Ray,Ghost,Status,0,100,10,49,0,True,Other type
HGSS,Umbreon,36,MOVE_FEINT_ATTACK,Feint Attack,Dark,Physical,60,0,20,17,0,True,Own type
HGSS,Umbreon,43,MOVE_ASSURANCE,Assurance,Dark,Physical,50,100,10,231,0,True,Own type
HGSS,Umbreon,50,MOVE_LAST_RESORT,Last Resort,Normal,Physical,130,100,5,246,0,True,Normal
HGSS,Umbreon,57,MOVE_MEAN_LOOK,Mean Look,Normal,Status,0,0,5,106,0,True,Normal
HGSS,Umbreon,64,MOVE_SCREECH,Screech,Normal,Status,0,85,40,59,0,True,Normal
HGSS,Umbreon,71,MOVE_MOONLIGHT,Moonlight,Normal,Status,0,0,5,132,0,True,Normal
HGSS,Umbreon,78,MOVE_GUARD_SWAP,Guard Swap,Psychic,Status,0,0,10,244,0,True,Other type
HGSS,Honchkrow,1,MOVE_ASTONISH,Astonish,Ghost,Physical,30,100,15,31,0,True,Other type
HGSS,Honchkrow,1,MOVE_PURSUIT,Pursuit,Dark,Physical,40,100,20,128,0,True,Own type
HGSS,Honchkrow,1,MOVE_HAZE,Haze,Ice,Status,0,0,30,25,0,True,Other type
HGSS,Honchkrow,1,MOVE_WING_ATTACK,Wing Attack,Flying,Physical,60,100,35,0,0,True,Own type
HGSS,Honchkrow,25,MOVE_SWAGGER,Swagger,Normal,Status,0,90,15,118,0,True,Normal
HGSS,Honchkrow,35,MOVE_NASTY_PLOT,Nasty Plot,Dark,Status,0,0,20,53,0,True,Own type
HGSS,Honchkrow,45,MOVE_NIGHT_SLASH,Night Slash,Dark,Physical,70,100,15,43,0,True,Own type
HGSS,Honchkrow,55,MOVE_DARK_PULSE,Dark Pulse,Dark,Special,80,100,15,31,0,True,Own type
HGSS,Mightyena,1,MOVE_TACKLE,Tackle,Normal,Physical,35,95,35,0,0,True,Normal
HGSS,Mightyena,1,MOVE_HOWL,Howl,Normal,Status,0,0,40,10,0,True,Normal
HGSS,Mightyena,1,MOVE_SAND_ATTACK,Sand Attack,Ground,Status,0,100,15,23,0,True,Other type
HGSS,Mightyena,1,MOVE_BITE,Bite,Dark,Physical,60,100,25,31,0,True,Own type
HGSS,Mightyena,5,MOVE_HOWL,Howl,Normal,Status,0,0,40,10,0,True,Normal
HGSS,Mightyena,9,MOVE_SAND_ATTACK,Sand Attack,Ground,Status,0,100,15,23,0,True,Other type
HGSS,Mightyena,13,MOVE_BITE,Bite,Dark,Physical,60,100,25,31,0,True,Own type
HGSS,Mightyena,17,MOVE_ODOR_SLEUTH,Odor Sleuth,Normal,Status,0,0,40,113,0,True,Normal
HGSS,Mightyena,22,MOVE_ROAR,Roar,Normal,Status,0,100,20,28,-6,True,Normal
HGSS,Mightyena,27,MOVE_SWAGGER,Swagger,Normal,Status,0,90,15,118,0,True,Normal
HGSS,Mightyena,32,MOVE_ASSURANCE,Assurance,Dark,Physical,50,100,10,231,0,True,Own type
HGSS,Mightyena,37,MOVE_SCARY_FACE,Scary Face,Normal,Status,0,90,10,60,0,True,Normal
HGSS,Mightyena,42,MOVE_TAUNT,Taunt,Dark,Status,0,100,20,175,0,True,Own type
HGSS,Mightyena,47,MOVE_EMBARGO,Embargo,Dark,Status,0,100,15,232,0,True,Own type
HGSS,Mightyena,52,MOVE_TAKE_DOWN,Take Down,Normal,Physical,90,85,20,48,0,True,Normal
HGSS,Mightyena,57,MOVE_THIEF,Thief,Dark,Physical,40,100,10,105,0,True,Own type
HGSS,Mightyena,62,MOVE_SUCKER_PUNCH,Sucker Punch,Dark,Physical,80,100,5,248,1,True,Own type
HGSS,Shiftry,1,MOVE_FEINT_ATTACK,Feint Attack,Dark,Physical,60,0,20,17,0,True,Own type
HGSS,Shiftry,1,MOVE_WHIRLWIND,Whirlwind,Normal,Status,0,100,20,28,-6,True,Normal
HGSS,Shiftry,1,MOVE_NASTY_PLOT,Nasty Plot,Dark,Status,0,0,20,53,0,True,Own type
HGSS,Shiftry,1,MOVE_RAZOR_LEAF,Razor Leaf,Grass,Physical,55,95,25,43,0,True,Own type
HGSS,Shiftry,49,MOVE_LEAF_STORM,Leaf Storm,Grass,Special,140,90,5,204,0,True,Own type
HGSS,Sableye,1,MOVE_LEER,Leer,Normal,Status,0,100,30,19,0,True,Normal
HGSS,Sableye,1,MOVE_SCRATCH,Scratch,Normal,Physical,40,100,35,0,0,True,Normal
HGSS,Sableye,4,MOVE_FORESIGHT,Foresight,Normal,Status,0,0,40,113,0,True,Normal
HGSS,Sableye,8,MOVE_NIGHT_SHADE,Night Shade,Ghost,Special,1,100,15,87,0,True,Own type
HGSS,Sableye,11,MOVE_ASTONISH,Astonish,Ghost,Physical,30,100,15,31,0,True,Own type
HGSS,Sableye,15,MOVE_FURY_SWIPES,Fury Swipes,Normal,Physical,18,80,15,29,0,True,Normal
HGSS,Sableye,18,MOVE_FAKE_OUT,Fake Out,Normal,Physical,40,100,10,158,1,True,Normal
HGSS,Sableye,22,MOVE_DETECT,Detect,Fighting,Status,0,0,5,111,3,True,Other type
HGSS,Sableye,25,MOVE_SHADOW_SNEAK,Shadow Sneak,Ghost,Physical,40,100,30,103,1,True,Own type
HGSS,Sableye,29,MOVE_KNOCK_OFF,Knock Off,Dark,Physical,20,100,20,188,0,True,Own type
HGSS,Sableye,32,MOVE_FEINT_ATTACK,Feint Attack,Dark,Physical,60,0,20,17,0,True,Own type
HGSS,Sableye,36,MOVE_PUNISHMENT,Punishment,Dark,Physical,1,100,5,245,0,True,Own type
HGSS,Sableye,39,MOVE_SHADOW_CLAW,Shadow Claw,Ghost,Physical,70,100,15,43,0,True,Own type
HGSS,Sableye,43,MOVE_POWER_GEM,Power Gem,Rock,Special,70,100,20,0,0,True,Other type
HGSS,Sableye,46,MOVE_CONFUSE_RAY,Confuse Ray,Ghost,Status,0,100,10,49,0,True,Own type
HGSS,Sableye,50,MOVE_ZEN_HEADBUTT,Zen Headbutt,Psychic,Physical,80,90,15,31,0,True,Other type
HGSS,Sableye,53,MOVE_SHADOW_BALL,Shadow Ball,Ghost,Special,80,100,15,72,0,True,Own type
HGSS,Sableye,57,MOVE_MEAN_LOOK,Mean Look,Normal,Status,0,0,5,106,0,True,Normal
HGSS,Sharpedo,1,MOVE_FEINT,Feint,Normal,Physical,50,100,10,223,2,True,Normal
HGSS,Sharpedo,1,MOVE_LEER,Leer,Normal,Status,0,100,30,19,0,True,Normal
HGSS,Sharpedo,1,MOVE_BITE,Bite,Dark,Physical,60,100,25,31,0,True,Own type
HGSS,Sharpedo,1,MOVE_RAGE,Rage,Normal,Physical,20,100,20,81,0,True,Normal
HGSS,Sharpedo,1,MOVE_FOCUS_ENERGY,Focus Energy,Normal,Status,0,0,30,47,0,True,Normal
HGSS,Sharpedo,6,MOVE_RAGE,Rage,Normal,Physical,20,100,20,81,0,True,Normal
HGSS,Sharpedo,8,MOVE_FOCUS_ENERGY,Focus Energy,Normal,Status,0,0,30,47,0,True,Normal
HGSS,Sharpedo,11,MOVE_SCARY_FACE,Scary Face,Normal,Status,0,90,10,60,0,True,Normal
HGSS,Sharpedo,16,MOVE_ICE_FANG,Ice Fang,Ice,Physical,65,95,15,274,0,True,Other type
HGSS,Sharpedo,18,MOVE_SCREECH,Screech,Normal,Status,0,85,40,59,0,True,Normal
HGSS,Sharpedo,21,MOVE_SWAGGER,Swagger,Normal,Status,0,90,15,118,0,True,Normal
HGSS,Sharpedo,26,MOVE_ASSURANCE,Assurance,Dark,Physical,50,100,10,231,0,True,Own type
HGSS,Sharpedo,28,MOVE_CRUNCH,Crunch,Dark,Physical,80,100,15,69,0,True,Own type
HGSS,Sharpedo,30,MOVE_SLASH,Slash,Normal,Physical,70,100,20,43,0,True,Normal
HGSS,Sharpedo,34,MOVE_AQUA_JET,Aqua Jet,Water,Physical,40,100,20,103,1,True,Own type
HGSS,Sharpedo,40,MOVE_TAUNT,Taunt,Dark,Status,0,100,20,175,0,True,Own type
HGSS,Sharpedo,45,MOVE_AGILITY,Agility,Psychic,Status,0,0,30,52,0,True,Other type
HGSS,Sharpedo,50,MOVE_SKULL_BASH,Skull Bash,Normal,Physical,100,100,15,145,0,True,Normal
HGSS,Sharpedo,56,MOVE_NIGHT_SLASH,Night Slash,Dark,Physical,70,100,15,43,0,True,Own type
HGSS,Cacturne,1,MOVE_REVENGE,Revenge,Fighting,Physical,60,100,10,185,-4,True,Other type
HGSS,Cacturne,1,MOVE_POISON_STING,Poison Sting,Poison,Physical,15,100,35,2,0,True,Other type
HGSS,Cacturne,1,MOVE_LEER,Leer,Normal,Status,0,100,30,19,0,True,Normal
HGSS,Cacturne,1,MOVE_ABSORB,Absorb,Grass,Special,20,100,25,3,0,True,Own type
HGSS,Cacturne,1,MOVE_GROWTH,Growth,Normal,Status,0,0,40,13,0,True,Normal
HGSS,Cacturne,5,MOVE_ABSORB,Absorb,Grass,Special,20,100,25,3,0,True,Own type
HGSS,Cacturne,9,MOVE_GROWTH,Growth,Normal,Status,0,0,40,13,0,True,Normal
HGSS,Cacturne,13,MOVE_LEECH_SEED,Leech Seed,Grass,Status,0,90,10,84,0,True,Own type
HGSS,Cacturne,17,MOVE_SAND_ATTACK,Sand Attack,Ground,Status,0,100,15,23,0,True,Other type
HGSS,Cacturne,21,MOVE_PIN_MISSILE,Pin Missile,Bug,Physical,14,85,20,29,0,True,Other type
HGSS,Cacturne,25,MOVE_INGRAIN,Ingrain,Grass,Status,0,0,20,181,0,True,Own type
HGSS,Cacturne,29,MOVE_FEINT_ATTACK,Feint Attack,Dark,Physical,60,0,20,17,0,True,Own type
HGSS,Cacturne,35,MOVE_SPIKES,Spikes,Ground,Status,0,0,20,112,0,True,Other type
HGSS,Cacturne,41,MOVE_SUCKER_PUNCH,Sucker Punch,Dark,Physical,80,100,5,248,1,True,Own type
HGSS,Cacturne,47,MOVE_PAYBACK,Payback,Dark,Physical,50,100,10,230,0,True,Own type
HGSS,Cacturne,53,MOVE_NEEDLE_ARM,Needle Arm,Grass,Physical,60,100,15,31,0,True,Own type
HGSS,Cacturne,59,MOVE_COTTON_SPORE,Cotton Spore,Grass,Status,0,85,40,60,0,True,Own type
HGSS,Cacturne,65,MOVE_SANDSTORM,Sandstorm,Rock,Status,0,0,10,115,0,True,Other type
HGSS,Cacturne,71,MOVE_DESTINY_BOND,Destiny Bond,Ghost,Status,0,0,5,98,0,True,Other type
HGSS,Crawdaunt,1,MOVE_BUBBLE,Bubble,Water,Special,20,100,30,70,0,True,Own type
HGSS,Crawdaunt,1,MOVE_HARDEN,Harden,Normal,Status,0,0,30,11,0,True,Normal
HGSS,Crawdaunt,1,MOVE_VICE_GRIP,Vise Grip,Normal,Physical,55,100,30,0,0,True,Normal
HGSS,Crawdaunt,1,MOVE_LEER,Leer,Normal,Status,0,100,30,19,0,True,Normal
HGSS,Crawdaunt,7,MOVE_HARDEN,Harden,Normal,Status,0,0,30,11,0,True,Normal
HGSS,Crawdaunt,10,MOVE_VICE_GRIP,Vise Grip,Normal,Physical,55,100,30,0,0,True,Normal
HGSS,Crawdaunt,13,MOVE_LEER,Leer,Normal,Status,0,100,30,19,0,True,Normal
HGSS,Crawdaunt,20,MOVE_BUBBLE_BEAM,Bubble Beam,Water,Special,65,100,20,70,0,True,Own type
HGSS,Crawdaunt,23,MOVE_PROTECT,Protect,Normal,Status,0,0,10,111,3,True,Normal
HGSS,Crawdaunt,26,MOVE_KNOCK_OFF,Knock Off,Dark,Physical,20,100,20,188,0,True,Own type
HGSS,Crawdaunt,30,MOVE_SWIFT,Swift,Normal,Special,60,0,20,17,0,True,Normal
HGSS,Crawdaunt,34,MOVE_TAUNT,Taunt,Dark,Status,0,100,20,175,0,True,Own type
HGSS,Crawdaunt,39,MOVE_NIGHT_SLASH,Night Slash,Dark,Physical,70,100,15,43,0,True,Own type
HGSS,Crawdaunt,44,MOVE_CRABHAMMER,Crabhammer,Water,Physical,90,85,10,43,0,True,Own type
HGSS,Crawdaunt,52,MOVE_SWORDS_DANCE,Swords Dance,Normal,Status,0,0,30,50,0,True,Normal
HGSS,Crawdaunt,57,MOVE_CRUNCH,Crunch,Dark,Physical,80,100,15,69,0,True,Own type
HGSS,Crawdaunt,65,MOVE_GUILLOTINE,Guillotine,Normal,Physical,1,30,5,38,0,True,Normal
HGSS,Absol,1,MOVE_SCRATCH,Scratch,Normal,Physical,40,100,35,0,0,True,Normal
HGSS,Absol,1,MOVE_FEINT,Feint,Normal,Physical,50,100,10,223,2,True,Normal
HGSS,Absol,4,MOVE_LEER,Leer,Normal,Status,0,100,30,19,0,True,Normal
HGSS,Absol,9,MOVE_TAUNT,Taunt,Dark,Status,0,100,20,175,0,True,Own type
HGSS,Absol,12,MOVE_QUICK_ATTACK,Quick Attack,Normal,Physical,40,100,30,103,1,True,Normal
HGSS,Absol,17,MOVE_RAZOR_WIND,Razor Wind,Normal,Special,80,100,10,39,0,True,Normal
HGSS,Absol,20,MOVE_PURSUIT,Pursuit,Dark,Physical,40,100,20,128,0,True,Own type
HGSS,Absol,25,MOVE_SWORDS_DANCE,Swords Dance,Normal,Status,0,0,30,50,0,True,Normal
HGSS,Absol,28,MOVE_BITE,Bite,Dark,Physical,60,100,25,31,0,True,Own type
HGSS,Absol,33,MOVE_DOUBLE_TEAM,Double Team,Normal,Status,0,0,15,16,0,True,Normal
HGSS,Absol,36,MOVE_SLASH,Slash,Normal,Physical,70,100,20,43,0,True,Normal
HGSS,Absol,41,MOVE_FUTURE_SIGHT,Future Sight,Psychic,Special,80,90,15,148,0,True,Other type
HGSS,Absol,44,MOVE_SUCKER_PUNCH,Sucker Punch,Dark,Physical,80,100,5,248,1,True,Own type
HGSS,Absol,49,MOVE_DETECT,Detect,Fighting,Status,0,0,5,111,3,True,Other type
HGSS,Absol,52,MOVE_NIGHT_SLASH,Night Slash,Dark,Physical,70,100,15,43,0,True,Own type
HGSS,Absol,57,MOVE_ME_FIRST,Me First,Normal,Status,0,0,20,241,0,True,Normal
HGSS,Absol,60,MOVE_PSYCHO_CUT,Psycho Cut,Psychic,Physical,70,100,20,43,0,True,Other type
HGSS,Absol,65,MOVE_PERISH_SONG,Perish Song,Normal,Status,0,0,5,114,0,True,Normal
HGSS,Drapion,1,MOVE_THUNDER_FANG,Thunder Fang,Electric,Physical,65,95,15,275,0,True,Other type
HGSS,Drapion,1,MOVE_ICE_FANG,Ice Fang,Ice,Physical,65,95,15,274,0,True,Other type
HGSS,Drapion,1,MOVE_FIRE_FANG,Fire Fang,Fire,Physical,65,95,15,273,0,True,Other type
HGSS,Drapion,1,MOVE_BITE,Bite,Dark,Physical,60,100,25,31,0,True,Own type
HGSS,Drapion,1,MOVE_POISON_STING,Poison Sting,Poison,Physical,15,100,35,2,0,True,Own type
HGSS,Drapion,1,MOVE_LEER,Leer,Normal,Status,0,100,30,19,0,True,Normal
HGSS,Drapion,1,MOVE_KNOCK_OFF,Knock Off,Dark,Physical,20,100,20,188,0,True,Own type
HGSS,Drapion,6,MOVE_KNOCK_OFF,Knock Off,Dark,Physical,20,100,20,188,0,True,Own type
HGSS,Drapion,12,MOVE_PIN_MISSILE,Pin Missile,Bug,Physical,14,85,20,29,0,True,Other type
HGSS,Drapion,17,MOVE_ACUPRESSURE,Acupressure,Normal,Status,0,0,30,226,0,True,Normal
HGSS,Drapion,23,MOVE_SCARY_FACE,Scary Face,Normal,Status,0,90,10,60,0,True,Normal
HGSS,Drapion,28,MOVE_TOXIC_SPIKES,Toxic Spikes,Poison,Status,0,0,20,249,0,True,Own type
HGSS,Drapion,34,MOVE_BUG_BITE,Bug Bite,Bug,Physical,60,100,20,224,0,True,Other type
HGSS,Drapion,39,MOVE_POISON_FANG,Poison Fang,Poison,Physical,50,100,15,202,0,True,Own type
HGSS,Drapion,49,MOVE_CRUNCH,Crunch,Dark,Physical,80,100,15,69,0,True,Own type
HGSS,Drapion,58,MOVE_CROSS_POISON,Cross Poison,Poison,Physical,70,100,20,209,0,True,Own type
HGSS,Skuntank,1,MOVE_SCRATCH,Scratch,Normal,Physical,40,100,35,0,0,True,Normal
HGSS,Skuntank,1,MOVE_FOCUS_ENERGY,Focus Energy,Normal,Status,0,0,30,47,0,True,Normal
HGSS,Skuntank,1,MOVE_POISON_GAS,Poison Gas,Poison,Status,0,55,40,66,0,True,Own type
HGSS,Skuntank,4,MOVE_POISON_GAS,Poison Gas,Poison,Status,0,55,40,66,0,True,Own type
HGSS,Skuntank,7,MOVE_SCREECH,Screech,Normal,Status,0,85,40,59,0,True,Normal
HGSS,Skuntank,10,MOVE_FURY_SWIPES,Fury Swipes,Normal,Physical,18,80,15,29,0,True,Normal
HGSS,Skuntank,14,MOVE_SMOKESCREEN,Smokescreen,Normal,Status,0,100,20,23,0,True,Normal
HGSS,Skuntank,18,MOVE_FEINT,Feint,Normal,Physical,50,100,10,223,2,True,Normal
HGSS,Skuntank,22,MOVE_SLASH,Slash,Normal,Physical,70,100,20,43,0,True,Normal
HGSS,Skuntank,27,MOVE_TOXIC,Toxic,Poison,Status,0,85,10,33,0,True,Own type
HGSS,Skuntank,32,MOVE_NIGHT_SLASH,Night Slash,Dark,Physical,70,100,15,43,0,True,Own type
HGSS,Skuntank,34,MOVE_FLAMETHROWER,Flamethrower,Fire,Special,95,100,15,4,0,True,Other type
HGSS,Skuntank,42,MOVE_MEMENTO,Memento,Dark,Status,0,100,10,168,0,True,Own type
HGSS,Skuntank,52,MOVE_EXPLOSION,Explosion,Normal,Physical,250,100,5,7,0,True,Normal
HGSS,Spiritomb,1,MOVE_CURSE,Curse,Unknown,Status,0,0,10,109,0,True,Other type
HGSS,Spiritomb,1,MOVE_PURSUIT,Pursuit,Dark,Physical,40,100,20,128,0,True,Own type
HGSS,Spiritomb,1,MOVE_CONFUSE_RAY,Confuse Ray,Ghost,Status,0,100,10,49,0,True,Own type
HGSS,Spiritomb,1,MOVE_SPITE,Spite,Ghost,Status,0,100,10,100,0,True,Own type
HGSS,Spiritomb,1,MOVE_SHADOW_SNEAK,Shadow Sneak,Ghost,Physical,40,100,30,103,1,True,Own type
HGSS,Spiritomb,7,MOVE_FEINT_ATTACK,Feint Attack,Dark,Physical,60,0,20,17,0,True,Own type
HGSS,Spiritomb,13,MOVE_HYPNOSIS,Hypnosis,Psychic,Status,0,60,20,1,0,True,Other type
HGSS,Spiritomb,19,MOVE_DREAM_EATER,Dream Eater,Psychic,Special,100,100,15,8,0,True,Other type
HGSS,Spiritomb,25,MOVE_OMINOUS_WIND,Ominous Wind,Ghost,Special,60,100,5,140,0,True,Own type
HGSS,Spiritomb,31,MOVE_SUCKER_PUNCH,Sucker Punch,Dark,Physical,80,100,5,248,1,True,Own type
HGSS,Spiritomb,37,MOVE_NASTY_PLOT,Nasty Plot,Dark,Status,0,0,20,53,0,True,Own type
HGSS,Spiritomb,43,MOVE_MEMENTO,Memento,Dark,Status,0,100,10,168,0,True,Own type
HGSS,Spiritomb,49,MOVE_DARK_PULSE,Dark Pulse,Dark,Special,80,100,15,31,0,True,Own type
HGSS,Sandslash,1,MOVE_SCRATCH,Scratch,Normal,Physical,40,100,35,0,0,True,Normal
HGSS,Sandslash,1,MOVE_DEFENSE_CURL,Defense Curl,Normal,Status,0,0,40,156,0,True,Normal
HGSS,Sandslash,1,MOVE_SAND_ATTACK,Sand Attack,Ground,Status,0,100,15,23,0,True,Own type
HGSS,Sandslash,3,MOVE_DEFENSE_CURL,Defense Curl,Normal,Status,0,0,40,156,0,True,Normal
HGSS,Sandslash,7,MOVE_SAND_ATTACK,Sand Attack,Ground,Status,0,100,15,23,0,True,Own type
HGSS,Sandslash,9,MOVE_POISON_STING,Poison Sting,Poison,Physical,15,100,35,2,0,True,Other type
HGSS,Sandslash,13,MOVE_RAPID_SPIN,Rapid Spin,Normal,Physical,20,100,40,129,0,True,Normal
HGSS,Sandslash,15,MOVE_SWIFT,Swift,Normal,Special,60,0,20,17,0,True,Normal
HGSS,Sandslash,19,MOVE_FURY_SWIPES,Fury Swipes,Normal,Physical,18,80,15,29,0,True,Normal
HGSS,Sandslash,21,MOVE_ROLLOUT,Rollout,Rock,Physical,30,90,20,117,0,True,Other type
HGSS,Sandslash,22,MOVE_CRUSH_CLAW,Crush Claw,Normal,Physical,75,95,10,69,0,True,Normal
HGSS,Sandslash,28,MOVE_FURY_CUTTER,Fury Cutter,Bug,Physical,10,95,20,119,0,True,Other type
HGSS,Sandslash,33,MOVE_SAND_TOMB,Sand Tomb,Ground,Physical,15,70,15,42,0,True,Own type
HGSS,Sandslash,40,MOVE_SLASH,Slash,Normal,Physical,70,100,20,43,0,True,Normal
HGSS,Sandslash,45,MOVE_GYRO_BALL,Gyro Ball,Steel,Physical,1,100,5,219,0,True,Other type
HGSS,Sandslash,52,MOVE_SANDSTORM,Sandstorm,Rock,Status,0,0,10,115,0,True,Other type
HGSS,Nidoking,1,MOVE_PECK,Peck,Flying,Physical,35,100,35,0,0,True,Other type
HGSS,Nidoking,1,MOVE_FOCUS_ENERGY,Focus Energy,Normal,Status,0,0,30,47,0,True,Normal
HGSS,Nidoking,1,MOVE_DOUBLE_KICK,Double Kick,Fighting,Physical,30,100,30,44,0,True,Other type
HGSS,Nidoking,1,MOVE_POISON_STING,Poison Sting,Poison,Physical,15,100,35,2,0,True,Own type
HGSS,Nidoking,23,MOVE_THRASH,Thrash,Normal,Physical,90,100,20,27,0,True,Normal
HGSS,Nidoking,43,MOVE_EARTH_POWER,Earth Power,Ground,Special,90,100,10,72,0,True,Own type
HGSS,Nidoking,58,MOVE_MEGAHORN,Megahorn,Bug,Physical,120,85,10,0,0,True,Other type
HGSS,Dugtrio,1,MOVE_NIGHT_SLASH,Night Slash,Dark,Physical,70,100,15,43,0,True,Other type
HGSS,Dugtrio,1,MOVE_TRI_ATTACK,Tri Attack,Normal,Special,80,100,10,36,0,True,Normal
HGSS,Dugtrio,1,MOVE_SCRATCH,Scratch,Normal,Physical,40,100,35,0,0,True,Normal
HGSS,Dugtrio,1,MOVE_SAND_ATTACK,Sand Attack,Ground,Status,0,100,15,23,0,True,Own type
HGSS,Dugtrio,1,MOVE_GROWL,Growl,Normal,Status,0,100,40,18,0,True,Normal
HGSS,Dugtrio,4,MOVE_GROWL,Growl,Normal,Status,0,100,40,18,0,True,Normal
HGSS,Dugtrio,7,MOVE_ASTONISH,Astonish,Ghost,Physical,30,100,15,31,0,True,Other type
HGSS,Dugtrio,12,MOVE_MAGNITUDE,Magnitude,Ground,Physical,1,100,30,126,0,True,Own type
HGSS,Dugtrio,15,MOVE_MUD_SLAP,Mud-Slap,Ground,Special,20,100,10,73,0,True,Own type
HGSS,Dugtrio,18,MOVE_DIG,Dig,Ground,Physical,80,100,10,256,0,True,Own type
HGSS,Dugtrio,23,MOVE_SUCKER_PUNCH,Sucker Punch,Dark,Physical,80,100,5,248,1,True,Other type
HGSS,Dugtrio,26,MOVE_SAND_TOMB,Sand Tomb,Ground,Physical,15,70,15,42,0,True,Own type
HGSS,Dugtrio,28,MOVE_EARTH_POWER,Earth Power,Ground,Special,90,100,10,72,0,True,Own type
HGSS,Dugtrio,33,MOVE_MUD_BOMB,Mud Bomb,Ground,Special,65,85,10,73,0,True,Own type
HGSS,Dugtrio,40,MOVE_SLASH,Slash,Normal,Physical,70,100,20,43,0,True,Normal
HGSS,Dugtrio,45,MOVE_EARTHQUAKE,Earthquake,Ground,Physical,100,100,10,147,0,True,Own type
HGSS,Dugtrio,50,MOVE_FISSURE,Fissure,Ground,Physical,1,30,5,38,0,True,Own type
HGSS,Golem,1,MOVE_TACKLE,Tackle,Normal,Physical,35,95,35,0,0,True,Normal
HGSS,Golem,1,MOVE_DEFENSE_CURL,Defense Curl,Normal,Status,0,0,40,156,0,True,Normal
HGSS,Golem,1,MOVE_MUD_SPORT,Mud Sport,Ground,Status,0,0,15,201,0,True,Own type
HGSS,Golem,1,MOVE_ROCK_POLISH,Rock Polish,Rock,Status,0,0,20,52,0,True,Own type
HGSS,Golem,4,MOVE_MUD_SPORT,Mud Sport,Ground,Status,0,0,15,201,0,True,Own type
HGSS,Golem,8,MOVE_ROCK_POLISH,Rock Polish,Rock,Status,0,0,20,52,0,True,Own type
HGSS,Golem,11,MOVE_ROCK_THROW,Rock Throw,Rock,Physical,50,90,15,0,0,True,Own type
HGSS,Golem,15,MOVE_MAGNITUDE,Magnitude,Ground,Physical,1,100,30,126,0,True,Own type
HGSS,Golem,18,MOVE_SELF_DESTRUCT,Self-Destruct,Normal,Physical,200,100,5,7,0,True,Normal
HGSS,Golem,22,MOVE_ROLLOUT,Rollout,Rock,Physical,30,90,20,117,0,True,Own type
HGSS,Golem,27,MOVE_ROCK_BLAST,Rock Blast,Rock,Physical,25,80,10,29,0,True,Own type
HGSS,Golem,33,MOVE_EARTHQUAKE,Earthquake,Ground,Physical,100,100,10,147,0,True,Own type
HGSS,Golem,38,MOVE_EXPLOSION,Explosion,Normal,Physical,250,100,5,7,0,True,Normal
HGSS,Golem,44,MOVE_DOUBLE_EDGE,Double-Edge,Normal,Physical,120,100,15,198,0,True,Normal
HGSS,Golem,49,MOVE_STONE_EDGE,Stone Edge,Rock,Physical,100,80,5,43,0,True,Own type
HGSS,Steelix,1,MOVE_THUNDER_FANG,Thunder Fang,Electric,Physical,65,95,15,275,0,True,Other type
HGSS,Steelix,1,MOVE_ICE_FANG,Ice Fang,Ice,Physical,65,95,15,274,0,True,Other type
HGSS,Steelix,1,MOVE_FIRE_FANG,Fire Fang,Fire,Physical,65,95,15,273,0,True,Other type
HGSS,Steelix,1,MOVE_MUD_SPORT,Mud Sport,Ground,Status,0,0,15,201,0,True,Own type
HGSS,Steelix,1,MOVE_TACKLE,Tackle,Normal,Physical,35,95,35,0,0,True,Normal
HGSS,Steelix,1,MOVE_HARDEN,Harden,Normal,Status,0,0,30,11,0,True,Normal
HGSS,Steelix,1,MOVE_BIND,Bind,Normal,Physical,15,75,20,42,0,True,Normal
HGSS,Steelix,6,MOVE_SCREECH,Screech,Normal,Status,0,85,40,59,0,True,Normal
HGSS,Steelix,9,MOVE_ROCK_THROW,Rock Throw,Rock,Physical,50,90,15,0,0,True,Other type
HGSS,Steelix,14,MOVE_RAGE,Rage,Normal,Physical,20,100,20,81,0,True,Normal
HGSS,Steelix,17,MOVE_ROCK_TOMB,Rock Tomb,Rock,Physical,50,80,10,70,0,True,Other type
HGSS,Steelix,22,MOVE_SANDSTORM,Sandstorm,Rock,Status,0,0,10,115,0,True,Other type
HGSS,Steelix,25,MOVE_SLAM,Slam,Normal,Physical,80,75,20,0,0,True,Normal
HGSS,Steelix,30,MOVE_ROCK_POLISH,Rock Polish,Rock,Status,0,0,20,52,0,True,Other type
HGSS,Steelix,33,MOVE_DRAGON_BREATH,Dragon Breath,Dragon,Special,60,100,20,6,0,True,Other type
HGSS,Steelix,38,MOVE_CURSE,Curse,Unknown,Status,0,0,10,109,0,True,Other type
HGSS,Steelix,41,MOVE_IRON_TAIL,Iron Tail,Steel,Physical,100,75,15,69,0,True,Own type
HGSS,Steelix,46,MOVE_CRUNCH,Crunch,Dark,Physical,80,100,15,69,0,True,Other type
HGSS,Steelix,49,MOVE_DOUBLE_EDGE,Double-Edge,Normal,Physical,120,100,15,198,0,True,Normal
HGSS,Steelix,54,MOVE_STONE_EDGE,Stone Edge,Rock,Physical,100,80,5,43,0,True,Other type
HGSS,Marowak,1,MOVE_GROWL,Growl,Normal,Status,0,100,40,18,0,True,Normal
HGSS,Marowak,1,MOVE_TAIL_WHIP,Tail Whip,Normal,Status,0,100,30,19,0,True,Normal
HGSS,Marowak,1,MOVE_BONE_CLUB,Bone Club,Ground,Physical,65,85,20,31,0,True,Own type
HGSS,Marowak,1,MOVE_HEADBUTT,Headbutt,Normal,Physical,70,100,15,31,0,True,Normal
HGSS,Marowak,3,MOVE_TAIL_WHIP,Tail Whip,Normal,Status,0,100,30,19,0,True,Normal
HGSS,Marowak,7,MOVE_BONE_CLUB,Bone Club,Ground,Physical,65,85,20,31,0,True,Own type
HGSS,Marowak,11,MOVE_HEADBUTT,Headbutt,Normal,Physical,70,100,15,31,0,True,Normal
HGSS,Marowak,13,MOVE_LEER,Leer,Normal,Status,0,100,30,19,0,True,Normal
HGSS,Marowak,17,MOVE_FOCUS_ENERGY,Focus Energy,Normal,Status,0,0,30,47,0,True,Normal
HGSS,Marowak,21,MOVE_BONEMERANG,Bonemerang,Ground,Physical,50,90,10,44,0,True,Own type
HGSS,Marowak,23,MOVE_RAGE,Rage,Normal,Physical,20,100,20,81,0,True,Normal
HGSS,Marowak,27,MOVE_FALSE_SWIPE,False Swipe,Normal,Physical,40,100,40,101,0,True,Normal
HGSS,Marowak,33,MOVE_THRASH,Thrash,Normal,Physical,90,100,20,27,0,True,Normal
HGSS,Marowak,37,MOVE_FLING,Fling,Dark,Physical,1,100,10,233,0,True,Other type
HGSS,Marowak,43,MOVE_BONE_RUSH,Bone Rush,Ground,Physical,25,80,10,29,0,True,Own type
HGSS,Marowak,49,MOVE_ENDEAVOR,Endeavor,Normal,Physical,1,100,5,189,0,True,Normal
HGSS,Marowak,53,MOVE_DOUBLE_EDGE,Double-Edge,Normal,Physical,120,100,15,198,0,True,Normal
HGSS,Donphan,1,MOVE_FIRE_FANG,Fire Fang,Fire,Physical,65,95,15,273,0,True,Other type
HGSS,Donphan,1,MOVE_THUNDER_FANG,Thunder Fang,Electric,Physical,65,95,15,275,0,True,Other type
HGSS,Donphan,1,MOVE_HORN_ATTACK,Horn Attack,Normal,Physical,65,100,25,0,0,True,Normal
HGSS,Donphan,1,MOVE_GROWL,Growl,Normal,Status,0,100,40,18,0,True,Normal
HGSS,Donphan,1,MOVE_DEFENSE_CURL,Defense Curl,Normal,Status,0,0,40,156,0,True,Normal
HGSS,Donphan,1,MOVE_FLAIL,Flail,Normal,Physical,1,100,15,99,0,True,Normal
HGSS,Donphan,6,MOVE_RAPID_SPIN,Rapid Spin,Normal,Physical,20,100,40,129,0,True,Normal
HGSS,Donphan,10,MOVE_KNOCK_OFF,Knock Off,Dark,Physical,20,100,20,188,0,True,Other type
HGSS,Donphan,15,MOVE_ROLLOUT,Rollout,Rock,Physical,30,90,20,117,0,True,Other type
HGSS,Donphan,19,MOVE_MAGNITUDE,Magnitude,Ground,Physical,1,100,30,126,0,True,Own type
HGSS,Donphan,24,MOVE_SLAM,Slam,Normal,Physical,80,75,20,0,0,True,Normal
HGSS,Donphan,25,MOVE_FURY_ATTACK,Fury Attack,Normal,Physical,15,85,20,29,0,True,Normal
HGSS,Donphan,31,MOVE_ASSURANCE,Assurance,Dark,Physical,50,100,10,231,0,True,Other type
HGSS,Donphan,39,MOVE_SCARY_FACE,Scary Face,Normal,Status,0,90,10,60,0,True,Normal
HGSS,Donphan,46,MOVE_EARTHQUAKE,Earthquake,Ground,Physical,100,100,10,147,0,True,Own type
HGSS,Donphan,54,MOVE_GIGA_IMPACT,Giga Impact,Normal,Physical,150,90,5,80,0,True,Normal
HGSS,Quagsire,1,MOVE_WATER_GUN,Water Gun,Water,Special,40,100,25,0,0,True,Own type
HGSS,Quagsire,1,MOVE_TAIL_WHIP,Tail Whip,Normal,Status,0,100,30,19,0,True,Normal
HGSS,Quagsire,1,MOVE_MUD_SPORT,Mud Sport,Ground,Status,0,0,15,201,0,True,Own type
HGSS,Quagsire,5,MOVE_MUD_SPORT,Mud Sport,Ground,Status,0,0,15,201,0,True,Own type
HGSS,Quagsire,9,MOVE_MUD_SHOT,Mud Shot,Ground,Special,55,95,15,70,0,True,Own type
HGSS,Quagsire,15,MOVE_SLAM,Slam,Normal,Physical,80,75,20,0,0,True,Normal
HGSS,Quagsire,19,MOVE_MUD_BOMB,Mud Bomb,Ground,Special,65,85,10,73,0,True,Own type
HGSS,Quagsire,24,MOVE_AMNESIA,Amnesia,Psychic,Status,0,0,20,54,0,True,Other type
HGSS,Quagsire,31,MOVE_YAWN,Yawn,Normal,Status,0,0,10,187,0,True,Normal
HGSS,Quagsire,36,MOVE_EARTHQUAKE,Earthquake,Ground,Physical,100,100,10,147,0,True,Own type
HGSS,Quagsire,41,MOVE_RAIN_DANCE,Rain Dance,Water,Status,0,0,5,136,0,True,Own type
HGSS,Quagsire,48,MOVE_MIST,Mist,Ice,Status,0,0,30,46,0,True,Other type
HGSS,Quagsire,48,MOVE_HAZE,Haze,Ice,Status,0,0,30,25,0,True,Other type
HGSS,Quagsire,53,MOVE_MUDDY_WATER,Muddy Water,Water,Special,95,85,10,73,0,True,Own type
HGSS,Whiscash,1,MOVE_ZEN_HEADBUTT,Zen Headbutt,Psychic,Physical,80,90,15,31,0,True,Other type
HGSS,Whiscash,1,MOVE_TICKLE,Tickle,Normal,Status,0,100,20,205,0,True,Normal
HGSS,Whiscash,1,MOVE_MUD_SLAP,Mud-Slap,Ground,Special,20,100,10,73,0,True,Own type
HGSS,Whiscash,1,MOVE_MUD_SPORT,Mud Sport,Ground,Status,0,0,15,201,0,True,Own type
HGSS,Whiscash,1,MOVE_WATER_SPORT,Water Sport,Water,Status,0,0,15,210,0,True,Own type
HGSS,Whiscash,6,MOVE_MUD_SPORT,Mud Sport,Ground,Status,0,0,15,201,0,True,Own type
HGSS,Whiscash,6,MOVE_WATER_SPORT,Water Sport,Water,Status,0,0,15,210,0,True,Own type
HGSS,Whiscash,10,MOVE_WATER_GUN,Water Gun,Water,Special,40,100,25,0,0,True,Own type
HGSS,Whiscash,14,MOVE_MUD_BOMB,Mud Bomb,Ground,Special,65,85,10,73,0,True,Own type
HGSS,Whiscash,18,MOVE_AMNESIA,Amnesia,Psychic,Status,0,0,20,54,0,True,Other type
HGSS,Whiscash,22,MOVE_WATER_PULSE,Water Pulse,Water,Special,60,100,20,76,0,True,Own type
HGSS,Whiscash,26,MOVE_MAGNITUDE,Magnitude,Ground,Physical,1,100,30,126,0,True,Own type
HGSS,Whiscash,33,MOVE_REST,Rest,Psychic,Status,0,0,10,37,0,True,Other type
HGSS,Whiscash,33,MOVE_SNORE,Snore,Normal,Special,40,100,15,92,0,True,Normal
HGSS,Whiscash,39,MOVE_AQUA_TAIL,Aqua Tail,Water,Physical,90,90,10,0,0,True,Own type
HGSS,Whiscash,45,MOVE_EARTHQUAKE,Earthquake,Ground,Physical,100,100,10,147,0,True,Own type
HGSS,Whiscash,51,MOVE_FUTURE_SIGHT,Future Sight,Psychic,Special,80,90,15,148,0,True,Other type
HGSS,Whiscash,57,MOVE_FISSURE,Fissure,Ground,Physical,1,30,5,38,0,True,Own type
HGSS,Claydol,1,MOVE_TELEPORT,Teleport,Psychic,Status,0,0,20,153,0,True,Own type
HGSS,Claydol,1,MOVE_CONFUSION,Confusion,Psychic,Special,50,100,25,76,0,True,Own type
HGSS,Claydol,1,MOVE_HARDEN,Harden,Normal,Status,0,0,30,11,0,True,Normal
HGSS,Claydol,1,MOVE_RAPID_SPIN,Rapid Spin,Normal,Physical,20,100,40,129,0,True,Normal
HGSS,Claydol,3,MOVE_HARDEN,Harden,Normal,Status,0,0,30,11,0,True,Normal
HGSS,Claydol,5,MOVE_RAPID_SPIN,Rapid Spin,Normal,Physical,20,100,40,129,0,True,Normal
HGSS,Claydol,7,MOVE_MUD_SLAP,Mud-Slap,Ground,Special,20,100,10,73,0,True,Own type
HGSS,Claydol,11,MOVE_PSYBEAM,Psybeam,Psychic,Special,65,100,20,76,0,True,Own type
HGSS,Claydol,15,MOVE_ROCK_TOMB,Rock Tomb,Rock,Physical,50,80,10,70,0,True,Other type
HGSS,Claydol,19,MOVE_SELF_DESTRUCT,Self-Destruct,Normal,Physical,200,100,5,7,0,True,Normal
HGSS,Claydol,25,MOVE_ANCIENT_POWER,Ancient Power,Rock,Special,60,100,5,140,0,True,Other type
HGSS,Claydol,31,MOVE_POWER_TRICK,Power Trick,Psychic,Status,0,0,10,238,0,True,Own type
HGSS,Claydol,36,MOVE_HYPER_BEAM,Hyper Beam,Normal,Special,150,90,5,80,0,True,Normal
HGSS,Claydol,40,MOVE_SANDSTORM,Sandstorm,Rock,Status,0,0,10,115,0,True,Other type
HGSS,Claydol,51,MOVE_COSMIC_POWER,Cosmic Power,Psychic,Status,0,0,20,206,0,True,Own type
HGSS,Claydol,62,MOVE_EARTH_POWER,Earth Power,Ground,Special,90,100,10,72,0,True,Own type
HGSS,Claydol,73,MOVE_HEAL_BLOCK,Heal Block,Psychic,Status,0,100,15,236,0,True,Own type
HGSS,Claydol,86,MOVE_EXPLOSION,Explosion,Normal,Physical,250,100,5,7,0,True,Normal
HGSS,Hippowdon,1,MOVE_ICE_FANG,Ice Fang,Ice,Physical,65,95,15,274,0,True,Other type
HGSS,Hippowdon,1,MOVE_FIRE_FANG,Fire Fang,Fire,Physical,65,95,15,273,0,True,Other type
HGSS,Hippowdon,1,MOVE_THUNDER_FANG,Thunder Fang,Electric,Physical,65,95,15,275,0,True,Other type
HGSS,Hippowdon,1,MOVE_TACKLE,Tackle,Normal,Physical,35,95,35,0,0,True,Normal
HGSS,Hippowdon,1,MOVE_SAND_ATTACK,Sand Attack,Ground,Status,0,100,15,23,0,True,Own type
HGSS,Hippowdon,1,MOVE_BITE,Bite,Dark,Physical,60,100,25,31,0,True,Other type
HGSS,Hippowdon,1,MOVE_YAWN,Yawn,Normal,Status,0,0,10,187,0,True,Normal
HGSS,Hippowdon,7,MOVE_BITE,Bite,Dark,Physical,60,100,25,31,0,True,Other type
HGSS,Hippowdon,13,MOVE_YAWN,Yawn,Normal,Status,0,0,10,187,0,True,Normal
HGSS,Hippowdon,19,MOVE_TAKE_DOWN,Take Down,Normal,Physical,90,85,20,48,0,True,Normal
HGSS,Hippowdon,19,MOVE_DIG,Dig,Ground,Physical,80,100,10,256,0,True,Own type
HGSS,Hippowdon,25,MOVE_SAND_TOMB,Sand Tomb,Ground,Physical,15,70,15,42,0,True,Own type
HGSS,Hippowdon,31,MOVE_CRUNCH,Crunch,Dark,Physical,80,100,15,69,0,True,Other type
HGSS,Hippowdon,40,MOVE_EARTHQUAKE,Earthquake,Ground,Physical,100,100,10,147,0,True,Own type
HGSS,Hippowdon,50,MOVE_DOUBLE_EDGE,Double-Edge,Normal,Physical,120,100,15,198,0,True,Normal
HGSS,Hippowdon,60,MOVE_FISSURE,Fissure,Ground,Physical,1,30,5,38,0,True,Own type
HGSS,Gliscor,1,MOVE_THUNDER_FANG,Thunder Fang,Electric,Physical,65,95,15,275,0,True,Other type
HGSS,Gliscor,1,MOVE_ICE_FANG,Ice Fang,Ice,Physical,65,95,15,274,0,True,Other type
HGSS,Gliscor,1,MOVE_FIRE_FANG,Fire Fang,Fire,Physical,65,95,15,273,0,True,Other type
HGSS,Gliscor,1,MOVE_POISON_JAB,Poison Jab,Poison,Physical,80,100,20,2,0,True,Other type
HGSS,Gliscor,1,MOVE_SAND_ATTACK,Sand Attack,Ground,Status,0,100,15,23,0,True,Own type
HGSS,Gliscor,1,MOVE_HARDEN,Harden,Normal,Status,0,0,30,11,0,True,Normal
HGSS,Gliscor,1,MOVE_KNOCK_OFF,Knock Off,Dark,Physical,20,100,20,188,0,True,Other type
HGSS,Gliscor,5,MOVE_SAND_ATTACK,Sand Attack,Ground,Status,0,100,15,23,0,True,Own type
HGSS,Gliscor,9,MOVE_HARDEN,Harden,Normal,Status,0,0,30,11,0,True,Normal
HGSS,Gliscor,12,MOVE_KNOCK_OFF,Knock Off,Dark,Physical,20,100,20,188,0,True,Other type
HGSS,Gliscor,16,MOVE_QUICK_ATTACK,Quick Attack,Normal,Physical,40,100,30,103,1,True,Normal
HGSS,Gliscor,20,MOVE_FURY_CUTTER,Fury Cutter,Bug,Physical,10,95,20,119,0,True,Other type
HGSS,Gliscor,23,MOVE_FEINT_ATTACK,Feint Attack,Dark,Physical,60,0,20,17,0,True,Other type
HGSS,Gliscor,27,MOVE_SCREECH,Screech,Normal,Status,0,85,40,59,0,True,Normal
HGSS,Gliscor,31,MOVE_NIGHT_SLASH,Night Slash,Dark,Physical,70,100,15,43,0,True,Other type
HGSS,Gliscor,34,MOVE_SWORDS_DANCE,Swords Dance,Normal,Status,0,0,30,50,0,True,Normal
HGSS,Gliscor,38,MOVE_U_TURN,U-turn,Bug,Physical,70,100,20,228,0,True,Other type
HGSS,Gliscor,42,MOVE_X_SCISSOR,X-Scissor,Bug,Physical,80,100,15,0,0,True,Other type
HGSS,Gliscor,45,MOVE_GUILLOTINE,Guillotine,Normal,Physical,1,30,5,38,0,True,Normal
HGSS,Fearow,1,MOVE_PLUCK,Pluck,Flying,Physical,60,100,20,224,0,True,Own type
HGSS,Fearow,1,MOVE_PECK,Peck,Flying,Physical,35,100,35,0,0,True,Own type
HGSS,Fearow,1,MOVE_GROWL,Growl,Normal,Status,0,100,40,18,0,True,Own type
HGSS,Fearow,1,MOVE_LEER,Leer,Normal,Status,0,100,30,19,0,True,Own type
HGSS,Fearow,1,MOVE_FURY_ATTACK,Fury Attack,Normal,Physical,15,85,20,29,0,True,Own type
HGSS,Fearow,5,MOVE_LEER,Leer,Normal,Status,0,100,30,19,0,True,Own type
HGSS,Fearow,9,MOVE_FURY_ATTACK,Fury Attack,Normal,Physical,15,85,20,29,0,True,Own type
HGSS,Fearow,13,MOVE_PURSUIT,Pursuit,Dark,Physical,40,100,20,128,0,True,Other type
HGSS,Fearow,17,MOVE_AERIAL_ACE,Aerial Ace,Flying,Physical,60,0,20,17,0,True,Own type
HGSS,Fearow,23,MOVE_MIRROR_MOVE,Mirror Move,Flying,Status,0,0,20,9,0,True,Own type
HGSS,Fearow,29,MOVE_AGILITY,Agility,Psychic,Status,0,0,30,52,0,True,Other type
HGSS,Fearow,35,MOVE_ASSURANCE,Assurance,Dark,Physical,50,100,10,231,0,True,Other type
HGSS,Fearow,41,MOVE_ROOST,Roost,Flying,Status,0,0,10,214,0,True,Own type
HGSS,Fearow,47,MOVE_DRILL_PECK,Drill Peck,Flying,Physical,80,100,20,0,0,True,Own type
HGSS,Crobat,1,MOVE_CROSS_POISON,Cross Poison,Poison,Physical,70,100,20,209,0,True,Own type
HGSS,Crobat,1,MOVE_SCREECH,Screech,Normal,Status,0,85,40,59,0,True,Normal
HGSS,Crobat,1,MOVE_LEECH_LIFE,Leech Life,Bug,Physical,20,100,15,3,0,True,Other type
HGSS,Crobat,1,MOVE_SUPERSONIC,Supersonic,Normal,Status,0,55,20,49,0,True,Normal
HGSS,Crobat,1,MOVE_ASTONISH,Astonish,Ghost,Physical,30,100,15,31,0,True,Other type
HGSS,Crobat,5,MOVE_SUPERSONIC,Supersonic,Normal,Status,0,55,20,49,0,True,Normal
HGSS,Crobat,9,MOVE_ASTONISH,Astonish,Ghost,Physical,30,100,15,31,0,True,Other type
HGSS,Crobat,13,MOVE_BITE,Bite,Dark,Physical,60,100,25,31,0,True,Other type
HGSS,Crobat,17,MOVE_WING_ATTACK,Wing Attack,Flying,Physical,60,100,35,0,0,True,Own type
HGSS,Crobat,21,MOVE_CONFUSE_RAY,Confuse Ray,Ghost,Status,0,100,10,49,0,True,Other type
HGSS,Crobat,27,MOVE_AIR_CUTTER,Air Cutter,Flying,Special,55,95,25,43,0,True,Own type
HGSS,Crobat,33,MOVE_MEAN_LOOK,Mean Look,Normal,Status,0,0,5,106,0,True,Normal
HGSS,Crobat,39,MOVE_POISON_FANG,Poison Fang,Poison,Physical,50,100,15,202,0,True,Own type
HGSS,Crobat,45,MOVE_HAZE,Haze,Ice,Status,0,0,30,25,0,True,Other type
HGSS,Crobat,51,MOVE_AIR_SLASH,Air Slash,Flying,Special,75,95,20,31,0,True,Own type
HGSS,Dodrio,1,MOVE_PLUCK,Pluck,Flying,Physical,60,100,20,224,0,True,Own type
HGSS,Dodrio,1,MOVE_PECK,Peck,Flying,Physical,35,100,35,0,0,True,Own type
HGSS,Dodrio,1,MOVE_GROWL,Growl,Normal,Status,0,100,40,18,0,True,Own type
HGSS,Dodrio,1,MOVE_QUICK_ATTACK,Quick Attack,Normal,Physical,40,100,30,103,1,True,Own type
HGSS,Dodrio,1,MOVE_RAGE,Rage,Normal,Physical,20,100,20,81,0,True,Own type
HGSS,Dodrio,5,MOVE_QUICK_ATTACK,Quick Attack,Normal,Physical,40,100,30,103,1,True,Own type
HGSS,Dodrio,10,MOVE_RAGE,Rage,Normal,Physical,20,100,20,81,0,True,Own type
HGSS,Dodrio,14,MOVE_FURY_ATTACK,Fury Attack,Normal,Physical,15,85,20,29,0,True,Own type
HGSS,Dodrio,19,MOVE_PURSUIT,Pursuit,Dark,Physical,40,100,20,128,0,True,Other type
HGSS,Dodrio,23,MOVE_UPROAR,Uproar,Normal,Special,50,100,10,159,0,True,Own type
HGSS,Dodrio,28,MOVE_ACUPRESSURE,Acupressure,Normal,Status,0,0,30,226,0,True,Own type
HGSS,Dodrio,34,MOVE_TRI_ATTACK,Tri Attack,Normal,Special,80,100,10,36,0,True,Own type
HGSS,Dodrio,41,MOVE_AGILITY,Agility,Psychic,Status,0,0,30,52,0,True,Other type
HGSS,Dodrio,47,MOVE_DRILL_PECK,Drill Peck,Flying,Physical,80,100,20,0,0,True,Own type
HGSS,Dodrio,54,MOVE_ENDEAVOR,Endeavor,Normal,Physical,1,100,5,189,0,True,Own type
HGSS,Xatu,1,MOVE_PECK,Peck,Flying,Physical,35,100,35,0,0,True,Own type
HGSS,Xatu,1,MOVE_LEER,Leer,Normal,Status,0,100,30,19,0,True,Normal
HGSS,Xatu,6,MOVE_NIGHT_SHADE,Night Shade,Ghost,Special,1,100,15,87,0,True,Other type
HGSS,Xatu,9,MOVE_TELEPORT,Teleport,Psychic,Status,0,0,20,153,0,True,Own type
HGSS,Xatu,12,MOVE_LUCKY_CHANT,Lucky Chant,Normal,Status,0,0,30,240,0,True,Normal
HGSS,Xatu,17,MOVE_MIRACLE_EYE,Miracle Eye,Psychic,Status,0,0,40,216,0,True,Own type
HGSS,Xatu,20,MOVE_ME_FIRST,Me First,Normal,Status,0,0,20,241,0,True,Normal
HGSS,Xatu,23,MOVE_CONFUSE_RAY,Confuse Ray,Ghost,Status,0,100,10,49,0,True,Other type
HGSS,Xatu,27,MOVE_TAILWIND,Tailwind,Flying,Status,0,0,30,225,0,True,Own type
HGSS,Xatu,30,MOVE_WISH,Wish,Normal,Status,0,0,10,179,0,True,Normal
HGSS,Xatu,37,MOVE_PSYCHO_SHIFT,Psycho Shift,Psychic,Status,0,90,10,234,0,True,Own type
HGSS,Xatu,42,MOVE_FUTURE_SIGHT,Future Sight,Psychic,Special,80,90,15,148,0,True,Own type
HGSS,Xatu,47,MOVE_OMINOUS_WIND,Ominous Wind,Ghost,Special,60,100,5,140,0,True,Other type
HGSS,Xatu,54,MOVE_POWER_SWAP,Power Swap,Psychic,Status,0,0,10,243,0,True,Own type
HGSS,Xatu,54,MOVE_GUARD_SWAP,Guard Swap,Psychic,Status,0,0,10,244,0,True,Own type
HGSS,Xatu,59,MOVE_PSYCHIC,Psychic,Psychic,Special,90,100,10,72,0,True,Own type
HGSS,Noctowl,1,MOVE_SKY_ATTACK,Sky Attack,Flying,Physical,140,90,5,75,0,True,Own type
HGSS,Noctowl,1,MOVE_TACKLE,Tackle,Normal,Physical,35,95,35,0,0,True,Own type
HGSS,Noctowl,1,MOVE_GROWL,Growl,Normal,Status,0,100,40,18,0,True,Own type
HGSS,Noctowl,1,MOVE_FORESIGHT,Foresight,Normal,Status,0,0,40,113,0,True,Own type
HGSS,Noctowl,1,MOVE_HYPNOSIS,Hypnosis,Psychic,Status,0,60,20,1,0,True,Other type
HGSS,Noctowl,5,MOVE_HYPNOSIS,Hypnosis,Psychic,Status,0,60,20,1,0,True,Other type
HGSS,Noctowl,9,MOVE_PECK,Peck,Flying,Physical,35,100,35,0,0,True,Own type
HGSS,Noctowl,13,MOVE_UPROAR,Uproar,Normal,Special,50,100,10,159,0,True,Own type
HGSS,Noctowl,17,MOVE_REFLECT,Reflect,Psychic,Status,0,0,20,65,0,True,Other type
HGSS,Noctowl,22,MOVE_CONFUSION,Confusion,Psychic,Special,50,100,25,76,0,True,Other type
HGSS,Noctowl,27,MOVE_TAKE_DOWN,Take Down,Normal,Physical,90,85,20,48,0,True,Own type
HGSS,Noctowl,32,MOVE_AIR_SLASH,Air Slash,Flying,Special,75,95,20,31,0,True,Own type
HGSS,Noctowl,37,MOVE_ZEN_HEADBUTT,Zen Headbutt,Psychic,Physical,80,90,15,31,0,True,Other type
HGSS,Noctowl,42,MOVE_EXTRASENSORY,Extrasensory,Psychic,Special,80,100,30,31,0,True,Other type
HGSS,Noctowl,47,MOVE_PSYCHO_SHIFT,Psycho Shift,Psychic,Status,0,90,10,234,0,True,Other type
HGSS,Noctowl,52,MOVE_ROOST,Roost,Flying,Status,0,0,10,214,0,True,Own type
HGSS,Noctowl,57,MOVE_DREAM_EATER,Dream Eater,Psychic,Special,100,100,15,8,0,True,Other type
HGSS,Pelipper,1,MOVE_GROWL,Growl,Normal,Status,0,100,40,18,0,True,Normal
HGSS,Pelipper,1,MOVE_WATER_GUN,Water Gun,Water,Special,40,100,25,0,0,True,Own type
HGSS,Pelipper,1,MOVE_WATER_SPORT,Water Sport,Water,Status,0,0,15,210,0,True,Own type
HGSS,Pelipper,1,MOVE_WING_ATTACK,Wing Attack,Flying,Physical,60,100,35,0,0,True,Own type
HGSS,Pelipper,6,MOVE_SUPERSONIC,Supersonic,Normal,Status,0,55,20,49,0,True,Normal
HGSS,Pelipper,11,MOVE_WING_ATTACK,Wing Attack,Flying,Physical,60,100,35,0,0,True,Own type
HGSS,Pelipper,16,MOVE_MIST,Mist,Ice,Status,0,0,30,46,0,True,Other type
HGSS,Pelipper,19,MOVE_WATER_PULSE,Water Pulse,Water,Special,60,100,20,76,0,True,Own type
HGSS,Pelipper,24,MOVE_PAYBACK,Payback,Dark,Physical,50,100,10,230,0,True,Other type
HGSS,Pelipper,25,MOVE_PROTECT,Protect,Normal,Status,0,0,10,111,3,True,Normal
HGSS,Pelipper,31,MOVE_ROOST,Roost,Flying,Status,0,0,10,214,0,True,Own type
HGSS,Pelipper,38,MOVE_STOCKPILE,Stockpile,Normal,Status,0,0,20,160,0,True,Normal
HGSS,Pelipper,38,MOVE_SWALLOW,Swallow,Normal,Status,0,0,10,162,0,True,Normal
HGSS,Pelipper,38,MOVE_SPIT_UP,Spit Up,Normal,Special,1,100,10,161,0,True,Normal
HGSS,Pelipper,43,MOVE_FLING,Fling,Dark,Physical,1,100,10,233,0,True,Other type
HGSS,Pelipper,50,MOVE_TAILWIND,Tailwind,Flying,Status,0,0,30,225,0,True,Own type
HGSS,Pelipper,57,MOVE_HYDRO_PUMP,Hydro Pump,Water,Special,120,80,5,0,0,True,Own type
HGSS,Swellow,1,MOVE_PLUCK,Pluck,Flying,Physical,60,100,20,224,0,True,Own type
HGSS,Swellow,1,MOVE_PECK,Peck,Flying,Physical,35,100,35,0,0,True,Own type
HGSS,Swellow,1,MOVE_GROWL,Growl,Normal,Status,0,100,40,18,0,True,Own type
HGSS,Swellow,1,MOVE_FOCUS_ENERGY,Focus Energy,Normal,Status,0,0,30,47,0,True,Own type
HGSS,Swellow,1,MOVE_QUICK_ATTACK,Quick Attack,Normal,Physical,40,100,30,103,1,True,Own type
HGSS,Swellow,4,MOVE_FOCUS_ENERGY,Focus Energy,Normal,Status,0,0,30,47,0,True,Own type
HGSS,Swellow,8,MOVE_QUICK_ATTACK,Quick Attack,Normal,Physical,40,100,30,103,1,True,Own type
HGSS,Swellow,13,MOVE_WING_ATTACK,Wing Attack,Flying,Physical,60,100,35,0,0,True,Own type
HGSS,Swellow,19,MOVE_DOUBLE_TEAM,Double Team,Normal,Status,0,0,15,16,0,True,Own type
HGSS,Swellow,28,MOVE_ENDEAVOR,Endeavor,Normal,Physical,1,100,5,189,0,True,Own type
HGSS,Swellow,38,MOVE_AERIAL_ACE,Aerial Ace,Flying,Physical,60,0,20,17,0,True,Own type
HGSS,Swellow,49,MOVE_AGILITY,Agility,Psychic,Status,0,0,30,52,0,True,Other type
HGSS,Swellow,61,MOVE_AIR_SLASH,Air Slash,Flying,Special,75,95,20,31,0,True,Own type
HGSS,Altaria,1,MOVE_PLUCK,Pluck,Flying,Physical,60,100,20,224,0,True,Own type
HGSS,Altaria,1,MOVE_PECK,Peck,Flying,Physical,35,100,35,0,0,True,Own type
HGSS,Altaria,1,MOVE_GROWL,Growl,Normal,Status,0,100,40,18,0,True,Normal
HGSS,Altaria,1,MOVE_ASTONISH,Astonish,Ghost,Physical,30,100,15,31,0,True,Other type
HGSS,Altaria,1,MOVE_SING,Sing,Normal,Status,0,55,15,1,0,True,Normal
HGSS,Altaria,5,MOVE_ASTONISH,Astonish,Ghost,Physical,30,100,15,31,0,True,Other type
HGSS,Altaria,9,MOVE_SING,Sing,Normal,Status,0,55,15,1,0,True,Normal
HGSS,Altaria,13,MOVE_FURY_ATTACK,Fury Attack,Normal,Physical,15,85,20,29,0,True,Normal
HGSS,Altaria,18,MOVE_SAFEGUARD,Safeguard,Normal,Status,0,0,25,124,0,True,Normal
HGSS,Altaria,23,MOVE_MIST,Mist,Ice,Status,0,0,30,46,0,True,Other type
HGSS,Altaria,28,MOVE_TAKE_DOWN,Take Down,Normal,Physical,90,85,20,48,0,True,Normal
HGSS,Altaria,32,MOVE_NATURAL_GIFT,Natural Gift,Normal,Physical,1,100,15,222,0,True,Normal
HGSS,Altaria,35,MOVE_DRAGON_BREATH,Dragon Breath,Dragon,Special,60,100,20,6,0,True,Own type
HGSS,Altaria,39,MOVE_DRAGON_DANCE,Dragon Dance,Dragon,Status,0,0,20,212,0,True,Own type
HGSS,Altaria,46,MOVE_REFRESH,Refresh,Normal,Status,0,0,20,193,0,True,Normal
HGSS,Altaria,54,MOVE_DRAGON_PULSE,Dragon Pulse,Dragon,Special,90,100,10,0,0,True,Own type
HGSS,Altaria,62,MOVE_PERISH_SONG,Perish Song,Normal,Status,0,0,5,114,0,True,Normal
HGSS,Altaria,70,MOVE_SKY_ATTACK,Sky Attack,Flying,Physical,140,90,5,75,0,True,Own type
HGSS,Dragonite,1,MOVE_FIRE_PUNCH,Fire Punch,Fire,Physical,75,100,15,4,0,True,Other type
HGSS,Dragonite,1,MOVE_THUNDER_PUNCH,Thunder Punch,Electric,Physical,75,100,15,6,0,True,Other type
HGSS,Dragonite,1,MOVE_ROOST,Roost,Flying,Status,0,0,10,214,0,True,Own type
HGSS,Dragonite,1,MOVE_WRAP,Wrap,Normal,Physical,15,85,20,42,0,True,Normal
HGSS,Dragonite,1,MOVE_LEER,Leer,Normal,Status,0,100,30,19,0,True,Normal
HGSS,Dragonite,1,MOVE_THUNDER_WAVE,Thunder Wave,Electric,Status,0,100,20,67,0,True,Other type
HGSS,Dragonite,1,MOVE_TWISTER,Twister,Dragon,Special,40,100,20,146,0,True,Own type
HGSS,Dragonite,5,MOVE_THUNDER_WAVE,Thunder Wave,Electric,Status,0,100,20,67,0,True,Other type
HGSS,Dragonite,11,MOVE_TWISTER,Twister,Dragon,Special,40,100,20,146,0,True,Own type
HGSS,Dragonite,15,MOVE_DRAGON_RAGE,Dragon Rage,Dragon,Special,1,100,10,41,0,True,Own type
HGSS,Dragonite,21,MOVE_SLAM,Slam,Normal,Physical,80,75,20,0,0,True,Normal
HGSS,Dragonite,25,MOVE_AGILITY,Agility,Psychic,Status,0,0,30,52,0,True,Other type
HGSS,Dragonite,33,MOVE_AQUA_TAIL,Aqua Tail,Water,Physical,90,90,10,0,0,True,Other type
HGSS,Dragonite,39,MOVE_DRAGON_RUSH,Dragon Rush,Dragon,Physical,100,75,10,31,0,True,Own type
HGSS,Dragonite,47,MOVE_SAFEGUARD,Safeguard,Normal,Status,0,0,25,124,0,True,Normal
HGSS,Dragonite,53,MOVE_DRAGON_DANCE,Dragon Dance,Dragon,Status,0,0,20,212,0,True,Own type
HGSS,Dragonite,55,MOVE_WING_ATTACK,Wing Attack,Flying,Physical,60,100,35,0,0,True,Own type
HGSS,Dragonite,64,MOVE_OUTRAGE,Outrage,Dragon,Physical,120,100,15,27,0,True,Own type
HGSS,Dragonite,73,MOVE_HYPER_BEAM,Hyper Beam,Normal,Special,150,90,5,80,0,True,Normal
HGSS,Gyarados,1,MOVE_THRASH,Thrash,Normal,Physical,90,100,20,27,0,True,Normal
HGSS,Gyarados,20,MOVE_BITE,Bite,Dark,Physical,60,100,25,31,0,True,Other type
HGSS,Gyarados,23,MOVE_DRAGON_RAGE,Dragon Rage,Dragon,Special,1,100,10,41,0,True,Other type
HGSS,Gyarados,26,MOVE_LEER,Leer,Normal,Status,0,100,30,19,0,True,Normal
HGSS,Gyarados,29,MOVE_TWISTER,Twister,Dragon,Special,40,100,20,146,0,True,Other type
HGSS,Gyarados,32,MOVE_ICE_FANG,Ice Fang,Ice,Physical,65,95,15,274,0,True,Other type
HGSS,Gyarados,35,MOVE_AQUA_TAIL,Aqua Tail,Water,Physical,90,90,10,0,0,True,Own type
HGSS,Gyarados,38,MOVE_RAIN_DANCE,Rain Dance,Water,Status,0,0,5,136,0,True,Own type
HGSS,Gyarados,41,MOVE_HYDRO_PUMP,Hydro Pump,Water,Special,120,80,5,0,0,True,Own type
HGSS,Gyarados,44,MOVE_DRAGON_DANCE,Dragon Dance,Dragon,Status,0,0,20,212,0,True,Other type
HGSS,Gyarados,47,MOVE_HYPER_BEAM,Hyper Beam,Normal,Special,150,90,5,80,0,True,Normal
HGSS,Mantine,1,MOVE_PSYBEAM,Psybeam,Psychic,Special,65,100,20,76,0,True,Other type
HGSS,Mantine,1,MOVE_BULLET_SEED,Bullet Seed,Grass,Physical,10,100,30,29,0,True,Other type
HGSS,Mantine,1,MOVE_SIGNAL_BEAM,Signal Beam,Bug,Special,75,100,15,76,0,True,Other type
HGSS,Mantine,1,MOVE_TACKLE,Tackle,Normal,Physical,35,95,35,0,0,True,Normal
HGSS,Mantine,1,MOVE_BUBBLE,Bubble,Water,Special,20,100,30,70,0,True,Own type
HGSS,Mantine,1,MOVE_SUPERSONIC,Supersonic,Normal,Status,0,55,20,49,0,True,Normal
HGSS,Mantine,1,MOVE_BUBBLE_BEAM,Bubble Beam,Water,Special,65,100,20,70,0,True,Own type
HGSS,Mantine,4,MOVE_SUPERSONIC,Supersonic,Normal,Status,0,55,20,49,0,True,Normal
HGSS,Mantine,10,MOVE_BUBBLE_BEAM,Bubble Beam,Water,Special,65,100,20,70,0,True,Own type
HGSS,Mantine,13,MOVE_HEADBUTT,Headbutt,Normal,Physical,70,100,15,31,0,True,Normal
HGSS,Mantine,19,MOVE_AGILITY,Agility,Psychic,Status,0,0,30,52,0,True,Other type
HGSS,Mantine,22,MOVE_WING_ATTACK,Wing Attack,Flying,Physical,60,100,35,0,0,True,Own type
HGSS,Mantine,28,MOVE_WATER_PULSE,Water Pulse,Water,Special,60,100,20,76,0,True,Own type
HGSS,Mantine,31,MOVE_TAKE_DOWN,Take Down,Normal,Physical,90,85,20,48,0,True,Normal
HGSS,Mantine,37,MOVE_CONFUSE_RAY,Confuse Ray,Ghost,Status,0,100,10,49,0,True,Other type
HGSS,Mantine,40,MOVE_BOUNCE,Bounce,Flying,Physical,85,85,5,263,0,True,Own type
HGSS,Mantine,46,MOVE_AQUA_RING,Aqua Ring,Water,Status,0,0,20,251,0,True,Own type
HGSS,Mantine,49,MOVE_HYDRO_PUMP,Hydro Pump,Water,Special,120,80,5,0,0,True,Own type
HGSS,Skarmory,1,MOVE_LEER,Leer,Normal,Status,0,100,30,19,0,True,Normal
HGSS,Skarmory,1,MOVE_PECK,Peck,Flying,Physical,35,100,35,0,0,True,Own type
HGSS,Skarmory,6,MOVE_SAND_ATTACK,Sand Attack,Ground,Status,0,100,15,23,0,True,Other type
HGSS,Skarmory,9,MOVE_SWIFT,Swift,Normal,Special,60,0,20,17,0,True,Normal
HGSS,Skarmory,12,MOVE_AGILITY,Agility,Psychic,Status,0,0,30,52,0,True,Other type
HGSS,Skarmory,17,MOVE_FURY_ATTACK,Fury Attack,Normal,Physical,15,85,20,29,0,True,Normal
HGSS,Skarmory,20,MOVE_FEINT,Feint,Normal,Physical,50,100,10,223,2,True,Normal
HGSS,Skarmory,23,MOVE_AIR_CUTTER,Air Cutter,Flying,Special,55,95,25,43,0,True,Own type
HGSS,Skarmory,28,MOVE_SPIKES,Spikes,Ground,Status,0,0,20,112,0,True,Other type
HGSS,Skarmory,31,MOVE_METAL_SOUND,Metal Sound,Steel,Status,0,85,40,62,0,True,Own type
HGSS,Skarmory,34,MOVE_STEEL_WING,Steel Wing,Steel,Physical,70,90,25,138,0,True,Own type
HGSS,Skarmory,39,MOVE_AIR_SLASH,Air Slash,Flying,Special,75,95,20,31,0,True,Own type
HGSS,Skarmory,42,MOVE_SLASH,Slash,Normal,Physical,70,100,20,43,0,True,Normal
HGSS,Skarmory,45,MOVE_NIGHT_SLASH,Night Slash,Dark,Physical,70,100,15,43,0,True,Other type
HGSS,Aerodactyl,1,MOVE_ICE_FANG,Ice Fang,Ice,Physical,65,95,15,274,0,True,Other type
HGSS,Aerodactyl,1,MOVE_FIRE_FANG,Fire Fang,Fire,Physical,65,95,15,273,0,True,Other type
HGSS,Aerodactyl,1,MOVE_THUNDER_FANG,Thunder Fang,Electric,Physical,65,95,15,275,0,True,Other type
HGSS,Aerodactyl,1,MOVE_WING_ATTACK,Wing Attack,Flying,Physical,60,100,35,0,0,True,Own type
HGSS,Aerodactyl,1,MOVE_SUPERSONIC,Supersonic,Normal,Status,0,55,20,49,0,True,Normal
HGSS,Aerodactyl,1,MOVE_BITE,Bite,Dark,Physical,60,100,25,31,0,True,Other type
HGSS,Aerodactyl,1,MOVE_SCARY_FACE,Scary Face,Normal,Status,0,90,10,60,0,True,Normal
HGSS,Aerodactyl,9,MOVE_ROAR,Roar,Normal,Status,0,100,20,28,-6,True,Normal
HGSS,Aerodactyl,17,MOVE_AGILITY,Agility,Psychic,Status,0,0,30,52,0,True,Other type
HGSS,Aerodactyl,25,MOVE_ANCIENT_POWER,Ancient Power,Rock,Special,60,100,5,140,0,True,Own type
HGSS,Aerodactyl,33,MOVE_CRUNCH,Crunch,Dark,Physical,80,100,15,69,0,True,Other type
HGSS,Aerodactyl,41,MOVE_TAKE_DOWN,Take Down,Normal,Physical,90,85,20,48,0,True,Normal
HGSS,Aerodactyl,49,MOVE_IRON_HEAD,Iron Head,Steel,Physical,80,100,15,31,0,True,Other type
HGSS,Aerodactyl,57,MOVE_HYPER_BEAM,Hyper Beam,Normal,Special,150,90,5,80,0,True,Normal
HGSS,Aerodactyl,65,MOVE_ROCK_SLIDE,Rock Slide,Rock,Physical,75,90,10,31,0,True,Own type
HGSS,Aerodactyl,73,MOVE_GIGA_IMPACT,Giga Impact,Normal,Physical,150,90,5,80,0,True,Normal
HGSS,Golduck,1,MOVE_AQUA_JET,Aqua Jet,Water,Physical,40,100,20,103,1,True,Own type
HGSS,Golduck,1,MOVE_WATER_SPORT,Water Sport,Water,Status,0,0,15,210,0,True,Own type
HGSS,Golduck,1,MOVE_SCRATCH,Scratch,Normal,Physical,40,100,35,0,0,True,Normal
HGSS,Golduck,1,MOVE_TAIL_WHIP,Tail Whip,Normal,Status,0,100,30,19,0,True,Normal
HGSS,Golduck,1,MOVE_WATER_GUN,Water Gun,Water,Special,40,100,25,0,0,True,Own type
HGSS,Golduck,5,MOVE_TAIL_WHIP,Tail Whip,Normal,Status,0,100,30,19,0,True,Normal
HGSS,Golduck,9,MOVE_WATER_GUN,Water Gun,Water,Special,40,100,25,0,0,True,Own type
HGSS,Golduck,14,MOVE_DISABLE,Disable,Normal,Status,0,80,20,86,0,True,Normal
HGSS,Golduck,18,MOVE_CONFUSION,Confusion,Psychic,Special,50,100,25,76,0,True,Other type
HGSS,Golduck,22,MOVE_WATER_PULSE,Water Pulse,Water,Special,60,100,20,76,0,True,Own type
HGSS,Golduck,27,MOVE_FURY_SWIPES,Fury Swipes,Normal,Physical,18,80,15,29,0,True,Normal
HGSS,Golduck,31,MOVE_SCREECH,Screech,Normal,Status,0,85,40,59,0,True,Normal
HGSS,Golduck,37,MOVE_PSYCH_UP,Psych Up,Normal,Status,0,0,10,143,0,True,Normal
HGSS,Golduck,44,MOVE_ZEN_HEADBUTT,Zen Headbutt,Psychic,Physical,80,90,15,31,0,True,Other type
HGSS,Golduck,50,MOVE_AMNESIA,Amnesia,Psychic,Status,0,0,20,54,0,True,Other type
HGSS,Golduck,56,MOVE_HYDRO_PUMP,Hydro Pump,Water,Special,120,80,5,0,0,True,Own type
HGSS,Tentacruel,1,MOVE_POISON_STING,Poison Sting,Poison,Physical,15,100,35,2,0,True,Own type
HGSS,Tentacruel,1,MOVE_SUPERSONIC,Supersonic,Normal,Status,0,55,20,49,0,True,Normal
HGSS,Tentacruel,1,MOVE_CONSTRICT,Constrict,Normal,Physical,10,100,35,70,0,True,Normal
HGSS,Tentacruel,5,MOVE_SUPERSONIC,Supersonic,Normal,Status,0,55,20,49,0,True,Normal
HGSS,Tentacruel,8,MOVE_CONSTRICT,Constrict,Normal,Physical,10,100,35,70,0,True,Normal
HGSS,Tentacruel,12,MOVE_ACID,Acid,Poison,Special,40,100,30,72,0,True,Own type
HGSS,Tentacruel,15,MOVE_TOXIC_SPIKES,Toxic Spikes,Poison,Status,0,0,20,249,0,True,Own type
HGSS,Tentacruel,19,MOVE_BUBBLE_BEAM,Bubble Beam,Water,Special,65,100,20,70,0,True,Own type
HGSS,Tentacruel,22,MOVE_WRAP,Wrap,Normal,Physical,15,85,20,42,0,True,Normal
HGSS,Tentacruel,26,MOVE_BARRIER,Barrier,Psychic,Status,0,0,30,51,0,True,Other type
HGSS,Tentacruel,29,MOVE_WATER_PULSE,Water Pulse,Water,Special,60,100,20,76,0,True,Own type
HGSS,Tentacruel,36,MOVE_POISON_JAB,Poison Jab,Poison,Physical,80,100,20,2,0,True,Own type
HGSS,Tentacruel,42,MOVE_SCREECH,Screech,Normal,Status,0,85,40,59,0,True,Normal
HGSS,Tentacruel,49,MOVE_HYDRO_PUMP,Hydro Pump,Water,Special,120,80,5,0,0,True,Own type
HGSS,Tentacruel,55,MOVE_WRING_OUT,Wring Out,Normal,Special,1,100,5,237,0,True,Normal
HGSS,Slowbro,1,MOVE_CURSE,Curse,Unknown,Status,0,0,10,109,0,True,Other type
HGSS,Slowbro,1,MOVE_YAWN,Yawn,Normal,Status,0,0,10,187,0,True,Normal
HGSS,Slowbro,1,MOVE_TACKLE,Tackle,Normal,Physical,35,95,35,0,0,True,Normal
HGSS,Slowbro,1,MOVE_GROWL,Growl,Normal,Status,0,100,40,18,0,True,Normal
HGSS,Slowbro,6,MOVE_GROWL,Growl,Normal,Status,0,100,40,18,0,True,Normal
HGSS,Slowbro,11,MOVE_WATER_GUN,Water Gun,Water,Special,40,100,25,0,0,True,Own type
HGSS,Slowbro,15,MOVE_CONFUSION,Confusion,Psychic,Special,50,100,25,76,0,True,Own type
HGSS,Slowbro,20,MOVE_DISABLE,Disable,Normal,Status,0,80,20,86,0,True,Normal
HGSS,Slowbro,25,MOVE_HEADBUTT,Headbutt,Normal,Physical,70,100,15,31,0,True,Normal
HGSS,Slowbro,29,MOVE_WATER_PULSE,Water Pulse,Water,Special,60,100,20,76,0,True,Own type
HGSS,Slowbro,34,MOVE_ZEN_HEADBUTT,Zen Headbutt,Psychic,Physical,80,90,15,31,0,True,Own type
HGSS,Slowbro,37,MOVE_WITHDRAW,Withdraw,Water,Status,0,0,40,11,0,True,Own type
HGSS,Slowbro,41,MOVE_SLACK_OFF,Slack Off,Normal,Status,0,0,10,32,0,True,Normal
HGSS,Slowbro,47,MOVE_AMNESIA,Amnesia,Psychic,Status,0,0,20,54,0,True,Own type
HGSS,Slowbro,54,MOVE_PSYCHIC,Psychic,Psychic,Special,90,100,10,72,0,True,Own type
HGSS,Slowbro,61,MOVE_RAIN_DANCE,Rain Dance,Water,Status,0,0,5,136,0,True,Own type
HGSS,Slowbro,67,MOVE_PSYCH_UP,Psych Up,Normal,Status,0,0,10,143,0,True,Normal
HGSS,Kingler,1,MOVE_MUD_SPORT,Mud Sport,Ground,Status,0,0,15,201,0,True,Other type
HGSS,Kingler,1,MOVE_BUBBLE,Bubble,Water,Special,20,100,30,70,0,True,Own type
HGSS,Kingler,1,MOVE_VICE_GRIP,Vise Grip,Normal,Physical,55,100,30,0,0,True,Normal
HGSS,Kingler,5,MOVE_VICE_GRIP,Vise Grip,Normal,Physical,55,100,30,0,0,True,Normal
HGSS,Kingler,9,MOVE_LEER,Leer,Normal,Status,0,100,30,19,0,True,Normal
HGSS,Kingler,11,MOVE_HARDEN,Harden,Normal,Status,0,0,30,11,0,True,Normal
HGSS,Kingler,15,MOVE_BUBBLE_BEAM,Bubble Beam,Water,Special,65,100,20,70,0,True,Own type
HGSS,Kingler,19,MOVE_MUD_SHOT,Mud Shot,Ground,Special,55,95,15,70,0,True,Other type
HGSS,Kingler,21,MOVE_METAL_CLAW,Metal Claw,Steel,Physical,50,95,35,139,0,True,Other type
HGSS,Kingler,25,MOVE_STOMP,Stomp,Normal,Physical,65,100,20,150,0,True,Normal
HGSS,Kingler,32,MOVE_PROTECT,Protect,Normal,Status,0,0,10,111,3,True,Normal
HGSS,Kingler,37,MOVE_GUILLOTINE,Guillotine,Normal,Physical,1,30,5,38,0,True,Normal
HGSS,Kingler,44,MOVE_SLAM,Slam,Normal,Physical,80,75,20,0,0,True,Normal
HGSS,Kingler,51,MOVE_BRINE,Brine,Water,Special,65,100,10,221,0,True,Own type
HGSS,Kingler,56,MOVE_CRABHAMMER,Crabhammer,Water,Physical,90,85,10,43,0,True,Own type
HGSS,Kingler,63,MOVE_FLAIL,Flail,Normal,Physical,1,100,15,99,0,True,Normal
HGSS,Kingdra,1,MOVE_YAWN,Yawn,Normal,Status,0,0,10,187,0,True,Normal
HGSS,Kingdra,1,MOVE_BUBBLE,Bubble,Water,Special,20,100,30,70,0,True,Own type
HGSS,Kingdra,1,MOVE_SMOKESCREEN,Smokescreen,Normal,Status,0,100,20,23,0,True,Normal
HGSS,Kingdra,1,MOVE_LEER,Leer,Normal,Status,0,100,30,19,0,True,Normal
HGSS,Kingdra,1,MOVE_WATER_GUN,Water Gun,Water,Special,40,100,25,0,0,True,Own type
HGSS,Kingdra,4,MOVE_SMOKESCREEN,Smokescreen,Normal,Status,0,100,20,23,0,True,Normal
HGSS,Kingdra,8,MOVE_LEER,Leer,Normal,Status,0,100,30,19,0,True,Normal
HGSS,Kingdra,11,MOVE_WATER_GUN,Water Gun,Water,Special,40,100,25,0,0,True,Own type
HGSS,Kingdra,14,MOVE_FOCUS_ENERGY,Focus Energy,Normal,Status,0,0,30,47,0,True,Normal
HGSS,Kingdra,18,MOVE_BUBBLE_BEAM,Bubble Beam,Water,Special,65,100,20,70,0,True,Own type
HGSS,Kingdra,23,MOVE_AGILITY,Agility,Psychic,Status,0,0,30,52,0,True,Other type
HGSS,Kingdra,26,MOVE_TWISTER,Twister,Dragon,Special,40,100,20,146,0,True,Own type
HGSS,Kingdra,30,MOVE_BRINE,Brine,Water,Special,65,100,10,221,0,True,Own type
HGSS,Kingdra,40,MOVE_HYDRO_PUMP,Hydro Pump,Water,Special,120,80,5,0,0,True,Own type
HGSS,Kingdra,48,MOVE_DRAGON_DANCE,Dragon Dance,Dragon,Status,0,0,20,212,0,True,Own type
HGSS,Kingdra,57,MOVE_DRAGON_PULSE,Dragon Pulse,Dragon,Special,90,100,10,0,0,True,Own type
HGSS,Seaking,1,MOVE_POISON_JAB,Poison Jab,Poison,Physical,80,100,20,2,0,True,Other type
HGSS,Seaking,1,MOVE_PECK,Peck,Flying,Physical,35,100,35,0,0,True,Other type
HGSS,Seaking,1,MOVE_TAIL_WHIP,Tail Whip,Normal,Status,0,100,30,19,0,True,Normal
HGSS,Seaking,1,MOVE_WATER_SPORT,Water Sport,Water,Status,0,0,15,210,0,True,Own type
HGSS,Seaking,1,MOVE_SUPERSONIC,Supersonic,Normal,Status,0,55,20,49,0,True,Normal
HGSS,Seaking,7,MOVE_SUPERSONIC,Supersonic,Normal,Status,0,55,20,49,0,True,Normal
HGSS,Seaking,11,MOVE_HORN_ATTACK,Horn Attack,Normal,Physical,65,100,25,0,0,True,Normal
HGSS,Seaking,17,MOVE_WATER_PULSE,Water Pulse,Water,Special,60,100,20,76,0,True,Own type
HGSS,Seaking,21,MOVE_FLAIL,Flail,Normal,Physical,1,100,15,99,0,True,Normal
HGSS,Seaking,27,MOVE_AQUA_RING,Aqua Ring,Water,Status,0,0,20,251,0,True,Own type
HGSS,Seaking,31,MOVE_FURY_ATTACK,Fury Attack,Normal,Physical,15,85,20,29,0,True,Normal
HGSS,Seaking,40,MOVE_WATERFALL,Waterfall,Water,Physical,80,100,15,31,0,True,Own type
HGSS,Seaking,47,MOVE_HORN_DRILL,Horn Drill,Normal,Physical,1,30,5,38,0,True,Normal
HGSS,Seaking,56,MOVE_AGILITY,Agility,Psychic,Status,0,0,30,52,0,True,Other type
HGSS,Seaking,63,MOVE_MEGAHORN,Megahorn,Bug,Physical,120,85,10,0,0,True,Other type
HGSS,Starmie,1,MOVE_WATER_GUN,Water Gun,Water,Special,40,100,25,0,0,True,Own type
HGSS,Starmie,1,MOVE_RAPID_SPIN,Rapid Spin,Normal,Physical,20,100,40,129,0,True,Normal
HGSS,Starmie,1,MOVE_RECOVER,Recover,Normal,Status,0,0,10,32,0,True,Normal
HGSS,Starmie,1,MOVE_SWIFT,Swift,Normal,Special,60,0,20,17,0,True,Normal
HGSS,Starmie,28,MOVE_CONFUSE_RAY,Confuse Ray,Ghost,Status,0,100,10,49,0,True,Other type
HGSS,Vaporeon,1,MOVE_TAIL_WHIP,Tail Whip,Normal,Status,0,100,30,19,0,True,Normal
HGSS,Vaporeon,1,MOVE_TACKLE,Tackle,Normal,Physical,35,95,35,0,0,True,Normal
HGSS,Vaporeon,1,MOVE_HELPING_HAND,Helping Hand,Normal,Status,0,0,20,176,5,True,Normal
HGSS,Vaporeon,8,MOVE_SAND_ATTACK,Sand Attack,Ground,Status,0,100,15,23,0,True,Other type
HGSS,Vaporeon,15,MOVE_WATER_GUN,Water Gun,Water,Special,40,100,25,0,0,True,Own type
HGSS,Vaporeon,22,MOVE_QUICK_ATTACK,Quick Attack,Normal,Physical,40,100,30,103,1,True,Normal
HGSS,Vaporeon,29,MOVE_BITE,Bite,Dark,Physical,60,100,25,31,0,True,Other type
HGSS,Vaporeon,36,MOVE_AURORA_BEAM,Aurora Beam,Ice,Special,65,100,20,68,0,True,Other type
HGSS,Vaporeon,43,MOVE_AQUA_RING,Aqua Ring,Water,Status,0,0,20,251,0,True,Own type
HGSS,Vaporeon,50,MOVE_LAST_RESORT,Last Resort,Normal,Physical,130,100,5,246,0,True,Normal
HGSS,Vaporeon,57,MOVE_HAZE,Haze,Ice,Status,0,0,30,25,0,True,Other type
HGSS,Vaporeon,64,MOVE_ACID_ARMOR,Acid Armor,Poison,Status,0,0,40,51,0,True,Other type
HGSS,Vaporeon,71,MOVE_HYDRO_PUMP,Hydro Pump,Water,Special,120,80,5,0,0,True,Own type
HGSS,Vaporeon,78,MOVE_MUDDY_WATER,Muddy Water,Water,Special,95,85,10,73,0,True,Own type
HGSS,Azumarill,1,MOVE_TACKLE,Tackle,Normal,Physical,35,95,35,0,0,True,Normal
HGSS,Azumarill,1,MOVE_DEFENSE_CURL,Defense Curl,Normal,Status,0,0,40,156,0,True,Normal
HGSS,Azumarill,1,MOVE_TAIL_WHIP,Tail Whip,Normal,Status,0,100,30,19,0,True,Normal
HGSS,Azumarill,1,MOVE_WATER_GUN,Water Gun,Water,Special,40,100,25,0,0,True,Own type
HGSS,Azumarill,2,MOVE_DEFENSE_CURL,Defense Curl,Normal,Status,0,0,40,156,0,True,Normal
HGSS,Azumarill,7,MOVE_TAIL_WHIP,Tail Whip,Normal,Status,0,100,30,19,0,True,Normal
HGSS,Azumarill,10,MOVE_WATER_GUN,Water Gun,Water,Special,40,100,25,0,0,True,Own type
HGSS,Azumarill,15,MOVE_ROLLOUT,Rollout,Rock,Physical,30,90,20,117,0,True,Other type
HGSS,Azumarill,20,MOVE_BUBBLE_BEAM,Bubble Beam,Water,Special,65,100,20,70,0,True,Own type
HGSS,Azumarill,27,MOVE_AQUA_RING,Aqua Ring,Water,Status,0,0,20,251,0,True,Own type
HGSS,Azumarill,33,MOVE_DOUBLE_EDGE,Double-Edge,Normal,Physical,120,100,15,198,0,True,Normal
HGSS,Azumarill,40,MOVE_RAIN_DANCE,Rain Dance,Water,Status,0,0,5,136,0,True,Own type
HGSS,Azumarill,47,MOVE_AQUA_TAIL,Aqua Tail,Water,Physical,90,90,10,0,0,True,Own type
HGSS,Azumarill,54,MOVE_HYDRO_PUMP,Hydro Pump,Water,Special,120,80,5,0,0,True,Own type
HGSS,Wailord,1,MOVE_SPLASH,Splash,Normal,Status,0,0,40,85,0,True,Normal
HGSS,Wailord,1,MOVE_GROWL,Growl,Normal,Status,0,100,40,18,0,True,Normal
HGSS,Wailord,1,MOVE_WATER_GUN,Water Gun,Water,Special,40,100,25,0,0,True,Own type
HGSS,Wailord,1,MOVE_ROLLOUT,Rollout,Rock,Physical,30,90,20,117,0,True,Other type
HGSS,Wailord,4,MOVE_GROWL,Growl,Normal,Status,0,100,40,18,0,True,Normal
HGSS,Wailord,7,MOVE_WATER_GUN,Water Gun,Water,Special,40,100,25,0,0,True,Own type
HGSS,Wailord,11,MOVE_ROLLOUT,Rollout,Rock,Physical,30,90,20,117,0,True,Other type
HGSS,Wailord,14,MOVE_WHIRLPOOL,Whirlpool,Water,Special,15,70,15,261,0,True,Own type
HGSS,Wailord,17,MOVE_ASTONISH,Astonish,Ghost,Physical,30,100,15,31,0,True,Other type
HGSS,Wailord,21,MOVE_WATER_PULSE,Water Pulse,Water,Special,60,100,20,76,0,True,Own type
HGSS,Wailord,24,MOVE_MIST,Mist,Ice,Status,0,0,30,46,0,True,Other type
HGSS,Wailord,27,MOVE_REST,Rest,Psychic,Status,0,0,10,37,0,True,Other type
HGSS,Wailord,31,MOVE_BRINE,Brine,Water,Special,65,100,10,221,0,True,Own type
HGSS,Wailord,34,MOVE_WATER_SPOUT,Water Spout,Water,Special,150,100,5,190,0,True,Own type
HGSS,Wailord,37,MOVE_AMNESIA,Amnesia,Psychic,Status,0,0,20,54,0,True,Other type
HGSS,Wailord,46,MOVE_DIVE,Dive,Water,Physical,80,100,10,255,0,True,Own type
HGSS,Wailord,54,MOVE_BOUNCE,Bounce,Flying,Physical,85,85,5,263,0,True,Other type
HGSS,Wailord,62,MOVE_HYDRO_PUMP,Hydro Pump,Water,Special,120,80,5,0,0,True,Own type
HGSS,Milotic,1,MOVE_WATER_GUN,Water Gun,Water,Special,40,100,25,0,0,True,Own type
HGSS,Milotic,1,MOVE_WRAP,Wrap,Normal,Physical,15,85,20,42,0,True,Normal
HGSS,Milotic,5,MOVE_WATER_SPORT,Water Sport,Water,Status,0,0,15,210,0,True,Own type
HGSS,Milotic,9,MOVE_REFRESH,Refresh,Normal,Status,0,0,20,193,0,True,Normal
HGSS,Milotic,13,MOVE_WATER_PULSE,Water Pulse,Water,Special,60,100,20,76,0,True,Own type
HGSS,Milotic,17,MOVE_TWISTER,Twister,Dragon,Special,40,100,20,146,0,True,Other type
HGSS,Milotic,21,MOVE_RECOVER,Recover,Normal,Status,0,0,10,32,0,True,Normal
HGSS,Milotic,25,MOVE_CAPTIVATE,Captivate,Normal,Status,0,100,20,265,0,True,Normal
HGSS,Milotic,29,MOVE_AQUA_TAIL,Aqua Tail,Water,Physical,90,90,10,0,0,True,Own type
HGSS,Milotic,33,MOVE_RAIN_DANCE,Rain Dance,Water,Status,0,0,5,136,0,True,Own type
HGSS,Milotic,37,MOVE_HYDRO_PUMP,Hydro Pump,Water,Special,120,80,5,0,0,True,Own type
HGSS,Milotic,41,MOVE_ATTRACT,Attract,Normal,Status,0,100,15,120,0,True,Normal
HGSS,Milotic,45,MOVE_SAFEGUARD,Safeguard,Normal,Status,0,0,25,124,0,True,Normal
HGSS,Milotic,49,MOVE_AQUA_RING,Aqua Ring,Water,Status,0,0,20,251,0,True,Own type
HGSS,Gastrodon,1,MOVE_MUD_SLAP,Mud-Slap,Ground,Special,20,100,10,73,0,True,Own type
HGSS,Gastrodon,1,MOVE_MUD_SPORT,Mud Sport,Ground,Status,0,0,15,201,0,True,Own type
HGSS,Gastrodon,1,MOVE_HARDEN,Harden,Normal,Status,0,0,30,11,0,True,Normal
HGSS,Gastrodon,1,MOVE_WATER_PULSE,Water Pulse,Water,Special,60,100,20,76,0,True,Own type
HGSS,Gastrodon,2,MOVE_MUD_SPORT,Mud Sport,Ground,Status,0,0,15,201,0,True,Own type
HGSS,Gastrodon,4,MOVE_HARDEN,Harden,Normal,Status,0,0,30,11,0,True,Normal
HGSS,Gastrodon,7,MOVE_WATER_PULSE,Water Pulse,Water,Special,60,100,20,76,0,True,Own type
HGSS,Gastrodon,11,MOVE_MUD_BOMB,Mud Bomb,Ground,Special,65,85,10,73,0,True,Own type
HGSS,Gastrodon,16,MOVE_HIDDEN_POWER,Hidden Power,Normal,Special,1,100,15,135,0,True,Normal
HGSS,Gastrodon,22,MOVE_RAIN_DANCE,Rain Dance,Water,Status,0,0,5,136,0,True,Own type
HGSS,Gastrodon,29,MOVE_BODY_SLAM,Body Slam,Normal,Physical,85,100,15,6,0,True,Normal
HGSS,Gastrodon,41,MOVE_MUDDY_WATER,Muddy Water,Water,Special,95,85,10,73,0,True,Own type
HGSS,Gastrodon,54,MOVE_RECOVER,Recover,Normal,Status,0,0,10,32,0,True,Normal
HGSS,Floatzel,1,MOVE_ICE_FANG,Ice Fang,Ice,Physical,65,95,15,274,0,True,Other type
HGSS,Floatzel,1,MOVE_SONIC_BOOM,Sonic Boom,Normal,Special,1,90,20,130,0,True,Normal
HGSS,Floatzel,1,MOVE_GROWL,Growl,Normal,Status,0,100,40,18,0,True,Normal
HGSS,Floatzel,1,MOVE_WATER_SPORT,Water Sport,Water,Status,0,0,15,210,0,True,Own type
HGSS,Floatzel,1,MOVE_QUICK_ATTACK,Quick Attack,Normal,Physical,40,100,30,103,1,True,Normal
HGSS,Floatzel,3,MOVE_QUICK_ATTACK,Quick Attack,Normal,Physical,40,100,30,103,1,True,Normal
HGSS,Floatzel,6,MOVE_WATER_GUN,Water Gun,Water,Special,40,100,25,0,0,True,Own type
HGSS,Floatzel,10,MOVE_PURSUIT,Pursuit,Dark,Physical,40,100,20,128,0,True,Other type
HGSS,Floatzel,15,MOVE_SWIFT,Swift,Normal,Special,60,0,20,17,0,True,Normal
HGSS,Floatzel,21,MOVE_AQUA_JET,Aqua Jet,Water,Physical,40,100,20,103,1,True,Own type
HGSS,Floatzel,26,MOVE_CRUNCH,Crunch,Dark,Physical,80,100,15,69,0,True,Other type
HGSS,Floatzel,29,MOVE_AGILITY,Agility,Psychic,Status,0,0,30,52,0,True,Other type
HGSS,Floatzel,39,MOVE_WHIRLPOOL,Whirlpool,Water,Special,15,70,15,261,0,True,Own type
HGSS,Floatzel,50,MOVE_RAZOR_WIND,Razor Wind,Normal,Special,80,100,10,39,0,True,Normal
Engine,Bulbasaur,1,MOVE_TACKLE,Tackle,Normal,Physical,40,100,35,MOVE_EFFECT_HIT,0,True,Normal
Engine,Bulbasaur,1,MOVE_GROWL,Growl,Normal,Status,0,100,40,MOVE_EFFECT_ATK_DOWN,0,True,Normal
Engine,Bulbasaur,3,MOVE_VINE_WHIP,Vine Whip,Grass,Physical,45,100,25,MOVE_EFFECT_HIT,0,True,Own type
Engine,Bulbasaur,6,MOVE_GROWTH,Growth,((Champions_Changes) ? (Grass) : (Normal)),Status,0,0,20,MOVE_EFFECT_SP_ATK_UP,0,True,Other type
Engine,Bulbasaur,9,MOVE_LEECH_SEED,Leech Seed,Grass,Status,0,90,10,MOVE_EFFECT_STATUS_LEECH_SEED,0,True,Own type
Engine,Bulbasaur,12,MOVE_RAZOR_LEAF,Razor Leaf,Grass,Physical,55,95,25,MOVE_EFFECT_HIGH_CRITICAL,0,True,Own type
Engine,Bulbasaur,15,MOVE_POISON_POWDER,Poison Powder,Poison,Status,0,75,35,MOVE_EFFECT_STATUS_POISON,0,True,Own type
Engine,Bulbasaur,15,MOVE_SLEEP_POWDER,Sleep Powder,Grass,Status,0,75,15,MOVE_EFFECT_STATUS_SLEEP,0,True,Own type
Engine,Bulbasaur,18,MOVE_SEED_BOMB,Seed Bomb,Grass,Physical,80,100,15,MOVE_EFFECT_HIT,0,True,Own type
Engine,Bulbasaur,21,MOVE_TAKE_DOWN,Take Down,Normal,Physical,90,85,20,MOVE_EFFECT_RECOIL_QUARTER,0,True,Normal
Engine,Bulbasaur,24,MOVE_SWEET_SCENT,Sweet Scent,Normal,Status,0,100,20,MOVE_EFFECT_EVA_DOWN_2,0,True,Normal
Engine,Bulbasaur,27,MOVE_SYNTHESIS,Synthesis,Grass,Status,0,0,5,MOVE_EFFECT_HEAL_HALF_DIFFERENT_IN_WEATHER,0,True,Own type
Engine,Bulbasaur,30,MOVE_WORRY_SEED,Worry Seed,Grass,Status,0,100,10,MOVE_EFFECT_SET_ABILITY_TO_INSOMNIA,0,True,Own type
Engine,Bulbasaur,33,MOVE_POWER_WHIP,Power Whip,Grass,Physical,120,85,10,MOVE_EFFECT_HIT,0,True,Own type
Engine,Bulbasaur,36,MOVE_SOLAR_BEAM,Solar Beam,Grass,Special,120,100,10,MOVE_EFFECT_CHARGE_TURN_SUN_SKIPS,0,True,Own type
Engine,Ivysaur,1,MOVE_VINE_WHIP,Vine Whip,Grass,Physical,45,100,25,MOVE_EFFECT_HIT,0,True,Own type
Engine,Ivysaur,1,MOVE_TACKLE,Tackle,Normal,Physical,40,100,35,MOVE_EFFECT_HIT,0,True,Normal
Engine,Ivysaur,1,MOVE_GROWL,Growl,Normal,Status,0,100,40,MOVE_EFFECT_ATK_DOWN,0,True,Normal
Engine,Ivysaur,1,MOVE_GROWTH,Growth,((Champions_Changes) ? (Grass) : (Normal)),Status,0,0,20,MOVE_EFFECT_SP_ATK_UP,0,True,Other type
Engine,Ivysaur,9,MOVE_LEECH_SEED,Leech Seed,Grass,Status,0,90,10,MOVE_EFFECT_STATUS_LEECH_SEED,0,True,Own type
Engine,Ivysaur,12,MOVE_RAZOR_LEAF,Razor Leaf,Grass,Physical,55,95,25,MOVE_EFFECT_HIGH_CRITICAL,0,True,Own type
Engine,Ivysaur,15,MOVE_POISON_POWDER,Poison Powder,Poison,Status,0,75,35,MOVE_EFFECT_STATUS_POISON,0,True,Own type
Engine,Ivysaur,15,MOVE_SLEEP_POWDER,Sleep Powder,Grass,Status,0,75,15,MOVE_EFFECT_STATUS_SLEEP,0,True,Own type
Engine,Ivysaur,20,MOVE_SEED_BOMB,Seed Bomb,Grass,Physical,80,100,15,MOVE_EFFECT_HIT,0,True,Own type
Engine,Ivysaur,25,MOVE_TAKE_DOWN,Take Down,Normal,Physical,90,85,20,MOVE_EFFECT_RECOIL_QUARTER,0,True,Normal
Engine,Ivysaur,30,MOVE_SWEET_SCENT,Sweet Scent,Normal,Status,0,100,20,MOVE_EFFECT_EVA_DOWN_2,0,True,Normal
Engine,Ivysaur,35,MOVE_SYNTHESIS,Synthesis,Grass,Status,0,0,5,MOVE_EFFECT_HEAL_HALF_DIFFERENT_IN_WEATHER,0,True,Own type
Engine,Ivysaur,40,MOVE_WORRY_SEED,Worry Seed,Grass,Status,0,100,10,MOVE_EFFECT_SET_ABILITY_TO_INSOMNIA,0,True,Own type
Engine,Ivysaur,45,MOVE_POWER_WHIP,Power Whip,Grass,Physical,120,85,10,MOVE_EFFECT_HIT,0,True,Own type
Engine,Ivysaur,50,MOVE_SOLAR_BEAM,Solar Beam,Grass,Special,120,100,10,MOVE_EFFECT_CHARGE_TURN_SUN_SKIPS,0,True,Own type
Engine,Venusaur,0,MOVE_PETAL_BLIZZARD,Petal Blizzard,Grass,Physical,90,100,15,MOVE_EFFECT_HIT,0,True,Own type
Engine,Venusaur,1,MOVE_GROWTH,Growth,((Champions_Changes) ? (Grass) : (Normal)),Status,0,0,20,MOVE_EFFECT_SP_ATK_UP,0,True,Other type
Engine,Venusaur,1,MOVE_PETAL_DANCE,Petal Dance,Grass,Special,120,100,10,MOVE_EFFECT_CONTINUE_AND_CONFUSE_SELF,0,True,Own type
Engine,Venusaur,1,MOVE_VINE_WHIP,Vine Whip,Grass,Physical,45,100,25,MOVE_EFFECT_HIT,0,True,Own type
Engine,Venusaur,1,MOVE_TACKLE,Tackle,Normal,Physical,40,100,35,MOVE_EFFECT_HIT,0,True,Normal
Engine,Venusaur,1,MOVE_GROWL,Growl,Normal,Status,0,100,40,MOVE_EFFECT_ATK_DOWN,0,True,Normal
Engine,Venusaur,9,MOVE_LEECH_SEED,Leech Seed,Grass,Status,0,90,10,MOVE_EFFECT_STATUS_LEECH_SEED,0,True,Own type
Engine,Venusaur,12,MOVE_RAZOR_LEAF,Razor Leaf,Grass,Physical,55,95,25,MOVE_EFFECT_HIGH_CRITICAL,0,True,Own type
Engine,Venusaur,15,MOVE_SLEEP_POWDER,Sleep Powder,Grass,Status,0,75,15,MOVE_EFFECT_STATUS_SLEEP,0,True,Own type
Engine,Venusaur,15,MOVE_POISON_POWDER,Poison Powder,Poison,Status,0,75,35,MOVE_EFFECT_STATUS_POISON,0,True,Own type
Engine,Venusaur,20,MOVE_SEED_BOMB,Seed Bomb,Grass,Physical,80,100,15,MOVE_EFFECT_HIT,0,True,Own type
Engine,Venusaur,25,MOVE_TAKE_DOWN,Take Down,Normal,Physical,90,85,20,MOVE_EFFECT_RECOIL_QUARTER,0,True,Normal
Engine,Venusaur,30,MOVE_SWEET_SCENT,Sweet Scent,Normal,Status,0,100,20,MOVE_EFFECT_EVA_DOWN_2,0,True,Normal
Engine,Venusaur,37,MOVE_SYNTHESIS,Synthesis,Grass,Status,0,0,5,MOVE_EFFECT_HEAL_HALF_DIFFERENT_IN_WEATHER,0,True,Own type
Engine,Venusaur,44,MOVE_WORRY_SEED,Worry Seed,Grass,Status,0,100,10,MOVE_EFFECT_SET_ABILITY_TO_INSOMNIA,0,True,Own type
Engine,Venusaur,51,MOVE_POWER_WHIP,Power Whip,Grass,Physical,120,85,10,MOVE_EFFECT_HIT,0,True,Own type
Engine,Venusaur,58,MOVE_SOLAR_BEAM,Solar Beam,Grass,Special,120,100,10,MOVE_EFFECT_CHARGE_TURN_SUN_SKIPS,0,True,Own type
Engine,Charmander,1,MOVE_SCRATCH,Scratch,Normal,Physical,40,100,35,MOVE_EFFECT_HIT,0,True,Normal
Engine,Charmander,1,MOVE_GROWL,Growl,Normal,Status,0,100,40,MOVE_EFFECT_ATK_DOWN,0,True,Normal
Engine,Charmander,4,MOVE_EMBER,Ember,Fire,Special,40,100,25,MOVE_EFFECT_BURN_HIT,0,True,Own type
Engine,Charmander,8,MOVE_SMOKESCREEN,Smokescreen,Normal,Status,0,100,20,MOVE_EFFECT_ACC_DOWN,0,True,Normal
Engine,Charmander,12,MOVE_DRAGON_BREATH,Dragon Breath,Dragon,Special,60,100,20,MOVE_EFFECT_PARALYZE_HIT,0,True,Other type
Engine,Charmander,17,MOVE_FIRE_FANG,Fire Fang,Fire,Physical,65,95,15,MOVE_EFFECT_FLINCH_BURN_HIT,0,True,Own type
Engine,Charmander,20,MOVE_SLASH,Slash,Normal,Physical,80,100,20,MOVE_EFFECT_HIGH_CRITICAL,0,True,Normal
Engine,Charmander,24,MOVE_FLAMETHROWER,Flamethrower,Fire,Special,90,100,15,MOVE_EFFECT_BURN_HIT,0,True,Own type
Engine,Charmander,28,MOVE_SCARY_FACE,Scary Face,Normal,Status,0,100,10,MOVE_EFFECT_SPEED_DOWN_2,0,True,Normal
Engine,Charmander,32,MOVE_FIRE_SPIN,Fire Spin,Fire,Special,35,85,15,MOVE_EFFECT_BIND_HIT,0,True,Own type
Engine,Charmander,36,MOVE_INFERNO,Inferno,Fire,Special,100,50,5,MOVE_EFFECT_BURN_HIT,0,True,Own type
Engine,Charmander,40,MOVE_FLARE_BLITZ,Flare Blitz,Fire,Physical,120,100,15,MOVE_EFFECT_RECOIL_BURN_HIT,0,True,Own type
Engine,Charmeleon,1,MOVE_SCRATCH,Scratch,Normal,Physical,40,100,35,MOVE_EFFECT_HIT,0,True,Normal
Engine,Charmeleon,1,MOVE_GROWL,Growl,Normal,Status,0,100,40,MOVE_EFFECT_ATK_DOWN,0,True,Normal
Engine,Charmeleon,1,MOVE_EMBER,Ember,Fire,Special,40,100,25,MOVE_EFFECT_BURN_HIT,0,True,Own type
Engine,Charmeleon,1,MOVE_SMOKESCREEN,Smokescreen,Normal,Status,0,100,20,MOVE_EFFECT_ACC_DOWN,0,True,Normal
Engine,Charmeleon,12,MOVE_DRAGON_BREATH,Dragon Breath,Dragon,Special,60,100,20,MOVE_EFFECT_PARALYZE_HIT,0,True,Other type
Engine,Charmeleon,19,MOVE_FIRE_FANG,Fire Fang,Fire,Physical,65,95,15,MOVE_EFFECT_FLINCH_BURN_HIT,0,True,Own type
Engine,Charmeleon,24,MOVE_SLASH,Slash,Normal,Physical,80,100,20,MOVE_EFFECT_HIGH_CRITICAL,0,True,Normal
Engine,Charmeleon,30,MOVE_FLAMETHROWER,Flamethrower,Fire,Special,90,100,15,MOVE_EFFECT_BURN_HIT,0,True,Own type
Engine,Charmeleon,37,MOVE_SCARY_FACE,Scary Face,Normal,Status,0,100,10,MOVE_EFFECT_SPEED_DOWN_2,0,True,Normal
Engine,Charmeleon,48,MOVE_INFERNO,Inferno,Fire,Special,100,50,5,MOVE_EFFECT_BURN_HIT,0,True,Own type
Engine,Charmeleon,54,MOVE_FLARE_BLITZ,Flare Blitz,Fire,Physical,120,100,15,MOVE_EFFECT_RECOIL_BURN_HIT,0,True,Own type
Engine,Charizard,0,MOVE_AIR_SLASH,Air Slash,Flying,Special,75,95,15,MOVE_EFFECT_FLINCH_HIT,0,True,Own type
Engine,Charizard,1,MOVE_SCRATCH,Scratch,Normal,Physical,40,100,35,MOVE_EFFECT_HIT,0,True,Normal
Engine,Charizard,1,MOVE_GROWL,Growl,Normal,Status,0,100,40,MOVE_EFFECT_ATK_DOWN,0,True,Normal
Engine,Charizard,1,MOVE_EMBER,Ember,Fire,Special,40,100,25,MOVE_EFFECT_BURN_HIT,0,True,Own type
Engine,Charizard,1,MOVE_SMOKESCREEN,Smokescreen,Normal,Status,0,100,20,MOVE_EFFECT_ACC_DOWN,0,True,Normal
Engine,Charizard,1,MOVE_HEAT_WAVE,Heat Wave,Fire,Special,95,90,10,MOVE_EFFECT_BURN_HIT,0,True,Own type
Engine,Charizard,1,MOVE_DRAGON_CLAW,Dragon Claw,Dragon,Physical,80,100,15,MOVE_EFFECT_HIT,0,True,Other type
Engine,Charizard,12,MOVE_DRAGON_BREATH,Dragon Breath,Dragon,Special,60,100,20,MOVE_EFFECT_PARALYZE_HIT,0,True,Other type
Engine,Charizard,19,MOVE_FIRE_FANG,Fire Fang,Fire,Physical,65,95,15,MOVE_EFFECT_FLINCH_BURN_HIT,0,True,Own type
Engine,Charizard,24,MOVE_SLASH,Slash,Normal,Physical,80,100,20,MOVE_EFFECT_HIGH_CRITICAL,0,True,Normal
Engine,Charizard,30,MOVE_FLAMETHROWER,Flamethrower,Fire,Special,90,100,15,MOVE_EFFECT_BURN_HIT,0,True,Own type
Engine,Charizard,39,MOVE_SCARY_FACE,Scary Face,Normal,Status,0,100,10,MOVE_EFFECT_SPEED_DOWN_2,0,True,Normal
Engine,Charizard,46,MOVE_FIRE_SPIN,Fire Spin,Fire,Special,35,85,15,MOVE_EFFECT_BIND_HIT,0,True,Own type
Engine,Charizard,54,MOVE_INFERNO,Inferno,Fire,Special,100,50,5,MOVE_EFFECT_BURN_HIT,0,True,Own type
Engine,Charizard,62,MOVE_FLARE_BLITZ,Flare Blitz,Fire,Physical,120,100,15,MOVE_EFFECT_RECOIL_BURN_HIT,0,True,Own type
Engine,Squirtle,1,MOVE_TACKLE,Tackle,Normal,Physical,40,100,35,MOVE_EFFECT_HIT,0,True,Normal
Engine,Squirtle,1,MOVE_TAIL_WHIP,Tail Whip,Normal,Status,0,100,30,MOVE_EFFECT_DEF_DOWN,0,True,Normal
Engine,Squirtle,3,MOVE_WATER_GUN,Water Gun,Water,Special,40,100,25,MOVE_EFFECT_HIT,0,True,Own type
Engine,Squirtle,6,MOVE_WITHDRAW,Withdraw,Water,Status,0,0,40,MOVE_EFFECT_DEF_UP,0,True,Own type
Engine,Squirtle,9,MOVE_RAPID_SPIN,Rapid Spin,Normal,Physical,50,100,40,MOVE_EFFECT_REMOVE_HAZARDS_AND_BINDING,0,True,Normal
Engine,Squirtle,12,MOVE_BITE,Bite,Dark,Physical,60,100,25,MOVE_EFFECT_FLINCH_HIT,0,True,Other type
Engine,Squirtle,15,MOVE_WATER_PULSE,Water Pulse,Water,Special,60,100,20,MOVE_EFFECT_CONFUSE_HIT,0,True,Own type
Engine,Squirtle,18,MOVE_PROTECT,Protect,Normal,Status,0,0,10,MOVE_EFFECT_PROTECT,4,True,Normal
Engine,Squirtle,21,MOVE_RAIN_DANCE,Rain Dance,Water,Status,0,0,5,MOVE_EFFECT_WEATHER_RAIN,0,True,Own type
Engine,Squirtle,24,MOVE_AQUA_TAIL,Aqua Tail,Water,Physical,90,90,10,MOVE_EFFECT_HIT,0,True,Own type
Engine,Squirtle,27,MOVE_SHELL_SMASH,Shell Smash,Normal,Status,0,0,15,MOVE_EFFECT_ATK_SP_ATK_SPEED_UP_2_DEF_SP_DEF_DOWN,0,True,Normal
Engine,Squirtle,30,MOVE_IRON_DEFENSE,Iron Defense,Steel,Status,0,0,15,MOVE_EFFECT_DEF_UP_2,0,True,Other type
Engine,Squirtle,33,MOVE_HYDRO_PUMP,Hydro Pump,Water,Special,110,80,5,MOVE_EFFECT_HIT,0,True,Own type
Engine,Squirtle,36,MOVE_WAVE_CRASH,Wave Crash,Water,Physical,120,100,10,MOVE_EFFECT_RECOIL_THIRD,0,True,Own type
Engine,Wartortle,1,MOVE_TACKLE,Tackle,Normal,Physical,40,100,35,MOVE_EFFECT_HIT,0,True,Normal
Engine,Wartortle,1,MOVE_TAIL_WHIP,Tail Whip,Normal,Status,0,100,30,MOVE_EFFECT_DEF_DOWN,0,True,Normal
Engine,Wartortle,1,MOVE_WATER_GUN,Water Gun,Water,Special,40,100,25,MOVE_EFFECT_HIT,0,True,Own type
Engine,Wartortle,1,MOVE_WITHDRAW,Withdraw,Water,Status,0,0,40,MOVE_EFFECT_DEF_UP,0,True,Own type
Engine,Wartortle,9,MOVE_RAPID_SPIN,Rapid Spin,Normal,Physical,50,100,40,MOVE_EFFECT_REMOVE_HAZARDS_AND_BINDING,0,True,Normal
Engine,Wartortle,12,MOVE_BITE,Bite,Dark,Physical,60,100,25,MOVE_EFFECT_FLINCH_HIT,0,True,Other type
Engine,Wartortle,15,MOVE_WATER_PULSE,Water Pulse,Water,Special,60,100,20,MOVE_EFFECT_CONFUSE_HIT,0,True,Own type
Engine,Wartortle,20,MOVE_PROTECT,Protect,Normal,Status,0,0,10,MOVE_EFFECT_PROTECT,4,True,Normal
Engine,Wartortle,25,MOVE_RAIN_DANCE,Rain Dance,Water,Status,0,0,5,MOVE_EFFECT_WEATHER_RAIN,0,True,Own type
Engine,Wartortle,30,MOVE_AQUA_TAIL,Aqua Tail,Water,Physical,90,90,10,MOVE_EFFECT_HIT,0,True,Own type
Engine,Wartortle,35,MOVE_SHELL_SMASH,Shell Smash,Normal,Status,0,0,15,MOVE_EFFECT_ATK_SP_ATK_SPEED_UP_2_DEF_SP_DEF_DOWN,0,True,Normal
Engine,Wartortle,40,MOVE_IRON_DEFENSE,Iron Defense,Steel,Status,0,0,15,MOVE_EFFECT_DEF_UP_2,0,True,Other type
Engine,Wartortle,45,MOVE_HYDRO_PUMP,Hydro Pump,Water,Special,110,80,5,MOVE_EFFECT_HIT,0,True,Own type
Engine,Wartortle,50,MOVE_WAVE_CRASH,Wave Crash,Water,Physical,120,100,10,MOVE_EFFECT_RECOIL_THIRD,0,True,Own type
Engine,Blastoise,0,MOVE_FLASH_CANNON,Flash Cannon,Steel,Special,80,100,10,MOVE_EFFECT_LOWER_SP_DEF_HIT,0,True,Other type
Engine,Blastoise,1,MOVE_TACKLE,Tackle,Normal,Physical,40,100,35,MOVE_EFFECT_HIT,0,True,Normal
Engine,Blastoise,1,MOVE_TAIL_WHIP,Tail Whip,Normal,Status,0,100,30,MOVE_EFFECT_DEF_DOWN,0,True,Normal
Engine,Blastoise,1,MOVE_WATER_GUN,Water Gun,Water,Special,40,100,25,MOVE_EFFECT_HIT,0,True,Own type
Engine,Blastoise,1,MOVE_WITHDRAW,Withdraw,Water,Status,0,0,40,MOVE_EFFECT_DEF_UP,0,True,Own type
Engine,Blastoise,9,MOVE_RAPID_SPIN,Rapid Spin,Normal,Physical,50,100,40,MOVE_EFFECT_REMOVE_HAZARDS_AND_BINDING,0,True,Normal
Engine,Blastoise,12,MOVE_BITE,Bite,Dark,Physical,60,100,25,MOVE_EFFECT_FLINCH_HIT,0,True,Other type
Engine,Blastoise,15,MOVE_WATER_PULSE,Water Pulse,Water,Special,60,100,20,MOVE_EFFECT_CONFUSE_HIT,0,True,Own type
Engine,Blastoise,20,MOVE_PROTECT,Protect,Normal,Status,0,0,10,MOVE_EFFECT_PROTECT,4,True,Normal
Engine,Blastoise,25,MOVE_RAIN_DANCE,Rain Dance,Water,Status,0,0,5,MOVE_EFFECT_WEATHER_RAIN,0,True,Own type
Engine,Blastoise,30,MOVE_AQUA_TAIL,Aqua Tail,Water,Physical,90,90,10,MOVE_EFFECT_HIT,0,True,Own type
Engine,Blastoise,35,MOVE_SHELL_SMASH,Shell Smash,Normal,Status,0,0,15,MOVE_EFFECT_ATK_SP_ATK_SPEED_UP_2_DEF_SP_DEF_DOWN,0,True,Normal
Engine,Blastoise,42,MOVE_IRON_DEFENSE,Iron Defense,Steel,Status,0,0,15,MOVE_EFFECT_DEF_UP_2,0,True,Other type
Engine,Blastoise,49,MOVE_HYDRO_PUMP,Hydro Pump,Water,Special,110,80,5,MOVE_EFFECT_HIT,0,True,Own type
Engine,Blastoise,56,MOVE_WAVE_CRASH,Wave Crash,Water,Physical,120,100,10,MOVE_EFFECT_RECOIL_THIRD,0,True,Own type
Engine,Chikorita,1,MOVE_TACKLE,Tackle,Normal,Physical,40,100,35,MOVE_EFFECT_HIT,0,True,Normal
Engine,Chikorita,1,MOVE_GROWL,Growl,Normal,Status,0,100,40,MOVE_EFFECT_ATK_DOWN,0,True,Normal
Engine,Chikorita,6,MOVE_RAZOR_LEAF,Razor Leaf,Grass,Physical,55,95,25,MOVE_EFFECT_HIGH_CRITICAL,0,True,Own type
Engine,Chikorita,9,MOVE_POISON_POWDER,Poison Powder,Poison,Status,0,75,35,MOVE_EFFECT_STATUS_POISON,0,True,Other type
Engine,Chikorita,12,MOVE_SYNTHESIS,Synthesis,Grass,Status,0,0,5,MOVE_EFFECT_HEAL_HALF_DIFFERENT_IN_WEATHER,0,True,Own type
Engine,Chikorita,17,MOVE_REFLECT,Reflect,Psychic,Status,0,0,20,MOVE_EFFECT_SET_REFLECT,0,True,Other type
Engine,Chikorita,20,MOVE_MAGICAL_LEAF,Magical Leaf,Grass,Special,60,0,20,MOVE_EFFECT_BYPASS_ACCURACY,0,True,Own type
Engine,Chikorita,23,MOVE_LEECH_SEED,Leech Seed,Grass,Status,0,90,10,MOVE_EFFECT_STATUS_LEECH_SEED,0,True,Own type
Engine,Chikorita,28,MOVE_SWEET_SCENT,Sweet Scent,Normal,Status,0,100,20,MOVE_EFFECT_EVA_DOWN_2,0,True,Normal
Engine,Chikorita,31,MOVE_LIGHT_SCREEN,Light Screen,Psychic,Status,0,0,30,MOVE_EFFECT_SET_LIGHT_SCREEN,0,True,Other type
Engine,Chikorita,34,MOVE_BODY_SLAM,Body Slam,Normal,Physical,85,100,15,MOVE_EFFECT_PARALYZE_HIT,0,True,Normal
Engine,Chikorita,39,MOVE_SAFEGUARD,Safeguard,Normal,Status,0,0,25,MOVE_EFFECT_PREVENT_STATUS,0,True,Normal
Engine,Chikorita,42,MOVE_GIGA_DRAIN,Giga Drain,Grass,Special,75,100,10,MOVE_EFFECT_RECOVER_HALF_DAMAGE_DEALT,0,True,Own type
Engine,Chikorita,45,MOVE_SOLAR_BEAM,Solar Beam,Grass,Special,120,100,10,MOVE_EFFECT_CHARGE_TURN_SUN_SKIPS,0,True,Own type
Engine,Bayleef,1,MOVE_TACKLE,Tackle,Normal,Physical,40,100,35,MOVE_EFFECT_HIT,0,True,Normal
Engine,Bayleef,1,MOVE_GROWL,Growl,Normal,Status,0,100,40,MOVE_EFFECT_ATK_DOWN,0,True,Normal
Engine,Bayleef,1,MOVE_RAZOR_LEAF,Razor Leaf,Grass,Physical,55,95,25,MOVE_EFFECT_HIGH_CRITICAL,0,True,Own type
Engine,Bayleef,1,MOVE_POISON_POWDER,Poison Powder,Poison,Status,0,75,35,MOVE_EFFECT_STATUS_POISON,0,True,Other type
Engine,Bayleef,12,MOVE_SYNTHESIS,Synthesis,Grass,Status,0,0,5,MOVE_EFFECT_HEAL_HALF_DIFFERENT_IN_WEATHER,0,True,Own type
Engine,Bayleef,18,MOVE_REFLECT,Reflect,Psychic,Status,0,0,20,MOVE_EFFECT_SET_REFLECT,0,True,Other type
Engine,Bayleef,22,MOVE_MAGICAL_LEAF,Magical Leaf,Grass,Special,60,0,20,MOVE_EFFECT_BYPASS_ACCURACY,0,True,Own type
Engine,Bayleef,26,MOVE_LEECH_SEED,Leech Seed,Grass,Status,0,90,10,MOVE_EFFECT_STATUS_LEECH_SEED,0,True,Own type
Engine,Bayleef,32,MOVE_SWEET_SCENT,Sweet Scent,Normal,Status,0,100,20,MOVE_EFFECT_EVA_DOWN_2,0,True,Normal
Engine,Bayleef,36,MOVE_LIGHT_SCREEN,Light Screen,Psychic,Status,0,0,30,MOVE_EFFECT_SET_LIGHT_SCREEN,0,True,Other type
Engine,Bayleef,40,MOVE_BODY_SLAM,Body Slam,Normal,Physical,85,100,15,MOVE_EFFECT_PARALYZE_HIT,0,True,Normal
Engine,Bayleef,46,MOVE_SAFEGUARD,Safeguard,Normal,Status,0,0,25,MOVE_EFFECT_PREVENT_STATUS,0,True,Normal
Engine,Bayleef,50,MOVE_GIGA_DRAIN,Giga Drain,Grass,Special,75,100,10,MOVE_EFFECT_RECOVER_HALF_DAMAGE_DEALT,0,True,Own type
Engine,Bayleef,54,MOVE_SOLAR_BEAM,Solar Beam,Grass,Special,120,100,10,MOVE_EFFECT_CHARGE_TURN_SUN_SKIPS,0,True,Own type
Engine,Meganium,0,MOVE_PETAL_DANCE,Petal Dance,Grass,Special,120,100,10,MOVE_EFFECT_CONTINUE_AND_CONFUSE_SELF,0,True,Own type
Engine,Meganium,1,MOVE_TACKLE,Tackle,Normal,Physical,40,100,35,MOVE_EFFECT_HIT,0,True,Normal
Engine,Meganium,1,MOVE_GROWL,Growl,Normal,Status,0,100,40,MOVE_EFFECT_ATK_DOWN,0,True,Normal
Engine,Meganium,1,MOVE_RAZOR_LEAF,Razor Leaf,Grass,Physical,55,95,25,MOVE_EFFECT_HIGH_CRITICAL,0,True,Own type
Engine,Meganium,1,MOVE_POISON_POWDER,Poison Powder,Poison,Status,0,75,35,MOVE_EFFECT_STATUS_POISON,0,True,Other type
Engine,Meganium,1,MOVE_PETAL_BLIZZARD,Petal Blizzard,Grass,Physical,90,100,15,MOVE_EFFECT_HIT,0,True,Own type
Engine,Meganium,12,MOVE_SYNTHESIS,Synthesis,Grass,Status,0,0,5,MOVE_EFFECT_HEAL_HALF_DIFFERENT_IN_WEATHER,0,True,Own type
Engine,Meganium,18,MOVE_REFLECT,Reflect,Psychic,Status,0,0,20,MOVE_EFFECT_SET_REFLECT,0,True,Other type
Engine,Meganium,22,MOVE_MAGICAL_LEAF,Magical Leaf,Grass,Special,60,0,20,MOVE_EFFECT_BYPASS_ACCURACY,0,True,Own type
Engine,Meganium,26,MOVE_LEECH_SEED,Leech Seed,Grass,Status,0,90,10,MOVE_EFFECT_STATUS_LEECH_SEED,0,True,Own type
Engine,Meganium,34,MOVE_SWEET_SCENT,Sweet Scent,Normal,Status,0,100,20,MOVE_EFFECT_EVA_DOWN_2,0,True,Normal
Engine,Meganium,40,MOVE_LIGHT_SCREEN,Light Screen,Psychic,Status,0,0,30,MOVE_EFFECT_SET_LIGHT_SCREEN,0,True,Other type
Engine,Meganium,46,MOVE_BODY_SLAM,Body Slam,Normal,Physical,85,100,15,MOVE_EFFECT_PARALYZE_HIT,0,True,Normal
Engine,Meganium,54,MOVE_SAFEGUARD,Safeguard,Normal,Status,0,0,25,MOVE_EFFECT_PREVENT_STATUS,0,True,Normal
Engine,Meganium,60,MOVE_GIGA_DRAIN,Giga Drain,Grass,Special,75,100,10,MOVE_EFFECT_RECOVER_HALF_DAMAGE_DEALT,0,True,Own type
Engine,Meganium,65,MOVE_SOLAR_BEAM,Solar Beam,Grass,Special,120,100,10,MOVE_EFFECT_CHARGE_TURN_SUN_SKIPS,0,True,Own type
Engine,Cyndaquil,1,MOVE_TACKLE,Tackle,Normal,Physical,40,100,35,MOVE_EFFECT_HIT,0,True,Normal
Engine,Cyndaquil,1,MOVE_LEER,Leer,Normal,Status,0,100,30,MOVE_EFFECT_DEF_DOWN,0,True,Normal
Engine,Cyndaquil,6,MOVE_SMOKESCREEN,Smokescreen,Normal,Status,0,100,20,MOVE_EFFECT_ACC_DOWN,0,True,Normal
Engine,Cyndaquil,10,MOVE_EMBER,Ember,Fire,Special,40,100,25,MOVE_EFFECT_BURN_HIT,0,True,Own type
Engine,Cyndaquil,13,MOVE_QUICK_ATTACK,Quick Attack,Normal,Physical,40,100,30,MOVE_EFFECT_PRIORITY_1,1,True,Normal
Engine,Cyndaquil,19,MOVE_FLAME_WHEEL,Flame Wheel,Fire,Physical,60,100,25,MOVE_EFFECT_THAW_AND_BURN_HIT,0,True,Own type
Engine,Cyndaquil,22,MOVE_DEFENSE_CURL,Defense Curl,Normal,Status,0,0,40,MOVE_EFFECT_DEF_UP_DOUBLE_ROLLOUT_POWER,0,True,Normal
Engine,Cyndaquil,28,MOVE_FLAME_CHARGE,Flame Charge,Fire,Physical,50,100,20,MOVE_EFFECT_RAISE_SPEED_HIT,0,True,Own type
Engine,Cyndaquil,31,MOVE_SWIFT,Swift,Normal,Special,60,0,20,MOVE_EFFECT_BYPASS_ACCURACY,0,True,Normal
Engine,Cyndaquil,37,MOVE_LAVA_PLUME,Lava Plume,Fire,Special,80,100,15,MOVE_EFFECT_BURN_HIT,0,True,Own type
Engine,Cyndaquil,40,MOVE_FLAMETHROWER,Flamethrower,Fire,Special,90,100,15,MOVE_EFFECT_BURN_HIT,0,True,Own type
Engine,Cyndaquil,46,MOVE_INFERNO,Inferno,Fire,Special,100,50,5,MOVE_EFFECT_BURN_HIT,0,True,Own type
Engine,Cyndaquil,49,MOVE_ROLLOUT,Rollout,Rock,Physical,30,90,20,MOVE_EFFECT_DOUBLE_POWER_EACH_TURN_LOCK_INTO,0,True,Other type
Engine,Cyndaquil,55,MOVE_DOUBLE_EDGE,Double-Edge,Normal,Physical,120,100,15,MOVE_EFFECT_RECOIL_THIRD,0,True,Normal
Engine,Cyndaquil,58,MOVE_OVERHEAT,Overheat,Fire,Special,130,90,5,MOVE_EFFECT_USER_SP_ATK_DOWN_2,0,True,Own type
Engine,Cyndaquil,64,MOVE_ERUPTION,Eruption,Fire,Special,150,100,5,MOVE_EFFECT_DECREASE_POWER_WITH_LESS_USER_HP,0,True,Own type
Engine,Quilava,1,MOVE_TACKLE,Tackle,Normal,Physical,40,100,35,MOVE_EFFECT_HIT,0,True,Normal
Engine,Quilava,1,MOVE_LEER,Leer,Normal,Status,0,100,30,MOVE_EFFECT_DEF_DOWN,0,True,Normal
Engine,Quilava,1,MOVE_SMOKESCREEN,Smokescreen,Normal,Status,0,100,20,MOVE_EFFECT_ACC_DOWN,0,True,Normal
Engine,Quilava,10,MOVE_EMBER,Ember,Fire,Special,40,100,25,MOVE_EFFECT_BURN_HIT,0,True,Own type
Engine,Quilava,13,MOVE_QUICK_ATTACK,Quick Attack,Normal,Physical,40,100,30,MOVE_EFFECT_PRIORITY_1,1,True,Normal
Engine,Quilava,20,MOVE_FLAME_WHEEL,Flame Wheel,Fire,Physical,60,100,25,MOVE_EFFECT_THAW_AND_BURN_HIT,0,True,Own type
Engine,Quilava,24,MOVE_DEFENSE_CURL,Defense Curl,Normal,Status,0,0,40,MOVE_EFFECT_DEF_UP_DOUBLE_ROLLOUT_POWER,0,True,Normal
Engine,Quilava,31,MOVE_SWIFT,Swift,Normal,Special,60,0,20,MOVE_EFFECT_BYPASS_ACCURACY,0,True,Normal
Engine,Quilava,35,MOVE_FLAME_CHARGE,Flame Charge,Fire,Physical,50,100,20,MOVE_EFFECT_RAISE_SPEED_HIT,0,True,Own type
Engine,Quilava,42,MOVE_LAVA_PLUME,Lava Plume,Fire,Special,80,100,15,MOVE_EFFECT_BURN_HIT,0,True,Own type
Engine,Quilava,46,MOVE_FLAMETHROWER,Flamethrower,Fire,Special,90,100,15,MOVE_EFFECT_BURN_HIT,0,True,Own type
Engine,Quilava,53,MOVE_INFERNO,Inferno,Fire,Special,100,50,5,MOVE_EFFECT_BURN_HIT,0,True,Own type
Engine,Quilava,57,MOVE_ROLLOUT,Rollout,Rock,Physical,30,90,20,MOVE_EFFECT_DOUBLE_POWER_EACH_TURN_LOCK_INTO,0,True,Other type
Engine,Quilava,64,MOVE_DOUBLE_EDGE,Double-Edge,Normal,Physical,120,100,15,MOVE_EFFECT_RECOIL_THIRD,0,True,Normal
Engine,Quilava,68,MOVE_OVERHEAT,Overheat,Fire,Special,130,90,5,MOVE_EFFECT_USER_SP_ATK_DOWN_2,0,True,Own type
Engine,Quilava,75,MOVE_ERUPTION,Eruption,Fire,Special,150,100,5,MOVE_EFFECT_DECREASE_POWER_WITH_LESS_USER_HP,0,True,Own type
Engine,Typhlosion,1,MOVE_TACKLE,Tackle,Normal,Physical,40,100,35,MOVE_EFFECT_HIT,0,True,Normal
Engine,Typhlosion,1,MOVE_DOUBLE_EDGE,Double-Edge,Normal,Physical,120,100,15,MOVE_EFFECT_RECOIL_THIRD,0,True,Normal
Engine,Typhlosion,1,MOVE_LEER,Leer,Normal,Status,0,100,30,MOVE_EFFECT_DEF_DOWN,0,True,Normal
Engine,Typhlosion,1,MOVE_EMBER,Ember,Fire,Special,40,100,25,MOVE_EFFECT_BURN_HIT,0,True,Own type
Engine,Typhlosion,1,MOVE_GYRO_BALL,Gyro Ball,Steel,Physical,1,100,5,MOVE_EFFECT_POWER_BASED_ON_LOW_SPEED,0,True,Other type
Engine,Typhlosion,1,MOVE_SMOKESCREEN,Smokescreen,Normal,Status,0,100,20,MOVE_EFFECT_ACC_DOWN,0,True,Normal
Engine,Typhlosion,1,MOVE_ERUPTION,Eruption,Fire,Special,150,100,5,MOVE_EFFECT_DECREASE_POWER_WITH_LESS_USER_HP,0,True,Own type
Engine,Typhlosion,13,MOVE_QUICK_ATTACK,Quick Attack,Normal,Physical,40,100,30,MOVE_EFFECT_PRIORITY_1,1,True,Normal
Engine,Typhlosion,20,MOVE_FLAME_WHEEL,Flame Wheel,Fire,Physical,60,100,25,MOVE_EFFECT_THAW_AND_BURN_HIT,0,True,Own type
Engine,Typhlosion,24,MOVE_DEFENSE_CURL,Defense Curl,Normal,Status,0,0,40,MOVE_EFFECT_DEF_UP_DOUBLE_ROLLOUT_POWER,0,True,Normal
Engine,Typhlosion,31,MOVE_SWIFT,Swift,Normal,Special,60,0,20,MOVE_EFFECT_BYPASS_ACCURACY,0,True,Normal
Engine,Typhlosion,35,MOVE_FLAME_CHARGE,Flame Charge,Fire,Physical,50,100,20,MOVE_EFFECT_RAISE_SPEED_HIT,0,True,Own type
Engine,Typhlosion,43,MOVE_LAVA_PLUME,Lava Plume,Fire,Special,80,100,15,MOVE_EFFECT_BURN_HIT,0,True,Own type
Engine,Typhlosion,48,MOVE_FLAMETHROWER,Flamethrower,Fire,Special,90,100,15,MOVE_EFFECT_BURN_HIT,0,True,Own type
Engine,Typhlosion,56,MOVE_INFERNO,Inferno,Fire,Special,100,50,5,MOVE_EFFECT_BURN_HIT,0,True,Own type
Engine,Typhlosion,61,MOVE_ROLLOUT,Rollout,Rock,Physical,30,90,20,MOVE_EFFECT_DOUBLE_POWER_EACH_TURN_LOCK_INTO,0,True,Other type
Engine,Typhlosion,74,MOVE_OVERHEAT,Overheat,Fire,Special,130,90,5,MOVE_EFFECT_USER_SP_ATK_DOWN_2,0,True,Own type
Engine,Totodile,1,MOVE_SCRATCH,Scratch,Normal,Physical,40,100,35,MOVE_EFFECT_HIT,0,True,Normal
Engine,Totodile,1,MOVE_LEER,Leer,Normal,Status,0,100,30,MOVE_EFFECT_DEF_DOWN,0,True,Normal
Engine,Totodile,6,MOVE_WATER_GUN,Water Gun,Water,Special,40,100,25,MOVE_EFFECT_HIT,0,True,Own type
Engine,Totodile,9,MOVE_BITE,Bite,Dark,Physical,60,100,25,MOVE_EFFECT_FLINCH_HIT,0,True,Other type
Engine,Totodile,13,MOVE_SCARY_FACE,Scary Face,Normal,Status,0,100,10,MOVE_EFFECT_SPEED_DOWN_2,0,True,Normal
Engine,Totodile,19,MOVE_ICE_FANG,Ice Fang,Ice,Physical,65,95,15,MOVE_EFFECT_FLINCH_FREEZE_HIT,0,True,Other type
Engine,Totodile,22,MOVE_FLAIL,Flail,Normal,Physical,1,100,15,MOVE_EFFECT_INCREASE_POWER_WITH_LESS_HP,0,True,Normal
Engine,Totodile,27,MOVE_CRUNCH,Crunch,Dark,Physical,80,100,15,MOVE_EFFECT_LOWER_DEFENSE_HIT,0,True,Other type
Engine,Totodile,30,MOVE_SLASH,Slash,Normal,Physical,80,100,20,MOVE_EFFECT_HIGH_CRITICAL,0,True,Normal
Engine,Totodile,33,MOVE_SCREECH,Screech,Normal,Status,0,85,40,MOVE_EFFECT_DEF_DOWN_2,0,True,Normal
Engine,Totodile,37,MOVE_THRASH,Thrash,Normal,Physical,120,100,10,MOVE_EFFECT_CONTINUE_AND_CONFUSE_SELF,0,True,Normal
Engine,Totodile,41,MOVE_AQUA_TAIL,Aqua Tail,Water,Physical,90,90,10,MOVE_EFFECT_HIT,0,True,Own type
Engine,Totodile,45,MOVE_SUPERPOWER,Superpower,Fighting,Physical,120,100,5,MOVE_EFFECT_USER_ATK_DEF_DOWN_HIT,0,True,Other type
Engine,Totodile,50,MOVE_HYDRO_PUMP,Hydro Pump,Water,Special,110,80,5,MOVE_EFFECT_HIT,0,True,Own type
Engine,Croconaw,1,MOVE_SCRATCH,Scratch,Normal,Physical,40,100,35,MOVE_EFFECT_HIT,0,True,Normal
Engine,Croconaw,1,MOVE_LEER,Leer,Normal,Status,0,100,30,MOVE_EFFECT_DEF_DOWN,0,True,Normal
Engine,Croconaw,1,MOVE_WATER_GUN,Water Gun,Water,Special,40,100,25,MOVE_EFFECT_HIT,0,True,Own type
Engine,Croconaw,13,MOVE_BITE,Bite,Dark,Physical,60,100,25,MOVE_EFFECT_FLINCH_HIT,0,True,Other type
Engine,Croconaw,15,MOVE_SCARY_FACE,Scary Face,Normal,Status,0,100,10,MOVE_EFFECT_SPEED_DOWN_2,0,True,Normal
Engine,Croconaw,21,MOVE_ICE_FANG,Ice Fang,Ice,Physical,65,95,15,MOVE_EFFECT_FLINCH_FREEZE_HIT,0,True,Other type
Engine,Croconaw,24,MOVE_FLAIL,Flail,Normal,Physical,1,100,15,MOVE_EFFECT_INCREASE_POWER_WITH_LESS_HP,0,True,Normal
Engine,Croconaw,30,MOVE_CRUNCH,Crunch,Dark,Physical,80,100,15,MOVE_EFFECT_LOWER_DEFENSE_HIT,0,True,Other type
Engine,Croconaw,34,MOVE_SLASH,Slash,Normal,Physical,80,100,20,MOVE_EFFECT_HIGH_CRITICAL,0,True,Normal
Engine,Croconaw,37,MOVE_SCREECH,Screech,Normal,Status,0,85,40,MOVE_EFFECT_DEF_DOWN_2,0,True,Normal
Engine,Croconaw,42,MOVE_THRASH,Thrash,Normal,Physical,120,100,10,MOVE_EFFECT_CONTINUE_AND_CONFUSE_SELF,0,True,Normal
Engine,Croconaw,47,MOVE_AQUA_TAIL,Aqua Tail,Water,Physical,90,90,10,MOVE_EFFECT_HIT,0,True,Own type
Engine,Croconaw,50,MOVE_SUPERPOWER,Superpower,Fighting,Physical,120,100,5,MOVE_EFFECT_USER_ATK_DEF_DOWN_HIT,0,True,Other type
Engine,Croconaw,55,MOVE_HYDRO_PUMP,Hydro Pump,Water,Special,110,80,5,MOVE_EFFECT_HIT,0,True,Own type
Engine,Feraligatr,1,MOVE_SCRATCH,Scratch,Normal,Physical,40,100,35,MOVE_EFFECT_HIT,0,True,Normal
Engine,Feraligatr,1,MOVE_LEER,Leer,Normal,Status,0,100,30,MOVE_EFFECT_DEF_DOWN,0,True,Normal
Engine,Feraligatr,1,MOVE_WATER_GUN,Water Gun,Water,Special,40,100,25,MOVE_EFFECT_HIT,0,True,Own type
Engine,Feraligatr,1,MOVE_AGILITY,Agility,Psychic,Status,0,0,30,MOVE_EFFECT_SPEED_UP_2,0,True,Other type
Engine,Feraligatr,13,MOVE_BITE,Bite,Dark,Physical,60,100,25,MOVE_EFFECT_FLINCH_HIT,0,True,Other type
Engine,Feraligatr,15,MOVE_SCARY_FACE,Scary Face,Normal,Status,0,100,10,MOVE_EFFECT_SPEED_DOWN_2,0,True,Normal
Engine,Feraligatr,21,MOVE_ICE_FANG,Ice Fang,Ice,Physical,65,95,15,MOVE_EFFECT_FLINCH_FREEZE_HIT,0,True,Other type
Engine,Feraligatr,24,MOVE_FLAIL,Flail,Normal,Physical,1,100,15,MOVE_EFFECT_INCREASE_POWER_WITH_LESS_HP,0,True,Normal
Engine,Feraligatr,32,MOVE_CRUNCH,Crunch,Dark,Physical,80,100,15,MOVE_EFFECT_LOWER_DEFENSE_HIT,0,True,Other type
Engine,Feraligatr,37,MOVE_SLASH,Slash,Normal,Physical,80,100,20,MOVE_EFFECT_HIGH_CRITICAL,0,True,Normal
Engine,Feraligatr,44,MOVE_SCREECH,Screech,Normal,Status,0,85,40,MOVE_EFFECT_DEF_DOWN_2,0,True,Normal
Engine,Feraligatr,51,MOVE_THRASH,Thrash,Normal,Physical,120,100,10,MOVE_EFFECT_CONTINUE_AND_CONFUSE_SELF,0,True,Normal
Engine,Feraligatr,59,MOVE_AQUA_TAIL,Aqua Tail,Water,Physical,90,90,10,MOVE_EFFECT_HIT,0,True,Own type
Engine,Feraligatr,65,MOVE_SUPERPOWER,Superpower,Fighting,Physical,120,100,5,MOVE_EFFECT_USER_ATK_DEF_DOWN_HIT,0,True,Other type
Engine,Feraligatr,70,MOVE_HYDRO_PUMP,Hydro Pump,Water,Special,110,80,5,MOVE_EFFECT_HIT,0,True,Own type
Engine,Treecko,1,MOVE_POUND,Pound,Normal,Physical,40,100,35,MOVE_EFFECT_HIT,0,True,Normal
Engine,Treecko,1,MOVE_LEER,Leer,Normal,Status,0,100,30,MOVE_EFFECT_DEF_DOWN,0,True,Normal
Engine,Treecko,3,MOVE_LEAFAGE,Leafage,Grass,Physical,40,100,40,MOVE_EFFECT_HIT,0,True,Own type
Engine,Treecko,6,MOVE_QUICK_ATTACK,Quick Attack,Normal,Physical,40,100,30,MOVE_EFFECT_PRIORITY_1,1,True,Normal
Engine,Treecko,9,MOVE_MEGA_DRAIN,Mega Drain,Grass,Special,40,100,15,MOVE_EFFECT_RECOVER_HALF_DAMAGE_DEALT,0,True,Own type
Engine,Treecko,12,MOVE_DETECT,Detect,Fighting,Status,0,0,5,MOVE_EFFECT_PROTECT,4,True,Other type
Engine,Treecko,15,MOVE_QUICK_GUARD,Quick Guard,Fighting,Status,0,0,15,MOVE_EFFECT_PROTECT_USER_SIDE,3,True,Other type
Engine,Treecko,18,MOVE_ASSURANCE,Assurance,Dark,Physical,60,100,10,MOVE_EFFECT_DOUBLE_POWER_IF_TARGET_HIT,0,True,Other type
Engine,Treecko,21,MOVE_GIGA_DRAIN,Giga Drain,Grass,Special,75,100,10,MOVE_EFFECT_RECOVER_HALF_DAMAGE_DEALT,0,True,Own type
Engine,Treecko,24,MOVE_SLAM,Slam,Normal,Physical,80,75,20,MOVE_EFFECT_HIT,0,True,Normal
Engine,Treecko,27,MOVE_DOUBLE_TEAM,Double Team,Normal,Status,0,0,15,MOVE_EFFECT_EVA_UP,0,True,Normal
Engine,Treecko,30,MOVE_ENERGY_BALL,Energy Ball,Grass,Special,90,100,10,MOVE_EFFECT_LOWER_SP_DEF_HIT,0,True,Own type
Engine,Treecko,33,MOVE_SCREECH,Screech,Normal,Status,0,85,40,MOVE_EFFECT_DEF_DOWN_2,0,True,Normal
Engine,Treecko,36,MOVE_ENDEAVOR,Endeavor,Normal,Physical,1,100,5,MOVE_EFFECT_SET_HP_EQUAL_TO_USER,0,True,Normal
Engine,Treecko,39,MOVE_LEAF_STORM,Leaf Storm,Grass,Special,130,90,5,MOVE_EFFECT_USER_SP_ATK_DOWN_2,0,True,Own type
Engine,Grovyle,1,MOVE_POUND,Pound,Normal,Physical,40,100,35,MOVE_EFFECT_HIT,0,True,Normal
Engine,Grovyle,1,MOVE_LEER,Leer,Normal,Status,0,100,30,MOVE_EFFECT_DEF_DOWN,0,True,Normal
Engine,Grovyle,1,MOVE_QUICK_ATTACK,Quick Attack,Normal,Physical,40,100,30,MOVE_EFFECT_PRIORITY_1,1,True,Normal
Engine,Grovyle,1,MOVE_LEAFAGE,Leafage,Grass,Physical,40,100,40,MOVE_EFFECT_HIT,0,True,Own type
Engine,Grovyle,9,MOVE_MEGA_DRAIN,Mega Drain,Grass,Special,40,100,15,MOVE_EFFECT_RECOVER_HALF_DAMAGE_DEALT,0,True,Own type
Engine,Grovyle,12,MOVE_DETECT,Detect,Fighting,Status,0,0,5,MOVE_EFFECT_PROTECT,4,True,Other type
Engine,Grovyle,15,MOVE_QUICK_GUARD,Quick Guard,Fighting,Status,0,0,15,MOVE_EFFECT_PROTECT_USER_SIDE,3,True,Other type
Engine,Grovyle,20,MOVE_ASSURANCE,Assurance,Dark,Physical,60,100,10,MOVE_EFFECT_DOUBLE_POWER_IF_TARGET_HIT,0,True,Other type
Engine,Grovyle,25,MOVE_GIGA_DRAIN,Giga Drain,Grass,Special,75,100,10,MOVE_EFFECT_RECOVER_HALF_DAMAGE_DEALT,0,True,Own type
Engine,Grovyle,30,MOVE_SLAM,Slam,Normal,Physical,80,75,20,MOVE_EFFECT_HIT,0,True,Normal
Engine,Grovyle,35,MOVE_DOUBLE_TEAM,Double Team,Normal,Status,0,0,15,MOVE_EFFECT_EVA_UP,0,True,Normal
Engine,Grovyle,40,MOVE_LEAF_BLADE,Leaf Blade,Grass,Physical,90,100,15,MOVE_EFFECT_HIGH_CRITICAL,0,True,Own type
Engine,Grovyle,45,MOVE_SCREECH,Screech,Normal,Status,0,85,40,MOVE_EFFECT_DEF_DOWN_2,0,True,Normal
Engine,Grovyle,50,MOVE_ENDEAVOR,Endeavor,Normal,Physical,1,100,5,MOVE_EFFECT_SET_HP_EQUAL_TO_USER,0,True,Normal
Engine,Grovyle,55,MOVE_LEAF_STORM,Leaf Storm,Grass,Special,130,90,5,MOVE_EFFECT_USER_SP_ATK_DOWN_2,0,True,Own type
Engine,Sceptile,0,MOVE_LEAF_BLADE,Leaf Blade,Grass,Physical,90,100,15,MOVE_EFFECT_HIGH_CRITICAL,0,True,Own type
Engine,Sceptile,1,MOVE_POUND,Pound,Normal,Physical,40,100,35,MOVE_EFFECT_HIT,0,True,Normal
Engine,Sceptile,1,MOVE_LEER,Leer,Normal,Status,0,100,30,MOVE_EFFECT_DEF_DOWN,0,True,Normal
Engine,Sceptile,1,MOVE_QUICK_ATTACK,Quick Attack,Normal,Physical,40,100,30,MOVE_EFFECT_PRIORITY_1,1,True,Normal
Engine,Sceptile,1,MOVE_LEAFAGE,Leafage,Grass,Physical,40,100,40,MOVE_EFFECT_HIT,0,True,Own type
Engine,Sceptile,5,MOVE_MEGA_DRAIN,Mega Drain,Grass,Special,40,100,15,MOVE_EFFECT_RECOVER_HALF_DAMAGE_DEALT,0,True,Own type
Engine,Sceptile,12,MOVE_DETECT,Detect,Fighting,Status,0,0,5,MOVE_EFFECT_PROTECT,4,True,Other type
Engine,Sceptile,15,MOVE_QUICK_GUARD,Quick Guard,Fighting,Status,0,0,15,MOVE_EFFECT_PROTECT_USER_SIDE,3,True,Other type
Engine,Sceptile,20,MOVE_ASSURANCE,Assurance,Dark,Physical,60,100,10,MOVE_EFFECT_DOUBLE_POWER_IF_TARGET_HIT,0,True,Other type
Engine,Sceptile,25,MOVE_GIGA_DRAIN,Giga Drain,Grass,Special,75,100,10,MOVE_EFFECT_RECOVER_HALF_DAMAGE_DEALT,0,True,Own type
Engine,Sceptile,30,MOVE_SLAM,Slam,Normal,Physical,80,75,20,MOVE_EFFECT_HIT,0,True,Normal
Engine,Sceptile,35,MOVE_DOUBLE_TEAM,Double Team,Normal,Status,0,0,15,MOVE_EFFECT_EVA_UP,0,True,Normal
Engine,Sceptile,42,MOVE_SCREECH,Screech,Normal,Status,0,85,40,MOVE_EFFECT_DEF_DOWN_2,0,True,Normal
Engine,Sceptile,49,MOVE_ENDEAVOR,Endeavor,Normal,Physical,1,100,5,MOVE_EFFECT_SET_HP_EQUAL_TO_USER,0,True,Normal
Engine,Sceptile,56,MOVE_LEAF_STORM,Leaf Storm,Grass,Special,130,90,5,MOVE_EFFECT_USER_SP_ATK_DOWN_2,0,True,Own type
Engine,Torchic,1,MOVE_SCRATCH,Scratch,Normal,Physical,40,100,35,MOVE_EFFECT_HIT,0,True,Normal
Engine,Torchic,1,MOVE_GROWL,Growl,Normal,Status,0,100,40,MOVE_EFFECT_ATK_DOWN,0,True,Normal
Engine,Torchic,3,MOVE_EMBER,Ember,Fire,Special,40,100,25,MOVE_EFFECT_BURN_HIT,0,True,Own type
Engine,Torchic,6,MOVE_QUICK_ATTACK,Quick Attack,Normal,Physical,40,100,30,MOVE_EFFECT_PRIORITY_1,1,True,Normal
Engine,Torchic,9,MOVE_FLAME_CHARGE,Flame Charge,Fire,Physical,50,100,20,MOVE_EFFECT_RAISE_SPEED_HIT,0,True,Own type
Engine,Torchic,12,MOVE_DETECT,Detect,Fighting,Status,0,0,5,MOVE_EFFECT_PROTECT,4,True,Other type
Engine,Torchic,15,MOVE_SAND_ATTACK,Sand Attack,Ground,Status,0,100,15,MOVE_EFFECT_ACC_DOWN,0,True,Other type
Engine,Torchic,18,MOVE_AERIAL_ACE,Aerial Ace,Flying,Physical,60,0,20,MOVE_EFFECT_BYPASS_ACCURACY,0,True,Other type
Engine,Torchic,21,MOVE_SLASH,Slash,Normal,Physical,80,100,20,MOVE_EFFECT_HIGH_CRITICAL,0,True,Normal
Engine,Torchic,24,MOVE_BOUNCE,Bounce,Flying,Physical,85,85,5,MOVE_EFFECT_BOUNCE,0,True,Other type
Engine,Torchic,27,MOVE_FOCUS_ENERGY,Focus Energy,Normal,Status,0,0,30,MOVE_EFFECT_CRIT_UP_2,0,True,Normal
Engine,Torchic,30,MOVE_FLAMETHROWER,Flamethrower,Fire,Special,90,100,15,MOVE_EFFECT_BURN_HIT,0,True,Own type
Engine,Torchic,33,MOVE_FEATHER_DANCE,Feather Dance,Flying,Status,0,100,15,MOVE_EFFECT_ATK_DOWN_2,0,True,Other type
Engine,Torchic,36,MOVE_REVERSAL,Reversal,Fighting,Physical,1,100,15,MOVE_EFFECT_INCREASE_POWER_WITH_LESS_HP,0,True,Other type
Engine,Torchic,39,MOVE_FLARE_BLITZ,Flare Blitz,Fire,Physical,120,100,15,MOVE_EFFECT_RECOIL_BURN_HIT,0,True,Own type
Engine,Combusken,0,MOVE_DOUBLE_KICK,Double Kick,Fighting,Physical,30,100,30,MOVE_EFFECT_HIT_TWICE,0,True,Own type
Engine,Combusken,1,MOVE_SCRATCH,Scratch,Normal,Physical,40,100,35,MOVE_EFFECT_HIT,0,True,Normal
Engine,Combusken,1,MOVE_GROWL,Growl,Normal,Status,0,100,40,MOVE_EFFECT_ATK_DOWN,0,True,Normal
Engine,Combusken,1,MOVE_EMBER,Ember,Fire,Special,40,100,25,MOVE_EFFECT_BURN_HIT,0,True,Own type
Engine,Combusken,1,MOVE_QUICK_ATTACK,Quick Attack,Normal,Physical,40,100,30,MOVE_EFFECT_PRIORITY_1,1,True,Normal
Engine,Combusken,9,MOVE_FLAME_CHARGE,Flame Charge,Fire,Physical,50,100,20,MOVE_EFFECT_RAISE_SPEED_HIT,0,True,Own type
Engine,Combusken,12,MOVE_DETECT,Detect,Fighting,Status,0,0,5,MOVE_EFFECT_PROTECT,4,True,Own type
Engine,Combusken,15,MOVE_SAND_ATTACK,Sand Attack,Ground,Status,0,100,15,MOVE_EFFECT_ACC_DOWN,0,True,Other type
Engine,Combusken,20,MOVE_AERIAL_ACE,Aerial Ace,Flying,Physical,60,0,20,MOVE_EFFECT_BYPASS_ACCURACY,0,True,Other type
Engine,Combusken,25,MOVE_SLASH,Slash,Normal,Physical,80,100,20,MOVE_EFFECT_HIGH_CRITICAL,0,True,Normal
Engine,Combusken,30,MOVE_BOUNCE,Bounce,Flying,Physical,85,85,5,MOVE_EFFECT_BOUNCE,0,True,Other type
Engine,Combusken,35,MOVE_FOCUS_ENERGY,Focus Energy,Normal,Status,0,0,30,MOVE_EFFECT_CRIT_UP_2,0,True,Normal
Engine,Combusken,40,MOVE_BLAZE_KICK,Blaze Kick,Fire,Physical,85,90,10,MOVE_EFFECT_HIGH_CRITICAL_BURN_HIT,0,True,Own type
Engine,Combusken,45,MOVE_BULK_UP,Bulk Up,Fighting,Status,0,0,20,MOVE_EFFECT_ATK_DEF_UP,0,True,Own type
Engine,Combusken,50,MOVE_REVERSAL,Reversal,Fighting,Physical,1,100,15,MOVE_EFFECT_INCREASE_POWER_WITH_LESS_HP,0,True,Own type
Engine,Combusken,55,MOVE_FLARE_BLITZ,Flare Blitz,Fire,Physical,120,100,15,MOVE_EFFECT_RECOIL_BURN_HIT,0,True,Own type
Engine,Blaziken,0,MOVE_BLAZE_KICK,Blaze Kick,Fire,Physical,85,90,10,MOVE_EFFECT_HIGH_CRITICAL_BURN_HIT,0,True,Own type
Engine,Blaziken,1,MOVE_SCRATCH,Scratch,Normal,Physical,40,100,35,MOVE_EFFECT_HIT,0,True,Normal
Engine,Blaziken,1,MOVE_DOUBLE_KICK,Double Kick,Fighting,Physical,30,100,30,MOVE_EFFECT_HIT_TWICE,0,True,Own type
Engine,Blaziken,1,MOVE_GROWL,Growl,Normal,Status,0,100,40,MOVE_EFFECT_ATK_DOWN,0,True,Normal
Engine,Blaziken,1,MOVE_QUICK_ATTACK,Quick Attack,Normal,Physical,40,100,30,MOVE_EFFECT_PRIORITY_1,1,True,Normal
Engine,Blaziken,9,MOVE_FLAME_CHARGE,Flame Charge,Fire,Physical,50,100,20,MOVE_EFFECT_RAISE_SPEED_HIT,0,True,Own type
Engine,Blaziken,12,MOVE_DETECT,Detect,Fighting,Status,0,0,5,MOVE_EFFECT_PROTECT,4,True,Own type
Engine,Blaziken,15,MOVE_SAND_ATTACK,Sand Attack,Ground,Status,0,100,15,MOVE_EFFECT_ACC_DOWN,0,True,Other type
Engine,Blaziken,20,MOVE_AERIAL_ACE,Aerial Ace,Flying,Physical,60,0,20,MOVE_EFFECT_BYPASS_ACCURACY,0,True,Other type
Engine,Blaziken,25,MOVE_SLASH,Slash,Normal,Physical,80,100,20,MOVE_EFFECT_HIGH_CRITICAL,0,True,Normal
Engine,Blaziken,30,MOVE_BOUNCE,Bounce,Flying,Physical,85,85,5,MOVE_EFFECT_BOUNCE,0,True,Other type
Engine,Blaziken,35,MOVE_FOCUS_ENERGY,Focus Energy,Normal,Status,0,0,30,MOVE_EFFECT_CRIT_UP_2,0,True,Normal
Engine,Blaziken,42,MOVE_BULK_UP,Bulk Up,Fighting,Status,0,0,20,MOVE_EFFECT_ATK_DEF_UP,0,True,Own type
Engine,Blaziken,49,MOVE_REVERSAL,Reversal,Fighting,Physical,1,100,15,MOVE_EFFECT_INCREASE_POWER_WITH_LESS_HP,0,True,Own type
Engine,Blaziken,56,MOVE_FLARE_BLITZ,Flare Blitz,Fire,Physical,120,100,15,MOVE_EFFECT_RECOIL_BURN_HIT,0,True,Own type
Engine,Blaziken,63,MOVE_BRAVE_BIRD,Brave Bird,Flying,Physical,120,100,15,MOVE_EFFECT_RECOIL_THIRD,0,True,Other type
Engine,Mudkip,1,MOVE_TACKLE,Tackle,Normal,Physical,40,100,35,MOVE_EFFECT_HIT,0,True,Normal
Engine,Mudkip,1,MOVE_GROWL,Growl,Normal,Status,0,100,40,MOVE_EFFECT_ATK_DOWN,0,True,Normal
Engine,Mudkip,3,MOVE_WATER_GUN,Water Gun,Water,Special,40,100,25,MOVE_EFFECT_HIT,0,True,Own type
Engine,Mudkip,6,MOVE_ROCK_SMASH,Rock Smash,Fighting,Physical,40,100,15,MOVE_EFFECT_LOWER_DEFENSE_HIT,0,True,Other type
Engine,Mudkip,9,MOVE_ROCK_THROW,Rock Throw,Rock,Physical,50,90,15,MOVE_EFFECT_HIT,0,True,Other type
Engine,Mudkip,12,MOVE_PROTECT,Protect,Normal,Status,0,0,10,MOVE_EFFECT_PROTECT,4,True,Normal
Engine,Mudkip,15,MOVE_SUPERSONIC,Supersonic,Normal,Status,0,55,20,MOVE_EFFECT_STATUS_CONFUSE,0,True,Normal
Engine,Mudkip,18,MOVE_WATER_PULSE,Water Pulse,Water,Special,60,100,20,MOVE_EFFECT_CONFUSE_HIT,0,True,Own type
Engine,Mudkip,21,MOVE_ROCK_SLIDE,Rock Slide,Rock,Physical,75,90,10,MOVE_EFFECT_FLINCH_HIT,0,True,Other type
Engine,Mudkip,24,MOVE_TAKE_DOWN,Take Down,Normal,Physical,90,85,20,MOVE_EFFECT_RECOIL_QUARTER,0,True,Normal
Engine,Mudkip,27,MOVE_AMNESIA,Amnesia,Psychic,Status,0,0,20,MOVE_EFFECT_SP_DEF_UP_2,0,True,Other type
Engine,Mudkip,30,MOVE_SURF,Surf,Water,Special,90,100,15,MOVE_EFFECT_DOUBLE_DAMAGE_DIVE,0,True,Own type
Engine,Mudkip,33,MOVE_SCREECH,Screech,Normal,Status,0,85,40,MOVE_EFFECT_DEF_DOWN_2,0,True,Normal
Engine,Mudkip,36,MOVE_ENDEAVOR,Endeavor,Normal,Physical,1,100,5,MOVE_EFFECT_SET_HP_EQUAL_TO_USER,0,True,Normal
Engine,Mudkip,39,MOVE_HYDRO_PUMP,Hydro Pump,Water,Special,110,80,5,MOVE_EFFECT_HIT,0,True,Own type
Engine,Marshtomp,0,MOVE_MUD_SHOT,Mud Shot,Ground,Special,55,95,15,MOVE_EFFECT_LOWER_SPEED_HIT,0,True,Own type
Engine,Marshtomp,1,MOVE_TACKLE,Tackle,Normal,Physical,40,100,35,MOVE_EFFECT_HIT,0,True,Normal
Engine,Marshtomp,1,MOVE_GROWL,Growl,Normal,Status,0,100,40,MOVE_EFFECT_ATK_DOWN,0,True,Normal
Engine,Marshtomp,1,MOVE_WATER_GUN,Water Gun,Water,Special,40,100,25,MOVE_EFFECT_HIT,0,True,Own type
Engine,Marshtomp,9,MOVE_ROCK_THROW,Rock Throw,Rock,Physical,50,90,15,MOVE_EFFECT_HIT,0,True,Other type
Engine,Marshtomp,12,MOVE_PROTECT,Protect,Normal,Status,0,0,10,MOVE_EFFECT_PROTECT,4,True,Normal
Engine,Marshtomp,15,MOVE_SUPERSONIC,Supersonic,Normal,Status,0,55,20,MOVE_EFFECT_STATUS_CONFUSE,0,True,Normal
Engine,Marshtomp,20,MOVE_WATER_PULSE,Water Pulse,Water,Special,60,100,20,MOVE_EFFECT_CONFUSE_HIT,0,True,Own type
Engine,Marshtomp,25,MOVE_ROCK_SLIDE,Rock Slide,Rock,Physical,75,90,10,MOVE_EFFECT_FLINCH_HIT,0,True,Other type
Engine,Marshtomp,30,MOVE_TAKE_DOWN,Take Down,Normal,Physical,90,85,20,MOVE_EFFECT_RECOIL_QUARTER,0,True,Normal
Engine,Marshtomp,35,MOVE_AMNESIA,Amnesia,Psychic,Status,0,0,20,MOVE_EFFECT_SP_DEF_UP_2,0,True,Other type
Engine,Marshtomp,40,MOVE_MUDDY_WATER,Muddy Water,Water,Special,90,85,10,MOVE_EFFECT_LOWER_ACCURACY_HIT,0,True,Own type
Engine,Marshtomp,45,MOVE_SCREECH,Screech,Normal,Status,0,85,40,MOVE_EFFECT_DEF_DOWN_2,0,True,Normal
Engine,Marshtomp,50,MOVE_ENDEAVOR,Endeavor,Normal,Physical,1,100,5,MOVE_EFFECT_SET_HP_EQUAL_TO_USER,0,True,Normal
Engine,Marshtomp,55,MOVE_HYDRO_PUMP,Hydro Pump,Water,Special,110,80,5,MOVE_EFFECT_HIT,0,True,Own type
Engine,Swampert,1,MOVE_TACKLE,Tackle,Normal,Physical,40,100,35,MOVE_EFFECT_HIT,0,True,Normal
Engine,Swampert,1,MOVE_GROWL,Growl,Normal,Status,0,100,40,MOVE_EFFECT_ATK_DOWN,0,True,Normal
Engine,Swampert,1,MOVE_WATER_GUN,Water Gun,Water,Special,40,100,25,MOVE_EFFECT_HIT,0,True,Own type
Engine,Swampert,1,MOVE_MUD_SHOT,Mud Shot,Ground,Special,55,95,15,MOVE_EFFECT_LOWER_SPEED_HIT,0,True,Own type
Engine,Swampert,9,MOVE_ROCK_THROW,Rock Throw,Rock,Physical,50,90,15,MOVE_EFFECT_HIT,0,True,Other type
Engine,Swampert,12,MOVE_PROTECT,Protect,Normal,Status,0,0,10,MOVE_EFFECT_PROTECT,4,True,Normal
Engine,Swampert,15,MOVE_SUPERSONIC,Supersonic,Normal,Status,0,55,20,MOVE_EFFECT_STATUS_CONFUSE,0,True,Normal
Engine,Swampert,20,MOVE_WATER_PULSE,Water Pulse,Water,Special,60,100,20,MOVE_EFFECT_CONFUSE_HIT,0,True,Own type
Engine,Swampert,25,MOVE_ROCK_SLIDE,Rock Slide,Rock,Physical,75,90,10,MOVE_EFFECT_FLINCH_HIT,0,True,Other type
Engine,Swampert,30,MOVE_TAKE_DOWN,Take Down,Normal,Physical,90,85,20,MOVE_EFFECT_RECOIL_QUARTER,0,True,Normal
Engine,Swampert,35,MOVE_AMNESIA,Amnesia,Psychic,Status,0,0,20,MOVE_EFFECT_SP_DEF_UP_2,0,True,Other type
Engine,Swampert,42,MOVE_MUDDY_WATER,Muddy Water,Water,Special,90,85,10,MOVE_EFFECT_LOWER_ACCURACY_HIT,0,True,Own type
Engine,Swampert,49,MOVE_SCREECH,Screech,Normal,Status,0,85,40,MOVE_EFFECT_DEF_DOWN_2,0,True,Normal
Engine,Swampert,56,MOVE_ENDEAVOR,Endeavor,Normal,Physical,1,100,5,MOVE_EFFECT_SET_HP_EQUAL_TO_USER,0,True,Normal
Engine,Swampert,63,MOVE_HYDRO_PUMP,Hydro Pump,Water,Special,110,80,5,MOVE_EFFECT_HIT,0,True,Own type
Engine,Turtwig,1,MOVE_TACKLE,Tackle,Normal,Physical,40,100,35,MOVE_EFFECT_HIT,0,True,Normal
Engine,Turtwig,5,MOVE_WITHDRAW,Withdraw,Water,Status,0,0,40,MOVE_EFFECT_DEF_UP,0,True,Other type
Engine,Turtwig,9,MOVE_ABSORB,Absorb,Grass,Special,20,100,25,MOVE_EFFECT_RECOVER_HALF_DAMAGE_DEALT,0,True,Own type
Engine,Turtwig,13,MOVE_RAZOR_LEAF,Razor Leaf,Grass,Physical,55,95,25,MOVE_EFFECT_HIGH_CRITICAL,0,True,Own type
Engine,Turtwig,17,MOVE_CURSE,Curse,Ghost,Status,0,0,10,MOVE_EFFECT_CURSE,0,True,Other type
Engine,Turtwig,21,MOVE_BITE,Bite,Dark,Physical,60,100,25,MOVE_EFFECT_FLINCH_HIT,0,True,Other type
Engine,Turtwig,25,MOVE_MEGA_DRAIN,Mega Drain,Grass,Special,40,100,15,MOVE_EFFECT_RECOVER_HALF_DAMAGE_DEALT,0,True,Own type
Engine,Turtwig,29,MOVE_LEECH_SEED,Leech Seed,Grass,Status,0,90,10,MOVE_EFFECT_STATUS_LEECH_SEED,0,True,Own type
Engine,Turtwig,33,MOVE_SYNTHESIS,Synthesis,Grass,Status,0,0,5,MOVE_EFFECT_HEAL_HALF_DIFFERENT_IN_WEATHER,0,True,Own type
Engine,Turtwig,37,MOVE_CRUNCH,Crunch,Dark,Physical,80,100,15,MOVE_EFFECT_LOWER_DEFENSE_HIT,0,True,Other type
Engine,Turtwig,41,MOVE_GIGA_DRAIN,Giga Drain,Grass,Special,75,100,10,MOVE_EFFECT_RECOVER_HALF_DAMAGE_DEALT,0,True,Own type
Engine,Turtwig,45,MOVE_LEAF_STORM,Leaf Storm,Grass,Special,130,90,5,MOVE_EFFECT_USER_SP_ATK_DOWN_2,0,True,Own type
Engine,Grotle,1,MOVE_TACKLE,Tackle,Normal,Physical,40,100,35,MOVE_EFFECT_HIT,0,True,Normal
Engine,Grotle,1,MOVE_ABSORB,Absorb,Grass,Special,20,100,25,MOVE_EFFECT_RECOVER_HALF_DAMAGE_DEALT,0,True,Own type
Engine,Grotle,1,MOVE_WITHDRAW,Withdraw,Water,Status,0,0,40,MOVE_EFFECT_DEF_UP,0,True,Other type
Engine,Grotle,13,MOVE_RAZOR_LEAF,Razor Leaf,Grass,Physical,55,95,25,MOVE_EFFECT_HIGH_CRITICAL,0,True,Own type
Engine,Grotle,17,MOVE_CURSE,Curse,Ghost,Status,0,0,10,MOVE_EFFECT_CURSE,0,True,Other type
Engine,Grotle,22,MOVE_BITE,Bite,Dark,Physical,60,100,25,MOVE_EFFECT_FLINCH_HIT,0,True,Other type
Engine,Grotle,27,MOVE_MEGA_DRAIN,Mega Drain,Grass,Special,40,100,15,MOVE_EFFECT_RECOVER_HALF_DAMAGE_DEALT,0,True,Own type
Engine,Grotle,32,MOVE_LEECH_SEED,Leech Seed,Grass,Status,0,90,10,MOVE_EFFECT_STATUS_LEECH_SEED,0,True,Own type
Engine,Grotle,37,MOVE_SYNTHESIS,Synthesis,Grass,Status,0,0,5,MOVE_EFFECT_HEAL_HALF_DIFFERENT_IN_WEATHER,0,True,Own type
Engine,Grotle,42,MOVE_CRUNCH,Crunch,Dark,Physical,80,100,15,MOVE_EFFECT_LOWER_DEFENSE_HIT,0,True,Other type
Engine,Grotle,47,MOVE_GIGA_DRAIN,Giga Drain,Grass,Special,75,100,10,MOVE_EFFECT_RECOVER_HALF_DAMAGE_DEALT,0,True,Own type
Engine,Grotle,52,MOVE_LEAF_STORM,Leaf Storm,Grass,Special,130,90,5,MOVE_EFFECT_USER_SP_ATK_DOWN_2,0,True,Own type
Engine,Torterra,0,MOVE_EARTHQUAKE,Earthquake,Ground,Physical,100,100,10,MOVE_EFFECT_DOUBLE_DAMAGE_DIG,0,True,Own type
Engine,Torterra,1,MOVE_TACKLE,Tackle,Normal,Physical,40,100,35,MOVE_EFFECT_HIT,0,True,Normal
Engine,Torterra,1,MOVE_ABSORB,Absorb,Grass,Special,20,100,25,MOVE_EFFECT_RECOVER_HALF_DAMAGE_DEALT,0,True,Own type
Engine,Torterra,1,MOVE_RAZOR_LEAF,Razor Leaf,Grass,Physical,55,95,25,MOVE_EFFECT_HIGH_CRITICAL,0,True,Own type
Engine,Torterra,1,MOVE_WITHDRAW,Withdraw,Water,Status,0,0,40,MOVE_EFFECT_DEF_UP,0,True,Other type
Engine,Torterra,1,MOVE_WOOD_HAMMER,Wood Hammer,Grass,Physical,120,100,15,MOVE_EFFECT_RECOIL_THIRD,0,True,Own type
Engine,Torterra,17,MOVE_CURSE,Curse,Ghost,Status,0,0,10,MOVE_EFFECT_CURSE,0,True,Other type
Engine,Torterra,22,MOVE_BITE,Bite,Dark,Physical,60,100,25,MOVE_EFFECT_FLINCH_HIT,0,True,Other type
Engine,Torterra,27,MOVE_MEGA_DRAIN,Mega Drain,Grass,Special,40,100,15,MOVE_EFFECT_RECOVER_HALF_DAMAGE_DEALT,0,True,Own type
Engine,Torterra,33,MOVE_LEECH_SEED,Leech Seed,Grass,Status,0,90,10,MOVE_EFFECT_STATUS_LEECH_SEED,0,True,Own type
Engine,Torterra,39,MOVE_SYNTHESIS,Synthesis,Grass,Status,0,0,5,MOVE_EFFECT_HEAL_HALF_DIFFERENT_IN_WEATHER,0,True,Own type
Engine,Torterra,45,MOVE_CRUNCH,Crunch,Dark,Physical,80,100,15,MOVE_EFFECT_LOWER_DEFENSE_HIT,0,True,Other type
Engine,Torterra,51,MOVE_GIGA_DRAIN,Giga Drain,Grass,Special,75,100,10,MOVE_EFFECT_RECOVER_HALF_DAMAGE_DEALT,0,True,Own type
Engine,Torterra,57,MOVE_LEAF_STORM,Leaf Storm,Grass,Special,130,90,5,MOVE_EFFECT_USER_SP_ATK_DOWN_2,0,True,Own type
Engine,Torterra,63,MOVE_HEADLONG_RUSH,Headlong Rush,Ground,Physical,120,100,5,MOVE_EFFECT_USER_DEF_SP_DEF_DOWN_HIT,0,True,Own type
Engine,Chimchar,1,MOVE_SCRATCH,Scratch,Normal,Physical,40,100,35,MOVE_EFFECT_HIT,0,True,Normal
Engine,Chimchar,1,MOVE_LEER,Leer,Normal,Status,0,100,30,MOVE_EFFECT_DEF_DOWN,0,True,Normal
Engine,Chimchar,7,MOVE_EMBER,Ember,Fire,Special,40,100,25,MOVE_EFFECT_BURN_HIT,0,True,Own type
Engine,Chimchar,9,MOVE_TAUNT,Taunt,Dark,Status,0,100,20,MOVE_EFFECT_TAUNT,0,True,Other type
Engine,Chimchar,15,MOVE_FURY_SWIPES,Fury Swipes,Normal,Physical,18,80,15,MOVE_EFFECT_MULTI_HIT,0,True,Normal
Engine,Chimchar,17,MOVE_FLAME_WHEEL,Flame Wheel,Fire,Physical,60,100,25,MOVE_EFFECT_THAW_AND_BURN_HIT,0,True,Own type
Engine,Chimchar,23,MOVE_NASTY_PLOT,Nasty Plot,Dark,Status,0,0,20,MOVE_EFFECT_SP_ATK_UP_2,0,True,Other type
Engine,Chimchar,25,MOVE_TORMENT,Torment,Dark,Status,0,100,15,MOVE_EFFECT_TORMENT,0,True,Other type
Engine,Chimchar,31,MOVE_FACADE,Facade,Normal,Physical,70,100,20,MOVE_EFFECT_DOUBLE_POWER_WHEN_STATUSED,0,True,Normal
Engine,Chimchar,33,MOVE_FIRE_SPIN,Fire Spin,Fire,Special,35,85,15,MOVE_EFFECT_BIND_HIT,0,True,Own type
Engine,Chimchar,39,MOVE_ACROBATICS,Acrobatics,Flying,Physical,55,100,15,MOVE_EFFECT_DOUBLE_POWER_WITHOUT_ITEM,0,True,Other type
Engine,Chimchar,41,MOVE_SLACK_OFF,Slack Off,Normal,Status,0,0,5,MOVE_EFFECT_RESTORE_HALF_HP,0,True,Normal
Engine,Chimchar,47,MOVE_FLAMETHROWER,Flamethrower,Fire,Special,90,100,15,MOVE_EFFECT_BURN_HIT,0,True,Own type
Engine,Monferno,0,MOVE_MACH_PUNCH,Mach Punch,Fighting,Physical,40,100,30,MOVE_EFFECT_PRIORITY_1,1,True,Own type
Engine,Monferno,1,MOVE_SCRATCH,Scratch,Normal,Physical,40,100,35,MOVE_EFFECT_HIT,0,True,Normal
Engine,Monferno,1,MOVE_LEER,Leer,Normal,Status,0,100,30,MOVE_EFFECT_DEF_DOWN,0,True,Normal
Engine,Monferno,1,MOVE_EMBER,Ember,Fire,Special,40,100,25,MOVE_EFFECT_BURN_HIT,0,True,Own type
Engine,Monferno,9,MOVE_TAUNT,Taunt,Dark,Status,0,100,20,MOVE_EFFECT_TAUNT,0,True,Other type
Engine,Monferno,16,MOVE_FURY_SWIPES,Fury Swipes,Normal,Physical,18,80,15,MOVE_EFFECT_MULTI_HIT,0,True,Normal
Engine,Monferno,19,MOVE_FLAME_WHEEL,Flame Wheel,Fire,Physical,60,100,25,MOVE_EFFECT_THAW_AND_BURN_HIT,0,True,Own type
Engine,Monferno,26,MOVE_FEINT,Feint,Normal,Physical,30,100,10,MOVE_EFFECT_REMOVE_PROTECT,2,True,Normal
Engine,Monferno,29,MOVE_TORMENT,Torment,Dark,Status,0,100,15,MOVE_EFFECT_TORMENT,0,True,Other type
Engine,Monferno,36,MOVE_CLOSE_COMBAT,Close Combat,Fighting,Physical,120,100,5,MOVE_EFFECT_USER_DEF_SP_DEF_DOWN_HIT,0,True,Own type
Engine,Monferno,39,MOVE_FIRE_SPIN,Fire Spin,Fire,Special,35,85,15,MOVE_EFFECT_BIND_HIT,0,True,Own type
Engine,Monferno,46,MOVE_ACROBATICS,Acrobatics,Flying,Physical,55,100,15,MOVE_EFFECT_DOUBLE_POWER_WITHOUT_ITEM,0,True,Other type
Engine,Monferno,49,MOVE_SLACK_OFF,Slack Off,Normal,Status,0,0,5,MOVE_EFFECT_RESTORE_HALF_HP,0,True,Normal
Engine,Monferno,56,MOVE_FLARE_BLITZ,Flare Blitz,Fire,Physical,120,100,15,MOVE_EFFECT_RECOIL_BURN_HIT,0,True,Own type
Engine,Infernape,0,MOVE_CLOSE_COMBAT,Close Combat,Fighting,Physical,120,100,5,MOVE_EFFECT_USER_DEF_SP_DEF_DOWN_HIT,0,True,Own type
Engine,Infernape,1,MOVE_SCRATCH,Scratch,Normal,Physical,40,100,35,MOVE_EFFECT_HIT,0,True,Normal
Engine,Infernape,1,MOVE_LEER,Leer,Normal,Status,0,100,30,MOVE_EFFECT_DEF_DOWN,0,True,Normal
Engine,Infernape,1,MOVE_EMBER,Ember,Fire,Special,40,100,25,MOVE_EFFECT_BURN_HIT,0,True,Own type
Engine,Infernape,1,MOVE_MACH_PUNCH,Mach Punch,Fighting,Physical,40,100,30,MOVE_EFFECT_PRIORITY_1,1,True,Own type
Engine,Infernape,16,MOVE_FURY_SWIPES,Fury Swipes,Normal,Physical,18,80,15,MOVE_EFFECT_MULTI_HIT,0,True,Normal
Engine,Infernape,19,MOVE_FLAME_WHEEL,Flame Wheel,Fire,Physical,60,100,25,MOVE_EFFECT_THAW_AND_BURN_HIT,0,True,Own type
Engine,Infernape,26,MOVE_FEINT,Feint,Normal,Physical,30,100,10,MOVE_EFFECT_REMOVE_PROTECT,2,True,Normal
Engine,Infernape,29,MOVE_TORMENT,Torment,Dark,Status,0,100,15,MOVE_EFFECT_TORMENT,0,True,Other type
Engine,Infernape,42,MOVE_FIRE_SPIN,Fire Spin,Fire,Special,35,85,15,MOVE_EFFECT_BIND_HIT,0,True,Own type
Engine,Infernape,47,MOVE_FLARE_BLITZ,Flare Blitz,Fire,Physical,120,100,15,MOVE_EFFECT_RECOIL_BURN_HIT,0,True,Own type
Engine,Infernape,52,MOVE_ACROBATICS,Acrobatics,Flying,Physical,55,100,15,MOVE_EFFECT_DOUBLE_POWER_WITHOUT_ITEM,0,True,Other type
Engine,Infernape,58,MOVE_CALM_MIND,Calm Mind,Psychic,Status,0,0,20,MOVE_EFFECT_SP_ATK_SP_DEF_UP,0,True,Other type
Engine,Infernape,65,MOVE_RAGING_FURY,Raging Fury,Fire,Physical,120,100,10,MOVE_EFFECT_CONTINUE_AND_CONFUSE_SELF,0,True,Own type
Engine,Piplup,1,MOVE_POUND,Pound,Normal,Physical,40,100,35,MOVE_EFFECT_HIT,0,True,Normal
Engine,Piplup,4,MOVE_GROWL,Growl,Normal,Status,0,100,40,MOVE_EFFECT_ATK_DOWN,0,True,Normal
Engine,Piplup,8,MOVE_WATER_GUN,Water Gun,Water,Special,40,100,25,MOVE_EFFECT_HIT,0,True,Own type
Engine,Piplup,11,MOVE_CHARM,Charm,Fairy,Status,0,100,20,MOVE_EFFECT_ATK_DOWN_2,0,True,Other type
Engine,Piplup,15,MOVE_PECK,Peck,Flying,Physical,35,100,35,MOVE_EFFECT_HIT,0,True,Other type
Engine,Piplup,18,MOVE_BUBBLE_BEAM,Bubble Beam,Water,Special,65,100,20,MOVE_EFFECT_LOWER_SPEED_HIT,0,True,Own type
Engine,Piplup,22,MOVE_SWAGGER,Swagger,Normal,Status,0,85,15,MOVE_EFFECT_ATK_UP_2_STATUS_CONFUSION,0,True,Normal
Engine,Piplup,25,MOVE_FURY_ATTACK,Fury Attack,Normal,Physical,15,85,20,MOVE_EFFECT_MULTI_HIT,0,True,Normal
Engine,Piplup,29,MOVE_BRINE,Brine,Water,Special,65,100,10,MOVE_EFFECT_DOUBLE_POWER_WHEN_BELOW_HALF,0,True,Own type
Engine,Piplup,32,MOVE_WHIRLPOOL,Whirlpool,Water,Special,35,85,15,MOVE_EFFECT_WHIRLPOOL,0,True,Own type
Engine,Piplup,36,MOVE_MIST,Mist,Ice,Status,0,0,30,MOVE_EFFECT_PREVENT_STAT_REDUCTION,0,True,Other type
Engine,Piplup,39,MOVE_DRILL_PECK,Drill Peck,Flying,Physical,80,100,20,MOVE_EFFECT_HIT,0,True,Other type
Engine,Piplup,43,MOVE_HYDRO_PUMP,Hydro Pump,Water,Special,110,80,5,MOVE_EFFECT_HIT,0,True,Own type
Engine,Prinplup,0,MOVE_METAL_CLAW,Metal Claw,Steel,Physical,50,95,35,MOVE_EFFECT_RAISE_ATTACK_HIT,0,True,Other type
Engine,Prinplup,1,MOVE_TACKLE,Tackle,Normal,Physical,40,100,35,MOVE_EFFECT_HIT,0,True,Normal
Engine,Prinplup,1,MOVE_GROWL,Growl,Normal,Status,0,100,40,MOVE_EFFECT_ATK_DOWN,0,True,Normal
Engine,Prinplup,1,MOVE_WATER_GUN,Water Gun,Water,Special,40,100,25,MOVE_EFFECT_HIT,0,True,Own type
Engine,Prinplup,15,MOVE_PECK,Peck,Flying,Physical,35,100,35,MOVE_EFFECT_HIT,0,True,Other type
Engine,Prinplup,19,MOVE_BUBBLE_BEAM,Bubble Beam,Water,Special,65,100,20,MOVE_EFFECT_LOWER_SPEED_HIT,0,True,Own type
Engine,Prinplup,24,MOVE_SWAGGER,Swagger,Normal,Status,0,85,15,MOVE_EFFECT_ATK_UP_2_STATUS_CONFUSION,0,True,Normal
Engine,Prinplup,28,MOVE_FURY_ATTACK,Fury Attack,Normal,Physical,15,85,20,MOVE_EFFECT_MULTI_HIT,0,True,Normal
Engine,Prinplup,33,MOVE_BRINE,Brine,Water,Special,65,100,10,MOVE_EFFECT_DOUBLE_POWER_WHEN_BELOW_HALF,0,True,Own type
Engine,Prinplup,37,MOVE_WHIRLPOOL,Whirlpool,Water,Special,35,85,15,MOVE_EFFECT_WHIRLPOOL,0,True,Own type
Engine,Prinplup,42,MOVE_MIST,Mist,Ice,Status,0,0,30,MOVE_EFFECT_PREVENT_STAT_REDUCTION,0,True,Other type
Engine,Prinplup,46,MOVE_DRILL_PECK,Drill Peck,Flying,Physical,80,100,20,MOVE_EFFECT_HIT,0,True,Other type
Engine,Prinplup,50,MOVE_HYDRO_PUMP,Hydro Pump,Water,Special,110,80,5,MOVE_EFFECT_HIT,0,True,Own type
Engine,Empoleon,0,MOVE_AQUA_JET,Aqua Jet,Water,Physical,40,100,20,MOVE_EFFECT_PRIORITY_1,1,True,Own type
Engine,Empoleon,1,MOVE_TACKLE,Tackle,Normal,Physical,40,100,35,MOVE_EFFECT_HIT,0,True,Normal
Engine,Empoleon,1,MOVE_GROWL,Growl,Normal,Status,0,100,40,MOVE_EFFECT_ATK_DOWN,0,True,Normal
Engine,Empoleon,1,MOVE_WATER_GUN,Water Gun,Water,Special,40,100,25,MOVE_EFFECT_HIT,0,True,Own type
Engine,Empoleon,1,MOVE_METAL_CLAW,Metal Claw,Steel,Physical,50,95,35,MOVE_EFFECT_RAISE_ATTACK_HIT,0,True,Own type
Engine,Empoleon,11,MOVE_SWORDS_DANCE,Swords Dance,Normal,Status,0,0,20,MOVE_EFFECT_ATK_UP_2,0,True,Normal
Engine,Empoleon,15,MOVE_PECK,Peck,Flying,Physical,35,100,35,MOVE_EFFECT_HIT,0,True,Other type
Engine,Empoleon,19,MOVE_BUBBLE_BEAM,Bubble Beam,Water,Special,65,100,20,MOVE_EFFECT_LOWER_SPEED_HIT,0,True,Own type
Engine,Empoleon,24,MOVE_SWAGGER,Swagger,Normal,Status,0,85,15,MOVE_EFFECT_ATK_UP_2_STATUS_CONFUSION,0,True,Normal
Engine,Empoleon,28,MOVE_FURY_ATTACK,Fury Attack,Normal,Physical,15,85,20,MOVE_EFFECT_MULTI_HIT,0,True,Normal
Engine,Empoleon,33,MOVE_BRINE,Brine,Water,Special,65,100,10,MOVE_EFFECT_DOUBLE_POWER_WHEN_BELOW_HALF,0,True,Own type
Engine,Empoleon,39,MOVE_WHIRLPOOL,Whirlpool,Water,Special,35,85,15,MOVE_EFFECT_WHIRLPOOL,0,True,Own type
Engine,Empoleon,46,MOVE_MIST,Mist,Ice,Status,0,0,30,MOVE_EFFECT_PREVENT_STAT_REDUCTION,0,True,Other type
Engine,Empoleon,52,MOVE_DRILL_PECK,Drill Peck,Flying,Physical,80,100,20,MOVE_EFFECT_HIT,0,True,Other type
Engine,Empoleon,59,MOVE_HYDRO_PUMP,Hydro Pump,Water,Special,110,80,5,MOVE_EFFECT_HIT,0,True,Own type
Engine,Empoleon,66,MOVE_WAVE_CRASH,Wave Crash,Water,Physical,120,100,10,MOVE_EFFECT_RECOIL_THIRD,0,True,Own type
Engine,Larvitar,1,MOVE_TACKLE,Tackle,Normal,Physical,40,100,35,MOVE_EFFECT_HIT,0,True,Normal
Engine,Larvitar,1,MOVE_LEER,Leer,Normal,Status,0,100,30,MOVE_EFFECT_DEF_DOWN,0,True,Normal
Engine,Larvitar,3,MOVE_ROCK_THROW,Rock Throw,Rock,Physical,50,90,15,MOVE_EFFECT_HIT,0,True,Own type
Engine,Larvitar,6,MOVE_PAYBACK,Payback,Dark,Physical,50,100,10,MOVE_EFFECT_DOUBLE_POWER_IF_HIT,0,True,Other type
Engine,Larvitar,9,MOVE_BITE,Bite,Dark,Physical,60,100,25,MOVE_EFFECT_FLINCH_HIT,0,True,Other type
Engine,Larvitar,12,MOVE_SCARY_FACE,Scary Face,Normal,Status,0,100,10,MOVE_EFFECT_SPEED_DOWN_2,0,True,Normal
Engine,Larvitar,15,MOVE_ROCK_SLIDE,Rock Slide,Rock,Physical,75,90,10,MOVE_EFFECT_FLINCH_HIT,0,True,Own type
Engine,Larvitar,18,MOVE_STOMPING_TANTRUM,StompingTantrum,Ground,Physical,75,100,10,MOVE_EFFECT_HIT,0,True,Own type
Engine,Larvitar,21,MOVE_SCREECH,Screech,Normal,Status,0,85,40,MOVE_EFFECT_DEF_DOWN_2,0,True,Normal
Engine,Larvitar,24,MOVE_SMACK_DOWN,Smack Down,Rock,Physical,50,100,15,MOVE_EFFECT_SMACK_DOWN,0,True,Own type
Engine,Larvitar,27,MOVE_CRUNCH,Crunch,Dark,Physical,80,100,15,MOVE_EFFECT_LOWER_DEFENSE_HIT,0,True,Other type
Engine,Larvitar,31,MOVE_EARTHQUAKE,Earthquake,Ground,Physical,100,100,10,MOVE_EFFECT_DOUBLE_DAMAGE_DIG,0,True,Own type
Engine,Larvitar,33,MOVE_STONE_EDGE,Stone Edge,Rock,Physical,100,80,5,MOVE_EFFECT_HIGH_CRITICAL,0,True,Own type
Engine,Larvitar,36,MOVE_THRASH,Thrash,Normal,Physical,120,100,10,MOVE_EFFECT_CONTINUE_AND_CONFUSE_SELF,0,True,Normal
Engine,Larvitar,39,MOVE_SANDSTORM,Sandstorm,Rock,Status,0,0,10,MOVE_EFFECT_WEATHER_SANDSTORM,0,True,Own type
Engine,Larvitar,42,MOVE_HYPER_BEAM,Hyper Beam,Normal,Special,150,90,5,MOVE_EFFECT_RECHARGE_AFTER,0,True,Normal
Engine,Pupitar,0,MOVE_IRON_DEFENSE,Iron Defense,Steel,Status,0,0,15,MOVE_EFFECT_DEF_UP_2,0,True,Other type
Engine,Pupitar,1,MOVE_TACKLE,Tackle,Normal,Physical,40,100,35,MOVE_EFFECT_HIT,0,True,Normal
Engine,Pupitar,1,MOVE_PAYBACK,Payback,Dark,Physical,50,100,10,MOVE_EFFECT_DOUBLE_POWER_IF_HIT,0,True,Other type
Engine,Pupitar,1,MOVE_LEER,Leer,Normal,Status,0,100,30,MOVE_EFFECT_DEF_DOWN,0,True,Normal
Engine,Pupitar,1,MOVE_ROCK_THROW,Rock Throw,Rock,Physical,50,90,15,MOVE_EFFECT_HIT,0,True,Own type
Engine,Pupitar,9,MOVE_BITE,Bite,Dark,Physical,60,100,25,MOVE_EFFECT_FLINCH_HIT,0,True,Other type
Engine,Pupitar,12,MOVE_SCARY_FACE,Scary Face,Normal,Status,0,100,10,MOVE_EFFECT_SPEED_DOWN_2,0,True,Normal
Engine,Pupitar,15,MOVE_ROCK_SLIDE,Rock Slide,Rock,Physical,75,90,10,MOVE_EFFECT_FLINCH_HIT,0,True,Own type
Engine,Pupitar,18,MOVE_STOMPING_TANTRUM,StompingTantrum,Ground,Physical,75,100,10,MOVE_EFFECT_HIT,0,True,Own type
Engine,Pupitar,21,MOVE_SCREECH,Screech,Normal,Status,0,85,40,MOVE_EFFECT_DEF_DOWN_2,0,True,Normal
Engine,Pupitar,24,MOVE_SMACK_DOWN,Smack Down,Rock,Physical,50,100,15,MOVE_EFFECT_SMACK_DOWN,0,True,Own type
Engine,Pupitar,27,MOVE_CRUNCH,Crunch,Dark,Physical,80,100,15,MOVE_EFFECT_LOWER_DEFENSE_HIT,0,True,Other type
Engine,Pupitar,33,MOVE_EARTHQUAKE,Earthquake,Ground,Physical,100,100,10,MOVE_EFFECT_DOUBLE_DAMAGE_DIG,0,True,Own type
Engine,Pupitar,37,MOVE_STONE_EDGE,Stone Edge,Rock,Physical,100,80,5,MOVE_EFFECT_HIGH_CRITICAL,0,True,Own type
Engine,Pupitar,42,MOVE_THRASH,Thrash,Normal,Physical,120,100,10,MOVE_EFFECT_CONTINUE_AND_CONFUSE_SELF,0,True,Normal
Engine,Pupitar,47,MOVE_SANDSTORM,Sandstorm,Rock,Status,0,0,10,MOVE_EFFECT_WEATHER_SANDSTORM,0,True,Own type
Engine,Pupitar,52,MOVE_HYPER_BEAM,Hyper Beam,Normal,Special,150,90,5,MOVE_EFFECT_RECHARGE_AFTER,0,True,Normal
Engine,Tyranitar,1,MOVE_TACKLE,Tackle,Normal,Physical,40,100,35,MOVE_EFFECT_HIT,0,True,Normal
Engine,Tyranitar,1,MOVE_FIRE_FANG,Fire Fang,Fire,Physical,65,95,15,MOVE_EFFECT_FLINCH_BURN_HIT,0,True,Other type
Engine,Tyranitar,1,MOVE_LEER,Leer,Normal,Status,0,100,30,MOVE_EFFECT_DEF_DOWN,0,True,Normal
Engine,Tyranitar,1,MOVE_ICE_FANG,Ice Fang,Ice,Physical,65,95,15,MOVE_EFFECT_FLINCH_FREEZE_HIT,0,True,Other type
Engine,Tyranitar,1,MOVE_ROCK_THROW,Rock Throw,Rock,Physical,50,90,15,MOVE_EFFECT_HIT,0,True,Own type
Engine,Tyranitar,1,MOVE_THUNDER_FANG,Thunder Fang,Electric,Physical,65,95,15,MOVE_EFFECT_FLINCH_PARALYZE_HIT,0,True,Other type
Engine,Tyranitar,1,MOVE_DARK_PULSE,Dark Pulse,Dark,Special,80,100,15,MOVE_EFFECT_FLINCH_HIT,0,True,Own type
Engine,Tyranitar,1,MOVE_PAYBACK,Payback,Dark,Physical,50,100,10,MOVE_EFFECT_DOUBLE_POWER_IF_HIT,0,True,Own type
Engine,Tyranitar,1,MOVE_IRON_DEFENSE,Iron Defense,Steel,Status,0,0,15,MOVE_EFFECT_DEF_UP_2,0,True,Other type
Engine,Tyranitar,9,MOVE_BITE,Bite,Dark,Physical,60,100,25,MOVE_EFFECT_FLINCH_HIT,0,True,Own type
Engine,Tyranitar,12,MOVE_SCARY_FACE,Scary Face,Normal,Status,0,100,10,MOVE_EFFECT_SPEED_DOWN_2,0,True,Normal
Engine,Tyranitar,15,MOVE_ROCK_SLIDE,Rock Slide,Rock,Physical,75,90,10,MOVE_EFFECT_FLINCH_HIT,0,True,Own type
Engine,Tyranitar,18,MOVE_STOMPING_TANTRUM,StompingTantrum,Ground,Physical,75,100,10,MOVE_EFFECT_HIT,0,True,Other type
Engine,Tyranitar,21,MOVE_SCREECH,Screech,Normal,Status,0,85,40,MOVE_EFFECT_DEF_DOWN_2,0,True,Normal
Engine,Tyranitar,24,MOVE_SMACK_DOWN,Smack Down,Rock,Physical,50,100,15,MOVE_EFFECT_SMACK_DOWN,0,True,Own type
Engine,Tyranitar,27,MOVE_CRUNCH,Crunch,Dark,Physical,80,100,15,MOVE_EFFECT_LOWER_DEFENSE_HIT,0,True,Own type
Engine,Tyranitar,33,MOVE_EARTHQUAKE,Earthquake,Ground,Physical,100,100,10,MOVE_EFFECT_DOUBLE_DAMAGE_DIG,0,True,Other type
Engine,Tyranitar,37,MOVE_STONE_EDGE,Stone Edge,Rock,Physical,100,80,5,MOVE_EFFECT_HIGH_CRITICAL,0,True,Own type
Engine,Tyranitar,42,MOVE_THRASH,Thrash,Normal,Physical,120,100,10,MOVE_EFFECT_CONTINUE_AND_CONFUSE_SELF,0,True,Normal
Engine,Tyranitar,47,MOVE_SANDSTORM,Sandstorm,Rock,Status,0,0,10,MOVE_EFFECT_WEATHER_SANDSTORM,0,True,Own type
Engine,Tyranitar,52,MOVE_HYPER_BEAM,Hyper Beam,Normal,Special,150,90,5,MOVE_EFFECT_RECHARGE_AFTER,0,True,Normal
Engine,Tyranitar,59,MOVE_GIGA_IMPACT,Giga Impact,Normal,Physical,150,90,5,MOVE_EFFECT_RECHARGE_AFTER,0,True,Normal
Engine,Bagon,1,MOVE_LEER,Leer,Normal,Status,0,100,30,MOVE_EFFECT_DEF_DOWN,0,True,Normal
Engine,Bagon,1,MOVE_EMBER,Ember,Fire,Special,40,100,25,MOVE_EFFECT_BURN_HIT,0,True,Other type
Engine,Bagon,5,MOVE_BITE,Bite,Dark,Physical,60,100,25,MOVE_EFFECT_FLINCH_HIT,0,True,Other type
Engine,Bagon,10,MOVE_DRAGON_BREATH,Dragon Breath,Dragon,Special,60,100,20,MOVE_EFFECT_PARALYZE_HIT,0,True,Own type
Engine,Bagon,15,MOVE_HEADBUTT,Headbutt,Normal,Physical,70,100,15,MOVE_EFFECT_FLINCH_HIT,0,True,Normal
Engine,Bagon,20,MOVE_SCARY_FACE,Scary Face,Normal,Status,0,100,10,MOVE_EFFECT_SPEED_DOWN_2,0,True,Normal
Engine,Bagon,25,MOVE_CRUNCH,Crunch,Dark,Physical,80,100,15,MOVE_EFFECT_LOWER_DEFENSE_HIT,0,True,Other type
Engine,Bagon,31,MOVE_DRAGON_CLAW,Dragon Claw,Dragon,Physical,80,100,15,MOVE_EFFECT_HIT,0,True,Own type
Engine,Bagon,35,MOVE_ZEN_HEADBUTT,Zen Headbutt,Psychic,Physical,80,90,15,MOVE_EFFECT_FLINCH_HIT,0,True,Other type
Engine,Bagon,40,MOVE_FOCUS_ENERGY,Focus Energy,Normal,Status,0,0,30,MOVE_EFFECT_CRIT_UP_2,0,True,Normal
Engine,Bagon,45,MOVE_FLAMETHROWER,Flamethrower,Fire,Special,90,100,15,MOVE_EFFECT_BURN_HIT,0,True,Other type
Engine,Bagon,50,MOVE_OUTRAGE,Outrage,Dragon,Physical,120,100,10,MOVE_EFFECT_CONTINUE_AND_CONFUSE_SELF,0,True,Own type
Engine,Bagon,55,MOVE_DOUBLE_EDGE,Double-Edge,Normal,Physical,120,100,15,MOVE_EFFECT_RECOIL_THIRD,0,True,Normal
Engine,Shelgon,0,MOVE_PROTECT,Protect,Normal,Status,0,0,10,MOVE_EFFECT_PROTECT,4,True,Normal
Engine,Shelgon,1,MOVE_LEER,Leer,Normal,Status,0,100,30,MOVE_EFFECT_DEF_DOWN,0,True,Normal
Engine,Shelgon,1,MOVE_BITE,Bite,Dark,Physical,60,100,25,MOVE_EFFECT_FLINCH_HIT,0,True,Other type
Engine,Shelgon,1,MOVE_EMBER,Ember,Fire,Special,40,100,25,MOVE_EFFECT_BURN_HIT,0,True,Other type
Engine,Shelgon,1,MOVE_DRAGON_BREATH,Dragon Breath,Dragon,Special,60,100,20,MOVE_EFFECT_PARALYZE_HIT,0,True,Own type
Engine,Shelgon,15,MOVE_HEADBUTT,Headbutt,Normal,Physical,70,100,15,MOVE_EFFECT_FLINCH_HIT,0,True,Normal
Engine,Shelgon,20,MOVE_SCARY_FACE,Scary Face,Normal,Status,0,100,10,MOVE_EFFECT_SPEED_DOWN_2,0,True,Normal
Engine,Shelgon,25,MOVE_CRUNCH,Crunch,Dark,Physical,80,100,15,MOVE_EFFECT_LOWER_DEFENSE_HIT,0,True,Other type
Engine,Shelgon,33,MOVE_DRAGON_CLAW,Dragon Claw,Dragon,Physical,80,100,15,MOVE_EFFECT_HIT,0,True,Own type
Engine,Shelgon,39,MOVE_ZEN_HEADBUTT,Zen Headbutt,Psychic,Physical,80,90,15,MOVE_EFFECT_FLINCH_HIT,0,True,Other type
Engine,Shelgon,46,MOVE_FOCUS_ENERGY,Focus Energy,Normal,Status,0,0,30,MOVE_EFFECT_CRIT_UP_2,0,True,Normal
Engine,Shelgon,53,MOVE_FLAMETHROWER,Flamethrower,Fire,Special,90,100,15,MOVE_EFFECT_BURN_HIT,0,True,Other type
Engine,Shelgon,60,MOVE_OUTRAGE,Outrage,Dragon,Physical,120,100,10,MOVE_EFFECT_CONTINUE_AND_CONFUSE_SELF,0,True,Own type
Engine,Shelgon,67,MOVE_DOUBLE_EDGE,Double-Edge,Normal,Physical,120,100,15,MOVE_EFFECT_RECOIL_THIRD,0,True,Normal
Engine,Salamence,0,MOVE_FLY,Fly,Flying,Physical,90,95,15,MOVE_EFFECT_FLY,0,True,Own type
Engine,Salamence,1,MOVE_ROOST,Roost,Flying,Status,0,0,5,MOVE_EFFECT_HEAL_HALF_REMOVE_FLYING_TYPE,0,True,Own type
Engine,Salamence,1,MOVE_DRAGON_BREATH,Dragon Breath,Dragon,Special,60,100,20,MOVE_EFFECT_PARALYZE_HIT,0,True,Own type
Engine,Salamence,1,MOVE_DRAGON_TAIL,Dragon Tail,Dragon,Physical,60,90,10,MOVE_EFFECT_FORCE_SWITCH_HIT,-6,True,Own type
Engine,Salamence,1,MOVE_EMBER,Ember,Fire,Special,40,100,25,MOVE_EFFECT_BURN_HIT,0,True,Other type
Engine,Salamence,1,MOVE_DUAL_WINGBEAT,Dual Wingbeat,Flying,Physical,40,90,10,MOVE_EFFECT_HIT_TWICE,0,True,Own type
Engine,Salamence,1,MOVE_LEER,Leer,Normal,Status,0,100,30,MOVE_EFFECT_DEF_DOWN,0,True,Normal
Engine,Salamence,1,MOVE_BITE,Bite,Dark,Physical,60,100,25,MOVE_EFFECT_FLINCH_HIT,0,True,Other type
Engine,Salamence,1,MOVE_PROTECT,Protect,Normal,Status,0,0,10,MOVE_EFFECT_PROTECT,4,True,Normal
Engine,Salamence,15,MOVE_HEADBUTT,Headbutt,Normal,Physical,70,100,15,MOVE_EFFECT_FLINCH_HIT,0,True,Normal
Engine,Salamence,20,MOVE_SCARY_FACE,Scary Face,Normal,Status,0,100,10,MOVE_EFFECT_SPEED_DOWN_2,0,True,Normal
Engine,Salamence,25,MOVE_CRUNCH,Crunch,Dark,Physical,80,100,15,MOVE_EFFECT_LOWER_DEFENSE_HIT,0,True,Other type
Engine,Salamence,33,MOVE_DRAGON_CLAW,Dragon Claw,Dragon,Physical,80,100,15,MOVE_EFFECT_HIT,0,True,Own type
Engine,Salamence,39,MOVE_ZEN_HEADBUTT,Zen Headbutt,Psychic,Physical,80,90,15,MOVE_EFFECT_FLINCH_HIT,0,True,Other type
Engine,Salamence,46,MOVE_FOCUS_ENERGY,Focus Energy,Normal,Status,0,0,30,MOVE_EFFECT_CRIT_UP_2,0,True,Normal
Engine,Salamence,55,MOVE_FLAMETHROWER,Flamethrower,Fire,Special,90,100,15,MOVE_EFFECT_BURN_HIT,0,True,Other type
Engine,Salamence,73,MOVE_DOUBLE_EDGE,Double-Edge,Normal,Physical,120,100,15,MOVE_EFFECT_RECOIL_THIRD,0,True,Normal
Engine,Mareep,1,MOVE_TACKLE,Tackle,Normal,Physical,40,100,35,MOVE_EFFECT_HIT,0,True,Normal
Engine,Mareep,1,MOVE_GROWL,Growl,Normal,Status,0,100,40,MOVE_EFFECT_ATK_DOWN,0,True,Normal
Engine,Mareep,4,MOVE_THUNDER_WAVE,Thunder Wave,Electric,Status,0,90,20,MOVE_EFFECT_STATUS_PARALYZE,0,True,Own type
Engine,Mareep,8,MOVE_THUNDER_SHOCK,Thunder Shock,Electric,Special,40,100,30,MOVE_EFFECT_PARALYZE_HIT,0,True,Own type
Engine,Mareep,11,MOVE_COTTON_SPORE,Cotton Spore,Grass,Status,0,100,40,MOVE_EFFECT_SPEED_DOWN_2,0,True,Other type
Engine,Mareep,15,MOVE_CHARGE,Charge,Electric,Status,0,0,20,MOVE_EFFECT_SP_DEF_UP_DOUBLE_ELECTRIC_POWER,0,True,Own type
Engine,Mareep,18,MOVE_TAKE_DOWN,Take Down,Normal,Physical,90,85,20,MOVE_EFFECT_RECOIL_QUARTER,0,True,Normal
Engine,Mareep,22,MOVE_ELECTRO_BALL,Electro Ball,Electric,Special,1,100,10,MOVE_EFFECT_HIT,0,True,Own type
Engine,Mareep,25,MOVE_CONFUSE_RAY,Confuse Ray,Ghost,Status,0,100,10,MOVE_EFFECT_STATUS_CONFUSE,0,True,Other type
Engine,Mareep,29,MOVE_POWER_GEM,Power Gem,Rock,Special,80,100,20,MOVE_EFFECT_HIT,0,True,Other type
Engine,Mareep,32,MOVE_DISCHARGE,Discharge,Electric,Special,80,100,15,MOVE_EFFECT_PARALYZE_HIT,0,True,Own type
Engine,Mareep,36,MOVE_COTTON_GUARD,Cotton Guard,Grass,Status,0,0,10,MOVE_EFFECT_DEF_UP_3,0,True,Other type
Engine,Mareep,39,MOVE_DAZZLING_GLEAM,Dazzling Gleam,Fairy,Special,80,100,10,MOVE_EFFECT_HIT,0,True,Other type
Engine,Mareep,43,MOVE_LIGHT_SCREEN,Light Screen,Psychic,Status,0,0,30,MOVE_EFFECT_SET_LIGHT_SCREEN,0,True,Other type
Engine,Mareep,46,MOVE_THUNDER,Thunder,Electric,Special,110,70,10,MOVE_EFFECT_THUNDER,0,True,Own type
Engine,Flaaffy,1,MOVE_TACKLE,Tackle,Normal,Physical,40,100,35,MOVE_EFFECT_HIT,0,True,Normal
Engine,Flaaffy,1,MOVE_GROWL,Growl,Normal,Status,0,100,40,MOVE_EFFECT_ATK_DOWN,0,True,Normal
Engine,Flaaffy,6,MOVE_THUNDER_SHOCK,Thunder Shock,Electric,Special,40,100,30,MOVE_EFFECT_PARALYZE_HIT,0,True,Own type
Engine,Flaaffy,9,MOVE_THUNDER_WAVE,Thunder Wave,Electric,Status,0,90,20,MOVE_EFFECT_STATUS_PARALYZE,0,True,Own type
Engine,Flaaffy,11,MOVE_COTTON_SPORE,Cotton Spore,Grass,Status,0,100,40,MOVE_EFFECT_SPEED_DOWN_2,0,True,Other type
Engine,Flaaffy,16,MOVE_CHARGE,Charge,Electric,Status,0,0,20,MOVE_EFFECT_SP_DEF_UP_DOUBLE_ELECTRIC_POWER,0,True,Own type
Engine,Flaaffy,20,MOVE_TAKE_DOWN,Take Down,Normal,Physical,90,85,20,MOVE_EFFECT_RECOIL_QUARTER,0,True,Normal
Engine,Flaaffy,25,MOVE_ELECTRO_BALL,Electro Ball,Electric,Special,1,100,10,MOVE_EFFECT_HIT,0,True,Own type
Engine,Flaaffy,29,MOVE_CONFUSE_RAY,Confuse Ray,Ghost,Status,0,100,10,MOVE_EFFECT_STATUS_CONFUSE,0,True,Other type
Engine,Flaaffy,34,MOVE_POWER_GEM,Power Gem,Rock,Special,80,100,20,MOVE_EFFECT_HIT,0,True,Other type
Engine,Flaaffy,38,MOVE_DISCHARGE,Discharge,Electric,Special,80,100,15,MOVE_EFFECT_PARALYZE_HIT,0,True,Own type
Engine,Flaaffy,43,MOVE_COTTON_GUARD,Cotton Guard,Grass,Status,0,0,10,MOVE_EFFECT_DEF_UP_3,0,True,Other type
Engine,Flaaffy,47,MOVE_DAZZLING_GLEAM,Dazzling Gleam,Fairy,Special,80,100,10,MOVE_EFFECT_HIT,0,True,Other type
Engine,Flaaffy,52,MOVE_LIGHT_SCREEN,Light Screen,Psychic,Status,0,0,30,MOVE_EFFECT_SET_LIGHT_SCREEN,0,True,Other type
Engine,Flaaffy,56,MOVE_THUNDER,Thunder,Electric,Special,110,70,10,MOVE_EFFECT_THUNDER,0,True,Own type
Engine,Ampharos,0,MOVE_THUNDER_PUNCH,Thunder Punch,Electric,Physical,75,100,15,MOVE_EFFECT_PARALYZE_HIT,0,True,Own type
Engine,Ampharos,1,MOVE_FIRE_PUNCH,Fire Punch,Fire,Physical,75,100,15,MOVE_EFFECT_BURN_HIT,0,True,Other type
Engine,Ampharos,1,MOVE_TACKLE,Tackle,Normal,Physical,40,100,35,MOVE_EFFECT_HIT,0,True,Normal
Engine,Ampharos,1,MOVE_GROWL,Growl,Normal,Status,0,100,40,MOVE_EFFECT_ATK_DOWN,0,True,Normal
Engine,Ampharos,1,MOVE_THUNDER_SHOCK,Thunder Shock,Electric,Special,40,100,30,MOVE_EFFECT_PARALYZE_HIT,0,True,Own type
Engine,Ampharos,1,MOVE_THUNDER_WAVE,Thunder Wave,Electric,Status,0,90,20,MOVE_EFFECT_STATUS_PARALYZE,0,True,Own type
Engine,Ampharos,1,MOVE_DRAGON_PULSE,Dragon Pulse,Dragon,Special,85,100,10,MOVE_EFFECT_HIT,0,True,Other type
Engine,Ampharos,1,MOVE_MAGNETIC_FLUX,Magnetic Flux,Electric,Status,0,0,20,MOVE_EFFECT_HIT,0,True,Own type
Engine,Ampharos,1,MOVE_ZAP_CANNON,Zap Cannon,Electric,Special,120,50,5,MOVE_EFFECT_PARALYZE_HIT,0,True,Own type
Engine,Ampharos,11,MOVE_COTTON_SPORE,Cotton Spore,Grass,Status,0,100,40,MOVE_EFFECT_SPEED_DOWN_2,0,True,Other type
Engine,Ampharos,16,MOVE_CHARGE,Charge,Electric,Status,0,0,20,MOVE_EFFECT_SP_DEF_UP_DOUBLE_ELECTRIC_POWER,0,True,Own type
Engine,Ampharos,20,MOVE_TAKE_DOWN,Take Down,Normal,Physical,90,85,20,MOVE_EFFECT_RECOIL_QUARTER,0,True,Normal
Engine,Ampharos,25,MOVE_ELECTRO_BALL,Electro Ball,Electric,Special,1,100,10,MOVE_EFFECT_HIT,0,True,Own type
Engine,Ampharos,29,MOVE_CONFUSE_RAY,Confuse Ray,Ghost,Status,0,100,10,MOVE_EFFECT_STATUS_CONFUSE,0,True,Other type
Engine,Ampharos,35,MOVE_POWER_GEM,Power Gem,Rock,Special,80,100,20,MOVE_EFFECT_HIT,0,True,Other type
Engine,Ampharos,40,MOVE_DISCHARGE,Discharge,Electric,Special,80,100,15,MOVE_EFFECT_PARALYZE_HIT,0,True,Own type
Engine,Ampharos,46,MOVE_COTTON_GUARD,Cotton Guard,Grass,Status,0,0,10,MOVE_EFFECT_DEF_UP_3,0,True,Other type
Engine,Ampharos,51,MOVE_DAZZLING_GLEAM,Dazzling Gleam,Fairy,Special,80,100,10,MOVE_EFFECT_HIT,0,True,Other type
Engine,Ampharos,57,MOVE_LIGHT_SCREEN,Light Screen,Psychic,Status,0,0,30,MOVE_EFFECT_SET_LIGHT_SCREEN,0,True,Other type
Engine,Ampharos,62,MOVE_THUNDER,Thunder,Electric,Special,110,70,10,MOVE_EFFECT_THUNDER,0,True,Own type
Engine,Shinx,1,MOVE_TACKLE,Tackle,Normal,Physical,40,100,35,MOVE_EFFECT_HIT,0,True,Normal
Engine,Shinx,1,MOVE_LEER,Leer,Normal,Status,0,100,30,MOVE_EFFECT_DEF_DOWN,0,True,Normal
Engine,Shinx,4,MOVE_THUNDER_SHOCK,Thunder Shock,Electric,Special,40,100,30,MOVE_EFFECT_PARALYZE_HIT,0,True,Own type
Engine,Shinx,8,MOVE_CHARGE,Charge,Electric,Status,0,0,20,MOVE_EFFECT_SP_DEF_UP_DOUBLE_ELECTRIC_POWER,0,True,Own type
Engine,Shinx,12,MOVE_BITE,Bite,Dark,Physical,60,100,25,MOVE_EFFECT_FLINCH_HIT,0,True,Other type
Engine,Shinx,16,MOVE_SPARK,Spark,Electric,Physical,65,100,20,MOVE_EFFECT_PARALYZE_HIT,0,True,Own type
Engine,Shinx,20,MOVE_ROAR,Roar,Normal,Status,0,0,20,MOVE_EFFECT_FORCE_SWITCH,-6,True,Normal
Engine,Shinx,24,MOVE_VOLT_SWITCH,Volt Switch,Electric,Special,70,100,20,MOVE_EFFECT_SWITCH_HIT,0,True,Own type
Engine,Shinx,28,MOVE_SCARY_FACE,Scary Face,Normal,Status,0,100,10,MOVE_EFFECT_SPEED_DOWN_2,0,True,Normal
Engine,Shinx,32,MOVE_THUNDER_WAVE,Thunder Wave,Electric,Status,0,90,20,MOVE_EFFECT_STATUS_PARALYZE,0,True,Own type
Engine,Shinx,36,MOVE_CRUNCH,Crunch,Dark,Physical,80,100,15,MOVE_EFFECT_LOWER_DEFENSE_HIT,0,True,Other type
Engine,Shinx,40,MOVE_DISCHARGE,Discharge,Electric,Special,80,100,15,MOVE_EFFECT_PARALYZE_HIT,0,True,Own type
Engine,Shinx,44,MOVE_SWAGGER,Swagger,Normal,Status,0,85,15,MOVE_EFFECT_ATK_UP_2_STATUS_CONFUSION,0,True,Normal
Engine,Shinx,48,MOVE_WILD_CHARGE,Wild Charge,Electric,Physical,90,100,15,MOVE_EFFECT_RECOIL_THIRD,0,True,Own type
Engine,Luxio,1,MOVE_TACKLE,Tackle,Normal,Physical,40,100,35,MOVE_EFFECT_HIT,0,True,Normal
Engine,Luxio,1,MOVE_LEER,Leer,Normal,Status,0,100,30,MOVE_EFFECT_DEF_DOWN,0,True,Normal
Engine,Luxio,1,MOVE_THUNDER_SHOCK,Thunder Shock,Electric,Special,40,100,30,MOVE_EFFECT_PARALYZE_HIT,0,True,Own type
Engine,Luxio,1,MOVE_CHARGE,Charge,Electric,Status,0,0,20,MOVE_EFFECT_SP_DEF_UP_DOUBLE_ELECTRIC_POWER,0,True,Own type
Engine,Luxio,12,MOVE_BITE,Bite,Dark,Physical,60,100,25,MOVE_EFFECT_FLINCH_HIT,0,True,Other type
Engine,Luxio,18,MOVE_SPARK,Spark,Electric,Physical,65,100,20,MOVE_EFFECT_PARALYZE_HIT,0,True,Own type
Engine,Luxio,24,MOVE_ROAR,Roar,Normal,Status,0,0,20,MOVE_EFFECT_FORCE_SWITCH,-6,True,Normal
Engine,Luxio,31,MOVE_VOLT_SWITCH,Volt Switch,Electric,Special,70,100,20,MOVE_EFFECT_SWITCH_HIT,0,True,Own type
Engine,Luxio,36,MOVE_SCARY_FACE,Scary Face,Normal,Status,0,100,10,MOVE_EFFECT_SPEED_DOWN_2,0,True,Normal
Engine,Luxio,42,MOVE_THUNDER_WAVE,Thunder Wave,Electric,Status,0,90,20,MOVE_EFFECT_STATUS_PARALYZE,0,True,Own type
Engine,Luxio,48,MOVE_CRUNCH,Crunch,Dark,Physical,80,100,15,MOVE_EFFECT_LOWER_DEFENSE_HIT,0,True,Other type
Engine,Luxio,54,MOVE_DISCHARGE,Discharge,Electric,Special,80,100,15,MOVE_EFFECT_PARALYZE_HIT,0,True,Own type
Engine,Luxio,60,MOVE_SWAGGER,Swagger,Normal,Status,0,85,15,MOVE_EFFECT_ATK_UP_2_STATUS_CONFUSION,0,True,Normal
Engine,Luxio,68,MOVE_WILD_CHARGE,Wild Charge,Electric,Physical,90,100,15,MOVE_EFFECT_RECOIL_THIRD,0,True,Own type
Engine,Luxray,1,MOVE_TACKLE,Tackle,Normal,Physical,40,100,35,MOVE_EFFECT_HIT,0,True,Normal
Engine,Luxray,1,MOVE_LEER,Leer,Normal,Status,0,100,30,MOVE_EFFECT_DEF_DOWN,0,True,Normal
Engine,Luxray,1,MOVE_THUNDER_SHOCK,Thunder Shock,Electric,Special,40,100,30,MOVE_EFFECT_PARALYZE_HIT,0,True,Own type
Engine,Luxray,1,MOVE_CHARGE,Charge,Electric,Status,0,0,20,MOVE_EFFECT_SP_DEF_UP_DOUBLE_ELECTRIC_POWER,0,True,Own type
Engine,Luxray,1,MOVE_ELECTRIC_TERRAIN,ElectricTerrain,Electric,Status,0,0,10,MOVE_EFFECT_APPLY_TERRAINS,0,True,Own type
Engine,Luxray,12,MOVE_BITE,Bite,Dark,Physical,60,100,25,MOVE_EFFECT_FLINCH_HIT,0,True,Other type
Engine,Luxray,18,MOVE_SPARK,Spark,Electric,Physical,65,100,20,MOVE_EFFECT_PARALYZE_HIT,0,True,Own type
Engine,Luxray,24,MOVE_ROAR,Roar,Normal,Status,0,0,20,MOVE_EFFECT_FORCE_SWITCH,-6,True,Normal
Engine,Luxray,33,MOVE_VOLT_SWITCH,Volt Switch,Electric,Special,70,100,20,MOVE_EFFECT_SWITCH_HIT,0,True,Own type
Engine,Luxray,40,MOVE_SCARY_FACE,Scary Face,Normal,Status,0,100,10,MOVE_EFFECT_SPEED_DOWN_2,0,True,Normal
Engine,Luxray,48,MOVE_THUNDER_WAVE,Thunder Wave,Electric,Status,0,90,20,MOVE_EFFECT_STATUS_PARALYZE,0,True,Own type
Engine,Luxray,56,MOVE_CRUNCH,Crunch,Dark,Physical,80,100,15,MOVE_EFFECT_LOWER_DEFENSE_HIT,0,True,Other type
Engine,Luxray,64,MOVE_DISCHARGE,Discharge,Electric,Special,80,100,15,MOVE_EFFECT_PARALYZE_HIT,0,True,Own type
Engine,Luxray,72,MOVE_SWAGGER,Swagger,Normal,Status,0,85,15,MOVE_EFFECT_ATK_UP_2_STATUS_CONFUSION,0,True,Normal
Engine,Luxray,80,MOVE_WILD_CHARGE,Wild Charge,Electric,Physical,90,100,15,MOVE_EFFECT_RECOIL_THIRD,0,True,Own type
Engine,Machop,1,MOVE_LEER,Leer,Normal,Status,0,100,30,MOVE_EFFECT_DEF_DOWN,0,True,Normal
Engine,Machop,1,MOVE_LOW_KICK,Low Kick,Fighting,Physical,1,100,20,MOVE_EFFECT_INCREASE_POWER_WITH_WEIGHT,0,True,Own type
Engine,Machop,4,MOVE_FOCUS_ENERGY,Focus Energy,Normal,Status,0,0,30,MOVE_EFFECT_CRIT_UP_2,0,True,Normal
Engine,Machop,8,MOVE_REVENGE,Revenge,Fighting,Physical,60,100,10,MOVE_EFFECT_DOUBLE_DAMAGE_IF_HIT,-4,True,Own type
Engine,Machop,12,MOVE_LOW_SWEEP,Low Sweep,Fighting,Physical,65,100,20,MOVE_EFFECT_LOWER_SPEED_HIT,0,True,Own type
Engine,Machop,16,MOVE_KNOCK_OFF,Knock Off,Dark,Physical,65,100,20,MOVE_EFFECT_REMOVE_HELD_ITEM,0,True,Other type
Engine,Machop,20,MOVE_SCARY_FACE,Scary Face,Normal,Status,0,100,10,MOVE_EFFECT_SPEED_DOWN_2,0,True,Normal
Engine,Machop,24,MOVE_VITAL_THROW,Vital Throw,Fighting,Physical,70,0,10,MOVE_EFFECT_PRIORITY_NEG_1_BYPASS_ACCURACY,-1,True,Own type
Engine,Machop,29,MOVE_STRENGTH,Strength,Normal,Physical,80,100,15,MOVE_EFFECT_HIT,0,True,Normal
Engine,Machop,32,MOVE_DUAL_CHOP,Dual Chop,Dragon,Physical,40,90,15,MOVE_EFFECT_HIT_TWICE,0,True,Other type
Engine,Machop,36,MOVE_BULK_UP,Bulk Up,Fighting,Status,0,0,20,MOVE_EFFECT_ATK_DEF_UP,0,True,Own type
Engine,Machop,40,MOVE_SEISMIC_TOSS,Seismic Toss,Fighting,Physical,1,100,20,MOVE_EFFECT_LEVEL_DAMAGE_FLAT,0,True,Own type
Engine,Machop,44,MOVE_DYNAMIC_PUNCH,Dynamic Punch,Fighting,Physical,100,50,5,MOVE_EFFECT_CONFUSE_HIT,0,True,Own type
Engine,Machop,48,MOVE_CROSS_CHOP,Cross Chop,Fighting,Physical,100,80,5,MOVE_EFFECT_HIGH_CRITICAL,0,True,Own type
Engine,Machop,52,MOVE_DOUBLE_EDGE,Double-Edge,Normal,Physical,120,100,15,MOVE_EFFECT_RECOIL_THIRD,0,True,Normal
Engine,Machoke,1,MOVE_FOCUS_ENERGY,Focus Energy,Normal,Status,0,0,30,MOVE_EFFECT_CRIT_UP_2,0,True,Normal
Engine,Machoke,1,MOVE_LEER,Leer,Normal,Status,0,100,30,MOVE_EFFECT_DEF_DOWN,0,True,Normal
Engine,Machoke,1,MOVE_LOW_KICK,Low Kick,Fighting,Physical,1,100,20,MOVE_EFFECT_INCREASE_POWER_WITH_WEIGHT,0,True,Own type
Engine,Machoke,1,MOVE_REVENGE,Revenge,Fighting,Physical,60,100,10,MOVE_EFFECT_DOUBLE_DAMAGE_IF_HIT,-4,True,Own type
Engine,Machoke,12,MOVE_LOW_SWEEP,Low Sweep,Fighting,Physical,65,100,20,MOVE_EFFECT_LOWER_SPEED_HIT,0,True,Own type
Engine,Machoke,16,MOVE_KNOCK_OFF,Knock Off,Dark,Physical,65,100,20,MOVE_EFFECT_REMOVE_HELD_ITEM,0,True,Other type
Engine,Machoke,20,MOVE_SCARY_FACE,Scary Face,Normal,Status,0,100,10,MOVE_EFFECT_SPEED_DOWN_2,0,True,Normal
Engine,Machoke,24,MOVE_VITAL_THROW,Vital Throw,Fighting,Physical,70,0,10,MOVE_EFFECT_PRIORITY_NEG_1_BYPASS_ACCURACY,-1,True,Own type
Engine,Machoke,31,MOVE_STRENGTH,Strength,Normal,Physical,80,100,15,MOVE_EFFECT_HIT,0,True,Normal
Engine,Machoke,36,MOVE_DUAL_CHOP,Dual Chop,Dragon,Physical,40,90,15,MOVE_EFFECT_HIT_TWICE,0,True,Other type
Engine,Machoke,42,MOVE_BULK_UP,Bulk Up,Fighting,Status,0,0,20,MOVE_EFFECT_ATK_DEF_UP,0,True,Own type
Engine,Machoke,48,MOVE_SEISMIC_TOSS,Seismic Toss,Fighting,Physical,1,100,20,MOVE_EFFECT_LEVEL_DAMAGE_FLAT,0,True,Own type
Engine,Machoke,54,MOVE_DYNAMIC_PUNCH,Dynamic Punch,Fighting,Physical,100,50,5,MOVE_EFFECT_CONFUSE_HIT,0,True,Own type
Engine,Machoke,60,MOVE_CROSS_CHOP,Cross Chop,Fighting,Physical,100,80,5,MOVE_EFFECT_HIGH_CRITICAL,0,True,Own type
Engine,Machoke,66,MOVE_DOUBLE_EDGE,Double-Edge,Normal,Physical,120,100,15,MOVE_EFFECT_RECOIL_THIRD,0,True,Normal
Engine,Machamp,1,MOVE_FOCUS_ENERGY,Focus Energy,Normal,Status,0,0,30,MOVE_EFFECT_CRIT_UP_2,0,True,Normal
Engine,Machamp,1,MOVE_LEER,Leer,Normal,Status,0,100,30,MOVE_EFFECT_DEF_DOWN,0,True,Normal
Engine,Machamp,1,MOVE_LOW_KICK,Low Kick,Fighting,Physical,1,100,20,MOVE_EFFECT_INCREASE_POWER_WITH_WEIGHT,0,True,Own type
Engine,Machamp,1,MOVE_REVENGE,Revenge,Fighting,Physical,60,100,10,MOVE_EFFECT_DOUBLE_DAMAGE_IF_HIT,-4,True,Own type
Engine,Machamp,1,MOVE_WIDE_GUARD,Wide Guard,Rock,Status,0,0,10,MOVE_EFFECT_PROTECT_USER_SIDE,3,True,Other type
Engine,Machamp,12,MOVE_LOW_SWEEP,Low Sweep,Fighting,Physical,65,100,20,MOVE_EFFECT_LOWER_SPEED_HIT,0,True,Own type
Engine,Machamp,16,MOVE_KNOCK_OFF,Knock Off,Dark,Physical,65,100,20,MOVE_EFFECT_REMOVE_HELD_ITEM,0,True,Other type
Engine,Machamp,20,MOVE_SCARY_FACE,Scary Face,Normal,Status,0,100,10,MOVE_EFFECT_SPEED_DOWN_2,0,True,Normal
Engine,Machamp,24,MOVE_VITAL_THROW,Vital Throw,Fighting,Physical,70,0,10,MOVE_EFFECT_PRIORITY_NEG_1_BYPASS_ACCURACY,-1,True,Own type
Engine,Machamp,31,MOVE_STRENGTH,Strength,Normal,Physical,80,100,15,MOVE_EFFECT_HIT,0,True,Normal
Engine,Machamp,36,MOVE_DUAL_CHOP,Dual Chop,Dragon,Physical,40,90,15,MOVE_EFFECT_HIT_TWICE,0,True,Other type
Engine,Machamp,42,MOVE_BULK_UP,Bulk Up,Fighting,Status,0,0,20,MOVE_EFFECT_ATK_DEF_UP,0,True,Own type
Engine,Machamp,48,MOVE_SEISMIC_TOSS,Seismic Toss,Fighting,Physical,1,100,20,MOVE_EFFECT_LEVEL_DAMAGE_FLAT,0,True,Own type
Engine,Machamp,54,MOVE_DYNAMIC_PUNCH,Dynamic Punch,Fighting,Physical,100,50,5,MOVE_EFFECT_CONFUSE_HIT,0,True,Own type
Engine,Machamp,60,MOVE_CROSS_CHOP,Cross Chop,Fighting,Physical,100,80,5,MOVE_EFFECT_HIGH_CRITICAL,0,True,Own type
Engine,Machamp,66,MOVE_DOUBLE_EDGE,Double-Edge,Normal,Physical,120,100,15,MOVE_EFFECT_RECOIL_THIRD,0,True,Normal
Engine,Elekid,1,MOVE_LEER,Leer,Normal,Status,0,100,30,MOVE_EFFECT_DEF_DOWN,0,True,Normal
Engine,Elekid,1,MOVE_QUICK_ATTACK,Quick Attack,Normal,Physical,40,100,30,MOVE_EFFECT_PRIORITY_1,1,True,Normal
Engine,Elekid,4,MOVE_THUNDER_SHOCK,Thunder Shock,Electric,Special,40,100,30,MOVE_EFFECT_PARALYZE_HIT,0,True,Own type
Engine,Elekid,8,MOVE_CHARGE,Charge,Electric,Status,0,0,20,MOVE_EFFECT_SP_DEF_UP_DOUBLE_ELECTRIC_POWER,0,True,Own type
Engine,Elekid,12,MOVE_SWIFT,Swift,Normal,Special,60,0,20,MOVE_EFFECT_BYPASS_ACCURACY,0,True,Normal
Engine,Elekid,16,MOVE_SHOCK_WAVE,Shock Wave,Electric,Special,60,0,20,MOVE_EFFECT_BYPASS_ACCURACY,0,True,Own type
Engine,Elekid,20,MOVE_THUNDER_WAVE,Thunder Wave,Electric,Status,0,90,20,MOVE_EFFECT_STATUS_PARALYZE,0,True,Own type
Engine,Elekid,24,MOVE_SCREECH,Screech,Normal,Status,0,85,40,MOVE_EFFECT_DEF_DOWN_2,0,True,Normal
Engine,Elekid,28,MOVE_THUNDER_PUNCH,Thunder Punch,Electric,Physical,75,100,15,MOVE_EFFECT_PARALYZE_HIT,0,True,Own type
Engine,Elekid,32,MOVE_DISCHARGE,Discharge,Electric,Special,80,100,15,MOVE_EFFECT_PARALYZE_HIT,0,True,Own type
Engine,Elekid,36,MOVE_LOW_KICK,Low Kick,Fighting,Physical,1,100,20,MOVE_EFFECT_INCREASE_POWER_WITH_WEIGHT,0,True,Other type
Engine,Elekid,40,MOVE_THUNDERBOLT,Thunderbolt,Electric,Special,90,100,15,MOVE_EFFECT_PARALYZE_HIT,0,True,Own type
Engine,Elekid,44,MOVE_LIGHT_SCREEN,Light Screen,Psychic,Status,0,0,30,MOVE_EFFECT_SET_LIGHT_SCREEN,0,True,Other type
Engine,Elekid,48,MOVE_THUNDER,Thunder,Electric,Special,110,70,10,MOVE_EFFECT_THUNDER,0,True,Own type
Engine,Electabuzz,1,MOVE_LEER,Leer,Normal,Status,0,100,30,MOVE_EFFECT_DEF_DOWN,0,True,Normal
Engine,Electabuzz,1,MOVE_THUNDER_SHOCK,Thunder Shock,Electric,Special,40,100,30,MOVE_EFFECT_PARALYZE_HIT,0,True,Own type
Engine,Electabuzz,1,MOVE_QUICK_ATTACK,Quick Attack,Normal,Physical,40,100,30,MOVE_EFFECT_PRIORITY_1,1,True,Normal
Engine,Electabuzz,1,MOVE_CHARGE,Charge,Electric,Status,0,0,20,MOVE_EFFECT_SP_DEF_UP_DOUBLE_ELECTRIC_POWER,0,True,Own type
Engine,Electabuzz,12,MOVE_SWIFT,Swift,Normal,Special,60,0,20,MOVE_EFFECT_BYPASS_ACCURACY,0,True,Normal
Engine,Electabuzz,16,MOVE_SHOCK_WAVE,Shock Wave,Electric,Special,60,0,20,MOVE_EFFECT_BYPASS_ACCURACY,0,True,Own type
Engine,Electabuzz,20,MOVE_THUNDER_WAVE,Thunder Wave,Electric,Status,0,90,20,MOVE_EFFECT_STATUS_PARALYZE,0,True,Own type
Engine,Electabuzz,24,MOVE_SCREECH,Screech,Normal,Status,0,85,40,MOVE_EFFECT_DEF_DOWN_2,0,True,Normal
Engine,Electabuzz,28,MOVE_THUNDER_PUNCH,Thunder Punch,Electric,Physical,75,100,15,MOVE_EFFECT_PARALYZE_HIT,0,True,Own type
Engine,Electabuzz,34,MOVE_DISCHARGE,Discharge,Electric,Special,80,100,15,MOVE_EFFECT_PARALYZE_HIT,0,True,Own type
Engine,Electabuzz,40,MOVE_LOW_KICK,Low Kick,Fighting,Physical,1,100,20,MOVE_EFFECT_INCREASE_POWER_WITH_WEIGHT,0,True,Other type
Engine,Electabuzz,46,MOVE_THUNDERBOLT,Thunderbolt,Electric,Special,90,100,15,MOVE_EFFECT_PARALYZE_HIT,0,True,Own type
Engine,Electabuzz,52,MOVE_LIGHT_SCREEN,Light Screen,Psychic,Status,0,0,30,MOVE_EFFECT_SET_LIGHT_SCREEN,0,True,Other type
Engine,Electabuzz,58,MOVE_THUNDER,Thunder,Electric,Special,110,70,10,MOVE_EFFECT_THUNDER,0,True,Own type
Engine,Electabuzz,64,MOVE_GIGA_IMPACT,Giga Impact,Normal,Physical,150,90,5,MOVE_EFFECT_RECHARGE_AFTER,0,True,Normal
Engine,Electivire,1,MOVE_LEER,Leer,Normal,Status,0,100,30,MOVE_EFFECT_DEF_DOWN,0,True,Normal
Engine,Electivire,1,MOVE_THUNDER_SHOCK,Thunder Shock,Electric,Special,40,100,30,MOVE_EFFECT_PARALYZE_HIT,0,True,Own type
Engine,Electivire,1,MOVE_QUICK_ATTACK,Quick Attack,Normal,Physical,40,100,30,MOVE_EFFECT_PRIORITY_1,1,True,Normal
Engine,Electivire,1,MOVE_CHARGE,Charge,Electric,Status,0,0,20,MOVE_EFFECT_SP_DEF_UP_DOUBLE_ELECTRIC_POWER,0,True,Own type
Engine,Electivire,12,MOVE_SWIFT,Swift,Normal,Special,60,0,20,MOVE_EFFECT_BYPASS_ACCURACY,0,True,Normal
Engine,Electivire,16,MOVE_SHOCK_WAVE,Shock Wave,Electric,Special,60,0,20,MOVE_EFFECT_BYPASS_ACCURACY,0,True,Own type
Engine,Electivire,20,MOVE_THUNDER_WAVE,Thunder Wave,Electric,Status,0,90,20,MOVE_EFFECT_STATUS_PARALYZE,0,True,Own type
Engine,Electivire,24,MOVE_SCREECH,Screech,Normal,Status,0,85,40,MOVE_EFFECT_DEF_DOWN_2,0,True,Normal
Engine,Electivire,28,MOVE_THUNDER_PUNCH,Thunder Punch,Electric,Physical,75,100,15,MOVE_EFFECT_PARALYZE_HIT,0,True,Own type
Engine,Electivire,34,MOVE_DISCHARGE,Discharge,Electric,Special,80,100,15,MOVE_EFFECT_PARALYZE_HIT,0,True,Own type
Engine,Electivire,40,MOVE_LOW_KICK,Low Kick,Fighting,Physical,1,100,20,MOVE_EFFECT_INCREASE_POWER_WITH_WEIGHT,0,True,Other type
Engine,Electivire,46,MOVE_THUNDERBOLT,Thunderbolt,Electric,Special,90,100,15,MOVE_EFFECT_PARALYZE_HIT,0,True,Own type
Engine,Electivire,52,MOVE_LIGHT_SCREEN,Light Screen,Psychic,Status,0,0,30,MOVE_EFFECT_SET_LIGHT_SCREEN,0,True,Other type
Engine,Electivire,58,MOVE_THUNDER,Thunder,Electric,Special,110,70,10,MOVE_EFFECT_THUNDER,0,True,Own type
Engine,Electivire,64,MOVE_GIGA_IMPACT,Giga Impact,Normal,Physical,150,90,5,MOVE_EFFECT_RECHARGE_AFTER,0,True,Normal
Engine,Zapdos,1,MOVE_PECK,Peck,Flying,Physical,35,100,35,MOVE_EFFECT_HIT,0,True,Own type
Engine,Zapdos,1,MOVE_THUNDER_WAVE,Thunder Wave,Electric,Status,0,90,20,MOVE_EFFECT_STATUS_PARALYZE,0,True,Own type
Engine,Zapdos,5,MOVE_THUNDER_SHOCK,Thunder Shock,Electric,Special,40,100,30,MOVE_EFFECT_PARALYZE_HIT,0,True,Own type
Engine,Zapdos,10,MOVE_LIGHT_SCREEN,Light Screen,Psychic,Status,0,0,30,MOVE_EFFECT_SET_LIGHT_SCREEN,0,True,Other type
Engine,Zapdos,15,MOVE_PLUCK,Pluck,Flying,Physical,60,100,20,MOVE_EFFECT_EAT_BERRY,0,True,Own type
Engine,Zapdos,20,MOVE_AGILITY,Agility,Psychic,Status,0,0,30,MOVE_EFFECT_SPEED_UP_2,0,True,Other type
Engine,Zapdos,25,MOVE_ANCIENT_POWER,Ancient Power,Rock,Special,60,100,5,MOVE_EFFECT_RAISE_ALL_STATS_HIT,0,True,Other type
Engine,Zapdos,30,MOVE_CHARGE,Charge,Electric,Status,0,0,20,MOVE_EFFECT_SP_DEF_UP_DOUBLE_ELECTRIC_POWER,0,True,Own type
Engine,Zapdos,35,MOVE_DRILL_PECK,Drill Peck,Flying,Physical,80,100,20,MOVE_EFFECT_HIT,0,True,Own type
Engine,Zapdos,40,MOVE_ROOST,Roost,Flying,Status,0,0,5,MOVE_EFFECT_HEAL_HALF_REMOVE_FLYING_TYPE,0,True,Own type
Engine,Zapdos,45,MOVE_DISCHARGE,Discharge,Electric,Special,80,100,15,MOVE_EFFECT_PARALYZE_HIT,0,True,Own type
Engine,Zapdos,50,MOVE_RAIN_DANCE,Rain Dance,Water,Status,0,0,5,MOVE_EFFECT_WEATHER_RAIN,0,True,Other type
Engine,Zapdos,55,MOVE_THUNDER,Thunder,Electric,Special,110,70,10,MOVE_EFFECT_THUNDER,0,True,Own type
Engine,Zapdos,60,MOVE_DETECT,Detect,Fighting,Status,0,0,5,MOVE_EFFECT_PROTECT,4,True,Other type
Engine,Zapdos,65,MOVE_MAGNETIC_FLUX,Magnetic Flux,Electric,Status,0,0,20,MOVE_EFFECT_HIT,0,True,Own type
Engine,Zapdos,70,MOVE_ZAP_CANNON,Zap Cannon,Electric,Special,120,50,5,MOVE_EFFECT_PARALYZE_HIT,0,True,Own type
Engine,Magnezone,1,MOVE_ELECTRIC_TERRAIN,ElectricTerrain,Electric,Status,0,0,10,MOVE_EFFECT_APPLY_TERRAINS,0,True,Own type
Engine,Magnezone,1,MOVE_MIRROR_COAT,Mirror Coat,Psychic,Special,1,100,20,MOVE_EFFECT_MIRROR_COAT,-5,True,Other type
Engine,Magnezone,1,MOVE_MAGNETIC_FLUX,Magnetic Flux,Electric,Status,0,0,20,MOVE_EFFECT_HIT,0,True,Own type
Engine,Magnezone,1,MOVE_TRI_ATTACK,Tri Attack,Normal,Special,80,100,10,MOVE_EFFECT_RANDOM_PRIMARY_STATUS_HIT,0,True,Normal
Engine,Magnezone,1,MOVE_TACKLE,Tackle,Normal,Physical,40,100,35,MOVE_EFFECT_HIT,0,True,Normal
Engine,Magnezone,1,MOVE_THUNDER_WAVE,Thunder Wave,Electric,Status,0,90,20,MOVE_EFFECT_STATUS_PARALYZE,0,True,Own type
Engine,Magnezone,1,MOVE_THUNDER_SHOCK,Thunder Shock,Electric,Special,40,100,30,MOVE_EFFECT_PARALYZE_HIT,0,True,Own type
Engine,Magnezone,1,MOVE_SUPERSONIC,Supersonic,Normal,Status,0,55,20,MOVE_EFFECT_STATUS_CONFUSE,0,True,Normal
Engine,Magnezone,12,MOVE_ELECTRO_BALL,Electro Ball,Electric,Special,1,100,10,MOVE_EFFECT_HIT,0,True,Own type
Engine,Magnezone,16,MOVE_GYRO_BALL,Gyro Ball,Steel,Physical,1,100,5,MOVE_EFFECT_POWER_BASED_ON_LOW_SPEED,0,True,Own type
Engine,Magnezone,20,MOVE_SPARK,Spark,Electric,Physical,65,100,20,MOVE_EFFECT_PARALYZE_HIT,0,True,Own type
Engine,Magnezone,24,MOVE_SCREECH,Screech,Normal,Status,0,85,40,MOVE_EFFECT_DEF_DOWN_2,0,True,Normal
Engine,Magnezone,28,MOVE_MAGNET_RISE,Magnet Rise,Electric,Status,0,0,10,MOVE_EFFECT_GIVE_GROUND_IMMUNITY,0,True,Own type
Engine,Magnezone,34,MOVE_FLASH_CANNON,Flash Cannon,Steel,Special,80,100,10,MOVE_EFFECT_LOWER_SP_DEF_HIT,0,True,Own type
Engine,Magnezone,40,MOVE_DISCHARGE,Discharge,Electric,Special,80,100,15,MOVE_EFFECT_PARALYZE_HIT,0,True,Own type
Engine,Magnezone,46,MOVE_METAL_SOUND,Metal Sound,Steel,Status,0,85,40,MOVE_EFFECT_SP_DEF_DOWN_2,0,True,Own type
Engine,Magnezone,52,MOVE_LIGHT_SCREEN,Light Screen,Psychic,Status,0,0,30,MOVE_EFFECT_SET_LIGHT_SCREEN,0,True,Other type
Engine,Magnezone,58,MOVE_LOCK_ON,Lock-On,Normal,Status,0,0,5,MOVE_EFFECT_NEXT_ATTACK_ALWAYS_HITS,0,True,Normal
Engine,Magnezone,64,MOVE_ZAP_CANNON,Zap Cannon,Electric,Special,120,50,5,MOVE_EFFECT_PARALYZE_HIT,0,True,Own type
Engine,Jolteon,0,MOVE_THUNDER_SHOCK,Thunder Shock,Electric,Special,40,100,30,MOVE_EFFECT_PARALYZE_HIT,0,True,Own type
Engine,Jolteon,1,MOVE_BATON_PASS,Baton Pass,Normal,Status,0,0,40,MOVE_EFFECT_PASS_STATS_AND_STATUS,0,True,Normal
Engine,Jolteon,1,MOVE_SWIFT,Swift,Normal,Special,60,0,20,MOVE_EFFECT_BYPASS_ACCURACY,0,True,Normal
Engine,Jolteon,1,MOVE_HELPING_HAND,Helping Hand,Normal,Status,0,0,20,MOVE_EFFECT_BOOST_ALLY_POWER_BY_50_PERCENT,5,True,Normal
Engine,Jolteon,1,MOVE_COVET,Covet,Normal,Physical,60,100,25,MOVE_EFFECT_STEAL_HELD_ITEM,0,True,Normal
Engine,Jolteon,1,MOVE_CHARM,Charm,Fairy,Status,0,100,20,MOVE_EFFECT_ATK_DOWN_2,0,True,Other type
Engine,Jolteon,1,MOVE_BITE,Bite,Dark,Physical,60,100,25,MOVE_EFFECT_FLINCH_HIT,0,True,Other type
Engine,Jolteon,1,MOVE_GROWL,Growl,Normal,Status,0,100,40,MOVE_EFFECT_ATK_DOWN,0,True,Normal
Engine,Jolteon,1,MOVE_TAIL_WHIP,Tail Whip,Normal,Status,0,100,30,MOVE_EFFECT_DEF_DOWN,0,True,Normal
Engine,Jolteon,1,MOVE_DOUBLE_EDGE,Double-Edge,Normal,Physical,120,100,15,MOVE_EFFECT_RECOIL_THIRD,0,True,Normal
Engine,Jolteon,1,MOVE_TAKE_DOWN,Take Down,Normal,Physical,90,85,20,MOVE_EFFECT_RECOIL_QUARTER,0,True,Normal
Engine,Jolteon,1,MOVE_TACKLE,Tackle,Normal,Physical,40,100,35,MOVE_EFFECT_HIT,0,True,Normal
Engine,Jolteon,1,MOVE_COPYCAT,Copycat,Normal,Status,0,0,20,MOVE_EFFECT_USE_LAST_USED_MOVE,0,True,Normal
Engine,Jolteon,5,MOVE_SAND_ATTACK,Sand Attack,Ground,Status,0,100,15,MOVE_EFFECT_ACC_DOWN,0,True,Other type
Engine,Jolteon,10,MOVE_QUICK_ATTACK,Quick Attack,Normal,Physical,40,100,30,MOVE_EFFECT_PRIORITY_1,1,True,Normal
Engine,Jolteon,15,MOVE_BABY_DOLL_EYES,Baby-Doll Eyes,Fairy,Status,0,100,30,MOVE_EFFECT_ATK_DOWN,1,True,Other type
Engine,Jolteon,20,MOVE_THUNDER_WAVE,Thunder Wave,Electric,Status,0,90,20,MOVE_EFFECT_STATUS_PARALYZE,0,True,Own type
Engine,Jolteon,25,MOVE_DOUBLE_KICK,Double Kick,Fighting,Physical,30,100,30,MOVE_EFFECT_HIT_TWICE,0,True,Other type
Engine,Jolteon,30,MOVE_THUNDER_FANG,Thunder Fang,Electric,Physical,65,95,15,MOVE_EFFECT_FLINCH_PARALYZE_HIT,0,True,Own type
Engine,Jolteon,35,MOVE_PIN_MISSILE,Pin Missile,Bug,Physical,25,95,20,MOVE_EFFECT_MULTI_HIT,0,True,Other type
Engine,Jolteon,40,MOVE_DISCHARGE,Discharge,Electric,Special,80,100,15,MOVE_EFFECT_PARALYZE_HIT,0,True,Own type
Engine,Jolteon,45,MOVE_AGILITY,Agility,Psychic,Status,0,0,30,MOVE_EFFECT_SPEED_UP_2,0,True,Other type
Engine,Jolteon,50,MOVE_THUNDER,Thunder,Electric,Special,110,70,10,MOVE_EFFECT_THUNDER,0,True,Own type
Engine,Jolteon,55,MOVE_LAST_RESORT,Last Resort,Normal,Physical,140,100,5,MOVE_EFFECT_FAIL_IF_NOT_USED_ALL_OTHER_MOVES,0,True,Normal
Engine,Raikou,1,MOVE_LEER,Leer,Normal,Status,0,100,30,MOVE_EFFECT_DEF_DOWN,0,True,Normal
Engine,Raikou,1,MOVE_CHARGE,Charge,Electric,Status,0,0,20,MOVE_EFFECT_SP_DEF_UP_DOUBLE_ELECTRIC_POWER,0,True,Own type
Engine,Raikou,1,MOVE_EXTREME_SPEED,Extreme Speed,Normal,Physical,80,100,5,MOVE_EFFECT_PRIORITY_1,2,True,Normal
Engine,Raikou,1,MOVE_THUNDER_SHOCK,Thunder Shock,Electric,Special,40,100,30,MOVE_EFFECT_PARALYZE_HIT,0,True,Own type
Engine,Raikou,1,MOVE_QUICK_ATTACK,Quick Attack,Normal,Physical,40,100,30,MOVE_EFFECT_PRIORITY_1,1,True,Normal
Engine,Raikou,6,MOVE_SPARK,Spark,Electric,Physical,65,100,20,MOVE_EFFECT_PARALYZE_HIT,0,True,Own type
Engine,Raikou,12,MOVE_BITE,Bite,Dark,Physical,60,100,25,MOVE_EFFECT_FLINCH_HIT,0,True,Other type
Engine,Raikou,18,MOVE_CALM_MIND,Calm Mind,Psychic,Status,0,0,20,MOVE_EFFECT_SP_ATK_SP_DEF_UP,0,True,Other type
Engine,Raikou,24,MOVE_ROAR,Roar,Normal,Status,0,0,20,MOVE_EFFECT_FORCE_SWITCH,-6,True,Normal
Engine,Raikou,30,MOVE_THUNDER_FANG,Thunder Fang,Electric,Physical,65,95,15,MOVE_EFFECT_FLINCH_PARALYZE_HIT,0,True,Own type
Engine,Raikou,36,MOVE_HOWL,Howl,Normal,Status,0,0,40,MOVE_EFFECT_HOWL,0,True,Normal
Engine,Raikou,42,MOVE_CRUNCH,Crunch,Dark,Physical,80,100,15,MOVE_EFFECT_LOWER_DEFENSE_HIT,0,True,Other type
Engine,Raikou,48,MOVE_EXTRASENSORY,Extrasensory,Psychic,Special,80,100,20,MOVE_EFFECT_FLINCH_HIT,0,True,Other type
Engine,Raikou,54,MOVE_DISCHARGE,Discharge,Electric,Special,80,100,15,MOVE_EFFECT_PARALYZE_HIT,0,True,Own type
Engine,Raikou,60,MOVE_REFLECT,Reflect,Psychic,Status,0,0,20,MOVE_EFFECT_SET_REFLECT,0,True,Other type
Engine,Raikou,66,MOVE_RAIN_DANCE,Rain Dance,Water,Status,0,0,5,MOVE_EFFECT_WEATHER_RAIN,0,True,Other type
Engine,Raikou,72,MOVE_THUNDER,Thunder,Electric,Special,110,70,10,MOVE_EFFECT_THUNDER,0,True,Own type
Engine,Raikou,78,MOVE_ZAP_CANNON,Zap Cannon,Electric,Special,120,50,5,MOVE_EFFECT_PARALYZE_HIT,0,True,Own type
Engine,Lucario,0,MOVE_AURA_SPHERE,Aura Sphere,Fighting,Special,80,0,20,MOVE_EFFECT_BYPASS_ACCURACY,0,True,Own type
Engine,Lucario,1,MOVE_COPYCAT,Copycat,Normal,Status,0,0,20,MOVE_EFFECT_USE_LAST_USED_MOVE,0,True,Normal
Engine,Lucario,1,MOVE_FEINT,Feint,Normal,Physical,30,100,10,MOVE_EFFECT_REMOVE_PROTECT,2,True,Normal
Engine,Lucario,1,MOVE_HELPING_HAND,Helping Hand,Normal,Status,0,0,20,MOVE_EFFECT_BOOST_ALLY_POWER_BY_50_PERCENT,5,True,Normal
Engine,Lucario,1,MOVE_ROCK_SMASH,Rock Smash,Fighting,Physical,40,100,15,MOVE_EFFECT_LOWER_DEFENSE_HIT,0,True,Own type
Engine,Lucario,1,MOVE_METAL_CLAW,Metal Claw,Steel,Physical,50,95,35,MOVE_EFFECT_RAISE_ATTACK_HIT,0,True,Own type
Engine,Lucario,1,MOVE_VACUUM_WAVE,Vacuum Wave,Fighting,Special,40,100,30,MOVE_EFFECT_PRIORITY_1,1,True,Own type
Engine,Lucario,1,MOVE_DETECT,Detect,Fighting,Status,0,0,5,MOVE_EFFECT_PROTECT,4,True,Own type
Engine,Lucario,1,MOVE_REVERSAL,Reversal,Fighting,Physical,1,100,15,MOVE_EFFECT_INCREASE_POWER_WITH_LESS_HP,0,True,Own type
Engine,Lucario,1,MOVE_SCREECH,Screech,Normal,Status,0,85,40,MOVE_EFFECT_DEF_DOWN_2,0,True,Normal
Engine,Lucario,1,MOVE_QUICK_ATTACK,Quick Attack,Normal,Physical,40,100,30,MOVE_EFFECT_PRIORITY_1,1,True,Normal
Engine,Lucario,1,MOVE_FINAL_GAMBIT,Final Gambit,Fighting,Special,1,100,5,MOVE_EFFECT_FINAL_GAMBIT,0,True,Own type
Engine,Lucario,1,MOVE_LIFE_DEW,Life Dew,Water,Status,0,0,10,MOVE_EFFECT_LIFE_DEW,0,True,Other type
Engine,Lucario,12,MOVE_COUNTER,Counter,Fighting,Physical,1,100,20,MOVE_EFFECT_COUNTER,-5,True,Own type
Engine,Lucario,16,MOVE_WORK_UP,Work Up,Normal,Status,0,0,30,MOVE_EFFECT_ATK_SP_ATK_UP,0,True,Normal
Engine,Lucario,20,MOVE_FORCE_PALM,Force Palm,Fighting,Physical,60,100,10,MOVE_EFFECT_PARALYZE_HIT,0,True,Own type
Engine,Lucario,24,MOVE_CALM_MIND,Calm Mind,Psychic,Status,0,0,20,MOVE_EFFECT_SP_ATK_SP_DEF_UP,0,True,Other type
Engine,Lucario,28,MOVE_METAL_SOUND,Metal Sound,Steel,Status,0,85,40,MOVE_EFFECT_SP_DEF_DOWN_2,0,True,Own type
Engine,Lucario,32,MOVE_QUICK_GUARD,Quick Guard,Fighting,Status,0,0,15,MOVE_EFFECT_PROTECT_USER_SIDE,3,True,Own type
Engine,Lucario,36,MOVE_BONE_RUSH,Bone Rush,Ground,Physical,30,90,10,MOVE_EFFECT_MULTI_HIT,0,True,Other type
Engine,Lucario,40,MOVE_SWORDS_DANCE,Swords Dance,Normal,Status,0,0,20,MOVE_EFFECT_ATK_UP_2,0,True,Normal
Engine,Lucario,44,MOVE_HEAL_PULSE,Heal Pulse,Psychic,Status,0,0,10,MOVE_EFFECT_HEAL_TARGET,0,True,Other type
Engine,Lucario,48,MOVE_METEOR_MASH,Meteor Mash,Steel,Physical,90,90,10,MOVE_EFFECT_RAISE_ATTACK_HIT,0,True,Own type
Engine,Lucario,52,MOVE_DRAGON_PULSE,Dragon Pulse,Dragon,Special,85,100,10,MOVE_EFFECT_HIT,0,True,Other type
Engine,Lucario,56,MOVE_EXTREME_SPEED,Extreme Speed,Normal,Physical,80,100,5,MOVE_EFFECT_PRIORITY_1,2,True,Normal
Engine,Lucario,60,MOVE_CLOSE_COMBAT,Close Combat,Fighting,Physical,120,100,5,MOVE_EFFECT_USER_DEF_SP_DEF_DOWN_HIT,0,True,Own type
Engine,Spheal,1,MOVE_DEFENSE_CURL,Defense Curl,Normal,Status,0,0,40,MOVE_EFFECT_DEF_UP_DOUBLE_ROLLOUT_POWER,0,True,Normal
Engine,Spheal,1,MOVE_ROLLOUT,Rollout,Rock,Physical,30,90,20,MOVE_EFFECT_DOUBLE_POWER_EACH_TURN_LOCK_INTO,0,True,Other type
Engine,Spheal,4,MOVE_GROWL,Growl,Normal,Status,0,100,40,MOVE_EFFECT_ATK_DOWN,0,True,Normal
Engine,Spheal,8,MOVE_WATER_GUN,Water Gun,Water,Special,40,100,25,MOVE_EFFECT_HIT,0,True,Own type
Engine,Spheal,12,MOVE_POWDER_SNOW,Powder Snow,Ice,Special,40,100,25,MOVE_EFFECT_FREEZE_HIT,0,True,Own type
Engine,Spheal,16,MOVE_REST,Rest,Psychic,Status,0,0,5,MOVE_EFFECT_RECOVER_HEALTH_AND_SLEEP,0,True,Other type
Engine,Spheal,20,MOVE_SNORE,Snore,Normal,Special,50,100,15,MOVE_EFFECT_DAMAGE_WHILE_ASLEEP,0,True,Normal
Engine,Spheal,24,MOVE_BRINE,Brine,Water,Special,65,100,10,MOVE_EFFECT_DOUBLE_POWER_WHEN_BELOW_HALF,0,True,Own type
Engine,Spheal,28,MOVE_AURORA_BEAM,Aurora Beam,Ice,Special,65,100,20,MOVE_EFFECT_LOWER_ATTACK_HIT,0,True,Own type
Engine,Spheal,33,MOVE_ENCORE,Encore,Normal,Status,0,100,5,MOVE_EFFECT_ENCORE,0,True,Normal
Engine,Spheal,36,MOVE_BODY_SLAM,Body Slam,Normal,Physical,85,100,15,MOVE_EFFECT_PARALYZE_HIT,0,True,Normal
Engine,Spheal,40,MOVE_SURF,Surf,Water,Special,90,100,15,MOVE_EFFECT_DOUBLE_DAMAGE_DIVE,0,True,Own type
Engine,Spheal,44,MOVE_BLIZZARD,Blizzard,Ice,Special,110,70,5,MOVE_EFFECT_BLIZZARD,0,True,Own type
Engine,Spheal,48,MOVE_HAIL,Hail,Ice,Status,0,0,10,MOVE_EFFECT_WEATHER_HAIL,0,True,Own type
Engine,Spheal,52,MOVE_SHEER_COLD,Sheer Cold,Ice,Special,1,30,5,MOVE_EFFECT_ONE_HIT_KO,0,True,Own type
Engine,Sealeo,0,MOVE_SWAGGER,Swagger,Normal,Status,0,85,15,MOVE_EFFECT_ATK_UP_2_STATUS_CONFUSION,0,True,Normal
Engine,Sealeo,1,MOVE_DEFENSE_CURL,Defense Curl,Normal,Status,0,0,40,MOVE_EFFECT_DEF_UP_DOUBLE_ROLLOUT_POWER,0,True,Normal
Engine,Sealeo,1,MOVE_GROWL,Growl,Normal,Status,0,100,40,MOVE_EFFECT_ATK_DOWN,0,True,Normal
Engine,Sealeo,1,MOVE_ROLLOUT,Rollout,Rock,Physical,30,90,20,MOVE_EFFECT_DOUBLE_POWER_EACH_TURN_LOCK_INTO,0,True,Other type
Engine,Sealeo,1,MOVE_SWAGGER,Swagger,Normal,Status,0,85,15,MOVE_EFFECT_ATK_UP_2_STATUS_CONFUSION,0,True,Normal
Engine,Sealeo,1,MOVE_WATER_GUN,Water Gun,Water,Special,40,100,25,MOVE_EFFECT_HIT,0,True,Own type
Engine,Sealeo,12,MOVE_POWDER_SNOW,Powder Snow,Ice,Special,40,100,25,MOVE_EFFECT_FREEZE_HIT,0,True,Own type
Engine,Sealeo,16,MOVE_REST,Rest,Psychic,Status,0,0,5,MOVE_EFFECT_RECOVER_HEALTH_AND_SLEEP,0,True,Other type
Engine,Sealeo,20,MOVE_SNORE,Snore,Normal,Special,50,100,15,MOVE_EFFECT_DAMAGE_WHILE_ASLEEP,0,True,Normal
Engine,Sealeo,24,MOVE_BRINE,Brine,Water,Special,65,100,10,MOVE_EFFECT_DOUBLE_POWER_WHEN_BELOW_HALF,0,True,Own type
Engine,Sealeo,28,MOVE_AURORA_BEAM,Aurora Beam,Ice,Special,65,100,20,MOVE_EFFECT_LOWER_ATTACK_HIT,0,True,Own type
Engine,Sealeo,35,MOVE_ENCORE,Encore,Normal,Status,0,100,5,MOVE_EFFECT_ENCORE,0,True,Normal
Engine,Sealeo,40,MOVE_BODY_SLAM,Body Slam,Normal,Physical,85,100,15,MOVE_EFFECT_PARALYZE_HIT,0,True,Normal
Engine,Sealeo,46,MOVE_SURF,Surf,Water,Special,90,100,15,MOVE_EFFECT_DOUBLE_DAMAGE_DIVE,0,True,Own type
Engine,Sealeo,52,MOVE_BLIZZARD,Blizzard,Ice,Special,110,70,5,MOVE_EFFECT_BLIZZARD,0,True,Own type
Engine,Sealeo,58,MOVE_HAIL,Hail,Ice,Status,0,0,10,MOVE_EFFECT_WEATHER_HAIL,0,True,Own type
Engine,Sealeo,64,MOVE_SHEER_COLD,Sheer Cold,Ice,Special,1,30,5,MOVE_EFFECT_ONE_HIT_KO,0,True,Own type
Engine,Walrein,1,MOVE_CRUNCH,Crunch,Dark,Physical,80,100,15,MOVE_EFFECT_LOWER_DEFENSE_HIT,0,True,Other type
Engine,Walrein,1,MOVE_DEFENSE_CURL,Defense Curl,Normal,Status,0,0,40,MOVE_EFFECT_DEF_UP_DOUBLE_ROLLOUT_POWER,0,True,Normal
Engine,Walrein,1,MOVE_GROWL,Growl,Normal,Status,0,100,40,MOVE_EFFECT_ATK_DOWN,0,True,Normal
Engine,Walrein,1,MOVE_ICE_FANG,Ice Fang,Ice,Physical,65,95,15,MOVE_EFFECT_FLINCH_FREEZE_HIT,0,True,Own type
Engine,Walrein,1,MOVE_ROLLOUT,Rollout,Rock,Physical,30,90,20,MOVE_EFFECT_DOUBLE_POWER_EACH_TURN_LOCK_INTO,0,True,Other type
Engine,Walrein,1,MOVE_SWAGGER,Swagger,Normal,Status,0,85,15,MOVE_EFFECT_ATK_UP_2_STATUS_CONFUSION,0,True,Normal
Engine,Walrein,1,MOVE_WATER_GUN,Water Gun,Water,Special,40,100,25,MOVE_EFFECT_HIT,0,True,Own type
Engine,Walrein,12,MOVE_POWDER_SNOW,Powder Snow,Ice,Special,40,100,25,MOVE_EFFECT_FREEZE_HIT,0,True,Own type
Engine,Walrein,16,MOVE_REST,Rest,Psychic,Status,0,0,5,MOVE_EFFECT_RECOVER_HEALTH_AND_SLEEP,0,True,Other type
Engine,Walrein,20,MOVE_SNORE,Snore,Normal,Special,50,100,15,MOVE_EFFECT_DAMAGE_WHILE_ASLEEP,0,True,Normal
Engine,Walrein,24,MOVE_BRINE,Brine,Water,Special,65,100,10,MOVE_EFFECT_DOUBLE_POWER_WHEN_BELOW_HALF,0,True,Own type
Engine,Walrein,28,MOVE_AURORA_BEAM,Aurora Beam,Ice,Special,65,100,20,MOVE_EFFECT_LOWER_ATTACK_HIT,0,True,Own type
Engine,Walrein,35,MOVE_ENCORE,Encore,Normal,Status,0,100,5,MOVE_EFFECT_ENCORE,0,True,Normal
Engine,Walrein,40,MOVE_BODY_SLAM,Body Slam,Normal,Physical,85,100,15,MOVE_EFFECT_PARALYZE_HIT,0,True,Normal
Engine,Walrein,48,MOVE_SURF,Surf,Water,Special,90,100,15,MOVE_EFFECT_DOUBLE_DAMAGE_DIVE,0,True,Own type
Engine,Walrein,56,MOVE_BLIZZARD,Blizzard,Ice,Special,110,70,5,MOVE_EFFECT_BLIZZARD,0,True,Own type
Engine,Walrein,64,MOVE_HAIL,Hail,Ice,Status,0,0,10,MOVE_EFFECT_WEATHER_HAIL,0,True,Own type
Engine,Walrein,72,MOVE_SHEER_COLD,Sheer Cold,Ice,Special,1,30,5,MOVE_EFFECT_ONE_HIT_KO,0,True,Own type
Engine,Swinub,1,MOVE_TACKLE,Tackle,Normal,Physical,40,100,35,MOVE_EFFECT_HIT,0,True,Normal
Engine,Swinub,1,MOVE_MUD_SLAP,Mud-Slap,Ground,Special,20,100,10,MOVE_EFFECT_LOWER_ACCURACY_HIT,0,True,Own type
Engine,Swinub,5,MOVE_POWDER_SNOW,Powder Snow,Ice,Special,40,100,25,MOVE_EFFECT_FREEZE_HIT,0,True,Own type
Engine,Swinub,10,MOVE_FLAIL,Flail,Normal,Physical,1,100,15,MOVE_EFFECT_INCREASE_POWER_WITH_LESS_HP,0,True,Normal
Engine,Swinub,15,MOVE_ICE_SHARD,Ice Shard,Ice,Physical,40,100,30,MOVE_EFFECT_PRIORITY_1,1,True,Own type
Engine,Swinub,20,MOVE_MIST,Mist,Ice,Status,0,0,30,MOVE_EFFECT_PREVENT_STAT_REDUCTION,0,True,Own type
Engine,Swinub,25,MOVE_ENDURE,Endure,Normal,Status,0,0,10,MOVE_EFFECT_SURVIVE_WITH_1_HP,4,True,Normal
Engine,Swinub,30,MOVE_ICY_WIND,Icy Wind,Ice,Special,55,95,15,MOVE_EFFECT_LOWER_SPEED_HIT,0,True,Own type
Engine,Swinub,35,MOVE_AMNESIA,Amnesia,Psychic,Status,0,0,20,MOVE_EFFECT_SP_DEF_UP_2,0,True,Other type
Engine,Swinub,40,MOVE_TAKE_DOWN,Take Down,Normal,Physical,90,85,20,MOVE_EFFECT_RECOIL_QUARTER,0,True,Normal
Engine,Swinub,45,MOVE_EARTHQUAKE,Earthquake,Ground,Physical,100,100,10,MOVE_EFFECT_DOUBLE_DAMAGE_DIG,0,True,Own type
Engine,Swinub,50,MOVE_BLIZZARD,Blizzard,Ice,Special,110,70,5,MOVE_EFFECT_BLIZZARD,0,True,Own type
Engine,Piloswine,0,MOVE_ICE_FANG,Ice Fang,Ice,Physical,65,95,15,MOVE_EFFECT_FLINCH_FREEZE_HIT,0,True,Own type
Engine,Piloswine,1,MOVE_TACKLE,Tackle,Normal,Physical,40,100,35,MOVE_EFFECT_HIT,0,True,Normal
Engine,Piloswine,1,MOVE_FLAIL,Flail,Normal,Physical,1,100,15,MOVE_EFFECT_INCREASE_POWER_WITH_LESS_HP,0,True,Normal
Engine,Piloswine,1,MOVE_POWDER_SNOW,Powder Snow,Ice,Special,40,100,25,MOVE_EFFECT_FREEZE_HIT,0,True,Own type
Engine,Piloswine,1,MOVE_MUD_SLAP,Mud-Slap,Ground,Special,20,100,10,MOVE_EFFECT_LOWER_ACCURACY_HIT,0,True,Own type
Engine,Piloswine,1,MOVE_ANCIENT_POWER,Ancient Power,Rock,Special,60,100,5,MOVE_EFFECT_RAISE_ALL_STATS_HIT,0,True,Other type
Engine,Piloswine,15,MOVE_ICE_SHARD,Ice Shard,Ice,Physical,40,100,30,MOVE_EFFECT_PRIORITY_1,1,True,Own type
Engine,Piloswine,20,MOVE_MIST,Mist,Ice,Status,0,0,30,MOVE_EFFECT_PREVENT_STAT_REDUCTION,0,True,Own type
Engine,Piloswine,25,MOVE_ENDURE,Endure,Normal,Status,0,0,10,MOVE_EFFECT_SURVIVE_WITH_1_HP,4,True,Normal
Engine,Piloswine,30,MOVE_ICY_WIND,Icy Wind,Ice,Special,55,95,15,MOVE_EFFECT_LOWER_SPEED_HIT,0,True,Own type
Engine,Piloswine,37,MOVE_AMNESIA,Amnesia,Psychic,Status,0,0,20,MOVE_EFFECT_SP_DEF_UP_2,0,True,Other type
Engine,Piloswine,44,MOVE_TAKE_DOWN,Take Down,Normal,Physical,90,85,20,MOVE_EFFECT_RECOIL_QUARTER,0,True,Normal
Engine,Piloswine,51,MOVE_EARTHQUAKE,Earthquake,Ground,Physical,100,100,10,MOVE_EFFECT_DOUBLE_DAMAGE_DIG,0,True,Own type
Engine,Piloswine,58,MOVE_BLIZZARD,Blizzard,Ice,Special,110,70,5,MOVE_EFFECT_BLIZZARD,0,True,Own type
Engine,Piloswine,65,MOVE_THRASH,Thrash,Normal,Physical,120,100,10,MOVE_EFFECT_CONTINUE_AND_CONFUSE_SELF,0,True,Normal
Engine,Mamoswine,0,MOVE_DOUBLE_HIT,Double Hit,Normal,Physical,35,90,10,MOVE_EFFECT_HIT_TWICE,0,True,Normal
Engine,Mamoswine,1,MOVE_TACKLE,Tackle,Normal,Physical,40,100,35,MOVE_EFFECT_HIT,0,True,Normal
Engine,Mamoswine,1,MOVE_FLAIL,Flail,Normal,Physical,1,100,15,MOVE_EFFECT_INCREASE_POWER_WITH_LESS_HP,0,True,Normal
Engine,Mamoswine,1,MOVE_POWDER_SNOW,Powder Snow,Ice,Special,40,100,25,MOVE_EFFECT_FREEZE_HIT,0,True,Own type
Engine,Mamoswine,1,MOVE_MUD_SLAP,Mud-Slap,Ground,Special,20,100,10,MOVE_EFFECT_LOWER_ACCURACY_HIT,0,True,Own type
Engine,Mamoswine,1,MOVE_ANCIENT_POWER,Ancient Power,Rock,Special,60,100,5,MOVE_EFFECT_RAISE_ALL_STATS_HIT,0,True,Other type
Engine,Mamoswine,1,MOVE_ICE_FANG,Ice Fang,Ice,Physical,65,95,15,MOVE_EFFECT_FLINCH_FREEZE_HIT,0,True,Own type
Engine,Mamoswine,15,MOVE_ICE_SHARD,Ice Shard,Ice,Physical,40,100,30,MOVE_EFFECT_PRIORITY_1,1,True,Own type
Engine,Mamoswine,20,MOVE_MIST,Mist,Ice,Status,0,0,30,MOVE_EFFECT_PREVENT_STAT_REDUCTION,0,True,Own type
Engine,Mamoswine,25,MOVE_ENDURE,Endure,Normal,Status,0,0,10,MOVE_EFFECT_SURVIVE_WITH_1_HP,4,True,Normal
Engine,Mamoswine,30,MOVE_ICY_WIND,Icy Wind,Ice,Special,55,95,15,MOVE_EFFECT_LOWER_SPEED_HIT,0,True,Own type
Engine,Mamoswine,37,MOVE_AMNESIA,Amnesia,Psychic,Status,0,0,20,MOVE_EFFECT_SP_DEF_UP_2,0,True,Other type
Engine,Mamoswine,44,MOVE_TAKE_DOWN,Take Down,Normal,Physical,90,85,20,MOVE_EFFECT_RECOIL_QUARTER,0,True,Normal
Engine,Mamoswine,51,MOVE_EARTHQUAKE,Earthquake,Ground,Physical,100,100,10,MOVE_EFFECT_DOUBLE_DAMAGE_DIG,0,True,Own type
Engine,Mamoswine,58,MOVE_BLIZZARD,Blizzard,Ice,Special,110,70,5,MOVE_EFFECT_BLIZZARD,0,True,Own type
Engine,Mamoswine,65,MOVE_THRASH,Thrash,Normal,Physical,120,100,10,MOVE_EFFECT_CONTINUE_AND_CONFUSE_SELF,0,True,Normal
Engine,Snorunt,1,MOVE_HEADBUTT,Headbutt,Normal,Physical,70,100,15,MOVE_EFFECT_FLINCH_HIT,0,True,Normal
Engine,Snorunt,1,MOVE_POWDER_SNOW,Powder Snow,Ice,Special,40,100,25,MOVE_EFFECT_FREEZE_HIT,0,True,Own type
Engine,Snorunt,1,MOVE_ASTONISH,Astonish,Ghost,Physical,30,100,15,MOVE_EFFECT_FLINCH_HIT,0,True,Other type
Engine,Snorunt,5,MOVE_LEER,Leer,Normal,Status,0,100,30,MOVE_EFFECT_DEF_DOWN,0,True,Normal
Engine,Snorunt,10,MOVE_DOUBLE_TEAM,Double Team,Normal,Status,0,0,15,MOVE_EFFECT_EVA_UP,0,True,Normal
Engine,Snorunt,15,MOVE_ICE_SHARD,Ice Shard,Ice,Physical,40,100,30,MOVE_EFFECT_PRIORITY_1,1,True,Own type
Engine,Snorunt,20,MOVE_PROTECT,Protect,Normal,Status,0,0,10,MOVE_EFFECT_PROTECT,4,True,Normal
Engine,Snorunt,25,MOVE_ICY_WIND,Icy Wind,Ice,Special,55,95,15,MOVE_EFFECT_LOWER_SPEED_HIT,0,True,Own type
Engine,Snorunt,30,MOVE_FROST_BREATH,Frost Breath,Ice,Special,60,90,10,MOVE_EFFECT_ALWAYS_CRITICAL,0,True,Own type
Engine,Snorunt,35,MOVE_BITE,Bite,Dark,Physical,60,100,25,MOVE_EFFECT_FLINCH_HIT,0,True,Other type
Engine,Snorunt,40,MOVE_ICE_FANG,Ice Fang,Ice,Physical,65,95,15,MOVE_EFFECT_FLINCH_FREEZE_HIT,0,True,Own type
Engine,Snorunt,45,MOVE_SNOWSCAPE,Snowscape,Ice,Status,0,0,10,MOVE_EFFECT_WEATHER_SNOW,0,True,Own type
Engine,Snorunt,50,MOVE_WEATHER_BALL,Weather Ball,Normal,Special,50,100,10,MOVE_EFFECT_CHANGE_TYPE_WITH_WEATHER,0,True,Normal
Engine,Snorunt,55,MOVE_CRUNCH,Crunch,Dark,Physical,80,100,15,MOVE_EFFECT_LOWER_DEFENSE_HIT,0,True,Other type
Engine,Snorunt,60,MOVE_BLIZZARD,Blizzard,Ice,Special,110,70,5,MOVE_EFFECT_BLIZZARD,0,True,Own type
Engine,Glalie,0,MOVE_FREEZE_DRY,Freeze-Dry,Ice,Special,70,100,20,MOVE_EFFECT_FREEZE_HIT,0,True,Own type
Engine,Glalie,1,MOVE_HEADBUTT,Headbutt,Normal,Physical,70,100,15,MOVE_EFFECT_FLINCH_HIT,0,True,Normal
Engine,Glalie,1,MOVE_LEER,Leer,Normal,Status,0,100,30,MOVE_EFFECT_DEF_DOWN,0,True,Normal
Engine,Glalie,1,MOVE_DOUBLE_TEAM,Double Team,Normal,Status,0,0,15,MOVE_EFFECT_EVA_UP,0,True,Normal
Engine,Glalie,1,MOVE_POWDER_SNOW,Powder Snow,Ice,Special,40,100,25,MOVE_EFFECT_FREEZE_HIT,0,True,Own type
Engine,Glalie,1,MOVE_ASTONISH,Astonish,Ghost,Physical,30,100,15,MOVE_EFFECT_FLINCH_HIT,0,True,Other type
Engine,Glalie,1,MOVE_SHEER_COLD,Sheer Cold,Ice,Special,1,30,5,MOVE_EFFECT_ONE_HIT_KO,0,True,Own type
Engine,Glalie,15,MOVE_ICE_SHARD,Ice Shard,Ice,Physical,40,100,30,MOVE_EFFECT_PRIORITY_1,1,True,Own type
Engine,Glalie,20,MOVE_PROTECT,Protect,Normal,Status,0,0,10,MOVE_EFFECT_PROTECT,4,True,Normal
Engine,Glalie,25,MOVE_ICY_WIND,Icy Wind,Ice,Special,55,95,15,MOVE_EFFECT_LOWER_SPEED_HIT,0,True,Own type
Engine,Glalie,30,MOVE_FROST_BREATH,Frost Breath,Ice,Special,60,90,10,MOVE_EFFECT_ALWAYS_CRITICAL,0,True,Own type
Engine,Glalie,35,MOVE_BITE,Bite,Dark,Physical,60,100,25,MOVE_EFFECT_FLINCH_HIT,0,True,Other type
Engine,Glalie,40,MOVE_ICE_FANG,Ice Fang,Ice,Physical,65,95,15,MOVE_EFFECT_FLINCH_FREEZE_HIT,0,True,Own type
Engine,Glalie,47,MOVE_SNOWSCAPE,Snowscape,Ice,Status,0,0,10,MOVE_EFFECT_WEATHER_SNOW,0,True,Own type
Engine,Glalie,54,MOVE_WEATHER_BALL,Weather Ball,Normal,Special,50,100,10,MOVE_EFFECT_CHANGE_TYPE_WITH_WEATHER,0,True,Normal
Engine,Glalie,61,MOVE_CRUNCH,Crunch,Dark,Physical,80,100,15,MOVE_EFFECT_LOWER_DEFENSE_HIT,0,True,Other type
Engine,Glalie,68,MOVE_BLIZZARD,Blizzard,Ice,Special,110,70,5,MOVE_EFFECT_BLIZZARD,0,True,Own type
Engine,Froslass,0,MOVE_HEX,Hex,Ghost,Special,65,100,10,MOVE_EFFECT_DOUBLE_DAMAGE_ON_STATUS,0,True,Own type
Engine,Froslass,1,MOVE_CRUNCH,Crunch,Dark,Physical,80,100,15,MOVE_EFFECT_LOWER_DEFENSE_HIT,0,True,Other type
Engine,Froslass,1,MOVE_ICE_FANG,Ice Fang,Ice,Physical,65,95,15,MOVE_EFFECT_FLINCH_FREEZE_HIT,0,True,Own type
Engine,Froslass,1,MOVE_ASTONISH,Astonish,Ghost,Physical,30,100,15,MOVE_EFFECT_FLINCH_HIT,0,True,Own type
Engine,Froslass,1,MOVE_DESTINY_BOND,Destiny Bond,Ghost,Status,0,0,5,MOVE_EFFECT_KO_MON_THAT_DEFEATED_USER,0,True,Own type
Engine,Froslass,1,MOVE_PROTECT,Protect,Normal,Status,0,0,10,MOVE_EFFECT_PROTECT,4,True,Normal
Engine,Froslass,1,MOVE_HEADBUTT,Headbutt,Normal,Physical,70,100,15,MOVE_EFFECT_FLINCH_HIT,0,True,Normal
Engine,Froslass,1,MOVE_DOUBLE_TEAM,Double Team,Normal,Status,0,0,15,MOVE_EFFECT_EVA_UP,0,True,Normal
Engine,Froslass,1,MOVE_BITE,Bite,Dark,Physical,60,100,25,MOVE_EFFECT_FLINCH_HIT,0,True,Other type
Engine,Froslass,1,MOVE_LEER,Leer,Normal,Status,0,100,30,MOVE_EFFECT_DEF_DOWN,0,True,Normal
Engine,Froslass,1,MOVE_POWDER_SNOW,Powder Snow,Ice,Special,40,100,25,MOVE_EFFECT_FREEZE_HIT,0,True,Own type
Engine,Froslass,15,MOVE_ICE_SHARD,Ice Shard,Ice,Physical,40,100,30,MOVE_EFFECT_PRIORITY_1,1,True,Own type
Engine,Froslass,20,MOVE_DRAINING_KISS,Draining Kiss,Fairy,Special,50,100,10,MOVE_EFFECT_RECOVER_THREE_QUARTERS_DAMAGE_DEALT,0,True,Other type
Engine,Froslass,25,MOVE_ICY_WIND,Icy Wind,Ice,Special,55,95,15,MOVE_EFFECT_LOWER_SPEED_HIT,0,True,Own type
Engine,Froslass,30,MOVE_FROST_BREATH,Frost Breath,Ice,Special,60,90,10,MOVE_EFFECT_ALWAYS_CRITICAL,0,True,Own type
Engine,Froslass,35,MOVE_CONFUSE_RAY,Confuse Ray,Ghost,Status,0,100,10,MOVE_EFFECT_STATUS_CONFUSE,0,True,Own type
Engine,Froslass,40,MOVE_SNOWSCAPE,Snowscape,Ice,Status,0,0,10,MOVE_EFFECT_WEATHER_SNOW,0,True,Own type
Engine,Froslass,47,MOVE_WILL_O_WISP,Will-O-Wisp,Fire,Status,0,85,15,MOVE_EFFECT_STATUS_BURN,0,True,Other type
Engine,Froslass,54,MOVE_AURORA_VEIL,Aurora Veil,Ice,Status,0,0,20,MOVE_EFFECT_SET_AURORA_VEIL,0,True,Own type
Engine,Froslass,61,MOVE_SHADOW_BALL,Shadow Ball,Ghost,Special,80,100,15,MOVE_EFFECT_LOWER_SP_DEF_HIT,0,True,Own type
Engine,Froslass,68,MOVE_BLIZZARD,Blizzard,Ice,Special,110,70,5,MOVE_EFFECT_BLIZZARD,0,True,Own type
Engine,Sneasel,1,MOVE_SCRATCH,Scratch,Normal,Physical,40,100,35,MOVE_EFFECT_HIT,0,True,Normal
Engine,Sneasel,1,MOVE_LEER,Leer,Normal,Status,0,100,30,MOVE_EFFECT_DEF_DOWN,0,True,Normal
Engine,Sneasel,6,MOVE_TAUNT,Taunt,Dark,Status,0,100,20,MOVE_EFFECT_TAUNT,0,True,Own type
Engine,Sneasel,12,MOVE_QUICK_ATTACK,Quick Attack,Normal,Physical,40,100,30,MOVE_EFFECT_PRIORITY_1,1,True,Normal
Engine,Sneasel,18,MOVE_METAL_CLAW,Metal Claw,Steel,Physical,50,95,35,MOVE_EFFECT_RAISE_ATTACK_HIT,0,True,Other type
Engine,Sneasel,24,MOVE_ICY_WIND,Icy Wind,Ice,Special,55,95,15,MOVE_EFFECT_LOWER_SPEED_HIT,0,True,Own type
Engine,Sneasel,30,MOVE_FURY_SWIPES,Fury Swipes,Normal,Physical,18,80,15,MOVE_EFFECT_MULTI_HIT,0,True,Normal
Engine,Sneasel,36,MOVE_HONE_CLAWS,Hone Claws,Dark,Status,0,0,15,MOVE_EFFECT_ATK_ACC_UP,0,True,Own type
Engine,Sneasel,42,MOVE_BEAT_UP,Beat Up,Dark,Physical,1,100,10,MOVE_EFFECT_BEAT_UP,0,True,Own type
Engine,Sneasel,48,MOVE_AGILITY,Agility,Psychic,Status,0,0,30,MOVE_EFFECT_SPEED_UP_2,0,True,Other type
Engine,Sneasel,54,MOVE_SCREECH,Screech,Normal,Status,0,85,40,MOVE_EFFECT_DEF_DOWN_2,0,True,Normal
Engine,Sneasel,60,MOVE_SLASH,Slash,Normal,Physical,80,100,20,MOVE_EFFECT_HIGH_CRITICAL,0,True,Normal
Engine,Weavile,1,MOVE_SCRATCH,Scratch,Normal,Physical,40,100,35,MOVE_EFFECT_HIT,0,True,Normal
Engine,Weavile,1,MOVE_LEER,Leer,Normal,Status,0,100,30,MOVE_EFFECT_DEF_DOWN,0,True,Normal
Engine,Weavile,1,MOVE_AGILITY,Agility,Psychic,Status,0,0,30,MOVE_EFFECT_SPEED_UP_2,0,True,Other type
Engine,Weavile,1,MOVE_QUICK_ATTACK,Quick Attack,Normal,Physical,40,100,30,MOVE_EFFECT_PRIORITY_1,1,True,Normal
Engine,Weavile,1,MOVE_ASSURANCE,Assurance,Dark,Physical,60,100,10,MOVE_EFFECT_DOUBLE_POWER_IF_TARGET_HIT,0,True,Own type
Engine,Weavile,1,MOVE_TAUNT,Taunt,Dark,Status,0,100,20,MOVE_EFFECT_TAUNT,0,True,Own type
Engine,Weavile,1,MOVE_SLASH,Slash,Normal,Physical,80,100,20,MOVE_EFFECT_HIGH_CRITICAL,0,True,Normal
Engine,Weavile,1,MOVE_BEAT_UP,Beat Up,Dark,Physical,1,100,10,MOVE_EFFECT_BEAT_UP,0,True,Own type
Engine,Weavile,1,MOVE_ICE_SHARD,Ice Shard,Ice,Physical,40,100,30,MOVE_EFFECT_PRIORITY_1,1,True,Own type
Engine,Weavile,18,MOVE_METAL_CLAW,Metal Claw,Steel,Physical,50,95,35,MOVE_EFFECT_RAISE_ATTACK_HIT,0,True,Other type
Engine,Weavile,24,MOVE_ICY_WIND,Icy Wind,Ice,Special,55,95,15,MOVE_EFFECT_LOWER_SPEED_HIT,0,True,Own type
Engine,Weavile,30,MOVE_FURY_SWIPES,Fury Swipes,Normal,Physical,18,80,15,MOVE_EFFECT_MULTI_HIT,0,True,Normal
Engine,Weavile,36,MOVE_HONE_CLAWS,Hone Claws,Dark,Status,0,0,15,MOVE_EFFECT_ATK_ACC_UP,0,True,Own type
Engine,Weavile,42,MOVE_FLING,Fling,Dark,Physical,1,100,10,MOVE_EFFECT_FLING,0,True,Own type
Engine,Weavile,48,MOVE_NASTY_PLOT,Nasty Plot,Dark,Status,0,0,20,MOVE_EFFECT_SP_ATK_UP_2,0,True,Own type
Engine,Weavile,54,MOVE_SCREECH,Screech,Normal,Status,0,85,40,MOVE_EFFECT_DEF_DOWN_2,0,True,Normal
Engine,Weavile,60,MOVE_NIGHT_SLASH,Night Slash,Dark,Physical,70,100,15,MOVE_EFFECT_HIGH_CRITICAL,0,True,Own type
Engine,Weavile,66,MOVE_DARK_PULSE,Dark Pulse,Dark,Special,80,100,15,MOVE_EFFECT_FLINCH_HIT,0,True,Own type
Engine,Houndour,1,MOVE_LEER,Leer,Normal,Status,0,100,30,MOVE_EFFECT_DEF_DOWN,0,True,Normal
Engine,Houndour,1,MOVE_EMBER,Ember,Fire,Special,40,100,25,MOVE_EFFECT_BURN_HIT,0,True,Own type
Engine,Houndour,4,MOVE_HOWL,Howl,Normal,Status,0,0,40,MOVE_EFFECT_HOWL,0,True,Normal
Engine,Houndour,8,MOVE_SMOG,Smog,Poison,Special,30,70,20,MOVE_EFFECT_POISON_HIT,0,True,Other type
Engine,Houndour,13,MOVE_ROAR,Roar,Normal,Status,0,0,20,MOVE_EFFECT_FORCE_SWITCH,-6,True,Normal
Engine,Houndour,16,MOVE_BITE,Bite,Dark,Physical,60,100,25,MOVE_EFFECT_FLINCH_HIT,0,True,Own type
Engine,Houndour,20,MOVE_INCINERATE,Incinerate,Fire,Special,60,100,15,MOVE_EFFECT_INCINERATE,0,True,Own type
Engine,Houndour,25,MOVE_BEAT_UP,Beat Up,Dark,Physical,1,100,10,MOVE_EFFECT_BEAT_UP,0,True,Own type
Engine,Houndour,28,MOVE_FIRE_FANG,Fire Fang,Fire,Physical,65,95,15,MOVE_EFFECT_FLINCH_BURN_HIT,0,True,Own type
Engine,Houndour,32,MOVE_TORMENT,Torment,Dark,Status,0,100,15,MOVE_EFFECT_TORMENT,0,True,Own type
Engine,Houndour,37,MOVE_COMEUPPANCE,Comeuppance,Dark,Physical,1,100,10,MOVE_EFFECT_METAL_BURST,0,True,Own type
Engine,Houndour,40,MOVE_FOUL_PLAY,Foul Play,Dark,Physical,95,100,15,MOVE_EFFECT_HIT,0,True,Own type
Engine,Houndour,44,MOVE_FLAMETHROWER,Flamethrower,Fire,Special,90,100,15,MOVE_EFFECT_BURN_HIT,0,True,Own type
Engine,Houndour,49,MOVE_CRUNCH,Crunch,Dark,Physical,80,100,15,MOVE_EFFECT_LOWER_DEFENSE_HIT,0,True,Own type
Engine,Houndour,52,MOVE_NASTY_PLOT,Nasty Plot,Dark,Status,0,0,20,MOVE_EFFECT_SP_ATK_UP_2,0,True,Own type
Engine,Houndour,56,MOVE_INFERNO,Inferno,Fire,Special,100,50,5,MOVE_EFFECT_BURN_HIT,0,True,Own type
Engine,Houndoom,1,MOVE_LEER,Leer,Normal,Status,0,100,30,MOVE_EFFECT_DEF_DOWN,0,True,Normal
Engine,Houndoom,1,MOVE_EMBER,Ember,Fire,Special,40,100,25,MOVE_EFFECT_BURN_HIT,0,True,Own type
Engine,Houndoom,1,MOVE_SMOG,Smog,Poison,Special,30,70,20,MOVE_EFFECT_POISON_HIT,0,True,Other type
Engine,Houndoom,1,MOVE_THUNDER_FANG,Thunder Fang,Electric,Physical,65,95,15,MOVE_EFFECT_FLINCH_PARALYZE_HIT,0,True,Other type
Engine,Houndoom,1,MOVE_HOWL,Howl,Normal,Status,0,0,40,MOVE_EFFECT_HOWL,0,True,Normal
Engine,Houndoom,1,MOVE_NASTY_PLOT,Nasty Plot,Dark,Status,0,0,20,MOVE_EFFECT_SP_ATK_UP_2,0,True,Own type
Engine,Houndoom,13,MOVE_ROAR,Roar,Normal,Status,0,0,20,MOVE_EFFECT_FORCE_SWITCH,-6,True,Normal
Engine,Houndoom,16,MOVE_BITE,Bite,Dark,Physical,60,100,25,MOVE_EFFECT_FLINCH_HIT,0,True,Own type
Engine,Houndoom,20,MOVE_INCINERATE,Incinerate,Fire,Special,60,100,15,MOVE_EFFECT_INCINERATE,0,True,Own type
Engine,Houndoom,26,MOVE_BEAT_UP,Beat Up,Dark,Physical,1,100,10,MOVE_EFFECT_BEAT_UP,0,True,Own type
Engine,Houndoom,30,MOVE_FIRE_FANG,Fire Fang,Fire,Physical,65,95,15,MOVE_EFFECT_FLINCH_BURN_HIT,0,True,Own type
Engine,Houndoom,35,MOVE_TORMENT,Torment,Dark,Status,0,100,15,MOVE_EFFECT_TORMENT,0,True,Own type
Engine,Houndoom,41,MOVE_COMEUPPANCE,Comeuppance,Dark,Physical,1,100,10,MOVE_EFFECT_METAL_BURST,0,True,Own type
Engine,Houndoom,45,MOVE_FOUL_PLAY,Foul Play,Dark,Physical,95,100,15,MOVE_EFFECT_HIT,0,True,Own type
Engine,Houndoom,50,MOVE_FLAMETHROWER,Flamethrower,Fire,Special,90,100,15,MOVE_EFFECT_BURN_HIT,0,True,Own type
Engine,Houndoom,56,MOVE_CRUNCH,Crunch,Dark,Physical,80,100,15,MOVE_EFFECT_LOWER_DEFENSE_HIT,0,True,Own type
Engine,Houndoom,62,MOVE_INFERNO,Inferno,Fire,Special,100,50,5,MOVE_EFFECT_BURN_HIT,0,True,Own type
Engine,Magby,1,MOVE_LEER,Leer,Normal,Status,0,100,30,MOVE_EFFECT_DEF_DOWN,0,True,Normal
Engine,Magby,1,MOVE_SMOG,Smog,Poison,Special,30,70,20,MOVE_EFFECT_POISON_HIT,0,True,Other type
Engine,Magby,4,MOVE_EMBER,Ember,Fire,Special,40,100,25,MOVE_EFFECT_BURN_HIT,0,True,Own type
Engine,Magby,8,MOVE_SMOKESCREEN,Smokescreen,Normal,Status,0,100,20,MOVE_EFFECT_ACC_DOWN,0,True,Normal
Engine,Magby,12,MOVE_CLEAR_SMOG,Clear Smog,Poison,Special,50,0,15,MOVE_EFFECT_CLEAR_SMOG,0,True,Other type
Engine,Magby,16,MOVE_FLAME_WHEEL,Flame Wheel,Fire,Physical,60,100,25,MOVE_EFFECT_THAW_AND_BURN_HIT,0,True,Own type
Engine,Magby,20,MOVE_CONFUSE_RAY,Confuse Ray,Ghost,Status,0,100,10,MOVE_EFFECT_STATUS_CONFUSE,0,True,Other type
Engine,Magby,24,MOVE_SCARY_FACE,Scary Face,Normal,Status,0,100,10,MOVE_EFFECT_SPEED_DOWN_2,0,True,Normal
Engine,Magby,28,MOVE_FIRE_PUNCH,Fire Punch,Fire,Physical,75,100,15,MOVE_EFFECT_BURN_HIT,0,True,Own type
Engine,Magby,32,MOVE_LAVA_PLUME,Lava Plume,Fire,Special,80,100,15,MOVE_EFFECT_BURN_HIT,0,True,Own type
Engine,Magby,36,MOVE_LOW_KICK,Low Kick,Fighting,Physical,1,100,20,MOVE_EFFECT_INCREASE_POWER_WITH_WEIGHT,0,True,Other type
Engine,Magby,40,MOVE_FLAMETHROWER,Flamethrower,Fire,Special,90,100,15,MOVE_EFFECT_BURN_HIT,0,True,Own type
Engine,Magby,44,MOVE_SUNNY_DAY,Sunny Day,Fire,Status,0,0,5,MOVE_EFFECT_WEATHER_SUN,0,True,Own type
Engine,Magby,48,MOVE_FIRE_BLAST,Fire Blast,Fire,Special,110,85,5,MOVE_EFFECT_BURN_HIT,0,True,Own type
Engine,Magmar,1,MOVE_LEER,Leer,Normal,Status,0,100,30,MOVE_EFFECT_DEF_DOWN,0,True,Normal
Engine,Magmar,1,MOVE_EMBER,Ember,Fire,Special,40,100,25,MOVE_EFFECT_BURN_HIT,0,True,Own type
Engine,Magmar,1,MOVE_SMOKESCREEN,Smokescreen,Normal,Status,0,100,20,MOVE_EFFECT_ACC_DOWN,0,True,Normal
Engine,Magmar,1,MOVE_SMOG,Smog,Poison,Special,30,70,20,MOVE_EFFECT_POISON_HIT,0,True,Other type
Engine,Magmar,12,MOVE_CLEAR_SMOG,Clear Smog,Poison,Special,50,0,15,MOVE_EFFECT_CLEAR_SMOG,0,True,Other type
Engine,Magmar,16,MOVE_FLAME_WHEEL,Flame Wheel,Fire,Physical,60,100,25,MOVE_EFFECT_THAW_AND_BURN_HIT,0,True,Own type
Engine,Magmar,20,MOVE_CONFUSE_RAY,Confuse Ray,Ghost,Status,0,100,10,MOVE_EFFECT_STATUS_CONFUSE,0,True,Other type
Engine,Magmar,24,MOVE_SCARY_FACE,Scary Face,Normal,Status,0,100,10,MOVE_EFFECT_SPEED_DOWN_2,0,True,Normal
Engine,Magmar,28,MOVE_FIRE_PUNCH,Fire Punch,Fire,Physical,75,100,15,MOVE_EFFECT_BURN_HIT,0,True,Own type
Engine,Magmar,34,MOVE_LAVA_PLUME,Lava Plume,Fire,Special,80,100,15,MOVE_EFFECT_BURN_HIT,0,True,Own type
Engine,Magmar,40,MOVE_LOW_KICK,Low Kick,Fighting,Physical,1,100,20,MOVE_EFFECT_INCREASE_POWER_WITH_WEIGHT,0,True,Other type
Engine,Magmar,46,MOVE_FLAMETHROWER,Flamethrower,Fire,Special,90,100,15,MOVE_EFFECT_BURN_HIT,0,True,Own type
Engine,Magmar,52,MOVE_SUNNY_DAY,Sunny Day,Fire,Status,0,0,5,MOVE_EFFECT_WEATHER_SUN,0,True,Own type
Engine,Magmar,58,MOVE_FIRE_BLAST,Fire Blast,Fire,Special,110,85,5,MOVE_EFFECT_BURN_HIT,0,True,Own type
Engine,Magmar,64,MOVE_HYPER_BEAM,Hyper Beam,Normal,Special,150,90,5,MOVE_EFFECT_RECHARGE_AFTER,0,True,Normal
Engine,Magmortar,1,MOVE_LEER,Leer,Normal,Status,0,100,30,MOVE_EFFECT_DEF_DOWN,0,True,Normal
Engine,Magmortar,1,MOVE_EMBER,Ember,Fire,Special,40,100,25,MOVE_EFFECT_BURN_HIT,0,True,Own type
Engine,Magmortar,1,MOVE_SMOKESCREEN,Smokescreen,Normal,Status,0,100,20,MOVE_EFFECT_ACC_DOWN,0,True,Normal
Engine,Magmortar,1,MOVE_SMOG,Smog,Poison,Special,30,70,20,MOVE_EFFECT_POISON_HIT,0,True,Other type
Engine,Magmortar,12,MOVE_CLEAR_SMOG,Clear Smog,Poison,Special,50,0,15,MOVE_EFFECT_CLEAR_SMOG,0,True,Other type
Engine,Magmortar,16,MOVE_FLAME_WHEEL,Flame Wheel,Fire,Physical,60,100,25,MOVE_EFFECT_THAW_AND_BURN_HIT,0,True,Own type
Engine,Magmortar,20,MOVE_CONFUSE_RAY,Confuse Ray,Ghost,Status,0,100,10,MOVE_EFFECT_STATUS_CONFUSE,0,True,Other type
Engine,Magmortar,24,MOVE_SCARY_FACE,Scary Face,Normal,Status,0,100,10,MOVE_EFFECT_SPEED_DOWN_2,0,True,Normal
Engine,Magmortar,28,MOVE_FIRE_PUNCH,Fire Punch,Fire,Physical,75,100,15,MOVE_EFFECT_BURN_HIT,0,True,Own type
Engine,Magmortar,34,MOVE_LAVA_PLUME,Lava Plume,Fire,Special,80,100,15,MOVE_EFFECT_BURN_HIT,0,True,Own type
Engine,Magmortar,40,MOVE_LOW_KICK,Low Kick,Fighting,Physical,1,100,20,MOVE_EFFECT_INCREASE_POWER_WITH_WEIGHT,0,True,Other type
Engine,Magmortar,46,MOVE_FLAMETHROWER,Flamethrower,Fire,Special,90,100,15,MOVE_EFFECT_BURN_HIT,0,True,Own type
Engine,Magmortar,52,MOVE_SUNNY_DAY,Sunny Day,Fire,Status,0,0,5,MOVE_EFFECT_WEATHER_SUN,0,True,Own type
Engine,Magmortar,58,MOVE_FIRE_BLAST,Fire Blast,Fire,Special,110,85,5,MOVE_EFFECT_BURN_HIT,0,True,Own type
Engine,Magmortar,64,MOVE_HYPER_BEAM,Hyper Beam,Normal,Special,150,90,5,MOVE_EFFECT_RECHARGE_AFTER,0,True,Normal
Engine,Trapinch,1,MOVE_SAND_ATTACK,Sand Attack,Ground,Status,0,100,15,MOVE_EFFECT_ACC_DOWN,0,True,Own type
Engine,Trapinch,1,MOVE_ASTONISH,Astonish,Ghost,Physical,30,100,15,MOVE_EFFECT_FLINCH_HIT,0,True,Other type
Engine,Trapinch,8,MOVE_BITE,Bite,Dark,Physical,60,100,25,MOVE_EFFECT_FLINCH_HIT,0,True,Other type
Engine,Trapinch,12,MOVE_MUD_SLAP,Mud-Slap,Ground,Special,20,100,10,MOVE_EFFECT_LOWER_ACCURACY_HIT,0,True,Own type
Engine,Trapinch,16,MOVE_SAND_TOMB,Sand Tomb,Ground,Physical,35,85,15,MOVE_EFFECT_BIND_HIT,0,True,Own type
Engine,Trapinch,20,MOVE_BULLDOZE,Bulldoze,Ground,Physical,60,100,20,MOVE_EFFECT_LOWER_SPEED_HIT,0,True,Own type
Engine,Trapinch,24,MOVE_DIG,Dig,Ground,Physical,80,100,10,MOVE_EFFECT_DIG,0,True,Own type
Engine,Trapinch,28,MOVE_CRUNCH,Crunch,Dark,Physical,80,100,15,MOVE_EFFECT_LOWER_DEFENSE_HIT,0,True,Other type
Engine,Trapinch,32,MOVE_SANDSTORM,Sandstorm,Rock,Status,0,0,10,MOVE_EFFECT_WEATHER_SANDSTORM,0,True,Other type
Engine,Trapinch,36,MOVE_EARTH_POWER,Earth Power,Ground,Special,90,100,10,MOVE_EFFECT_LOWER_SP_DEF_HIT,0,True,Own type
Engine,Trapinch,40,MOVE_EARTHQUAKE,Earthquake,Ground,Physical,100,100,10,MOVE_EFFECT_DOUBLE_DAMAGE_DIG,0,True,Own type
Engine,Trapinch,44,MOVE_SUPERPOWER,Superpower,Fighting,Physical,120,100,5,MOVE_EFFECT_USER_ATK_DEF_DOWN_HIT,0,True,Other type
Engine,Trapinch,48,MOVE_FISSURE,Fissure,Ground,Physical,1,30,5,MOVE_EFFECT_ONE_HIT_KO,0,True,Own type
Engine,Vibrava,0,MOVE_DRAGON_BREATH,Dragon Breath,Dragon,Special,60,100,20,MOVE_EFFECT_PARALYZE_HIT,0,True,Own type
Engine,Vibrava,1,MOVE_SAND_ATTACK,Sand Attack,Ground,Status,0,100,15,MOVE_EFFECT_ACC_DOWN,0,True,Own type
Engine,Vibrava,1,MOVE_BITE,Bite,Dark,Physical,60,100,25,MOVE_EFFECT_FLINCH_HIT,0,True,Other type
Engine,Vibrava,1,MOVE_DIG,Dig,Ground,Physical,80,100,10,MOVE_EFFECT_DIG,0,True,Own type
Engine,Vibrava,12,MOVE_MUD_SLAP,Mud-Slap,Ground,Special,20,100,10,MOVE_EFFECT_LOWER_ACCURACY_HIT,0,True,Own type
Engine,Vibrava,16,MOVE_SAND_TOMB,Sand Tomb,Ground,Physical,35,85,15,MOVE_EFFECT_BIND_HIT,0,True,Own type
Engine,Vibrava,20,MOVE_DRAGON_TAIL,Dragon Tail,Dragon,Physical,60,90,10,MOVE_EFFECT_FORCE_SWITCH_HIT,-6,True,Own type
Engine,Vibrava,24,MOVE_SCREECH,Screech,Normal,Status,0,85,40,MOVE_EFFECT_DEF_DOWN_2,0,True,Normal
Engine,Vibrava,28,MOVE_BUG_BUZZ,Bug Buzz,Bug,Special,90,100,10,MOVE_EFFECT_LOWER_SP_DEF_HIT,0,True,Other type
Engine,Vibrava,32,MOVE_SANDSTORM,Sandstorm,Rock,Status,0,0,10,MOVE_EFFECT_WEATHER_SANDSTORM,0,True,Other type
Engine,Vibrava,38,MOVE_EARTH_POWER,Earth Power,Ground,Special,90,100,10,MOVE_EFFECT_LOWER_SP_DEF_HIT,0,True,Own type
Engine,Vibrava,44,MOVE_EARTHQUAKE,Earthquake,Ground,Physical,100,100,10,MOVE_EFFECT_DOUBLE_DAMAGE_DIG,0,True,Own type
Engine,Vibrava,50,MOVE_UPROAR,Uproar,Normal,Special,90,100,10,MOVE_EFFECT_UPROAR,0,True,Normal
Engine,Vibrava,56,MOVE_DRAGON_RUSH,Dragon Rush,Dragon,Physical,100,75,10,MOVE_EFFECT_FLINCH_HIT,0,True,Own type
Engine,Vibrava,62,MOVE_BOOMBURST,Boomburst,Normal,Special,140,100,10,MOVE_EFFECT_HIT,0,True,Normal
Engine,Flygon,0,MOVE_DRAGON_CLAW,Dragon Claw,Dragon,Physical,80,100,15,MOVE_EFFECT_HIT,0,True,Own type
Engine,Flygon,1,MOVE_SAND_ATTACK,Sand Attack,Ground,Status,0,100,15,MOVE_EFFECT_ACC_DOWN,0,True,Own type
Engine,Flygon,1,MOVE_SUPERSONIC,Supersonic,Normal,Status,0,55,20,MOVE_EFFECT_STATUS_CONFUSE,0,True,Normal
Engine,Flygon,1,MOVE_DRAGON_BREATH,Dragon Breath,Dragon,Special,60,100,20,MOVE_EFFECT_PARALYZE_HIT,0,True,Own type
Engine,Flygon,1,MOVE_BULLDOZE,Bulldoze,Ground,Physical,60,100,20,MOVE_EFFECT_LOWER_SPEED_HIT,0,True,Own type
Engine,Flygon,12,MOVE_MUD_SLAP,Mud-Slap,Ground,Special,20,100,10,MOVE_EFFECT_LOWER_ACCURACY_HIT,0,True,Own type
Engine,Flygon,16,MOVE_SAND_TOMB,Sand Tomb,Ground,Physical,35,85,15,MOVE_EFFECT_BIND_HIT,0,True,Own type
Engine,Flygon,20,MOVE_DRAGON_TAIL,Dragon Tail,Dragon,Physical,60,90,10,MOVE_EFFECT_FORCE_SWITCH_HIT,-6,True,Own type
Engine,Flygon,24,MOVE_SCREECH,Screech,Normal,Status,0,85,40,MOVE_EFFECT_DEF_DOWN_2,0,True,Normal
Engine,Flygon,28,MOVE_BUG_BUZZ,Bug Buzz,Bug,Special,90,100,10,MOVE_EFFECT_LOWER_SP_DEF_HIT,0,True,Other type
Engine,Flygon,32,MOVE_SANDSTORM,Sandstorm,Rock,Status,0,0,10,MOVE_EFFECT_WEATHER_SANDSTORM,0,True,Other type
Engine,Flygon,38,MOVE_EARTH_POWER,Earth Power,Ground,Special,90,100,10,MOVE_EFFECT_LOWER_SP_DEF_HIT,0,True,Own type
Engine,Flygon,44,MOVE_EARTHQUAKE,Earthquake,Ground,Physical,100,100,10,MOVE_EFFECT_DOUBLE_DAMAGE_DIG,0,True,Own type
Engine,Flygon,52,MOVE_UPROAR,Uproar,Normal,Special,90,100,10,MOVE_EFFECT_UPROAR,0,True,Normal
Engine,Flygon,60,MOVE_DRAGON_RUSH,Dragon Rush,Dragon,Physical,100,75,10,MOVE_EFFECT_FLINCH_HIT,0,True,Own type
Engine,Flygon,68,MOVE_BOOMBURST,Boomburst,Normal,Special,140,100,10,MOVE_EFFECT_HIT,0,True,Normal
Engine,Gible,1,MOVE_TACKLE,Tackle,Normal,Physical,40,100,35,MOVE_EFFECT_HIT,0,True,Normal
Engine,Gible,1,MOVE_SAND_TOMB,Sand Tomb,Ground,Physical,35,85,15,MOVE_EFFECT_BIND_HIT,0,True,Own type
Engine,Gible,6,MOVE_SAND_ATTACK,Sand Attack,Ground,Status,0,100,15,MOVE_EFFECT_ACC_DOWN,0,True,Own type
Engine,Gible,12,MOVE_DRAGON_BREATH,Dragon Breath,Dragon,Special,60,100,20,MOVE_EFFECT_PARALYZE_HIT,0,True,Own type
Engine,Gible,18,MOVE_BULLDOZE,Bulldoze,Ground,Physical,60,100,20,MOVE_EFFECT_LOWER_SPEED_HIT,0,True,Own type
Engine,Gible,25,MOVE_BITE,Bite,Dark,Physical,60,100,25,MOVE_EFFECT_FLINCH_HIT,0,True,Other type
Engine,Gible,30,MOVE_SLASH,Slash,Normal,Physical,80,100,20,MOVE_EFFECT_HIGH_CRITICAL,0,True,Normal
Engine,Gible,36,MOVE_DRAGON_CLAW,Dragon Claw,Dragon,Physical,80,100,15,MOVE_EFFECT_HIT,0,True,Own type
Engine,Gible,42,MOVE_DIG,Dig,Ground,Physical,80,100,10,MOVE_EFFECT_DIG,0,True,Own type
Engine,Gible,48,MOVE_SANDSTORM,Sandstorm,Rock,Status,0,0,10,MOVE_EFFECT_WEATHER_SANDSTORM,0,True,Other type
Engine,Gible,54,MOVE_TAKE_DOWN,Take Down,Normal,Physical,90,85,20,MOVE_EFFECT_RECOIL_QUARTER,0,True,Normal
Engine,Gible,60,MOVE_DRAGON_RUSH,Dragon Rush,Dragon,Physical,100,75,10,MOVE_EFFECT_FLINCH_HIT,0,True,Own type
Engine,Gabite,1,MOVE_SAND_ATTACK,Sand Attack,Ground,Status,0,100,15,MOVE_EFFECT_ACC_DOWN,0,True,Own type
Engine,Gabite,1,MOVE_TACKLE,Tackle,Normal,Physical,40,100,35,MOVE_EFFECT_HIT,0,True,Normal
Engine,Gabite,1,MOVE_DRAGON_BREATH,Dragon Breath,Dragon,Special,60,100,20,MOVE_EFFECT_PARALYZE_HIT,0,True,Own type
Engine,Gabite,1,MOVE_SAND_TOMB,Sand Tomb,Ground,Physical,35,85,15,MOVE_EFFECT_BIND_HIT,0,True,Own type
Engine,Gabite,18,MOVE_BULLDOZE,Bulldoze,Ground,Physical,60,100,20,MOVE_EFFECT_LOWER_SPEED_HIT,0,True,Own type
Engine,Gabite,27,MOVE_BITE,Bite,Dark,Physical,60,100,25,MOVE_EFFECT_FLINCH_HIT,0,True,Other type
Engine,Gabite,34,MOVE_SLASH,Slash,Normal,Physical,80,100,20,MOVE_EFFECT_HIGH_CRITICAL,0,True,Normal
Engine,Gabite,42,MOVE_DRAGON_CLAW,Dragon Claw,Dragon,Physical,80,100,15,MOVE_EFFECT_HIT,0,True,Own type
Engine,Gabite,50,MOVE_DIG,Dig,Ground,Physical,80,100,10,MOVE_EFFECT_DIG,0,True,Own type
Engine,Gabite,58,MOVE_SANDSTORM,Sandstorm,Rock,Status,0,0,10,MOVE_EFFECT_WEATHER_SANDSTORM,0,True,Other type
Engine,Gabite,66,MOVE_TAKE_DOWN,Take Down,Normal,Physical,90,85,20,MOVE_EFFECT_RECOIL_QUARTER,0,True,Normal
Engine,Gabite,74,MOVE_DRAGON_RUSH,Dragon Rush,Dragon,Physical,100,75,10,MOVE_EFFECT_FLINCH_HIT,0,True,Own type
Engine,Garchomp,0,MOVE_CRUNCH,Crunch,Dark,Physical,80,100,15,MOVE_EFFECT_LOWER_DEFENSE_HIT,0,True,Other type
Engine,Garchomp,1,MOVE_SAND_ATTACK,Sand Attack,Ground,Status,0,100,15,MOVE_EFFECT_ACC_DOWN,0,True,Own type
Engine,Garchomp,1,MOVE_TACKLE,Tackle,Normal,Physical,40,100,35,MOVE_EFFECT_HIT,0,True,Normal
Engine,Garchomp,1,MOVE_DRAGON_BREATH,Dragon Breath,Dragon,Special,60,100,20,MOVE_EFFECT_PARALYZE_HIT,0,True,Own type
Engine,Garchomp,1,MOVE_SAND_TOMB,Sand Tomb,Ground,Physical,35,85,15,MOVE_EFFECT_BIND_HIT,0,True,Own type
Engine,Garchomp,18,MOVE_BULLDOZE,Bulldoze,Ground,Physical,60,100,20,MOVE_EFFECT_LOWER_SPEED_HIT,0,True,Own type
Engine,Garchomp,27,MOVE_BITE,Bite,Dark,Physical,60,100,25,MOVE_EFFECT_FLINCH_HIT,0,True,Other type
Engine,Garchomp,34,MOVE_SLASH,Slash,Normal,Physical,80,100,20,MOVE_EFFECT_HIGH_CRITICAL,0,True,Normal
Engine,Garchomp,42,MOVE_DRAGON_CLAW,Dragon Claw,Dragon,Physical,80,100,15,MOVE_EFFECT_HIT,0,True,Own type
Engine,Garchomp,52,MOVE_DIG,Dig,Ground,Physical,80,100,10,MOVE_EFFECT_DIG,0,True,Own type
Engine,Garchomp,62,MOVE_SANDSTORM,Sandstorm,Rock,Status,0,0,10,MOVE_EFFECT_WEATHER_SANDSTORM,0,True,Other type
Engine,Garchomp,72,MOVE_TAKE_DOWN,Take Down,Normal,Physical,90,85,20,MOVE_EFFECT_RECOIL_QUARTER,0,True,Normal
Engine,Garchomp,82,MOVE_DRAGON_RUSH,Dragon Rush,Dragon,Physical,100,75,10,MOVE_EFFECT_FLINCH_HIT,0,True,Own type
Engine,Starly,1,MOVE_TACKLE,Tackle,Normal,Physical,40,100,35,MOVE_EFFECT_HIT,0,True,Own type
Engine,Starly,1,MOVE_GROWL,Growl,Normal,Status,0,100,40,MOVE_EFFECT_ATK_DOWN,0,True,Own type
Engine,Starly,5,MOVE_QUICK_ATTACK,Quick Attack,Normal,Physical,40,100,30,MOVE_EFFECT_PRIORITY_1,1,True,Own type
Engine,Starly,9,MOVE_WING_ATTACK,Wing Attack,Flying,Physical,60,100,35,MOVE_EFFECT_HIT,0,True,Own type
Engine,Starly,13,MOVE_DOUBLE_TEAM,Double Team,Normal,Status,0,0,15,MOVE_EFFECT_EVA_UP,0,True,Own type
Engine,Starly,17,MOVE_ENDEAVOR,Endeavor,Normal,Physical,1,100,5,MOVE_EFFECT_SET_HP_EQUAL_TO_USER,0,True,Own type
Engine,Starly,21,MOVE_WHIRLWIND,Whirlwind,Normal,Status,0,0,20,MOVE_EFFECT_FORCE_SWITCH,-6,True,Own type
Engine,Starly,25,MOVE_AERIAL_ACE,Aerial Ace,Flying,Physical,60,0,20,MOVE_EFFECT_BYPASS_ACCURACY,0,True,Own type
Engine,Starly,29,MOVE_TAKE_DOWN,Take Down,Normal,Physical,90,85,20,MOVE_EFFECT_RECOIL_QUARTER,0,True,Own type
Engine,Starly,33,MOVE_AGILITY,Agility,Psychic,Status,0,0,30,MOVE_EFFECT_SPEED_UP_2,0,True,Other type
Engine,Starly,37,MOVE_BRAVE_BIRD,Brave Bird,Flying,Physical,120,100,15,MOVE_EFFECT_RECOIL_THIRD,0,True,Own type
Engine,Starly,41,MOVE_FINAL_GAMBIT,Final Gambit,Fighting,Special,1,100,5,MOVE_EFFECT_FINAL_GAMBIT,0,True,Other type
Engine,Staravia,1,MOVE_TACKLE,Tackle,Normal,Physical,40,100,35,MOVE_EFFECT_HIT,0,True,Own type
Engine,Staravia,1,MOVE_GROWL,Growl,Normal,Status,0,100,40,MOVE_EFFECT_ATK_DOWN,0,True,Own type
Engine,Staravia,1,MOVE_QUICK_ATTACK,Quick Attack,Normal,Physical,40,100,30,MOVE_EFFECT_PRIORITY_1,1,True,Own type
Engine,Staravia,9,MOVE_WING_ATTACK,Wing Attack,Flying,Physical,60,100,35,MOVE_EFFECT_HIT,0,True,Own type
Engine,Staravia,13,MOVE_DOUBLE_TEAM,Double Team,Normal,Status,0,0,15,MOVE_EFFECT_EVA_UP,0,True,Own type
Engine,Staravia,18,MOVE_ENDEAVOR,Endeavor,Normal,Physical,1,100,5,MOVE_EFFECT_SET_HP_EQUAL_TO_USER,0,True,Own type
Engine,Staravia,23,MOVE_WHIRLWIND,Whirlwind,Normal,Status,0,0,20,MOVE_EFFECT_FORCE_SWITCH,-6,True,Own type
Engine,Staravia,28,MOVE_AERIAL_ACE,Aerial Ace,Flying,Physical,60,0,20,MOVE_EFFECT_BYPASS_ACCURACY,0,True,Own type
Engine,Staravia,33,MOVE_TAKE_DOWN,Take Down,Normal,Physical,90,85,20,MOVE_EFFECT_RECOIL_QUARTER,0,True,Own type
Engine,Staravia,38,MOVE_AGILITY,Agility,Psychic,Status,0,0,30,MOVE_EFFECT_SPEED_UP_2,0,True,Other type
Engine,Staravia,43,MOVE_BRAVE_BIRD,Brave Bird,Flying,Physical,120,100,15,MOVE_EFFECT_RECOIL_THIRD,0,True,Own type
Engine,Staravia,48,MOVE_FINAL_GAMBIT,Final Gambit,Fighting,Special,1,100,5,MOVE_EFFECT_FINAL_GAMBIT,0,True,Other type
Engine,Staraptor,0,MOVE_CLOSE_COMBAT,Close Combat,Fighting,Physical,120,100,5,MOVE_EFFECT_USER_DEF_SP_DEF_DOWN_HIT,0,True,Other type
Engine,Staraptor,1,MOVE_WING_ATTACK,Wing Attack,Flying,Physical,60,100,35,MOVE_EFFECT_HIT,0,True,Own type
Engine,Staraptor,1,MOVE_TACKLE,Tackle,Normal,Physical,40,100,35,MOVE_EFFECT_HIT,0,True,Own type
Engine,Staraptor,1,MOVE_GROWL,Growl,Normal,Status,0,100,40,MOVE_EFFECT_ATK_DOWN,0,True,Own type
Engine,Staraptor,1,MOVE_QUICK_ATTACK,Quick Attack,Normal,Physical,40,100,30,MOVE_EFFECT_PRIORITY_1,1,True,Own type
Engine,Staraptor,13,MOVE_DOUBLE_TEAM,Double Team,Normal,Status,0,0,15,MOVE_EFFECT_EVA_UP,0,True,Own type
Engine,Staraptor,18,MOVE_ENDEAVOR,Endeavor,Normal,Physical,1,100,5,MOVE_EFFECT_SET_HP_EQUAL_TO_USER,0,True,Own type
Engine,Staraptor,23,MOVE_WHIRLWIND,Whirlwind,Normal,Status,0,0,20,MOVE_EFFECT_FORCE_SWITCH,-6,True,Own type
Engine,Staraptor,28,MOVE_AERIAL_ACE,Aerial Ace,Flying,Physical,60,0,20,MOVE_EFFECT_BYPASS_ACCURACY,0,True,Own type
Engine,Staraptor,33,MOVE_TAKE_DOWN,Take Down,Normal,Physical,90,85,20,MOVE_EFFECT_RECOIL_QUARTER,0,True,Own type
Engine,Staraptor,41,MOVE_AGILITY,Agility,Psychic,Status,0,0,30,MOVE_EFFECT_SPEED_UP_2,0,True,Other type
Engine,Staraptor,49,MOVE_BRAVE_BIRD,Brave Bird,Flying,Physical,120,100,15,MOVE_EFFECT_RECOIL_THIRD,0,True,Own type
Engine,Staraptor,57,MOVE_FINAL_GAMBIT,Final Gambit,Fighting,Special,1,100,5,MOVE_EFFECT_FINAL_GAMBIT,0,True,Other type
Engine,Pidgey,1,MOVE_TACKLE,Tackle,Normal,Physical,40,100,35,MOVE_EFFECT_HIT,0,True,Own type
Engine,Pidgey,5,MOVE_SAND_ATTACK,Sand Attack,Ground,Status,0,100,15,MOVE_EFFECT_ACC_DOWN,0,True,Other type
Engine,Pidgey,9,MOVE_GUST,Gust,Flying,Special,40,100,35,MOVE_EFFECT_DOUBLE_DAMAGE_FLY_OR_BOUNCE,0,True,Own type
Engine,Pidgey,13,MOVE_QUICK_ATTACK,Quick Attack,Normal,Physical,40,100,30,MOVE_EFFECT_PRIORITY_1,1,True,Own type
Engine,Pidgey,17,MOVE_WHIRLWIND,Whirlwind,Normal,Status,0,0,20,MOVE_EFFECT_FORCE_SWITCH,-6,True,Own type
Engine,Pidgey,21,MOVE_TWISTER,Twister,Dragon,Special,40,100,20,MOVE_EFFECT_FLINCH_DOUBLE_DAMAGE_FLY_OR_BOUNCE,0,True,Other type
Engine,Pidgey,25,MOVE_FEATHER_DANCE,Feather Dance,Flying,Status,0,100,15,MOVE_EFFECT_ATK_DOWN_2,0,True,Own type
Engine,Pidgey,29,MOVE_AGILITY,Agility,Psychic,Status,0,0,30,MOVE_EFFECT_SPEED_UP_2,0,True,Other type
Engine,Pidgey,33,MOVE_WING_ATTACK,Wing Attack,Flying,Physical,60,100,35,MOVE_EFFECT_HIT,0,True,Own type
Engine,Pidgey,37,MOVE_ROOST,Roost,Flying,Status,0,0,5,MOVE_EFFECT_HEAL_HALF_REMOVE_FLYING_TYPE,0,True,Own type
Engine,Pidgey,41,MOVE_TAILWIND,Tailwind,Flying,Status,0,0,15,MOVE_EFFECT_DOUBLE_SPEED_3_TURNS,0,True,Own type
Engine,Pidgey,45,MOVE_AERIAL_ACE,Aerial Ace,Flying,Physical,60,0,20,MOVE_EFFECT_BYPASS_ACCURACY,0,True,Own type
Engine,Pidgey,49,MOVE_AIR_SLASH,Air Slash,Flying,Special,75,95,15,MOVE_EFFECT_FLINCH_HIT,0,True,Own type
Engine,Pidgey,53,MOVE_HURRICANE,Hurricane,Flying,Special,110,70,10,MOVE_EFFECT_HURRICANE,0,True,Own type
Engine,Pidgeotto,1,MOVE_GUST,Gust,Flying,Special,40,100,35,MOVE_EFFECT_DOUBLE_DAMAGE_FLY_OR_BOUNCE,0,True,Own type
Engine,Pidgeotto,1,MOVE_SAND_ATTACK,Sand Attack,Ground,Status,0,100,15,MOVE_EFFECT_ACC_DOWN,0,True,Other type
Engine,Pidgeotto,1,MOVE_TACKLE,Tackle,Normal,Physical,40,100,35,MOVE_EFFECT_HIT,0,True,Own type
Engine,Pidgeotto,5,MOVE_SAND_ATTACK,Sand Attack,Ground,Status,0,100,15,MOVE_EFFECT_ACC_DOWN,0,True,Other type
Engine,Pidgeotto,9,MOVE_GUST,Gust,Flying,Special,40,100,35,MOVE_EFFECT_DOUBLE_DAMAGE_FLY_OR_BOUNCE,0,True,Own type
Engine,Pidgeotto,13,MOVE_QUICK_ATTACK,Quick Attack,Normal,Physical,40,100,30,MOVE_EFFECT_PRIORITY_1,1,True,Own type
Engine,Pidgeotto,17,MOVE_WHIRLWIND,Whirlwind,Normal,Status,0,0,20,MOVE_EFFECT_FORCE_SWITCH,-6,True,Own type
Engine,Pidgeotto,22,MOVE_TWISTER,Twister,Dragon,Special,40,100,20,MOVE_EFFECT_FLINCH_DOUBLE_DAMAGE_FLY_OR_BOUNCE,0,True,Other type
Engine,Pidgeotto,27,MOVE_FEATHER_DANCE,Feather Dance,Flying,Status,0,100,15,MOVE_EFFECT_ATK_DOWN_2,0,True,Own type
Engine,Pidgeotto,32,MOVE_AGILITY,Agility,Psychic,Status,0,0,30,MOVE_EFFECT_SPEED_UP_2,0,True,Other type
Engine,Pidgeotto,37,MOVE_WING_ATTACK,Wing Attack,Flying,Physical,60,100,35,MOVE_EFFECT_HIT,0,True,Own type
Engine,Pidgeotto,42,MOVE_ROOST,Roost,Flying,Status,0,0,5,MOVE_EFFECT_HEAL_HALF_REMOVE_FLYING_TYPE,0,True,Own type
Engine,Pidgeotto,47,MOVE_TAILWIND,Tailwind,Flying,Status,0,0,15,MOVE_EFFECT_DOUBLE_SPEED_3_TURNS,0,True,Own type
Engine,Pidgeotto,52,MOVE_AERIAL_ACE,Aerial Ace,Flying,Physical,60,0,20,MOVE_EFFECT_BYPASS_ACCURACY,0,True,Own type
Engine,Pidgeotto,57,MOVE_AIR_SLASH,Air Slash,Flying,Special,75,95,15,MOVE_EFFECT_FLINCH_HIT,0,True,Own type
Engine,Pidgeotto,62,MOVE_HURRICANE,Hurricane,Flying,Special,110,70,10,MOVE_EFFECT_HURRICANE,0,True,Own type
Engine,Pidgeot,1,MOVE_GUST,Gust,Flying,Special,40,100,35,MOVE_EFFECT_DOUBLE_DAMAGE_FLY_OR_BOUNCE,0,True,Own type
Engine,Pidgeot,1,MOVE_HURRICANE,Hurricane,Flying,Special,110,70,10,MOVE_EFFECT_HURRICANE,0,True,Own type
Engine,Pidgeot,1,MOVE_QUICK_ATTACK,Quick Attack,Normal,Physical,40,100,30,MOVE_EFFECT_PRIORITY_1,1,True,Own type
Engine,Pidgeot,1,MOVE_SAND_ATTACK,Sand Attack,Ground,Status,0,100,15,MOVE_EFFECT_ACC_DOWN,0,True,Other type
Engine,Pidgeot,1,MOVE_TACKLE,Tackle,Normal,Physical,40,100,35,MOVE_EFFECT_HIT,0,True,Own type
Engine,Pidgeot,5,MOVE_SAND_ATTACK,Sand Attack,Ground,Status,0,100,15,MOVE_EFFECT_ACC_DOWN,0,True,Other type
Engine,Pidgeot,9,MOVE_GUST,Gust,Flying,Special,40,100,35,MOVE_EFFECT_DOUBLE_DAMAGE_FLY_OR_BOUNCE,0,True,Own type
Engine,Pidgeot,13,MOVE_QUICK_ATTACK,Quick Attack,Normal,Physical,40,100,30,MOVE_EFFECT_PRIORITY_1,1,True,Own type
Engine,Pidgeot,17,MOVE_WHIRLWIND,Whirlwind,Normal,Status,0,0,20,MOVE_EFFECT_FORCE_SWITCH,-6,True,Own type
Engine,Pidgeot,22,MOVE_TWISTER,Twister,Dragon,Special,40,100,20,MOVE_EFFECT_FLINCH_DOUBLE_DAMAGE_FLY_OR_BOUNCE,0,True,Other type
Engine,Pidgeot,27,MOVE_FEATHER_DANCE,Feather Dance,Flying,Status,0,100,15,MOVE_EFFECT_ATK_DOWN_2,0,True,Own type
Engine,Pidgeot,32,MOVE_AGILITY,Agility,Psychic,Status,0,0,30,MOVE_EFFECT_SPEED_UP_2,0,True,Other type
Engine,Pidgeot,38,MOVE_WING_ATTACK,Wing Attack,Flying,Physical,60,100,35,MOVE_EFFECT_HIT,0,True,Own type
Engine,Pidgeot,44,MOVE_ROOST,Roost,Flying,Status,0,0,5,MOVE_EFFECT_HEAL_HALF_REMOVE_FLYING_TYPE,0,True,Own type
Engine,Pidgeot,50,MOVE_TAILWIND,Tailwind,Flying,Status,0,0,15,MOVE_EFFECT_DOUBLE_SPEED_3_TURNS,0,True,Own type
Engine,Pidgeot,56,MOVE_AERIAL_ACE,Aerial Ace,Flying,Physical,60,0,20,MOVE_EFFECT_BYPASS_ACCURACY,0,True,Own type
Engine,Pidgeot,62,MOVE_AIR_SLASH,Air Slash,Flying,Special,75,95,15,MOVE_EFFECT_FLINCH_HIT,0,True,Own type
Engine,Pidgeot,68,MOVE_HURRICANE,Hurricane,Flying,Special,110,70,10,MOVE_EFFECT_HURRICANE,0,True,Own type
Engine,Rhyhorn,1,MOVE_TACKLE,Tackle,Normal,Physical,40,100,35,MOVE_EFFECT_HIT,0,True,Normal
Engine,Rhyhorn,1,MOVE_TAIL_WHIP,Tail Whip,Normal,Status,0,100,30,MOVE_EFFECT_DEF_DOWN,0,True,Normal
Engine,Rhyhorn,5,MOVE_SMACK_DOWN,Smack Down,Rock,Physical,50,100,15,MOVE_EFFECT_SMACK_DOWN,0,True,Own type
Engine,Rhyhorn,10,MOVE_BULLDOZE,Bulldoze,Ground,Physical,60,100,20,MOVE_EFFECT_LOWER_SPEED_HIT,0,True,Own type
Engine,Rhyhorn,15,MOVE_HORN_ATTACK,Horn Attack,Normal,Physical,65,100,25,MOVE_EFFECT_HIT,0,True,Normal
Engine,Rhyhorn,20,MOVE_SCARY_FACE,Scary Face,Normal,Status,0,100,10,MOVE_EFFECT_SPEED_DOWN_2,0,True,Normal
Engine,Rhyhorn,25,MOVE_STOMP,Stomp,Normal,Physical,65,100,20,MOVE_EFFECT_FLINCH_MINIMIZE_DOUBLE_HIT,0,True,Normal
Engine,Rhyhorn,30,MOVE_ROCK_BLAST,Rock Blast,Rock,Physical,25,90,10,MOVE_EFFECT_MULTI_HIT,0,True,Own type
Engine,Rhyhorn,35,MOVE_DRILL_RUN,Drill Run,Ground,Physical,80,95,10,MOVE_EFFECT_HIGH_CRITICAL,0,True,Own type
Engine,Rhyhorn,40,MOVE_TAKE_DOWN,Take Down,Normal,Physical,90,85,20,MOVE_EFFECT_RECOIL_QUARTER,0,True,Normal
Engine,Rhyhorn,45,MOVE_EARTHQUAKE,Earthquake,Ground,Physical,100,100,10,MOVE_EFFECT_DOUBLE_DAMAGE_DIG,0,True,Own type
Engine,Rhyhorn,50,MOVE_STONE_EDGE,Stone Edge,Rock,Physical,100,80,5,MOVE_EFFECT_HIGH_CRITICAL,0,True,Own type
Engine,Rhyhorn,55,MOVE_MEGAHORN,Megahorn,Bug,Physical,120,85,10,MOVE_EFFECT_HIT,0,True,Other type
Engine,Rhyhorn,60,MOVE_HORN_DRILL,Horn Drill,Normal,Physical,1,30,5,MOVE_EFFECT_ONE_HIT_KO,0,True,Normal
Engine,Rhydon,0,MOVE_HAMMER_ARM,Hammer Arm,Fighting,Physical,100,90,10,MOVE_EFFECT_USER_SPEED_DOWN_HIT,0,True,Other type
Engine,Rhydon,1,MOVE_TACKLE,Tackle,Normal,Physical,40,100,35,MOVE_EFFECT_HIT,0,True,Normal
Engine,Rhydon,1,MOVE_TAIL_WHIP,Tail Whip,Normal,Status,0,100,30,MOVE_EFFECT_DEF_DOWN,0,True,Normal
Engine,Rhydon,1,MOVE_SMACK_DOWN,Smack Down,Rock,Physical,50,100,15,MOVE_EFFECT_SMACK_DOWN,0,True,Own type
Engine,Rhydon,1,MOVE_BULLDOZE,Bulldoze,Ground,Physical,60,100,20,MOVE_EFFECT_LOWER_SPEED_HIT,0,True,Own type
Engine,Rhydon,15,MOVE_HORN_ATTACK,Horn Attack,Normal,Physical,65,100,25,MOVE_EFFECT_HIT,0,True,Normal
Engine,Rhydon,20,MOVE_SCARY_FACE,Scary Face,Normal,Status,0,100,10,MOVE_EFFECT_SPEED_DOWN_2,0,True,Normal
Engine,Rhydon,25,MOVE_STOMP,Stomp,Normal,Physical,65,100,20,MOVE_EFFECT_FLINCH_MINIMIZE_DOUBLE_HIT,0,True,Normal
Engine,Rhydon,30,MOVE_ROCK_BLAST,Rock Blast,Rock,Physical,25,90,10,MOVE_EFFECT_MULTI_HIT,0,True,Own type
Engine,Rhydon,35,MOVE_DRILL_RUN,Drill Run,Ground,Physical,80,95,10,MOVE_EFFECT_HIGH_CRITICAL,0,True,Own type
Engine,Rhydon,40,MOVE_TAKE_DOWN,Take Down,Normal,Physical,90,85,20,MOVE_EFFECT_RECOIL_QUARTER,0,True,Normal
Engine,Rhydon,47,MOVE_EARTHQUAKE,Earthquake,Ground,Physical,100,100,10,MOVE_EFFECT_DOUBLE_DAMAGE_DIG,0,True,Own type
Engine,Rhydon,54,MOVE_STONE_EDGE,Stone Edge,Rock,Physical,100,80,5,MOVE_EFFECT_HIGH_CRITICAL,0,True,Own type
Engine,Rhydon,61,MOVE_MEGAHORN,Megahorn,Bug,Physical,120,85,10,MOVE_EFFECT_HIT,0,True,Other type
Engine,Rhydon,68,MOVE_HORN_DRILL,Horn Drill,Normal,Physical,1,30,5,MOVE_EFFECT_ONE_HIT_KO,0,True,Normal
Engine,Rhyperior,1,MOVE_TACKLE,Tackle,Normal,Physical,40,100,35,MOVE_EFFECT_HIT,0,True,Normal
Engine,Rhyperior,1,MOVE_TAIL_WHIP,Tail Whip,Normal,Status,0,100,30,MOVE_EFFECT_DEF_DOWN,0,True,Normal
Engine,Rhyperior,1,MOVE_HAMMER_ARM,Hammer Arm,Fighting,Physical,100,90,10,MOVE_EFFECT_USER_SPEED_DOWN_HIT,0,True,Other type
Engine,Rhyperior,1,MOVE_SMACK_DOWN,Smack Down,Rock,Physical,50,100,15,MOVE_EFFECT_SMACK_DOWN,0,True,Own type
Engine,Rhyperior,1,MOVE_BULLDOZE,Bulldoze,Ground,Physical,60,100,20,MOVE_EFFECT_LOWER_SPEED_HIT,0,True,Own type
Engine,Rhyperior,15,MOVE_HORN_ATTACK,Horn Attack,Normal,Physical,65,100,25,MOVE_EFFECT_HIT,0,True,Normal
Engine,Rhyperior,20,MOVE_SCARY_FACE,Scary Face,Normal,Status,0,100,10,MOVE_EFFECT_SPEED_DOWN_2,0,True,Normal
Engine,Rhyperior,25,MOVE_STOMP,Stomp,Normal,Physical,65,100,20,MOVE_EFFECT_FLINCH_MINIMIZE_DOUBLE_HIT,0,True,Normal
Engine,Rhyperior,30,MOVE_ROCK_BLAST,Rock Blast,Rock,Physical,25,90,10,MOVE_EFFECT_MULTI_HIT,0,True,Own type
Engine,Rhyperior,35,MOVE_DRILL_RUN,Drill Run,Ground,Physical,80,95,10,MOVE_EFFECT_HIGH_CRITICAL,0,True,Own type
Engine,Rhyperior,40,MOVE_TAKE_DOWN,Take Down,Normal,Physical,90,85,20,MOVE_EFFECT_RECOIL_QUARTER,0,True,Normal
Engine,Rhyperior,47,MOVE_EARTHQUAKE,Earthquake,Ground,Physical,100,100,10,MOVE_EFFECT_DOUBLE_DAMAGE_DIG,0,True,Own type
Engine,Rhyperior,54,MOVE_STONE_EDGE,Stone Edge,Rock,Physical,100,80,5,MOVE_EFFECT_HIGH_CRITICAL,0,True,Own type
Engine,Rhyperior,61,MOVE_MEGAHORN,Megahorn,Bug,Physical,120,85,10,MOVE_EFFECT_HIT,0,True,Other type
Engine,Rhyperior,68,MOVE_HORN_DRILL,Horn Drill,Normal,Physical,1,30,5,MOVE_EFFECT_ONE_HIT_KO,0,True,Normal
Engine,Rhyperior,75,MOVE_ROCK_WRECKER,Rock Wrecker,Rock,Physical,150,90,5,MOVE_EFFECT_RECHARGE_AFTER,0,True,Own type
Engine,Togepi,1,MOVE_GROWL,Growl,Normal,Status,0,100,40,MOVE_EFFECT_ATK_DOWN,0,True,Normal
Engine,Togepi,1,MOVE_POUND,Pound,Normal,Physical,40,100,35,MOVE_EFFECT_HIT,0,True,Normal
Engine,Togepi,4,MOVE_SWEET_KISS,Sweet Kiss,Fairy,Status,0,75,10,MOVE_EFFECT_STATUS_CONFUSE,0,True,Own type
Engine,Togepi,8,MOVE_LIFE_DEW,Life Dew,Water,Status,0,0,10,MOVE_EFFECT_LIFE_DEW,0,True,Other type
Engine,Togepi,12,MOVE_CHARM,Charm,Fairy,Status,0,100,20,MOVE_EFFECT_ATK_DOWN_2,0,True,Own type
Engine,Togepi,16,MOVE_ANCIENT_POWER,Ancient Power,Rock,Special,60,100,5,MOVE_EFFECT_RAISE_ALL_STATS_HIT,0,True,Other type
Engine,Togepi,20,MOVE_YAWN,Yawn,Normal,Status,0,0,10,MOVE_EFFECT_STATUS_SLEEP_NEXT_TURN,0,True,Normal
Engine,Togepi,24,MOVE_METRONOME,Metronome,Normal,Status,0,0,10,MOVE_EFFECT_CALL_RANDOM_MOVE,0,True,Normal
Engine,Togepi,28,MOVE_AFTER_YOU,After You,Normal,Status,0,0,15,MOVE_EFFECT_AFTER_YOU,0,True,Normal
Engine,Togepi,32,MOVE_DOUBLE_EDGE,Double-Edge,Normal,Physical,120,100,15,MOVE_EFFECT_RECOIL_THIRD,0,True,Normal
Engine,Togepi,36,MOVE_SAFEGUARD,Safeguard,Normal,Status,0,0,25,MOVE_EFFECT_PREVENT_STATUS,0,True,Normal
Engine,Togepi,40,MOVE_FOLLOW_ME,Follow Me,Normal,Status,0,0,20,MOVE_EFFECT_MAKE_GLOBAL_TARGET,2,True,Normal
Engine,Togepi,44,MOVE_BATON_PASS,Baton Pass,Normal,Status,0,0,40,MOVE_EFFECT_PASS_STATS_AND_STATUS,0,True,Normal
Engine,Togepi,48,MOVE_LAST_RESORT,Last Resort,Normal,Physical,140,100,5,MOVE_EFFECT_FAIL_IF_NOT_USED_ALL_OTHER_MOVES,0,True,Normal
Engine,Togepi,52,MOVE_WISH,Wish,Normal,Status,0,0,10,MOVE_EFFECT_HEAL_IN_3_TURNS,0,True,Normal
Engine,Togetic,0,MOVE_FAIRY_WIND,Fairy Wind,Fairy,Special,40,100,30,MOVE_EFFECT_HIT,0,True,Own type
Engine,Togetic,1,MOVE_FAIRY_WIND,Fairy Wind,Fairy,Special,40,100,30,MOVE_EFFECT_HIT,0,True,Own type
Engine,Togetic,1,MOVE_GROWL,Growl,Normal,Status,0,100,40,MOVE_EFFECT_ATK_DOWN,0,True,Normal
Engine,Togetic,1,MOVE_LIFE_DEW,Life Dew,Water,Status,0,0,10,MOVE_EFFECT_LIFE_DEW,0,True,Other type
Engine,Togetic,1,MOVE_POUND,Pound,Normal,Physical,40,100,35,MOVE_EFFECT_HIT,0,True,Normal
Engine,Togetic,1,MOVE_SWEET_KISS,Sweet Kiss,Fairy,Status,0,75,10,MOVE_EFFECT_STATUS_CONFUSE,0,True,Own type
Engine,Togetic,12,MOVE_CHARM,Charm,Fairy,Status,0,100,20,MOVE_EFFECT_ATK_DOWN_2,0,True,Own type
Engine,Togetic,16,MOVE_ANCIENT_POWER,Ancient Power,Rock,Special,60,100,5,MOVE_EFFECT_RAISE_ALL_STATS_HIT,0,True,Other type
Engine,Togetic,20,MOVE_YAWN,Yawn,Normal,Status,0,0,10,MOVE_EFFECT_STATUS_SLEEP_NEXT_TURN,0,True,Normal
Engine,Togetic,24,MOVE_METRONOME,Metronome,Normal,Status,0,0,10,MOVE_EFFECT_CALL_RANDOM_MOVE,0,True,Normal
Engine,Togetic,28,MOVE_AFTER_YOU,After You,Normal,Status,0,0,15,MOVE_EFFECT_AFTER_YOU,0,True,Normal
Engine,Togetic,32,MOVE_DOUBLE_EDGE,Double-Edge,Normal,Physical,120,100,15,MOVE_EFFECT_RECOIL_THIRD,0,True,Normal
Engine,Togetic,36,MOVE_SAFEGUARD,Safeguard,Normal,Status,0,0,25,MOVE_EFFECT_PREVENT_STATUS,0,True,Normal
Engine,Togetic,40,MOVE_FOLLOW_ME,Follow Me,Normal,Status,0,0,20,MOVE_EFFECT_MAKE_GLOBAL_TARGET,2,True,Normal
Engine,Togetic,44,MOVE_BATON_PASS,Baton Pass,Normal,Status,0,0,40,MOVE_EFFECT_PASS_STATS_AND_STATUS,0,True,Normal
Engine,Togetic,48,MOVE_LAST_RESORT,Last Resort,Normal,Physical,140,100,5,MOVE_EFFECT_FAIL_IF_NOT_USED_ALL_OTHER_MOVES,0,True,Normal
Engine,Togetic,52,MOVE_WISH,Wish,Normal,Status,0,0,10,MOVE_EFFECT_HEAL_IN_3_TURNS,0,True,Normal
Engine,Togekiss,0,MOVE_AIR_SLASH,Air Slash,Flying,Special,75,95,15,MOVE_EFFECT_FLINCH_HIT,0,True,Own type
Engine,Togekiss,1,MOVE_AFTER_YOU,After You,Normal,Status,0,0,15,MOVE_EFFECT_AFTER_YOU,0,True,Normal
Engine,Togekiss,1,MOVE_AIR_SLASH,Air Slash,Flying,Special,75,95,15,MOVE_EFFECT_FLINCH_HIT,0,True,Own type
Engine,Togekiss,1,MOVE_ANCIENT_POWER,Ancient Power,Rock,Special,60,100,5,MOVE_EFFECT_RAISE_ALL_STATS_HIT,0,True,Other type
Engine,Togekiss,1,MOVE_AURA_SPHERE,Aura Sphere,Fighting,Special,80,0,20,MOVE_EFFECT_BYPASS_ACCURACY,0,True,Other type
Engine,Togekiss,1,MOVE_BATON_PASS,Baton Pass,Normal,Status,0,0,40,MOVE_EFFECT_PASS_STATS_AND_STATUS,0,True,Normal
Engine,Togekiss,1,MOVE_CHARM,Charm,Fairy,Status,0,100,20,MOVE_EFFECT_ATK_DOWN_2,0,True,Own type
Engine,Togekiss,1,MOVE_DOUBLE_EDGE,Double-Edge,Normal,Physical,120,100,15,MOVE_EFFECT_RECOIL_THIRD,0,True,Normal
Engine,Togekiss,1,MOVE_EXTREME_SPEED,Extreme Speed,Normal,Physical,80,100,5,MOVE_EFFECT_PRIORITY_1,2,True,Normal
Engine,Togekiss,1,MOVE_FAIRY_WIND,Fairy Wind,Fairy,Special,40,100,30,MOVE_EFFECT_HIT,0,True,Own type
Engine,Togekiss,1,MOVE_FOLLOW_ME,Follow Me,Normal,Status,0,0,20,MOVE_EFFECT_MAKE_GLOBAL_TARGET,2,True,Normal
Engine,Togekiss,1,MOVE_GROWL,Growl,Normal,Status,0,100,40,MOVE_EFFECT_ATK_DOWN,0,True,Normal
Engine,Togekiss,1,MOVE_LAST_RESORT,Last Resort,Normal,Physical,140,100,5,MOVE_EFFECT_FAIL_IF_NOT_USED_ALL_OTHER_MOVES,0,True,Normal
Engine,Togekiss,1,MOVE_LIFE_DEW,Life Dew,Water,Status,0,0,10,MOVE_EFFECT_LIFE_DEW,0,True,Other type
Engine,Togekiss,1,MOVE_METRONOME,Metronome,Normal,Status,0,0,10,MOVE_EFFECT_CALL_RANDOM_MOVE,0,True,Normal
Engine,Togekiss,1,MOVE_POUND,Pound,Normal,Physical,40,100,35,MOVE_EFFECT_HIT,0,True,Normal
Engine,Togekiss,1,MOVE_SAFEGUARD,Safeguard,Normal,Status,0,0,25,MOVE_EFFECT_PREVENT_STATUS,0,True,Normal
Engine,Togekiss,1,MOVE_SKY_ATTACK,Sky Attack,Flying,Physical,140,90,5,MOVE_EFFECT_CHARGE_TURN_HIGH_CRIT_FLINCH,0,True,Own type
Engine,Togekiss,1,MOVE_SWEET_KISS,Sweet Kiss,Fairy,Status,0,75,10,MOVE_EFFECT_STATUS_CONFUSE,0,True,Own type
Engine,Togekiss,1,MOVE_TRI_ATTACK,Tri Attack,Normal,Special,80,100,10,MOVE_EFFECT_RANDOM_PRIMARY_STATUS_HIT,0,True,Normal
Engine,Togekiss,1,MOVE_WISH,Wish,Normal,Status,0,0,10,MOVE_EFFECT_HEAL_IN_3_TURNS,0,True,Normal
Engine,Togekiss,1,MOVE_YAWN,Yawn,Normal,Status,0,0,10,MOVE_EFFECT_STATUS_SLEEP_NEXT_TURN,0,True,Normal
Engine,Raichu,0,MOVE_THUNDER_PUNCH,Thunder Punch,Electric,Physical,75,100,15,MOVE_EFFECT_PARALYZE_HIT,0,True,Own type
Engine,Raichu,1,MOVE_ELECTRO_BALL,Electro Ball,Electric,Special,1,100,10,MOVE_EFFECT_HIT,0,True,Own type
Engine,Raichu,1,MOVE_DISCHARGE,Discharge,Electric,Special,80,100,15,MOVE_EFFECT_PARALYZE_HIT,0,True,Own type
Engine,Raichu,1,MOVE_NASTY_PLOT,Nasty Plot,Dark,Status,0,0,20,MOVE_EFFECT_SP_ATK_UP_2,0,True,Other type
Engine,Raichu,1,MOVE_FEINT,Feint,Normal,Physical,30,100,10,MOVE_EFFECT_REMOVE_PROTECT,2,True,Normal
Engine,Raichu,1,MOVE_IRON_TAIL,Iron Tail,Steel,Physical,100,75,15,MOVE_EFFECT_LOWER_DEFENSE_HIT,0,True,Other type
Engine,Raichu,1,MOVE_SPARK,Spark,Electric,Physical,65,100,20,MOVE_EFFECT_PARALYZE_HIT,0,True,Own type
Engine,Raichu,1,MOVE_CHARM,Charm,Fairy,Status,0,100,20,MOVE_EFFECT_ATK_DOWN_2,0,True,Other type
Engine,Raichu,1,MOVE_SWEET_KISS,Sweet Kiss,Fairy,Status,0,75,10,MOVE_EFFECT_STATUS_CONFUSE,0,True,Other type
Engine,Raichu,1,MOVE_PLAY_NICE,Play Nice,Normal,Status,0,0,20,MOVE_EFFECT_ATK_DOWN,0,True,Normal
Engine,Raichu,1,MOVE_NUZZLE,Nuzzle,Electric,Physical,20,100,20,MOVE_EFFECT_PARALYZE_HIT,0,True,Own type
Engine,Raichu,1,MOVE_QUICK_ATTACK,Quick Attack,Normal,Physical,40,100,30,MOVE_EFFECT_PRIORITY_1,1,True,Normal
Engine,Raichu,1,MOVE_AGILITY,Agility,Psychic,Status,0,0,30,MOVE_EFFECT_SPEED_UP_2,0,True,Other type
Engine,Raichu,1,MOVE_THUNDER,Thunder,Electric,Special,110,70,10,MOVE_EFFECT_THUNDER,0,True,Own type
Engine,Raichu,1,MOVE_THUNDER_WAVE,Thunder Wave,Electric,Status,0,90,20,MOVE_EFFECT_STATUS_PARALYZE,0,True,Own type
Engine,Raichu,1,MOVE_THUNDER_SHOCK,Thunder Shock,Electric,Special,40,100,30,MOVE_EFFECT_PARALYZE_HIT,0,True,Own type
Engine,Raichu,1,MOVE_GROWL,Growl,Normal,Status,0,100,40,MOVE_EFFECT_ATK_DOWN,0,True,Normal
Engine,Raichu,1,MOVE_TAIL_WHIP,Tail Whip,Normal,Status,0,100,30,MOVE_EFFECT_DEF_DOWN,0,True,Normal
Engine,Raichu,1,MOVE_DOUBLE_TEAM,Double Team,Normal,Status,0,0,15,MOVE_EFFECT_EVA_UP,0,True,Normal
Engine,Raichu,1,MOVE_LIGHT_SCREEN,Light Screen,Psychic,Status,0,0,30,MOVE_EFFECT_SET_LIGHT_SCREEN,0,True,Other type
Engine,Raichu,5,MOVE_THUNDERBOLT,Thunderbolt,Electric,Special,90,100,15,MOVE_EFFECT_PARALYZE_HIT,0,True,Own type
Engine,Electrode,1,MOVE_EERIE_IMPULSE,Eerie Impulse,Electric,Status,0,100,15,MOVE_EFFECT_SP_ATK_DOWN_2,0,True,Own type
Engine,Electrode,1,MOVE_CHARGE,Charge,Electric,Status,0,0,20,MOVE_EFFECT_SP_DEF_UP_DOUBLE_ELECTRIC_POWER,0,True,Own type
Engine,Electrode,1,MOVE_MAGNETIC_FLUX,Magnetic Flux,Electric,Status,0,0,20,MOVE_EFFECT_HIT,0,True,Own type
Engine,Electrode,1,MOVE_TACKLE,Tackle,Normal,Physical,40,100,35,MOVE_EFFECT_HIT,0,True,Normal
Engine,Electrode,1,MOVE_THUNDER_SHOCK,Thunder Shock,Electric,Special,40,100,30,MOVE_EFFECT_PARALYZE_HIT,0,True,Own type
Engine,Electrode,9,MOVE_SPARK,Spark,Electric,Physical,65,100,20,MOVE_EFFECT_PARALYZE_HIT,0,True,Own type
Engine,Electrode,11,MOVE_ROLLOUT,Rollout,Rock,Physical,30,90,20,MOVE_EFFECT_DOUBLE_POWER_EACH_TURN_LOCK_INTO,0,True,Other type
Engine,Electrode,13,MOVE_SCREECH,Screech,Normal,Status,0,85,40,MOVE_EFFECT_DEF_DOWN_2,0,True,Normal
Engine,Electrode,16,MOVE_CHARGE_BEAM,Charge Beam,Electric,Special,50,90,10,MOVE_EFFECT_RAISE_SP_ATK_HIT,0,True,Own type
Engine,Electrode,20,MOVE_SWIFT,Swift,Normal,Special,60,0,20,MOVE_EFFECT_BYPASS_ACCURACY,0,True,Normal
Engine,Electrode,22,MOVE_ELECTRO_BALL,Electro Ball,Electric,Special,1,100,10,MOVE_EFFECT_HIT,0,True,Own type
Engine,Electrode,26,MOVE_SELF_DESTRUCT,Self-Destruct,Normal,Physical,200,100,5,MOVE_EFFECT_HALVE_DEFENSE,0,True,Normal
Engine,Electrode,29,MOVE_LIGHT_SCREEN,Light Screen,Psychic,Status,0,0,30,MOVE_EFFECT_SET_LIGHT_SCREEN,0,True,Other type
Engine,Electrode,36,MOVE_MAGNET_RISE,Magnet Rise,Electric,Status,0,0,10,MOVE_EFFECT_GIVE_GROUND_IMMUNITY,0,True,Own type
Engine,Electrode,41,MOVE_DISCHARGE,Discharge,Electric,Special,80,100,15,MOVE_EFFECT_PARALYZE_HIT,0,True,Own type
Engine,Electrode,47,MOVE_EXPLOSION,Explosion,Normal,Physical,250,100,5,MOVE_EFFECT_HALVE_DEFENSE,0,True,Normal
Engine,Electrode,54,MOVE_GYRO_BALL,Gyro Ball,Steel,Physical,1,100,5,MOVE_EFFECT_POWER_BASED_ON_LOW_SPEED,0,True,Other type
Engine,Electrode,58,MOVE_MIRROR_COAT,Mirror Coat,Psychic,Special,1,100,20,MOVE_EFFECT_MIRROR_COAT,-5,True,Other type
Engine,Lanturn,0,MOVE_SWALLOW,Swallow,Normal,Status,0,0,10,MOVE_EFFECT_SWALLOW,0,True,Normal
Engine,Lanturn,0,MOVE_SPIT_UP,Spit Up,Normal,Special,1,100,10,MOVE_EFFECT_SPIT_UP,0,True,Normal
Engine,Lanturn,0,MOVE_STOCKPILE,Stockpile,Normal,Status,0,0,20,MOVE_EFFECT_STOCKPILE,0,True,Normal
Engine,Lanturn,1,MOVE_EERIE_IMPULSE,Eerie Impulse,Electric,Status,0,100,15,MOVE_EFFECT_SP_ATK_DOWN_2,0,True,Own type
Engine,Lanturn,1,MOVE_SUPERSONIC,Supersonic,Normal,Status,0,55,20,MOVE_EFFECT_STATUS_CONFUSE,0,True,Normal
Engine,Lanturn,1,MOVE_WATER_GUN,Water Gun,Water,Special,40,100,25,MOVE_EFFECT_HIT,0,True,Own type
Engine,Lanturn,1,MOVE_THUNDER_WAVE,Thunder Wave,Electric,Status,0,90,20,MOVE_EFFECT_STATUS_PARALYZE,0,True,Own type
Engine,Lanturn,1,MOVE_ELECTRO_BALL,Electro Ball,Electric,Special,1,100,10,MOVE_EFFECT_HIT,0,True,Own type
Engine,Lanturn,12,MOVE_BUBBLE_BEAM,Bubble Beam,Water,Special,65,100,20,MOVE_EFFECT_LOWER_SPEED_HIT,0,True,Own type
Engine,Lanturn,16,MOVE_CONFUSE_RAY,Confuse Ray,Ghost,Status,0,100,10,MOVE_EFFECT_STATUS_CONFUSE,0,True,Other type
Engine,Lanturn,20,MOVE_SPARK,Spark,Electric,Physical,65,100,20,MOVE_EFFECT_PARALYZE_HIT,0,True,Own type
Engine,Lanturn,24,MOVE_CHARGE,Charge,Electric,Status,0,0,20,MOVE_EFFECT_SP_DEF_UP_DOUBLE_ELECTRIC_POWER,0,True,Own type
Engine,Lanturn,30,MOVE_DISCHARGE,Discharge,Electric,Special,80,100,15,MOVE_EFFECT_PARALYZE_HIT,0,True,Own type
Engine,Lanturn,36,MOVE_AQUA_RING,Aqua Ring,Water,Status,0,0,20,MOVE_EFFECT_RESTORE_HP_EVERY_TURN,0,True,Own type
Engine,Lanturn,42,MOVE_FLAIL,Flail,Normal,Physical,1,100,15,MOVE_EFFECT_INCREASE_POWER_WITH_LESS_HP,0,True,Normal
Engine,Lanturn,48,MOVE_TAKE_DOWN,Take Down,Normal,Physical,90,85,20,MOVE_EFFECT_RECOIL_QUARTER,0,True,Normal
Engine,Lanturn,54,MOVE_HYDRO_PUMP,Hydro Pump,Water,Special,110,80,5,MOVE_EFFECT_HIT,0,True,Own type
Engine,Manectric,1,MOVE_FIRE_FANG,Fire Fang,Fire,Physical,65,95,15,MOVE_EFFECT_FLINCH_BURN_HIT,0,True,Other type
Engine,Manectric,1,MOVE_HOWL,Howl,Normal,Status,0,0,40,MOVE_EFFECT_HOWL,0,True,Normal
Engine,Manectric,1,MOVE_LEER,Leer,Normal,Status,0,100,30,MOVE_EFFECT_DEF_DOWN,0,True,Normal
Engine,Manectric,1,MOVE_TACKLE,Tackle,Normal,Physical,40,100,35,MOVE_EFFECT_HIT,0,True,Normal
Engine,Manectric,1,MOVE_THUNDER_WAVE,Thunder Wave,Electric,Status,0,90,20,MOVE_EFFECT_STATUS_PARALYZE,0,True,Own type
Engine,Manectric,12,MOVE_QUICK_ATTACK,Quick Attack,Normal,Physical,40,100,30,MOVE_EFFECT_PRIORITY_1,1,True,Normal
Engine,Manectric,16,MOVE_SHOCK_WAVE,Shock Wave,Electric,Special,60,0,20,MOVE_EFFECT_BYPASS_ACCURACY,0,True,Own type
Engine,Manectric,20,MOVE_BITE,Bite,Dark,Physical,60,100,25,MOVE_EFFECT_FLINCH_HIT,0,True,Other type
Engine,Manectric,24,MOVE_THUNDER_FANG,Thunder Fang,Electric,Physical,65,95,15,MOVE_EFFECT_FLINCH_PARALYZE_HIT,0,True,Own type
Engine,Manectric,30,MOVE_ROAR,Roar,Normal,Status,0,0,20,MOVE_EFFECT_FORCE_SWITCH,-6,True,Normal
Engine,Manectric,36,MOVE_DISCHARGE,Discharge,Electric,Special,80,100,15,MOVE_EFFECT_PARALYZE_HIT,0,True,Own type
Engine,Manectric,42,MOVE_CHARGE,Charge,Electric,Status,0,0,20,MOVE_EFFECT_SP_DEF_UP_DOUBLE_ELECTRIC_POWER,0,True,Own type
Engine,Manectric,48,MOVE_WILD_CHARGE,Wild Charge,Electric,Physical,90,100,15,MOVE_EFFECT_RECOIL_THIRD,0,True,Own type
Engine,Manectric,54,MOVE_THUNDER,Thunder,Electric,Special,110,70,10,MOVE_EFFECT_THUNDER,0,True,Own type
Engine,Manectric,60,MOVE_ELECTRIC_TERRAIN,ElectricTerrain,Electric,Status,0,0,10,MOVE_EFFECT_APPLY_TERRAINS,0,True,Own type
Engine,Rotom,1,MOVE_DOUBLE_TEAM,Double Team,Normal,Status,0,0,15,MOVE_EFFECT_EVA_UP,0,True,Normal
Engine,Rotom,1,MOVE_ASTONISH,Astonish,Ghost,Physical,30,100,15,MOVE_EFFECT_FLINCH_HIT,0,True,Own type
Engine,Rotom,5,MOVE_THUNDER_SHOCK,Thunder Shock,Electric,Special,40,100,30,MOVE_EFFECT_PARALYZE_HIT,0,True,Own type
Engine,Rotom,10,MOVE_CONFUSE_RAY,Confuse Ray,Ghost,Status,0,100,10,MOVE_EFFECT_STATUS_CONFUSE,0,True,Own type
Engine,Rotom,15,MOVE_CHARGE,Charge,Electric,Status,0,0,20,MOVE_EFFECT_SP_DEF_UP_DOUBLE_ELECTRIC_POWER,0,True,Own type
Engine,Rotom,20,MOVE_ELECTRO_BALL,Electro Ball,Electric,Special,1,100,10,MOVE_EFFECT_HIT,0,True,Own type
Engine,Rotom,25,MOVE_THUNDER_WAVE,Thunder Wave,Electric,Status,0,90,20,MOVE_EFFECT_STATUS_PARALYZE,0,True,Own type
Engine,Rotom,30,MOVE_SHOCK_WAVE,Shock Wave,Electric,Special,60,0,20,MOVE_EFFECT_BYPASS_ACCURACY,0,True,Own type
Engine,Rotom,35,MOVE_HEX,Hex,Ghost,Special,65,100,10,MOVE_EFFECT_DOUBLE_DAMAGE_ON_STATUS,0,True,Own type
Engine,Rotom,40,MOVE_SUBSTITUTE,Substitute,Normal,Status,0,0,10,MOVE_EFFECT_SET_SUBSTITUTE,0,True,Normal
Engine,Rotom,45,MOVE_TRICK,Trick,Psychic,Status,0,100,10,MOVE_EFFECT_SWITCH_HELD_ITEMS,0,True,Other type
Engine,Rotom,50,MOVE_DISCHARGE,Discharge,Electric,Special,80,100,15,MOVE_EFFECT_PARALYZE_HIT,0,True,Own type
Engine,Rotom,55,MOVE_UPROAR,Uproar,Normal,Special,90,100,10,MOVE_EFFECT_UPROAR,0,True,Normal
Engine,Plusle,1,MOVE_QUICK_ATTACK,Quick Attack,Normal,Physical,40,100,30,MOVE_EFFECT_PRIORITY_1,1,True,Normal
Engine,Plusle,1,MOVE_PLAY_NICE,Play Nice,Normal,Status,0,0,20,MOVE_EFFECT_ATK_DOWN,0,True,Normal
Engine,Plusle,1,MOVE_GROWL,Growl,Normal,Status,0,100,40,MOVE_EFFECT_ATK_DOWN,0,True,Normal
Engine,Plusle,1,MOVE_THUNDER_WAVE,Thunder Wave,Electric,Status,0,90,20,MOVE_EFFECT_STATUS_PARALYZE,0,True,Own type
Engine,Plusle,4,MOVE_HELPING_HAND,Helping Hand,Normal,Status,0,0,20,MOVE_EFFECT_BOOST_ALLY_POWER_BY_50_PERCENT,5,True,Normal
Engine,Plusle,7,MOVE_SPARK,Spark,Electric,Physical,65,100,20,MOVE_EFFECT_PARALYZE_HIT,0,True,Own type
Engine,Plusle,10,MOVE_ENCORE,Encore,Normal,Status,0,100,5,MOVE_EFFECT_ENCORE,0,True,Normal
Engine,Plusle,13,MOVE_SWITCHEROO,Switcheroo,Dark,Status,0,100,10,MOVE_EFFECT_SWITCH_HELD_ITEMS,0,True,Other type
Engine,Plusle,16,MOVE_SWIFT,Swift,Normal,Special,60,0,20,MOVE_EFFECT_BYPASS_ACCURACY,0,True,Normal
Engine,Plusle,19,MOVE_ELECTRO_BALL,Electro Ball,Electric,Special,1,100,10,MOVE_EFFECT_HIT,0,True,Own type
Engine,Plusle,22,MOVE_COPYCAT,Copycat,Normal,Status,0,0,20,MOVE_EFFECT_USE_LAST_USED_MOVE,0,True,Normal
Engine,Plusle,26,MOVE_CHARGE,Charge,Electric,Status,0,0,20,MOVE_EFFECT_SP_DEF_UP_DOUBLE_ELECTRIC_POWER,0,True,Own type
Engine,Plusle,31,MOVE_DISCHARGE,Discharge,Electric,Special,80,100,15,MOVE_EFFECT_PARALYZE_HIT,0,True,Own type
Engine,Plusle,34,MOVE_BATON_PASS,Baton Pass,Normal,Status,0,0,40,MOVE_EFFECT_PASS_STATS_AND_STATUS,0,True,Normal
Engine,Plusle,37,MOVE_AGILITY,Agility,Psychic,Status,0,0,30,MOVE_EFFECT_SPEED_UP_2,0,True,Other type
Engine,Plusle,40,MOVE_LAST_RESORT,Last Resort,Normal,Physical,140,100,5,MOVE_EFFECT_FAIL_IF_NOT_USED_ALL_OTHER_MOVES,0,True,Normal
Engine,Plusle,43,MOVE_THUNDER,Thunder,Electric,Special,110,70,10,MOVE_EFFECT_THUNDER,0,True,Own type
Engine,Plusle,46,MOVE_NASTY_PLOT,Nasty Plot,Dark,Status,0,0,20,MOVE_EFFECT_SP_ATK_UP_2,0,True,Other type
Engine,Plusle,49,MOVE_ENTRAINMENT,Entrainment,Normal,Status,0,100,15,MOVE_EFFECT_ENTRAINMENT,0,True,Normal
Engine,Minun,1,MOVE_QUICK_ATTACK,Quick Attack,Normal,Physical,40,100,30,MOVE_EFFECT_PRIORITY_1,1,True,Normal
Engine,Minun,1,MOVE_PLAY_NICE,Play Nice,Normal,Status,0,0,20,MOVE_EFFECT_ATK_DOWN,0,True,Normal
Engine,Minun,1,MOVE_GROWL,Growl,Normal,Status,0,100,40,MOVE_EFFECT_ATK_DOWN,0,True,Normal
Engine,Minun,1,MOVE_THUNDER_WAVE,Thunder Wave,Electric,Status,0,90,20,MOVE_EFFECT_STATUS_PARALYZE,0,True,Own type
Engine,Minun,4,MOVE_HELPING_HAND,Helping Hand,Normal,Status,0,0,20,MOVE_EFFECT_BOOST_ALLY_POWER_BY_50_PERCENT,5,True,Normal
Engine,Minun,7,MOVE_SPARK,Spark,Electric,Physical,65,100,20,MOVE_EFFECT_PARALYZE_HIT,0,True,Own type
Engine,Minun,10,MOVE_ENCORE,Encore,Normal,Status,0,100,5,MOVE_EFFECT_ENCORE,0,True,Normal
Engine,Minun,13,MOVE_SWITCHEROO,Switcheroo,Dark,Status,0,100,10,MOVE_EFFECT_SWITCH_HELD_ITEMS,0,True,Other type
Engine,Minun,16,MOVE_SWIFT,Swift,Normal,Special,60,0,20,MOVE_EFFECT_BYPASS_ACCURACY,0,True,Normal
Engine,Minun,19,MOVE_ELECTRO_BALL,Electro Ball,Electric,Special,1,100,10,MOVE_EFFECT_HIT,0,True,Own type
Engine,Minun,22,MOVE_COPYCAT,Copycat,Normal,Status,0,0,20,MOVE_EFFECT_USE_LAST_USED_MOVE,0,True,Normal
Engine,Minun,26,MOVE_CHARGE,Charge,Electric,Status,0,0,20,MOVE_EFFECT_SP_DEF_UP_DOUBLE_ELECTRIC_POWER,0,True,Own type
Engine,Minun,31,MOVE_DISCHARGE,Discharge,Electric,Special,80,100,15,MOVE_EFFECT_PARALYZE_HIT,0,True,Own type
Engine,Minun,34,MOVE_BATON_PASS,Baton Pass,Normal,Status,0,0,40,MOVE_EFFECT_PASS_STATS_AND_STATUS,0,True,Normal
Engine,Minun,37,MOVE_AGILITY,Agility,Psychic,Status,0,0,30,MOVE_EFFECT_SPEED_UP_2,0,True,Other type
Engine,Minun,40,MOVE_LAST_RESORT,Last Resort,Normal,Physical,140,100,5,MOVE_EFFECT_FAIL_IF_NOT_USED_ALL_OTHER_MOVES,0,True,Normal
Engine,Minun,43,MOVE_THUNDER,Thunder,Electric,Special,110,70,10,MOVE_EFFECT_THUNDER,0,True,Own type
Engine,Minun,46,MOVE_NASTY_PLOT,Nasty Plot,Dark,Status,0,0,20,MOVE_EFFECT_SP_ATK_UP_2,0,True,Other type
Engine,Minun,49,MOVE_ENTRAINMENT,Entrainment,Normal,Status,0,100,15,MOVE_EFFECT_ENTRAINMENT,0,True,Normal
Engine,Pachirisu,1,MOVE_GROWL,Growl,Normal,Status,0,100,40,MOVE_EFFECT_ATK_DOWN,0,True,Normal
Engine,Pachirisu,1,MOVE_THUNDER_SHOCK,Thunder Shock,Electric,Special,40,100,30,MOVE_EFFECT_PARALYZE_HIT,0,True,Own type
Engine,Pachirisu,5,MOVE_QUICK_ATTACK,Quick Attack,Normal,Physical,40,100,30,MOVE_EFFECT_PRIORITY_1,1,True,Normal
Engine,Pachirisu,9,MOVE_CHARM,Charm,Fairy,Status,0,100,20,MOVE_EFFECT_ATK_DOWN_2,0,True,Other type
Engine,Pachirisu,13,MOVE_SPARK,Spark,Electric,Physical,65,100,20,MOVE_EFFECT_PARALYZE_HIT,0,True,Own type
Engine,Pachirisu,17,MOVE_ENDURE,Endure,Normal,Status,0,0,10,MOVE_EFFECT_SURVIVE_WITH_1_HP,4,True,Normal
Engine,Pachirisu,19,MOVE_NUZZLE,Nuzzle,Electric,Physical,20,100,20,MOVE_EFFECT_PARALYZE_HIT,0,True,Own type
Engine,Pachirisu,21,MOVE_SWIFT,Swift,Normal,Special,60,0,20,MOVE_EFFECT_BYPASS_ACCURACY,0,True,Normal
Engine,Pachirisu,25,MOVE_ELECTRO_BALL,Electro Ball,Electric,Special,1,100,10,MOVE_EFFECT_HIT,0,True,Own type
Engine,Pachirisu,29,MOVE_SWEET_KISS,Sweet Kiss,Fairy,Status,0,75,10,MOVE_EFFECT_STATUS_CONFUSE,0,True,Other type
Engine,Pachirisu,33,MOVE_THUNDER_WAVE,Thunder Wave,Electric,Status,0,90,20,MOVE_EFFECT_STATUS_PARALYZE,0,True,Own type
Engine,Pachirisu,37,MOVE_SUPER_FANG,Super Fang,Normal,Physical,1,90,10,MOVE_EFFECT_HALVE_HP,0,True,Normal
Engine,Pachirisu,41,MOVE_DISCHARGE,Discharge,Electric,Special,80,100,15,MOVE_EFFECT_PARALYZE_HIT,0,True,Own type
Engine,Pachirisu,45,MOVE_LAST_RESORT,Last Resort,Normal,Physical,140,100,5,MOVE_EFFECT_FAIL_IF_NOT_USED_ALL_OTHER_MOVES,0,True,Normal
Engine,Pachirisu,49,MOVE_THUNDER,Thunder,Electric,Special,110,70,10,MOVE_EFFECT_THUNDER,0,True,Own type
Engine,Primeape,1,MOVE_SCRATCH,Scratch,Normal,Physical,40,100,35,MOVE_EFFECT_HIT,0,True,Normal
Engine,Primeape,1,MOVE_LEER,Leer,Normal,Status,0,100,30,MOVE_EFFECT_DEF_DOWN,0,True,Normal
Engine,Primeape,1,MOVE_FLING,Fling,Dark,Physical,1,100,10,MOVE_EFFECT_FLING,0,True,Other type
Engine,Primeape,1,MOVE_FOCUS_ENERGY,Focus Energy,Normal,Status,0,0,30,MOVE_EFFECT_CRIT_UP_2,0,True,Normal
Engine,Primeape,5,MOVE_FURY_SWIPES,Fury Swipes,Normal,Physical,18,80,15,MOVE_EFFECT_MULTI_HIT,0,True,Normal
Engine,Primeape,8,MOVE_LOW_KICK,Low Kick,Fighting,Physical,1,100,20,MOVE_EFFECT_INCREASE_POWER_WITH_WEIGHT,0,True,Own type
Engine,Primeape,15,MOVE_SEISMIC_TOSS,Seismic Toss,Fighting,Physical,1,100,20,MOVE_EFFECT_LEVEL_DAMAGE_FLAT,0,True,Own type
Engine,Primeape,17,MOVE_SWAGGER,Swagger,Normal,Status,0,85,15,MOVE_EFFECT_ATK_UP_2_STATUS_CONFUSION,0,True,Normal
Engine,Primeape,22,MOVE_CROSS_CHOP,Cross Chop,Fighting,Physical,100,80,5,MOVE_EFFECT_HIGH_CRITICAL,0,True,Own type
Engine,Primeape,26,MOVE_ASSURANCE,Assurance,Dark,Physical,60,100,10,MOVE_EFFECT_DOUBLE_POWER_IF_TARGET_HIT,0,True,Other type
Engine,Primeape,30,MOVE_THRASH,Thrash,Normal,Physical,120,100,10,MOVE_EFFECT_CONTINUE_AND_CONFUSE_SELF,0,True,Normal
Engine,Primeape,35,MOVE_RAGE_FIST,Rage Fist,Ghost,Physical,50,100,10,MOVE_EFFECT_HIT,0,True,Other type
Engine,Primeape,39,MOVE_CLOSE_COMBAT,Close Combat,Fighting,Physical,120,100,5,MOVE_EFFECT_USER_DEF_SP_DEF_DOWN_HIT,0,True,Own type
Engine,Primeape,44,MOVE_SCREECH,Screech,Normal,Status,0,85,40,MOVE_EFFECT_DEF_DOWN_2,0,True,Normal
Engine,Primeape,48,MOVE_STOMPING_TANTRUM,StompingTantrum,Ground,Physical,75,100,10,MOVE_EFFECT_HIT,0,True,Other type
Engine,Primeape,53,MOVE_OUTRAGE,Outrage,Dragon,Physical,120,100,10,MOVE_EFFECT_CONTINUE_AND_CONFUSE_SELF,0,True,Other type
Engine,Primeape,57,MOVE_FINAL_GAMBIT,Final Gambit,Fighting,Special,1,100,5,MOVE_EFFECT_FINAL_GAMBIT,0,True,Own type
Engine,Hitmonchan,0,MOVE_DRAIN_PUNCH,Drain Punch,Fighting,Physical,75,100,10,MOVE_EFFECT_RECOVER_HALF_DAMAGE_DEALT,0,True,Own type
Engine,Hitmonchan,1,MOVE_FEINT,Feint,Normal,Physical,30,100,10,MOVE_EFFECT_REMOVE_PROTECT,2,True,Normal
Engine,Hitmonchan,1,MOVE_TACKLE,Tackle,Normal,Physical,40,100,35,MOVE_EFFECT_HIT,0,True,Normal
Engine,Hitmonchan,1,MOVE_HELPING_HAND,Helping Hand,Normal,Status,0,0,20,MOVE_EFFECT_BOOST_ALLY_POWER_BY_50_PERCENT,5,True,Normal
Engine,Hitmonchan,1,MOVE_FAKE_OUT,Fake Out,Normal,Physical,40,100,10,MOVE_EFFECT_ALWAYS_FLINCH_FIRST_TURN_ONLY,3,True,Normal
Engine,Hitmonchan,1,MOVE_FOCUS_ENERGY,Focus Energy,Normal,Status,0,0,30,MOVE_EFFECT_CRIT_UP_2,0,True,Normal
Engine,Hitmonchan,4,MOVE_MACH_PUNCH,Mach Punch,Fighting,Physical,40,100,30,MOVE_EFFECT_PRIORITY_1,1,True,Own type
Engine,Hitmonchan,8,MOVE_VACUUM_WAVE,Vacuum Wave,Fighting,Special,40,100,30,MOVE_EFFECT_PRIORITY_1,1,True,Own type
Engine,Hitmonchan,12,MOVE_DETECT,Detect,Fighting,Status,0,0,5,MOVE_EFFECT_PROTECT,4,True,Own type
Engine,Hitmonchan,16,MOVE_BULLET_PUNCH,Bullet Punch,Steel,Physical,40,100,30,MOVE_EFFECT_PRIORITY_1,1,True,Other type
Engine,Hitmonchan,21,MOVE_QUICK_GUARD,Quick Guard,Fighting,Status,0,0,15,MOVE_EFFECT_PROTECT_USER_SIDE,3,True,Own type
Engine,Hitmonchan,24,MOVE_THUNDER_PUNCH,Thunder Punch,Electric,Physical,75,100,15,MOVE_EFFECT_PARALYZE_HIT,0,True,Other type
Engine,Hitmonchan,24,MOVE_ICE_PUNCH,Ice Punch,Ice,Physical,75,100,15,MOVE_EFFECT_FREEZE_HIT,0,True,Other type
Engine,Hitmonchan,24,MOVE_FIRE_PUNCH,Fire Punch,Fire,Physical,75,100,15,MOVE_EFFECT_BURN_HIT,0,True,Other type
Engine,Hitmonchan,28,MOVE_AGILITY,Agility,Psychic,Status,0,0,30,MOVE_EFFECT_SPEED_UP_2,0,True,Other type
Engine,Hitmonchan,32,MOVE_MEGA_PUNCH,Mega Punch,Normal,Physical,80,85,20,MOVE_EFFECT_HIT,0,True,Normal
Engine,Hitmonchan,36,MOVE_CLOSE_COMBAT,Close Combat,Fighting,Physical,120,100,5,MOVE_EFFECT_USER_DEF_SP_DEF_DOWN_HIT,0,True,Own type
Engine,Hitmonchan,40,MOVE_COUNTER,Counter,Fighting,Physical,1,100,20,MOVE_EFFECT_COUNTER,-5,True,Own type
Engine,Hitmonchan,44,MOVE_FOCUS_PUNCH,Focus Punch,Fighting,Physical,150,100,20,MOVE_EFFECT_HIT_LAST_WHIFF_IF_HIT,-3,True,Own type
Engine,Heracross,1,MOVE_TACKLE,Tackle,Normal,Physical,40,100,35,MOVE_EFFECT_HIT,0,True,Normal
Engine,Heracross,1,MOVE_LEER,Leer,Normal,Status,0,100,30,MOVE_EFFECT_DEF_DOWN,0,True,Normal
Engine,Heracross,1,MOVE_ARM_THRUST,Arm Thrust,Fighting,Physical,15,100,20,MOVE_EFFECT_MULTI_HIT,0,True,Own type
Engine,Heracross,5,MOVE_FURY_ATTACK,Fury Attack,Normal,Physical,15,85,20,MOVE_EFFECT_MULTI_HIT,0,True,Normal
Engine,Heracross,10,MOVE_ENDURE,Endure,Normal,Status,0,0,10,MOVE_EFFECT_SURVIVE_WITH_1_HP,4,True,Normal
Engine,Heracross,15,MOVE_AERIAL_ACE,Aerial Ace,Flying,Physical,60,0,20,MOVE_EFFECT_BYPASS_ACCURACY,0,True,Other type
Engine,Heracross,20,MOVE_HORN_ATTACK,Horn Attack,Normal,Physical,65,100,25,MOVE_EFFECT_HIT,0,True,Normal
Engine,Heracross,25,MOVE_COUNTER,Counter,Fighting,Physical,1,100,20,MOVE_EFFECT_COUNTER,-5,True,Own type
Engine,Heracross,30,MOVE_BRICK_BREAK,Brick Break,Fighting,Physical,75,100,15,MOVE_EFFECT_REMOVE_SCREENS,0,True,Own type
Engine,Heracross,35,MOVE_PIN_MISSILE,Pin Missile,Bug,Physical,25,95,20,MOVE_EFFECT_MULTI_HIT,0,True,Own type
Engine,Heracross,40,MOVE_THROAT_CHOP,Throat Chop,Dark,Physical,80,100,15,MOVE_EFFECT_THROAT_CHOP,0,True,Other type
Engine,Heracross,45,MOVE_THRASH,Thrash,Normal,Physical,120,100,10,MOVE_EFFECT_CONTINUE_AND_CONFUSE_SELF,0,True,Normal
Engine,Heracross,50,MOVE_SWORDS_DANCE,Swords Dance,Normal,Status,0,0,20,MOVE_EFFECT_ATK_UP_2,0,True,Normal
Engine,Heracross,55,MOVE_MEGAHORN,Megahorn,Bug,Physical,120,85,10,MOVE_EFFECT_HIT,0,True,Own type
Engine,Heracross,60,MOVE_CLOSE_COMBAT,Close Combat,Fighting,Physical,120,100,5,MOVE_EFFECT_USER_DEF_SP_DEF_DOWN_HIT,0,True,Own type
Engine,Hariyama,1,MOVE_SAND_ATTACK,Sand Attack,Ground,Status,0,100,15,MOVE_EFFECT_ACC_DOWN,0,True,Other type
Engine,Hariyama,1,MOVE_TACKLE,Tackle,Normal,Physical,40,100,35,MOVE_EFFECT_HIT,0,True,Normal
Engine,Hariyama,1,MOVE_FOCUS_ENERGY,Focus Energy,Normal,Status,0,0,30,MOVE_EFFECT_CRIT_UP_2,0,True,Normal
Engine,Hariyama,1,MOVE_BRINE,Brine,Water,Special,65,100,10,MOVE_EFFECT_DOUBLE_POWER_WHEN_BELOW_HALF,0,True,Other type
Engine,Hariyama,1,MOVE_ARM_THRUST,Arm Thrust,Fighting,Physical,15,100,20,MOVE_EFFECT_MULTI_HIT,0,True,Own type
Engine,Hariyama,10,MOVE_FAKE_OUT,Fake Out,Normal,Physical,40,100,10,MOVE_EFFECT_ALWAYS_FLINCH_FIRST_TURN_ONLY,3,True,Normal
Engine,Hariyama,13,MOVE_FORCE_PALM,Force Palm,Fighting,Physical,60,100,10,MOVE_EFFECT_PARALYZE_HIT,0,True,Own type
Engine,Hariyama,16,MOVE_WHIRLWIND,Whirlwind,Normal,Status,0,0,20,MOVE_EFFECT_FORCE_SWITCH,-6,True,Normal
Engine,Hariyama,19,MOVE_KNOCK_OFF,Knock Off,Dark,Physical,65,100,20,MOVE_EFFECT_REMOVE_HELD_ITEM,0,True,Other type
Engine,Hariyama,22,MOVE_BULK_UP,Bulk Up,Fighting,Status,0,0,20,MOVE_EFFECT_ATK_DEF_UP,0,True,Own type
Engine,Hariyama,26,MOVE_BELLY_DRUM,Belly Drum,Normal,Status,0,0,10,MOVE_EFFECT_MAX_ATK_LOSE_HALF_MAX_HP,0,True,Normal
Engine,Hariyama,30,MOVE_DETECT,Detect,Fighting,Status,0,0,5,MOVE_EFFECT_PROTECT,4,True,Own type
Engine,Hariyama,34,MOVE_SEISMIC_TOSS,Seismic Toss,Fighting,Physical,1,100,20,MOVE_EFFECT_LEVEL_DAMAGE_FLAT,0,True,Own type
Engine,Hariyama,38,MOVE_FOCUS_PUNCH,Focus Punch,Fighting,Physical,150,100,20,MOVE_EFFECT_HIT_LAST_WHIFF_IF_HIT,-3,True,Own type
Engine,Hariyama,42,MOVE_ENDURE,Endure,Normal,Status,0,0,10,MOVE_EFFECT_SURVIVE_WITH_1_HP,4,True,Normal
Engine,Hariyama,46,MOVE_CLOSE_COMBAT,Close Combat,Fighting,Physical,120,100,5,MOVE_EFFECT_USER_DEF_SP_DEF_DOWN_HIT,0,True,Own type
Engine,Hariyama,50,MOVE_REVERSAL,Reversal,Fighting,Physical,1,100,15,MOVE_EFFECT_INCREASE_POWER_WITH_LESS_HP,0,True,Own type
Engine,Hariyama,54,MOVE_HEAVY_SLAM,Heavy Slam,Steel,Physical,1,100,10,MOVE_EFFECT_HEAVY_SLAM,0,True,Other type
Engine,Hariyama,60,MOVE_HEADLONG_RUSH,Headlong Rush,Ground,Physical,120,100,5,MOVE_EFFECT_USER_DEF_SP_DEF_DOWN_HIT,0,True,Other type
Engine,Medicham,1,MOVE_FIRE_PUNCH,Fire Punch,Fire,Physical,75,100,15,MOVE_EFFECT_BURN_HIT,0,True,Other type
Engine,Medicham,1,MOVE_ICE_PUNCH,Ice Punch,Ice,Physical,75,100,15,MOVE_EFFECT_FREEZE_HIT,0,True,Other type
Engine,Medicham,1,MOVE_THUNDER_PUNCH,Thunder Punch,Electric,Physical,75,100,15,MOVE_EFFECT_PARALYZE_HIT,0,True,Other type
Engine,Medicham,1,MOVE_WORK_UP,Work Up,Normal,Status,0,0,30,MOVE_EFFECT_ATK_SP_ATK_UP,0,True,Normal
Engine,Medicham,1,MOVE_DETECT,Detect,Fighting,Status,0,0,5,MOVE_EFFECT_PROTECT,4,True,Own type
Engine,Medicham,1,MOVE_CONFUSION,Confusion,Psychic,Special,50,100,25,MOVE_EFFECT_CONFUSE_HIT,0,True,Own type
Engine,Medicham,12,MOVE_ENDURE,Endure,Normal,Status,0,0,10,MOVE_EFFECT_SURVIVE_WITH_1_HP,4,True,Normal
Engine,Medicham,15,MOVE_FEINT,Feint,Normal,Physical,30,100,10,MOVE_EFFECT_REMOVE_PROTECT,2,True,Normal
Engine,Medicham,17,MOVE_FORCE_PALM,Force Palm,Fighting,Physical,60,100,10,MOVE_EFFECT_PARALYZE_HIT,0,True,Own type
Engine,Medicham,20,MOVE_PSYBEAM,Psybeam,Psychic,Special,65,100,20,MOVE_EFFECT_CONFUSE_HIT,0,True,Own type
Engine,Medicham,23,MOVE_CALM_MIND,Calm Mind,Psychic,Status,0,0,20,MOVE_EFFECT_SP_ATK_SP_DEF_UP,0,True,Own type
Engine,Medicham,25,MOVE_ZEN_HEADBUTT,Zen Headbutt,Psychic,Physical,80,90,15,MOVE_EFFECT_FLINCH_HIT,0,True,Own type
Engine,Medicham,28,MOVE_HIGH_JUMP_KICK,High Jump Kick,Fighting,Physical,130,90,10,MOVE_EFFECT_CRASH_ON_MISS,0,True,Own type
Engine,Medicham,31,MOVE_PSYCH_UP,Psych Up,Normal,Status,0,0,10,MOVE_EFFECT_COPY_STAT_CHANGES,0,True,Normal
Engine,Medicham,33,MOVE_ACUPRESSURE,Acupressure,Normal,Status,0,0,30,MOVE_EFFECT_RANDOM_STAT_UP_2,0,True,Normal
Engine,Medicham,36,MOVE_POWER_TRICK,Power Trick,Psychic,Status,0,0,10,MOVE_EFFECT_SWAP_ATK_DEF,0,True,Own type
Engine,Medicham,47,MOVE_RECOVER,Recover,Normal,Status,0,0,5,MOVE_EFFECT_RESTORE_HALF_HP,0,True,Normal
Engine,Medicham,53,MOVE_COUNTER,Counter,Fighting,Physical,1,100,20,MOVE_EFFECT_COUNTER,-5,True,Own type
Engine,Medicham,53,MOVE_AXE_KICK,Axe Kick,Fighting,Physical,120,90,10,MOVE_EFFECT_CONFUSE_HIT_CRASH_ON_MISS,0,True,Own type
Engine,Breloom,0,MOVE_MACH_PUNCH,Mach Punch,Fighting,Physical,40,100,30,MOVE_EFFECT_PRIORITY_1,1,True,Own type
Engine,Breloom,1,MOVE_STUN_SPORE,Stun Spore,Grass,Status,0,75,30,MOVE_EFFECT_STATUS_PARALYZE,0,True,Own type
Engine,Breloom,1,MOVE_TACKLE,Tackle,Normal,Physical,40,100,35,MOVE_EFFECT_HIT,0,True,Normal
Engine,Breloom,1,MOVE_ABSORB,Absorb,Grass,Special,20,100,25,MOVE_EFFECT_RECOVER_HALF_DAMAGE_DEALT,0,True,Own type
Engine,Breloom,1,MOVE_LEECH_SEED,Leech Seed,Grass,Status,0,90,10,MOVE_EFFECT_STATUS_LEECH_SEED,0,True,Own type
Engine,Breloom,1,MOVE_GROWTH,Growth,((Champions_Changes) ? (Grass) : (Normal)),Status,0,0,20,MOVE_EFFECT_SP_ATK_UP,0,True,Other type
Engine,Breloom,1,MOVE_POISON_POWDER,Poison Powder,Poison,Status,0,75,35,MOVE_EFFECT_STATUS_POISON,0,True,Other type
Engine,Breloom,1,MOVE_TOXIC,Toxic,Poison,Status,0,90,10,MOVE_EFFECT_STATUS_BADLY_POISON,0,True,Other type
Engine,Breloom,12,MOVE_MEGA_DRAIN,Mega Drain,Grass,Special,40,100,15,MOVE_EFFECT_RECOVER_HALF_DAMAGE_DEALT,0,True,Own type
Engine,Breloom,15,MOVE_HEADBUTT,Headbutt,Normal,Physical,70,100,15,MOVE_EFFECT_FLINCH_HIT,0,True,Normal
Engine,Breloom,19,MOVE_FEINT,Feint,Normal,Physical,30,100,10,MOVE_EFFECT_REMOVE_PROTECT,2,True,Normal
Engine,Breloom,22,MOVE_COUNTER,Counter,Fighting,Physical,1,100,20,MOVE_EFFECT_COUNTER,-5,True,Own type
Engine,Breloom,28,MOVE_FORCE_PALM,Force Palm,Fighting,Physical,60,100,10,MOVE_EFFECT_PARALYZE_HIT,0,True,Own type
Engine,Breloom,33,MOVE_WORRY_SEED,Worry Seed,Grass,Status,0,100,10,MOVE_EFFECT_SET_ABILITY_TO_INSOMNIA,0,True,Own type
Engine,Breloom,39,MOVE_BRICK_BREAK,Brick Break,Fighting,Physical,75,100,15,MOVE_EFFECT_REMOVE_SCREENS,0,True,Own type
Engine,Breloom,44,MOVE_SEED_BOMB,Seed Bomb,Grass,Physical,80,100,15,MOVE_EFFECT_HIT,0,True,Own type
Engine,Breloom,50,MOVE_DYNAMIC_PUNCH,Dynamic Punch,Fighting,Physical,100,50,5,MOVE_EFFECT_CONFUSE_HIT,0,True,Own type
Engine,Breloom,55,MOVE_FOCUS_PUNCH,Focus Punch,Fighting,Physical,150,100,20,MOVE_EFFECT_HIT_LAST_WHIFF_IF_HIT,-3,True,Own type
Engine,Gallade,0,MOVE_SLASH,Slash,Normal,Physical,80,100,20,MOVE_EFFECT_HIGH_CRITICAL,0,True,Normal
Engine,Gallade,1,MOVE_NIGHT_SLASH,Night Slash,Dark,Physical,70,100,15,MOVE_EFFECT_HIGH_CRITICAL,0,True,Other type
Engine,Gallade,1,MOVE_IMPRISON,Imprison,Psychic,Status,0,0,10,MOVE_EFFECT_MAKE_SHARED_MOVES_UNUSEABLE,0,True,Own type
Engine,Gallade,1,MOVE_LIFE_DEW,Life Dew,Water,Status,0,0,10,MOVE_EFFECT_LIFE_DEW,0,True,Other type
Engine,Gallade,1,MOVE_FUTURE_SIGHT,Future Sight,Psychic,Special,120,100,10,MOVE_EFFECT_HIT_IN_3_TURNS,0,True,Own type
Engine,Gallade,1,MOVE_FURY_CUTTER,Fury Cutter,Bug,Physical,40,95,20,MOVE_EFFECT_DOUBLE_POWER_EACH_TURN,0,True,Other type
Engine,Gallade,1,MOVE_SACRED_SWORD,Sacred Sword,Fighting,Physical,90,100,15,MOVE_EFFECT_HIT,0,True,Own type
Engine,Gallade,1,MOVE_CHARM,Charm,Fairy,Status,0,100,20,MOVE_EFFECT_ATK_DOWN_2,0,True,Other type
Engine,Gallade,1,MOVE_DISARMING_VOICE,Disarming Voice,Fairy,Special,40,0,15,MOVE_EFFECT_BYPASS_ACCURACY,0,True,Other type
Engine,Gallade,1,MOVE_CALM_MIND,Calm Mind,Psychic,Status,0,0,20,MOVE_EFFECT_SP_ATK_SP_DEF_UP,0,True,Own type
Engine,Gallade,1,MOVE_LEAF_BLADE,Leaf Blade,Grass,Physical,90,100,15,MOVE_EFFECT_HIGH_CRITICAL,0,True,Other type
Engine,Gallade,1,MOVE_DOUBLE_TEAM,Double Team,Normal,Status,0,0,15,MOVE_EFFECT_EVA_UP,0,True,Normal
Engine,Gallade,1,MOVE_DRAINING_KISS,Draining Kiss,Fairy,Special,50,100,10,MOVE_EFFECT_RECOVER_THREE_QUARTERS_DAMAGE_DEALT,0,True,Other type
Engine,Gallade,1,MOVE_HYPNOSIS,Hypnosis,Psychic,Status,0,60,20,MOVE_EFFECT_STATUS_SLEEP,0,True,Own type
Engine,Gallade,1,MOVE_PSYCHIC,Psychic,Psychic,Special,90,100,10,MOVE_EFFECT_LOWER_SP_DEF_HIT,0,True,Own type
Engine,Gallade,1,MOVE_CONFUSION,Confusion,Psychic,Special,50,100,25,MOVE_EFFECT_CONFUSE_HIT,0,True,Own type
Engine,Gallade,1,MOVE_PSYBEAM,Psybeam,Psychic,Special,65,100,20,MOVE_EFFECT_CONFUSE_HIT,0,True,Own type
Engine,Gallade,1,MOVE_GROWL,Growl,Normal,Status,0,100,40,MOVE_EFFECT_ATK_DOWN,0,True,Normal
Engine,Gallade,1,MOVE_LEER,Leer,Normal,Status,0,100,30,MOVE_EFFECT_DEF_DOWN,0,True,Normal
Engine,Gallade,1,MOVE_DREAM_EATER,Dream Eater,Psychic,Special,100,100,15,MOVE_EFFECT_RECOVER_DAMAGE_SLEEP,0,True,Own type
Engine,Gallade,1,MOVE_AQUA_CUTTER,Aqua Cutter,Water,Physical,70,100,20,MOVE_EFFECT_HIGH_CRITICAL,0,True,Other type
Engine,Gallade,9,MOVE_HELPING_HAND,Helping Hand,Normal,Status,0,0,20,MOVE_EFFECT_BOOST_ALLY_POWER_BY_50_PERCENT,5,True,Normal
Engine,Gallade,12,MOVE_FEINT,Feint,Normal,Physical,30,100,10,MOVE_EFFECT_REMOVE_PROTECT,2,True,Normal
Engine,Gallade,15,MOVE_TELEPORT,Teleport,Psychic,Status,0,0,20,MOVE_EFFECT_FLEE_FROM_WILD_BATTLE,-6,True,Own type
Engine,Gallade,18,MOVE_AERIAL_ACE,Aerial Ace,Flying,Physical,60,0,20,MOVE_EFFECT_BYPASS_ACCURACY,0,True,Other type
Engine,Gallade,23,MOVE_FALSE_SWIPE,False Swipe,Normal,Physical,40,100,40,MOVE_EFFECT_LEAVE_WITH_1_HP,0,True,Normal
Engine,Gallade,28,MOVE_PROTECT,Protect,Normal,Status,0,0,10,MOVE_EFFECT_PROTECT,4,True,Normal
Engine,Gallade,35,MOVE_SWORDS_DANCE,Swords Dance,Normal,Status,0,0,20,MOVE_EFFECT_ATK_UP_2,0,True,Normal
Engine,Gallade,42,MOVE_PSYCHO_CUT,Psycho Cut,Psychic,Physical,70,100,20,MOVE_EFFECT_HIGH_CRITICAL,0,True,Own type
Engine,Gallade,49,MOVE_HEAL_PULSE,Heal Pulse,Psychic,Status,0,0,10,MOVE_EFFECT_HEAL_TARGET,0,True,Own type
Engine,Gallade,56,MOVE_WIDE_GUARD,Wide Guard,Rock,Status,0,0,10,MOVE_EFFECT_PROTECT_USER_SIDE,3,True,Other type
Engine,Gallade,56,MOVE_QUICK_GUARD,Quick Guard,Fighting,Status,0,0,15,MOVE_EFFECT_PROTECT_USER_SIDE,3,True,Own type
Engine,Gallade,63,MOVE_CLOSE_COMBAT,Close Combat,Fighting,Physical,120,100,5,MOVE_EFFECT_USER_DEF_SP_DEF_DOWN_HIT,0,True,Own type
Engine,Poliwrath,0,MOVE_DYNAMIC_PUNCH,Dynamic Punch,Fighting,Physical,100,50,5,MOVE_EFFECT_CONFUSE_HIT,0,True,Own type
Engine,Poliwrath,1,MOVE_BODY_SLAM,Body Slam,Normal,Physical,85,100,15,MOVE_EFFECT_PARALYZE_HIT,0,True,Normal
Engine,Poliwrath,1,MOVE_BUBBLE_BEAM,Bubble Beam,Water,Special,65,100,20,MOVE_EFFECT_LOWER_SPEED_HIT,0,True,Own type
Engine,Poliwrath,1,MOVE_HYPNOSIS,Hypnosis,Psychic,Status,0,60,20,MOVE_EFFECT_STATUS_SLEEP,0,True,Other type
Engine,Toxicroak,1,MOVE_POISON_STING,Poison Sting,Poison,Physical,15,100,35,MOVE_EFFECT_POISON_HIT,0,True,Own type
Engine,Toxicroak,1,MOVE_MUD_SLAP,Mud-Slap,Ground,Special,20,100,10,MOVE_EFFECT_LOWER_ACCURACY_HIT,0,True,Other type
Engine,Toxicroak,1,MOVE_TAUNT,Taunt,Dark,Status,0,100,20,MOVE_EFFECT_TAUNT,0,True,Other type
Engine,Toxicroak,1,MOVE_ASTONISH,Astonish,Ghost,Physical,30,100,15,MOVE_EFFECT_FLINCH_HIT,0,True,Other type
Engine,Toxicroak,12,MOVE_FLATTER,Flatter,Dark,Status,0,100,15,MOVE_EFFECT_SP_ATK_UP_CAUSE_CONFUSION,0,True,Other type
Engine,Toxicroak,16,MOVE_LOW_KICK,Low Kick,Fighting,Physical,1,100,20,MOVE_EFFECT_INCREASE_POWER_WITH_WEIGHT,0,True,Own type
Engine,Toxicroak,20,MOVE_VENOSHOCK,Venoshock,Poison,Special,65,100,10,MOVE_EFFECT_DOUBLE_POWER_ON_POISONED,0,True,Own type
Engine,Toxicroak,24,MOVE_SUCKER_PUNCH,Sucker Punch,Dark,Physical,70,100,5,MOVE_EFFECT_HIT_FIRST_IF_TARGET_ATTACKING,1,True,Other type
Engine,Toxicroak,28,MOVE_SWAGGER,Swagger,Normal,Status,0,85,15,MOVE_EFFECT_ATK_UP_2_STATUS_CONFUSION,0,True,Normal
Engine,Toxicroak,32,MOVE_POISON_JAB,Poison Jab,Poison,Physical,80,100,20,MOVE_EFFECT_POISON_HIT,0,True,Own type
Engine,Toxicroak,36,MOVE_TOXIC,Toxic,Poison,Status,0,90,10,MOVE_EFFECT_STATUS_BADLY_POISON,0,True,Own type
Engine,Toxicroak,42,MOVE_NASTY_PLOT,Nasty Plot,Dark,Status,0,0,20,MOVE_EFFECT_SP_ATK_UP_2,0,True,Other type
Engine,Toxicroak,48,MOVE_SLUDGE_BOMB,Sludge Bomb,Poison,Special,90,100,10,MOVE_EFFECT_POISON_HIT,0,True,Own type
Engine,Toxicroak,54,MOVE_BELCH,Belch,Poison,Special,120,90,10,MOVE_EFFECT_BELCH,0,True,Own type
Engine,Ninetales,1,MOVE_QUICK_ATTACK,Quick Attack,Normal,Physical,40,100,30,MOVE_EFFECT_PRIORITY_1,1,True,Normal
Engine,Ninetales,1,MOVE_FLAMETHROWER,Flamethrower,Fire,Special,90,100,15,MOVE_EFFECT_BURN_HIT,0,True,Own type
Engine,Ninetales,1,MOVE_TAIL_WHIP,Tail Whip,Normal,Status,0,100,30,MOVE_EFFECT_DEF_DOWN,0,True,Normal
Engine,Arcanine,0,MOVE_EXTREME_SPEED,Extreme Speed,Normal,Physical,80,100,5,MOVE_EFFECT_PRIORITY_1,2,True,Normal
Engine,Arcanine,1,MOVE_PLAY_ROUGH,Play Rough,Fairy,Physical,90,90,10,MOVE_EFFECT_LOWER_ATTACK_HIT,0,True,Other type
Engine,Arcanine,1,MOVE_FIRE_FANG,Fire Fang,Fire,Physical,65,95,15,MOVE_EFFECT_FLINCH_BURN_HIT,0,True,Own type
Engine,Arcanine,1,MOVE_FLARE_BLITZ,Flare Blitz,Fire,Physical,120,100,15,MOVE_EFFECT_RECOIL_BURN_HIT,0,True,Own type
Engine,Arcanine,1,MOVE_HOWL,Howl,Normal,Status,0,0,40,MOVE_EFFECT_HOWL,0,True,Normal
Engine,Arcanine,1,MOVE_HELPING_HAND,Helping Hand,Normal,Status,0,0,20,MOVE_EFFECT_BOOST_ALLY_POWER_BY_50_PERCENT,5,True,Normal
Engine,Arcanine,1,MOVE_CRUNCH,Crunch,Dark,Physical,80,100,15,MOVE_EFFECT_LOWER_DEFENSE_HIT,0,True,Other type
Engine,Arcanine,1,MOVE_RETALIATE,Retaliate,Normal,Physical,70,100,5,MOVE_EFFECT_HIT,0,True,Normal
Engine,Arcanine,1,MOVE_REVERSAL,Reversal,Fighting,Physical,1,100,15,MOVE_EFFECT_INCREASE_POWER_WITH_LESS_HP,0,True,Other type
Engine,Arcanine,1,MOVE_AGILITY,Agility,Psychic,Status,0,0,30,MOVE_EFFECT_SPEED_UP_2,0,True,Other type
Engine,Arcanine,1,MOVE_EMBER,Ember,Fire,Special,40,100,25,MOVE_EFFECT_BURN_HIT,0,True,Own type
Engine,Arcanine,1,MOVE_ROAR,Roar,Normal,Status,0,0,20,MOVE_EFFECT_FORCE_SWITCH,-6,True,Normal
Engine,Arcanine,1,MOVE_BITE,Bite,Dark,Physical,60,100,25,MOVE_EFFECT_FLINCH_HIT,0,True,Other type
Engine,Arcanine,1,MOVE_LEER,Leer,Normal,Status,0,100,30,MOVE_EFFECT_DEF_DOWN,0,True,Normal
Engine,Arcanine,1,MOVE_FLAME_WHEEL,Flame Wheel,Fire,Physical,60,100,25,MOVE_EFFECT_THAW_AND_BURN_HIT,0,True,Own type
Engine,Arcanine,1,MOVE_TAKE_DOWN,Take Down,Normal,Physical,90,85,20,MOVE_EFFECT_RECOIL_QUARTER,0,True,Normal
Engine,Arcanine,5,MOVE_FLAMETHROWER,Flamethrower,Fire,Special,90,100,15,MOVE_EFFECT_BURN_HIT,0,True,Own type
Engine,Rapidash,0,MOVE_SMART_STRIKE,Smart Strike,Steel,Physical,70,0,10,MOVE_EFFECT_BYPASS_ACCURACY,0,True,Other type
Engine,Rapidash,1,MOVE_EMBER,Ember,Fire,Special,40,100,25,MOVE_EFFECT_BURN_HIT,0,True,Own type
Engine,Rapidash,1,MOVE_GROWL,Growl,Normal,Status,0,100,40,MOVE_EFFECT_ATK_DOWN,0,True,Normal
Engine,Rapidash,1,MOVE_MEGAHORN,Megahorn,Bug,Physical,120,85,10,MOVE_EFFECT_HIT,0,True,Other type
Engine,Rapidash,1,MOVE_POISON_JAB,Poison Jab,Poison,Physical,80,100,20,MOVE_EFFECT_POISON_HIT,0,True,Other type
Engine,Rapidash,1,MOVE_QUICK_ATTACK,Quick Attack,Normal,Physical,40,100,30,MOVE_EFFECT_PRIORITY_1,1,True,Normal
Engine,Rapidash,1,MOVE_SMART_STRIKE,Smart Strike,Steel,Physical,70,0,10,MOVE_EFFECT_BYPASS_ACCURACY,0,True,Other type
Engine,Rapidash,1,MOVE_TACKLE,Tackle,Normal,Physical,40,100,35,MOVE_EFFECT_HIT,0,True,Normal
Engine,Rapidash,1,MOVE_TAIL_WHIP,Tail Whip,Normal,Status,0,100,30,MOVE_EFFECT_DEF_DOWN,0,True,Normal
Engine,Rapidash,15,MOVE_FLAME_CHARGE,Flame Charge,Fire,Physical,50,100,20,MOVE_EFFECT_RAISE_SPEED_HIT,0,True,Own type
Engine,Rapidash,20,MOVE_AGILITY,Agility,Psychic,Status,0,0,30,MOVE_EFFECT_SPEED_UP_2,0,True,Other type
Engine,Rapidash,25,MOVE_FLAME_WHEEL,Flame Wheel,Fire,Physical,60,100,25,MOVE_EFFECT_THAW_AND_BURN_HIT,0,True,Own type
Engine,Rapidash,30,MOVE_STOMP,Stomp,Normal,Physical,65,100,20,MOVE_EFFECT_FLINCH_MINIMIZE_DOUBLE_HIT,0,True,Normal
Engine,Rapidash,35,MOVE_FIRE_SPIN,Fire Spin,Fire,Special,35,85,15,MOVE_EFFECT_BIND_HIT,0,True,Own type
Engine,Rapidash,43,MOVE_TAKE_DOWN,Take Down,Normal,Physical,90,85,20,MOVE_EFFECT_RECOIL_QUARTER,0,True,Normal
Engine,Rapidash,49,MOVE_INFERNO,Inferno,Fire,Special,100,50,5,MOVE_EFFECT_BURN_HIT,0,True,Own type
Engine,Rapidash,56,MOVE_FIRE_BLAST,Fire Blast,Fire,Special,110,85,5,MOVE_EFFECT_BURN_HIT,0,True,Own type
Engine,Rapidash,63,MOVE_FLARE_BLITZ,Flare Blitz,Fire,Physical,120,100,15,MOVE_EFFECT_RECOIL_BURN_HIT,0,True,Own type
Engine,Flareon,0,MOVE_EMBER,Ember,Fire,Special,40,100,25,MOVE_EFFECT_BURN_HIT,0,True,Own type
Engine,Flareon,1,MOVE_SWIFT,Swift,Normal,Special,60,0,20,MOVE_EFFECT_BYPASS_ACCURACY,0,True,Normal
Engine,Flareon,1,MOVE_TACKLE,Tackle,Normal,Physical,40,100,35,MOVE_EFFECT_HIT,0,True,Normal
Engine,Flareon,1,MOVE_TAKE_DOWN,Take Down,Normal,Physical,90,85,20,MOVE_EFFECT_RECOIL_QUARTER,0,True,Normal
Engine,Flareon,1,MOVE_DOUBLE_EDGE,Double-Edge,Normal,Physical,120,100,15,MOVE_EFFECT_RECOIL_THIRD,0,True,Normal
Engine,Flareon,1,MOVE_TAIL_WHIP,Tail Whip,Normal,Status,0,100,30,MOVE_EFFECT_DEF_DOWN,0,True,Normal
Engine,Flareon,1,MOVE_COPYCAT,Copycat,Normal,Status,0,0,20,MOVE_EFFECT_USE_LAST_USED_MOVE,0,True,Normal
Engine,Flareon,1,MOVE_GROWL,Growl,Normal,Status,0,100,40,MOVE_EFFECT_ATK_DOWN,0,True,Normal
Engine,Flareon,1,MOVE_COVET,Covet,Normal,Physical,60,100,25,MOVE_EFFECT_STEAL_HELD_ITEM,0,True,Normal
Engine,Flareon,1,MOVE_HELPING_HAND,Helping Hand,Normal,Status,0,0,20,MOVE_EFFECT_BOOST_ALLY_POWER_BY_50_PERCENT,5,True,Normal
Engine,Flareon,1,MOVE_BATON_PASS,Baton Pass,Normal,Status,0,0,40,MOVE_EFFECT_PASS_STATS_AND_STATUS,0,True,Normal
Engine,Flareon,1,MOVE_CHARM,Charm,Fairy,Status,0,100,20,MOVE_EFFECT_ATK_DOWN_2,0,True,Other type
Engine,Flareon,5,MOVE_SAND_ATTACK,Sand Attack,Ground,Status,0,100,15,MOVE_EFFECT_ACC_DOWN,0,True,Other type
Engine,Flareon,10,MOVE_QUICK_ATTACK,Quick Attack,Normal,Physical,40,100,30,MOVE_EFFECT_PRIORITY_1,1,True,Normal
Engine,Flareon,15,MOVE_BABY_DOLL_EYES,Baby-Doll Eyes,Fairy,Status,0,100,30,MOVE_EFFECT_ATK_DOWN,1,True,Other type
Engine,Flareon,20,MOVE_SMOG,Smog,Poison,Special,30,70,20,MOVE_EFFECT_POISON_HIT,0,True,Other type
Engine,Flareon,25,MOVE_BITE,Bite,Dark,Physical,60,100,25,MOVE_EFFECT_FLINCH_HIT,0,True,Other type
Engine,Flareon,30,MOVE_FIRE_FANG,Fire Fang,Fire,Physical,65,95,15,MOVE_EFFECT_FLINCH_BURN_HIT,0,True,Own type
Engine,Flareon,35,MOVE_FIRE_SPIN,Fire Spin,Fire,Special,35,85,15,MOVE_EFFECT_BIND_HIT,0,True,Own type
Engine,Flareon,40,MOVE_LAVA_PLUME,Lava Plume,Fire,Special,80,100,15,MOVE_EFFECT_BURN_HIT,0,True,Own type
Engine,Flareon,45,MOVE_SCARY_FACE,Scary Face,Normal,Status,0,100,10,MOVE_EFFECT_SPEED_DOWN_2,0,True,Normal
Engine,Flareon,50,MOVE_FLARE_BLITZ,Flare Blitz,Fire,Physical,120,100,15,MOVE_EFFECT_RECOIL_BURN_HIT,0,True,Own type
Engine,Flareon,55,MOVE_LAST_RESORT,Last Resort,Normal,Physical,140,100,5,MOVE_EFFECT_FAIL_IF_NOT_USED_ALL_OTHER_MOVES,0,True,Normal
Engine,Moltres,1,MOVE_GUST,Gust,Flying,Special,40,100,35,MOVE_EFFECT_DOUBLE_DAMAGE_FLY_OR_BOUNCE,0,True,Own type
Engine,Moltres,1,MOVE_LEER,Leer,Normal,Status,0,100,30,MOVE_EFFECT_DEF_DOWN,0,True,Normal
Engine,Moltres,5,MOVE_EMBER,Ember,Fire,Special,40,100,25,MOVE_EFFECT_BURN_HIT,0,True,Own type
Engine,Moltres,10,MOVE_SAFEGUARD,Safeguard,Normal,Status,0,0,25,MOVE_EFFECT_PREVENT_STATUS,0,True,Normal
Engine,Moltres,15,MOVE_WING_ATTACK,Wing Attack,Flying,Physical,60,100,35,MOVE_EFFECT_HIT,0,True,Own type
Engine,Moltres,20,MOVE_AGILITY,Agility,Psychic,Status,0,0,30,MOVE_EFFECT_SPEED_UP_2,0,True,Other type
Engine,Moltres,25,MOVE_ANCIENT_POWER,Ancient Power,Rock,Special,60,100,5,MOVE_EFFECT_RAISE_ALL_STATS_HIT,0,True,Other type
Engine,Moltres,30,MOVE_INCINERATE,Incinerate,Fire,Special,60,100,15,MOVE_EFFECT_INCINERATE,0,True,Own type
Engine,Moltres,35,MOVE_AIR_SLASH,Air Slash,Flying,Special,75,95,15,MOVE_EFFECT_FLINCH_HIT,0,True,Own type
Engine,Moltres,40,MOVE_ROOST,Roost,Flying,Status,0,0,5,MOVE_EFFECT_HEAL_HALF_REMOVE_FLYING_TYPE,0,True,Own type
Engine,Moltres,45,MOVE_HEAT_WAVE,Heat Wave,Fire,Special,95,90,10,MOVE_EFFECT_BURN_HIT,0,True,Own type
Engine,Moltres,50,MOVE_SUNNY_DAY,Sunny Day,Fire,Status,0,0,5,MOVE_EFFECT_WEATHER_SUN,0,True,Own type
Engine,Moltres,55,MOVE_HURRICANE,Hurricane,Flying,Special,110,70,10,MOVE_EFFECT_HURRICANE,0,True,Own type
Engine,Moltres,60,MOVE_ENDURE,Endure,Normal,Status,0,0,10,MOVE_EFFECT_SURVIVE_WITH_1_HP,4,True,Normal
Engine,Moltres,65,MOVE_OVERHEAT,Overheat,Fire,Special,130,90,5,MOVE_EFFECT_USER_SP_ATK_DOWN_2,0,True,Own type
Engine,Moltres,70,MOVE_SKY_ATTACK,Sky Attack,Flying,Physical,140,90,5,MOVE_EFFECT_CHARGE_TURN_HIGH_CRIT_FLINCH,0,True,Own type
Engine,Entei,1,MOVE_STOMP,Stomp,Normal,Physical,65,100,20,MOVE_EFFECT_FLINCH_MINIMIZE_DOUBLE_HIT,0,True,Normal
Engine,Entei,1,MOVE_LEER,Leer,Normal,Status,0,100,30,MOVE_EFFECT_DEF_DOWN,0,True,Normal
Engine,Entei,1,MOVE_EMBER,Ember,Fire,Special,40,100,25,MOVE_EFFECT_BURN_HIT,0,True,Own type
Engine,Entei,1,MOVE_SMOKESCREEN,Smokescreen,Normal,Status,0,100,20,MOVE_EFFECT_ACC_DOWN,0,True,Normal
Engine,Entei,6,MOVE_FLAME_WHEEL,Flame Wheel,Fire,Physical,60,100,25,MOVE_EFFECT_THAW_AND_BURN_HIT,0,True,Own type
Engine,Entei,12,MOVE_BITE,Bite,Dark,Physical,60,100,25,MOVE_EFFECT_FLINCH_HIT,0,True,Other type
Engine,Entei,18,MOVE_CALM_MIND,Calm Mind,Psychic,Status,0,0,20,MOVE_EFFECT_SP_ATK_SP_DEF_UP,0,True,Other type
Engine,Entei,24,MOVE_ROAR,Roar,Normal,Status,0,0,20,MOVE_EFFECT_FORCE_SWITCH,-6,True,Normal
Engine,Entei,30,MOVE_FIRE_FANG,Fire Fang,Fire,Physical,65,95,15,MOVE_EFFECT_FLINCH_BURN_HIT,0,True,Own type
Engine,Entei,36,MOVE_SCARY_FACE,Scary Face,Normal,Status,0,100,10,MOVE_EFFECT_SPEED_DOWN_2,0,True,Normal
Engine,Entei,42,MOVE_CRUNCH,Crunch,Dark,Physical,80,100,15,MOVE_EFFECT_LOWER_DEFENSE_HIT,0,True,Other type
Engine,Entei,48,MOVE_EXTRASENSORY,Extrasensory,Psychic,Special,80,100,20,MOVE_EFFECT_FLINCH_HIT,0,True,Other type
Engine,Entei,54,MOVE_LAVA_PLUME,Lava Plume,Fire,Special,80,100,15,MOVE_EFFECT_BURN_HIT,0,True,Own type
Engine,Entei,60,MOVE_SWAGGER,Swagger,Normal,Status,0,85,15,MOVE_EFFECT_ATK_UP_2_STATUS_CONFUSION,0,True,Normal
Engine,Entei,66,MOVE_SUNNY_DAY,Sunny Day,Fire,Status,0,0,5,MOVE_EFFECT_WEATHER_SUN,0,True,Own type
Engine,Entei,72,MOVE_FIRE_BLAST,Fire Blast,Fire,Special,110,85,5,MOVE_EFFECT_BURN_HIT,0,True,Own type
Engine,Entei,78,MOVE_ERUPTION,Eruption,Fire,Special,150,100,5,MOVE_EFFECT_DECREASE_POWER_WITH_LESS_USER_HP,0,True,Own type
Engine,Camerupt,0,MOVE_ROCK_SLIDE,Rock Slide,Rock,Physical,75,90,10,MOVE_EFFECT_FLINCH_HIT,0,True,Other type
Engine,Camerupt,1,MOVE_TACKLE,Tackle,Normal,Physical,40,100,35,MOVE_EFFECT_HIT,0,True,Normal
Engine,Camerupt,1,MOVE_GROWL,Growl,Normal,Status,0,100,40,MOVE_EFFECT_ATK_DOWN,0,True,Normal
Engine,Camerupt,1,MOVE_EMBER,Ember,Fire,Special,40,100,25,MOVE_EFFECT_BURN_HIT,0,True,Own type
Engine,Camerupt,1,MOVE_FISSURE,Fissure,Ground,Physical,1,30,5,MOVE_EFFECT_ONE_HIT_KO,0,True,Own type
Engine,Camerupt,1,MOVE_FOCUS_ENERGY,Focus Energy,Normal,Status,0,0,30,MOVE_EFFECT_CRIT_UP_2,0,True,Normal
Engine,Camerupt,1,MOVE_ERUPTION,Eruption,Fire,Special,150,100,5,MOVE_EFFECT_DECREASE_POWER_WITH_LESS_USER_HP,0,True,Own type
Engine,Camerupt,12,MOVE_BULLDOZE,Bulldoze,Ground,Physical,60,100,20,MOVE_EFFECT_LOWER_SPEED_HIT,0,True,Own type
Engine,Camerupt,15,MOVE_INCINERATE,Incinerate,Fire,Special,60,100,15,MOVE_EFFECT_INCINERATE,0,True,Own type
Engine,Camerupt,19,MOVE_AMNESIA,Amnesia,Psychic,Status,0,0,20,MOVE_EFFECT_SP_DEF_UP_2,0,True,Other type
Engine,Camerupt,22,MOVE_LAVA_PLUME,Lava Plume,Fire,Special,80,100,15,MOVE_EFFECT_BURN_HIT,0,True,Own type
Engine,Camerupt,26,MOVE_EARTH_POWER,Earth Power,Ground,Special,90,100,10,MOVE_EFFECT_LOWER_SP_DEF_HIT,0,True,Own type
Engine,Camerupt,29,MOVE_CURSE,Curse,Ghost,Status,0,0,10,MOVE_EFFECT_CURSE,0,True,Other type
Engine,Camerupt,31,MOVE_TAKE_DOWN,Take Down,Normal,Physical,90,85,20,MOVE_EFFECT_RECOIL_QUARTER,0,True,Normal
Engine,Camerupt,39,MOVE_YAWN,Yawn,Normal,Status,0,0,10,MOVE_EFFECT_STATUS_SLEEP_NEXT_TURN,0,True,Normal
Engine,Camerupt,46,MOVE_EARTHQUAKE,Earthquake,Ground,Physical,100,100,10,MOVE_EFFECT_DOUBLE_DAMAGE_DIG,0,True,Own type
Engine,Torkoal,1,MOVE_EMBER,Ember,Fire,Special,40,100,25,MOVE_EFFECT_BURN_HIT,0,True,Own type
Engine,Torkoal,1,MOVE_SMOG,Smog,Poison,Special,30,70,20,MOVE_EFFECT_POISON_HIT,0,True,Other type
Engine,Torkoal,4,MOVE_WITHDRAW,Withdraw,Water,Status,0,0,40,MOVE_EFFECT_DEF_UP,0,True,Other type
Engine,Torkoal,8,MOVE_RAPID_SPIN,Rapid Spin,Normal,Physical,50,100,40,MOVE_EFFECT_REMOVE_HAZARDS_AND_BINDING,0,True,Normal
Engine,Torkoal,12,MOVE_SMOKESCREEN,Smokescreen,Normal,Status,0,100,20,MOVE_EFFECT_ACC_DOWN,0,True,Normal
Engine,Torkoal,16,MOVE_CLEAR_SMOG,Clear Smog,Poison,Special,50,0,15,MOVE_EFFECT_CLEAR_SMOG,0,True,Other type
Engine,Torkoal,20,MOVE_FLAME_WHEEL,Flame Wheel,Fire,Physical,60,100,25,MOVE_EFFECT_THAW_AND_BURN_HIT,0,True,Own type
Engine,Torkoal,24,MOVE_PROTECT,Protect,Normal,Status,0,0,10,MOVE_EFFECT_PROTECT,4,True,Normal
Engine,Torkoal,28,MOVE_LAVA_PLUME,Lava Plume,Fire,Special,80,100,15,MOVE_EFFECT_BURN_HIT,0,True,Own type
Engine,Torkoal,32,MOVE_BODY_SLAM,Body Slam,Normal,Physical,85,100,15,MOVE_EFFECT_PARALYZE_HIT,0,True,Normal
Engine,Torkoal,36,MOVE_IRON_DEFENSE,Iron Defense,Steel,Status,0,0,15,MOVE_EFFECT_DEF_UP_2,0,True,Other type
Engine,Torkoal,40,MOVE_FLAMETHROWER,Flamethrower,Fire,Special,90,100,15,MOVE_EFFECT_BURN_HIT,0,True,Own type
Engine,Torkoal,44,MOVE_CURSE,Curse,Ghost,Status,0,0,10,MOVE_EFFECT_CURSE,0,True,Other type
Engine,Torkoal,48,MOVE_HEAT_WAVE,Heat Wave,Fire,Special,95,90,10,MOVE_EFFECT_BURN_HIT,0,True,Own type
Engine,Torkoal,52,MOVE_AMNESIA,Amnesia,Psychic,Status,0,0,20,MOVE_EFFECT_SP_DEF_UP_2,0,True,Other type
Engine,Torkoal,56,MOVE_INFERNO,Inferno,Fire,Special,100,50,5,MOVE_EFFECT_BURN_HIT,0,True,Own type
Engine,Torkoal,60,MOVE_SHELL_SMASH,Shell Smash,Normal,Status,0,0,15,MOVE_EFFECT_ATK_SP_ATK_SPEED_UP_2_DEF_SP_DEF_DOWN,0,True,Normal
Engine,Torkoal,64,MOVE_ERUPTION,Eruption,Fire,Special,150,100,5,MOVE_EFFECT_DECREASE_POWER_WITH_LESS_USER_HP,0,True,Own type
Engine,Heatran,1,MOVE_LEER,Leer,Normal,Status,0,100,30,MOVE_EFFECT_DEF_DOWN,0,True,Normal
Engine,Heatran,1,MOVE_FIRE_SPIN,Fire Spin,Fire,Special,35,85,15,MOVE_EFFECT_BIND_HIT,0,True,Own type
Engine,Heatran,6,MOVE_METAL_CLAW,Metal Claw,Steel,Physical,50,95,35,MOVE_EFFECT_RAISE_ATTACK_HIT,0,True,Own type
Engine,Heatran,12,MOVE_ANCIENT_POWER,Ancient Power,Rock,Special,60,100,5,MOVE_EFFECT_RAISE_ALL_STATS_HIT,0,True,Other type
Engine,Heatran,18,MOVE_FIRE_FANG,Fire Fang,Fire,Physical,65,95,15,MOVE_EFFECT_FLINCH_BURN_HIT,0,True,Own type
Engine,Heatran,24,MOVE_SCARY_FACE,Scary Face,Normal,Status,0,100,10,MOVE_EFFECT_SPEED_DOWN_2,0,True,Normal
Engine,Heatran,30,MOVE_IRON_HEAD,Iron Head,Steel,Physical,80,100,15,MOVE_EFFECT_FLINCH_HIT,0,True,Own type
Engine,Heatran,36,MOVE_CRUNCH,Crunch,Dark,Physical,80,100,15,MOVE_EFFECT_LOWER_DEFENSE_HIT,0,True,Other type
Engine,Heatran,42,MOVE_LAVA_PLUME,Lava Plume,Fire,Special,80,100,15,MOVE_EFFECT_BURN_HIT,0,True,Own type
Engine,Heatran,48,MOVE_METAL_SOUND,Metal Sound,Steel,Status,0,85,40,MOVE_EFFECT_SP_DEF_DOWN_2,0,True,Own type
Engine,Heatran,54,MOVE_EARTH_POWER,Earth Power,Ground,Special,90,100,10,MOVE_EFFECT_LOWER_SP_DEF_HIT,0,True,Other type
Engine,Heatran,60,MOVE_HEAT_WAVE,Heat Wave,Fire,Special,95,90,10,MOVE_EFFECT_BURN_HIT,0,True,Own type
Engine,Heatran,66,MOVE_STONE_EDGE,Stone Edge,Rock,Physical,100,80,5,MOVE_EFFECT_HIGH_CRITICAL,0,True,Other type
Engine,Heatran,72,MOVE_MAGMA_STORM,Magma Storm,Fire,Special,100,75,5,MOVE_EFFECT_BIND_HIT,0,True,Own type
Engine,Dewgong,0,MOVE_SHEER_COLD,Sheer Cold,Ice,Special,1,30,5,MOVE_EFFECT_ONE_HIT_KO,0,True,Own type
Engine,Dewgong,1,MOVE_HEADBUTT,Headbutt,Normal,Physical,70,100,15,MOVE_EFFECT_FLINCH_HIT,0,True,Normal
Engine,Dewgong,1,MOVE_GROWL,Growl,Normal,Status,0,100,40,MOVE_EFFECT_ATK_DOWN,0,True,Normal
Engine,Dewgong,1,MOVE_ICY_WIND,Icy Wind,Ice,Special,55,95,15,MOVE_EFFECT_LOWER_SPEED_HIT,0,True,Own type
Engine,Dewgong,13,MOVE_ENCORE,Encore,Normal,Status,0,100,5,MOVE_EFFECT_ENCORE,0,True,Normal
Engine,Dewgong,17,MOVE_ICE_SHARD,Ice Shard,Ice,Physical,40,100,30,MOVE_EFFECT_PRIORITY_1,1,True,Own type
Engine,Dewgong,21,MOVE_REST,Rest,Psychic,Status,0,0,5,MOVE_EFFECT_RECOVER_HEALTH_AND_SLEEP,0,True,Other type
Engine,Dewgong,23,MOVE_AQUA_RING,Aqua Ring,Water,Status,0,0,20,MOVE_EFFECT_RESTORE_HP_EVERY_TURN,0,True,Own type
Engine,Dewgong,27,MOVE_AURORA_BEAM,Aurora Beam,Ice,Special,65,100,20,MOVE_EFFECT_LOWER_ATTACK_HIT,0,True,Own type
Engine,Dewgong,31,MOVE_AQUA_JET,Aqua Jet,Water,Physical,40,100,20,MOVE_EFFECT_PRIORITY_1,1,True,Own type
Engine,Dewgong,33,MOVE_BRINE,Brine,Water,Special,65,100,10,MOVE_EFFECT_DOUBLE_POWER_WHEN_BELOW_HALF,0,True,Own type
Engine,Dewgong,39,MOVE_TAKE_DOWN,Take Down,Normal,Physical,90,85,20,MOVE_EFFECT_RECOIL_QUARTER,0,True,Normal
Engine,Dewgong,45,MOVE_DIVE,Dive,Water,Physical,80,100,10,MOVE_EFFECT_DIVE,0,True,Own type
Engine,Dewgong,49,MOVE_AQUA_TAIL,Aqua Tail,Water,Physical,90,90,10,MOVE_EFFECT_HIT,0,True,Own type
Engine,Dewgong,55,MOVE_ICE_BEAM,Ice Beam,Ice,Special,90,100,10,MOVE_EFFECT_FREEZE_HIT,0,True,Own type
Engine,Dewgong,61,MOVE_SAFEGUARD,Safeguard,Normal,Status,0,0,25,MOVE_EFFECT_PREVENT_STATUS,0,True,Normal
Engine,Dewgong,65,MOVE_SNOWSCAPE,Snowscape,Ice,Status,0,0,10,MOVE_EFFECT_WEATHER_SNOW,0,True,Own type
Engine,Cloyster,0,MOVE_ICICLE_SPEAR,Icicle Spear,Ice,Physical,25,100,30,MOVE_EFFECT_MULTI_HIT,0,True,Own type
Engine,Cloyster,1,MOVE_ICICLE_CRASH,Icicle Crash,Ice,Physical,85,90,10,MOVE_EFFECT_FLINCH_HIT,0,True,Own type
Engine,Cloyster,1,MOVE_SHELL_SMASH,Shell Smash,Normal,Status,0,0,15,MOVE_EFFECT_ATK_SP_ATK_SPEED_UP_2_DEF_SP_DEF_DOWN,0,True,Normal
Engine,Cloyster,1,MOVE_ICE_SHARD,Ice Shard,Ice,Physical,40,100,30,MOVE_EFFECT_PRIORITY_1,1,True,Own type
Engine,Cloyster,1,MOVE_TOXIC_SPIKES,Toxic Spikes,Poison,Status,0,0,20,MOVE_EFFECT_TOXIC_SPIKES,0,True,Other type
Engine,Cloyster,1,MOVE_IRON_DEFENSE,Iron Defense,Steel,Status,0,0,15,MOVE_EFFECT_DEF_UP_2,0,True,Other type
Engine,Cloyster,1,MOVE_WHIRLPOOL,Whirlpool,Water,Special,35,85,15,MOVE_EFFECT_WHIRLPOOL,0,True,Own type
Engine,Cloyster,1,MOVE_SPIKES,Spikes,Ground,Status,0,0,20,MOVE_EFFECT_SET_SPIKES,0,True,Other type
Engine,Cloyster,1,MOVE_PROTECT,Protect,Normal,Status,0,0,10,MOVE_EFFECT_PROTECT,4,True,Normal
Engine,Cloyster,1,MOVE_WITHDRAW,Withdraw,Water,Status,0,0,40,MOVE_EFFECT_DEF_UP,0,True,Own type
Engine,Cloyster,1,MOVE_AURORA_BEAM,Aurora Beam,Ice,Special,65,100,20,MOVE_EFFECT_LOWER_ATTACK_HIT,0,True,Own type
Engine,Cloyster,1,MOVE_ICE_BEAM,Ice Beam,Ice,Special,90,100,10,MOVE_EFFECT_FREEZE_HIT,0,True,Own type
Engine,Cloyster,1,MOVE_HYDRO_PUMP,Hydro Pump,Water,Special,110,80,5,MOVE_EFFECT_HIT,0,True,Own type
Engine,Cloyster,1,MOVE_WATER_GUN,Water Gun,Water,Special,40,100,25,MOVE_EFFECT_HIT,0,True,Own type
Engine,Cloyster,1,MOVE_SUPERSONIC,Supersonic,Normal,Status,0,55,20,MOVE_EFFECT_STATUS_CONFUSE,0,True,Normal
Engine,Cloyster,1,MOVE_LEER,Leer,Normal,Status,0,100,30,MOVE_EFFECT_DEF_DOWN,0,True,Normal
Engine,Cloyster,1,MOVE_TACKLE,Tackle,Normal,Physical,40,100,35,MOVE_EFFECT_HIT,0,True,Normal
Engine,Cloyster,5,MOVE_RAZOR_SHELL,Razor Shell,Water,Physical,75,95,10,MOVE_EFFECT_LOWER_DEFENSE_HIT,0,True,Own type
Engine,Jynx,1,MOVE_COPYCAT,Copycat,Normal,Status,0,0,20,MOVE_EFFECT_USE_LAST_USED_MOVE,0,True,Normal
Engine,Jynx,1,MOVE_LICK,Lick,Ghost,Physical,30,100,30,MOVE_EFFECT_PARALYZE_HIT,0,True,Other type
Engine,Jynx,1,MOVE_POUND,Pound,Normal,Physical,40,100,35,MOVE_EFFECT_HIT,0,True,Normal
Engine,Jynx,1,MOVE_POWDER_SNOW,Powder Snow,Ice,Special,40,100,25,MOVE_EFFECT_FREEZE_HIT,0,True,Own type
Engine,Jynx,1,MOVE_SWEET_KISS,Sweet Kiss,Fairy,Status,0,75,10,MOVE_EFFECT_STATUS_CONFUSE,0,True,Other type
Engine,Jynx,12,MOVE_CONFUSION,Confusion,Psychic,Special,50,100,25,MOVE_EFFECT_CONFUSE_HIT,0,True,Own type
Engine,Jynx,16,MOVE_COVET,Covet,Normal,Physical,60,100,25,MOVE_EFFECT_STEAL_HELD_ITEM,0,True,Normal
Engine,Jynx,20,MOVE_SING,Sing,Normal,Status,0,55,15,MOVE_EFFECT_STATUS_SLEEP,0,True,Normal
Engine,Jynx,24,MOVE_FAKE_TEARS,Fake Tears,Dark,Status,0,100,20,MOVE_EFFECT_SP_DEF_DOWN_2,0,True,Other type
Engine,Jynx,28,MOVE_ICE_PUNCH,Ice Punch,Ice,Physical,75,100,15,MOVE_EFFECT_FREEZE_HIT,0,True,Own type
Engine,Jynx,34,MOVE_PSYCHIC,Psychic,Psychic,Special,90,100,10,MOVE_EFFECT_LOWER_SP_DEF_HIT,0,True,Own type
Engine,Jynx,40,MOVE_LOVELY_KISS,Lovely Kiss,Normal,Status,0,75,10,MOVE_EFFECT_STATUS_SLEEP,0,True,Normal
Engine,Jynx,46,MOVE_MEAN_LOOK,Mean Look,Normal,Status,0,0,5,MOVE_EFFECT_PREVENT_ESCAPE,0,True,Normal
Engine,Jynx,52,MOVE_PERISH_SONG,Perish Song,Normal,Status,0,0,5,MOVE_EFFECT_ALL_FAINT_3_TURNS,0,True,Normal
Engine,Jynx,58,MOVE_BLIZZARD,Blizzard,Ice,Special,110,70,5,MOVE_EFFECT_BLIZZARD,0,True,Own type
Engine,Lapras,1,MOVE_GROWL,Growl,Normal,Status,0,100,40,MOVE_EFFECT_ATK_DOWN,0,True,Normal
Engine,Lapras,1,MOVE_WATER_GUN,Water Gun,Water,Special,40,100,25,MOVE_EFFECT_HIT,0,True,Own type
Engine,Lapras,5,MOVE_SING,Sing,Normal,Status,0,55,15,MOVE_EFFECT_STATUS_SLEEP,0,True,Normal
Engine,Lapras,10,MOVE_MIST,Mist,Ice,Status,0,0,30,MOVE_EFFECT_PREVENT_STAT_REDUCTION,0,True,Own type
Engine,Lapras,15,MOVE_LIFE_DEW,Life Dew,Water,Status,0,0,10,MOVE_EFFECT_LIFE_DEW,0,True,Own type
Engine,Lapras,20,MOVE_ICE_SHARD,Ice Shard,Ice,Physical,40,100,30,MOVE_EFFECT_PRIORITY_1,1,True,Own type
Engine,Lapras,25,MOVE_CONFUSE_RAY,Confuse Ray,Ghost,Status,0,100,10,MOVE_EFFECT_STATUS_CONFUSE,0,True,Other type
Engine,Lapras,30,MOVE_WATER_PULSE,Water Pulse,Water,Special,60,100,20,MOVE_EFFECT_CONFUSE_HIT,0,True,Own type
Engine,Lapras,35,MOVE_BRINE,Brine,Water,Special,65,100,10,MOVE_EFFECT_DOUBLE_POWER_WHEN_BELOW_HALF,0,True,Own type
Engine,Lapras,40,MOVE_BODY_SLAM,Body Slam,Normal,Physical,85,100,15,MOVE_EFFECT_PARALYZE_HIT,0,True,Normal
Engine,Lapras,45,MOVE_ICE_BEAM,Ice Beam,Ice,Special,90,100,10,MOVE_EFFECT_FREEZE_HIT,0,True,Own type
Engine,Lapras,50,MOVE_RAIN_DANCE,Rain Dance,Water,Status,0,0,5,MOVE_EFFECT_WEATHER_RAIN,0,True,Own type
Engine,Lapras,55,MOVE_HYDRO_PUMP,Hydro Pump,Water,Special,110,80,5,MOVE_EFFECT_HIT,0,True,Own type
Engine,Lapras,60,MOVE_PERISH_SONG,Perish Song,Normal,Status,0,0,5,MOVE_EFFECT_ALL_FAINT_3_TURNS,0,True,Normal
Engine,Lapras,65,MOVE_SHEER_COLD,Sheer Cold,Ice,Special,1,30,5,MOVE_EFFECT_ONE_HIT_KO,0,True,Own type
Engine,Articuno,1,MOVE_GUST,Gust,Flying,Special,40,100,35,MOVE_EFFECT_DOUBLE_DAMAGE_FLY_OR_BOUNCE,0,True,Own type
Engine,Articuno,1,MOVE_MIST,Mist,Ice,Status,0,0,30,MOVE_EFFECT_PREVENT_STAT_REDUCTION,0,True,Own type
Engine,Articuno,5,MOVE_POWDER_SNOW,Powder Snow,Ice,Special,40,100,25,MOVE_EFFECT_FREEZE_HIT,0,True,Own type
Engine,Articuno,10,MOVE_REFLECT,Reflect,Psychic,Status,0,0,20,MOVE_EFFECT_SET_REFLECT,0,True,Other type
Engine,Articuno,15,MOVE_ICE_SHARD,Ice Shard,Ice,Physical,40,100,30,MOVE_EFFECT_PRIORITY_1,1,True,Own type
Engine,Articuno,20,MOVE_AGILITY,Agility,Psychic,Status,0,0,30,MOVE_EFFECT_SPEED_UP_2,0,True,Other type
Engine,Articuno,25,MOVE_ANCIENT_POWER,Ancient Power,Rock,Special,60,100,5,MOVE_EFFECT_RAISE_ALL_STATS_HIT,0,True,Other type
Engine,Articuno,30,MOVE_TAILWIND,Tailwind,Flying,Status,0,0,15,MOVE_EFFECT_DOUBLE_SPEED_3_TURNS,0,True,Own type
Engine,Articuno,35,MOVE_FREEZE_DRY,Freeze-Dry,Ice,Special,70,100,20,MOVE_EFFECT_FREEZE_HIT,0,True,Own type
Engine,Articuno,40,MOVE_ROOST,Roost,Flying,Status,0,0,5,MOVE_EFFECT_HEAL_HALF_REMOVE_FLYING_TYPE,0,True,Own type
Engine,Articuno,45,MOVE_ICE_BEAM,Ice Beam,Ice,Special,90,100,10,MOVE_EFFECT_FREEZE_HIT,0,True,Own type
Engine,Articuno,50,MOVE_SNOWSCAPE,Snowscape,Ice,Status,0,0,10,MOVE_EFFECT_WEATHER_SNOW,0,True,Own type
Engine,Articuno,55,MOVE_HURRICANE,Hurricane,Flying,Special,110,70,10,MOVE_EFFECT_HURRICANE,0,True,Own type
Engine,Articuno,60,MOVE_HAZE,Haze,Ice,Status,0,0,30,MOVE_EFFECT_RESET_STAT_CHANGES,0,True,Own type
Engine,Articuno,65,MOVE_BLIZZARD,Blizzard,Ice,Special,110,70,5,MOVE_EFFECT_BLIZZARD,0,True,Own type
Engine,Articuno,70,MOVE_SHEER_COLD,Sheer Cold,Ice,Special,1,30,5,MOVE_EFFECT_ONE_HIT_KO,0,True,Own type
Engine,Abomasnow,0,MOVE_ICE_PUNCH,Ice Punch,Ice,Physical,75,100,15,MOVE_EFFECT_FREEZE_HIT,0,True,Own type
Engine,Abomasnow,1,MOVE_LEER,Leer,Normal,Status,0,100,30,MOVE_EFFECT_DEF_DOWN,0,True,Normal
Engine,Abomasnow,1,MOVE_MIST,Mist,Ice,Status,0,0,30,MOVE_EFFECT_PREVENT_STAT_REDUCTION,0,True,Own type
Engine,Abomasnow,1,MOVE_POWDER_SNOW,Powder Snow,Ice,Special,40,100,25,MOVE_EFFECT_FREEZE_HIT,0,True,Own type
Engine,Abomasnow,1,MOVE_LEAFAGE,Leafage,Grass,Physical,40,100,40,MOVE_EFFECT_HIT,0,True,Own type
Engine,Abomasnow,1,MOVE_AURORA_VEIL,Aurora Veil,Ice,Status,0,0,20,MOVE_EFFECT_SET_AURORA_VEIL,0,True,Own type
Engine,Abomasnow,15,MOVE_ICE_SHARD,Ice Shard,Ice,Physical,40,100,30,MOVE_EFFECT_PRIORITY_1,1,True,Own type
Engine,Abomasnow,20,MOVE_RAZOR_LEAF,Razor Leaf,Grass,Physical,55,95,25,MOVE_EFFECT_HIGH_CRITICAL,0,True,Own type
Engine,Abomasnow,25,MOVE_ICY_WIND,Icy Wind,Ice,Special,55,95,15,MOVE_EFFECT_LOWER_SPEED_HIT,0,True,Own type
Engine,Abomasnow,30,MOVE_SWAGGER,Swagger,Normal,Status,0,85,15,MOVE_EFFECT_ATK_UP_2_STATUS_CONFUSION,0,True,Normal
Engine,Abomasnow,35,MOVE_INGRAIN,Ingrain,Grass,Status,0,0,20,MOVE_EFFECT_GROUND_TRAP_USER_CONTINUOUS_HEAL,0,True,Own type
Engine,Abomasnow,43,MOVE_WOOD_HAMMER,Wood Hammer,Grass,Physical,120,100,15,MOVE_EFFECT_RECOIL_THIRD,0,True,Own type
Engine,Abomasnow,49,MOVE_BLIZZARD,Blizzard,Ice,Special,110,70,5,MOVE_EFFECT_BLIZZARD,0,True,Own type
Engine,Abomasnow,56,MOVE_SHEER_COLD,Sheer Cold,Ice,Special,1,30,5,MOVE_EFFECT_ONE_HIT_KO,0,True,Own type
Engine,Umbreon,0,MOVE_SNARL,Snarl,Dark,Special,55,95,15,MOVE_EFFECT_LOWER_SP_ATK_HIT,0,True,Own type
Engine,Umbreon,1,MOVE_CHARM,Charm,Fairy,Status,0,100,20,MOVE_EFFECT_ATK_DOWN_2,0,True,Other type
Engine,Umbreon,1,MOVE_TACKLE,Tackle,Normal,Physical,40,100,35,MOVE_EFFECT_HIT,0,True,Normal
Engine,Umbreon,1,MOVE_TAKE_DOWN,Take Down,Normal,Physical,90,85,20,MOVE_EFFECT_RECOIL_QUARTER,0,True,Normal
Engine,Umbreon,1,MOVE_DOUBLE_EDGE,Double-Edge,Normal,Physical,120,100,15,MOVE_EFFECT_RECOIL_THIRD,0,True,Normal
Engine,Umbreon,1,MOVE_TAIL_WHIP,Tail Whip,Normal,Status,0,100,30,MOVE_EFFECT_DEF_DOWN,0,True,Normal
Engine,Umbreon,1,MOVE_BITE,Bite,Dark,Physical,60,100,25,MOVE_EFFECT_FLINCH_HIT,0,True,Own type
Engine,Umbreon,1,MOVE_GROWL,Growl,Normal,Status,0,100,40,MOVE_EFFECT_ATK_DOWN,0,True,Normal
Engine,Umbreon,1,MOVE_COPYCAT,Copycat,Normal,Status,0,0,20,MOVE_EFFECT_USE_LAST_USED_MOVE,0,True,Normal
Engine,Umbreon,1,MOVE_COVET,Covet,Normal,Physical,60,100,25,MOVE_EFFECT_STEAL_HELD_ITEM,0,True,Normal
Engine,Umbreon,1,MOVE_HELPING_HAND,Helping Hand,Normal,Status,0,0,20,MOVE_EFFECT_BOOST_ALLY_POWER_BY_50_PERCENT,5,True,Normal
Engine,Umbreon,1,MOVE_SWIFT,Swift,Normal,Special,60,0,20,MOVE_EFFECT_BYPASS_ACCURACY,0,True,Normal
Engine,Umbreon,1,MOVE_BATON_PASS,Baton Pass,Normal,Status,0,0,40,MOVE_EFFECT_PASS_STATS_AND_STATUS,0,True,Normal
Engine,Umbreon,5,MOVE_SAND_ATTACK,Sand Attack,Ground,Status,0,100,15,MOVE_EFFECT_ACC_DOWN,0,True,Other type
Engine,Umbreon,10,MOVE_QUICK_ATTACK,Quick Attack,Normal,Physical,40,100,30,MOVE_EFFECT_PRIORITY_1,1,True,Normal
Engine,Umbreon,15,MOVE_BABY_DOLL_EYES,Baby-Doll Eyes,Fairy,Status,0,100,30,MOVE_EFFECT_ATK_DOWN,1,True,Other type
Engine,Umbreon,20,MOVE_CONFUSE_RAY,Confuse Ray,Ghost,Status,0,100,10,MOVE_EFFECT_STATUS_CONFUSE,0,True,Other type
Engine,Umbreon,25,MOVE_ASSURANCE,Assurance,Dark,Physical,60,100,10,MOVE_EFFECT_DOUBLE_POWER_IF_TARGET_HIT,0,True,Own type
Engine,Umbreon,30,MOVE_MOONLIGHT,Moonlight,Fairy,Status,0,0,5,MOVE_EFFECT_HEAL_HALF_DIFFERENT_IN_WEATHER,0,True,Other type
Engine,Umbreon,35,MOVE_GUARD_SWAP,Guard Swap,Psychic,Status,0,0,10,MOVE_EFFECT_SWAP_DEF_SP_DEF_STAT_CHANGES,0,True,Other type
Engine,Umbreon,40,MOVE_DARK_PULSE,Dark Pulse,Dark,Special,80,100,15,MOVE_EFFECT_FLINCH_HIT,0,True,Own type
Engine,Umbreon,45,MOVE_SCREECH,Screech,Normal,Status,0,85,40,MOVE_EFFECT_DEF_DOWN_2,0,True,Normal
Engine,Umbreon,50,MOVE_MEAN_LOOK,Mean Look,Normal,Status,0,0,5,MOVE_EFFECT_PREVENT_ESCAPE,0,True,Normal
Engine,Umbreon,55,MOVE_LAST_RESORT,Last Resort,Normal,Physical,140,100,5,MOVE_EFFECT_FAIL_IF_NOT_USED_ALL_OTHER_MOVES,0,True,Normal
Engine,Honchkrow,1,MOVE_WING_ATTACK,Wing Attack,Flying,Physical,60,100,35,MOVE_EFFECT_HIT,0,True,Own type
Engine,Honchkrow,1,MOVE_HAZE,Haze,Ice,Status,0,0,30,MOVE_EFFECT_RESET_STAT_CHANGES,0,True,Other type
Engine,Honchkrow,1,MOVE_ASTONISH,Astonish,Ghost,Physical,30,100,15,MOVE_EFFECT_FLINCH_HIT,0,True,Other type
Engine,Honchkrow,1,MOVE_SUCKER_PUNCH,Sucker Punch,Dark,Physical,70,100,5,MOVE_EFFECT_HIT_FIRST_IF_TARGET_ATTACKING,1,True,Own type
Engine,Honchkrow,1,MOVE_NIGHT_SLASH,Night Slash,Dark,Physical,70,100,15,MOVE_EFFECT_HIGH_CRITICAL,0,True,Own type
Engine,Honchkrow,1,MOVE_QUASH,Quash,Dark,Status,0,100,15,MOVE_EFFECT_QUASH,0,True,Own type
Engine,Honchkrow,25,MOVE_SWAGGER,Swagger,Normal,Status,0,85,15,MOVE_EFFECT_ATK_UP_2_STATUS_CONFUSION,0,True,Normal
Engine,Honchkrow,35,MOVE_NASTY_PLOT,Nasty Plot,Dark,Status,0,0,20,MOVE_EFFECT_SP_ATK_UP_2,0,True,Own type
Engine,Honchkrow,45,MOVE_FOUL_PLAY,Foul Play,Dark,Physical,95,100,15,MOVE_EFFECT_HIT,0,True,Own type
Engine,Honchkrow,55,MOVE_DARK_PULSE,Dark Pulse,Dark,Special,80,100,15,MOVE_EFFECT_FLINCH_HIT,0,True,Own type
Engine,Honchkrow,65,MOVE_COMEUPPANCE,Comeuppance,Dark,Physical,1,100,10,MOVE_EFFECT_METAL_BURST,0,True,Own type
Engine,Mightyena,0,MOVE_SNARL,Snarl,Dark,Special,55,95,15,MOVE_EFFECT_LOWER_SP_ATK_HIT,0,True,Own type
Engine,Mightyena,1,MOVE_CRUNCH,Crunch,Dark,Physical,80,100,15,MOVE_EFFECT_LOWER_DEFENSE_HIT,0,True,Own type
Engine,Mightyena,1,MOVE_FIRE_FANG,Fire Fang,Fire,Physical,65,95,15,MOVE_EFFECT_FLINCH_BURN_HIT,0,True,Other type
Engine,Mightyena,1,MOVE_ICE_FANG,Ice Fang,Ice,Physical,65,95,15,MOVE_EFFECT_FLINCH_FREEZE_HIT,0,True,Other type
Engine,Mightyena,1,MOVE_THUNDER_FANG,Thunder Fang,Electric,Physical,65,95,15,MOVE_EFFECT_FLINCH_PARALYZE_HIT,0,True,Other type
Engine,Mightyena,1,MOVE_THIEF,Thief,Dark,Physical,60,100,25,MOVE_EFFECT_STEAL_HELD_ITEM,0,True,Own type
Engine,Mightyena,1,MOVE_SAND_ATTACK,Sand Attack,Ground,Status,0,100,15,MOVE_EFFECT_ACC_DOWN,0,True,Other type
Engine,Mightyena,1,MOVE_BITE,Bite,Dark,Physical,60,100,25,MOVE_EFFECT_FLINCH_HIT,0,True,Own type
Engine,Mightyena,1,MOVE_TACKLE,Tackle,Normal,Physical,40,100,35,MOVE_EFFECT_HIT,0,True,Normal
Engine,Mightyena,13,MOVE_HOWL,Howl,Normal,Status,0,0,40,MOVE_EFFECT_HOWL,0,True,Normal
Engine,Mightyena,13,MOVE_LEER,Leer,Normal,Status,0,100,30,MOVE_EFFECT_DEF_DOWN,0,True,Normal
Engine,Mightyena,16,MOVE_ROAR,Roar,Normal,Status,0,0,20,MOVE_EFFECT_FORCE_SWITCH,-6,True,Normal
Engine,Mightyena,20,MOVE_SWAGGER,Swagger,Normal,Status,0,85,15,MOVE_EFFECT_ATK_UP_2_STATUS_CONFUSION,0,True,Normal
Engine,Mightyena,24,MOVE_ASSURANCE,Assurance,Dark,Physical,60,100,10,MOVE_EFFECT_DOUBLE_POWER_IF_TARGET_HIT,0,True,Own type
Engine,Mightyena,28,MOVE_SCARY_FACE,Scary Face,Normal,Status,0,100,10,MOVE_EFFECT_SPEED_DOWN_2,0,True,Normal
Engine,Mightyena,36,MOVE_TAUNT,Taunt,Dark,Status,0,100,20,MOVE_EFFECT_TAUNT,0,True,Own type
Engine,Mightyena,44,MOVE_YAWN,Yawn,Normal,Status,0,0,10,MOVE_EFFECT_STATUS_SLEEP_NEXT_TURN,0,True,Normal
Engine,Mightyena,48,MOVE_TAKE_DOWN,Take Down,Normal,Physical,90,85,20,MOVE_EFFECT_RECOIL_QUARTER,0,True,Normal
Engine,Mightyena,52,MOVE_SUCKER_PUNCH,Sucker Punch,Dark,Physical,70,100,5,MOVE_EFFECT_HIT_FIRST_IF_TARGET_ATTACKING,1,True,Own type
Engine,Mightyena,56,MOVE_PLAY_ROUGH,Play Rough,Fairy,Physical,90,90,10,MOVE_EFFECT_LOWER_ATTACK_HIT,0,True,Other type
Engine,Shiftry,0,MOVE_LEAF_BLADE,Leaf Blade,Grass,Physical,90,100,15,MOVE_EFFECT_HIGH_CRITICAL,0,True,Own type
Engine,Shiftry,1,MOVE_SUNNY_DAY,Sunny Day,Fire,Status,0,0,5,MOVE_EFFECT_WEATHER_SUN,0,True,Other type
Engine,Shiftry,1,MOVE_AIR_CUTTER,Air Cutter,Flying,Special,60,95,25,MOVE_EFFECT_HIGH_CRITICAL,0,True,Other type
Engine,Shiftry,1,MOVE_PAYBACK,Payback,Dark,Physical,50,100,10,MOVE_EFFECT_DOUBLE_POWER_IF_HIT,0,True,Own type
Engine,Shiftry,1,MOVE_HURRICANE,Hurricane,Flying,Special,110,70,10,MOVE_EFFECT_HURRICANE,0,True,Other type
Engine,Sableye,1,MOVE_SCRATCH,Scratch,Normal,Physical,40,100,35,MOVE_EFFECT_HIT,0,True,Normal
Engine,Sableye,1,MOVE_LEER,Leer,Normal,Status,0,100,30,MOVE_EFFECT_DEF_DOWN,0,True,Normal
Engine,Sableye,3,MOVE_ASTONISH,Astonish,Ghost,Physical,30,100,15,MOVE_EFFECT_FLINCH_HIT,0,True,Own type
Engine,Sableye,9,MOVE_SHADOW_SNEAK,Shadow Sneak,Ghost,Physical,40,100,30,MOVE_EFFECT_PRIORITY_1,1,True,Own type
Engine,Sableye,12,MOVE_FAKE_OUT,Fake Out,Normal,Physical,40,100,10,MOVE_EFFECT_ALWAYS_FLINCH_FIRST_TURN_ONLY,3,True,Normal
Engine,Sableye,15,MOVE_DISABLE,Disable,Normal,Status,0,100,20,MOVE_EFFECT_DISABLE,0,True,Normal
Engine,Sableye,18,MOVE_DETECT,Detect,Fighting,Status,0,0,5,MOVE_EFFECT_PROTECT,4,True,Other type
Engine,Sableye,21,MOVE_NIGHT_SHADE,Night Shade,Ghost,Special,1,100,15,MOVE_EFFECT_LEVEL_DAMAGE_FLAT,0,True,Own type
Engine,Sableye,24,MOVE_FURY_SWIPES,Fury Swipes,Normal,Physical,18,80,15,MOVE_EFFECT_MULTI_HIT,0,True,Normal
Engine,Sableye,27,MOVE_KNOCK_OFF,Knock Off,Dark,Physical,65,100,20,MOVE_EFFECT_REMOVE_HELD_ITEM,0,True,Own type
Engine,Sableye,30,MOVE_QUASH,Quash,Dark,Status,0,100,15,MOVE_EFFECT_QUASH,0,True,Own type
Engine,Sableye,33,MOVE_SHADOW_CLAW,Shadow Claw,Ghost,Physical,70,100,15,MOVE_EFFECT_HIGH_CRITICAL,0,True,Own type
Engine,Sableye,36,MOVE_MEAN_LOOK,Mean Look,Normal,Status,0,0,5,MOVE_EFFECT_PREVENT_ESCAPE,0,True,Normal
Engine,Sableye,39,MOVE_POWER_GEM,Power Gem,Rock,Special,80,100,20,MOVE_EFFECT_HIT,0,True,Other type
Engine,Sableye,42,MOVE_ZEN_HEADBUTT,Zen Headbutt,Psychic,Physical,80,90,15,MOVE_EFFECT_FLINCH_HIT,0,True,Other type
Engine,Sableye,45,MOVE_SHADOW_BALL,Shadow Ball,Ghost,Special,80,100,15,MOVE_EFFECT_LOWER_SP_DEF_HIT,0,True,Own type
Engine,Sableye,48,MOVE_FOUL_PLAY,Foul Play,Dark,Physical,95,100,15,MOVE_EFFECT_HIT,0,True,Own type
Engine,Sharpedo,0,MOVE_SLASH,Slash,Normal,Physical,80,100,20,MOVE_EFFECT_HIGH_CRITICAL,0,True,Normal
Engine,Sharpedo,1,MOVE_AQUA_JET,Aqua Jet,Water,Physical,40,100,20,MOVE_EFFECT_PRIORITY_1,1,True,Own type
Engine,Sharpedo,1,MOVE_FOCUS_ENERGY,Focus Energy,Normal,Status,0,0,30,MOVE_EFFECT_CRIT_UP_2,0,True,Normal
Engine,Sharpedo,1,MOVE_LEER,Leer,Normal,Status,0,100,30,MOVE_EFFECT_DEF_DOWN,0,True,Normal
Engine,Sharpedo,1,MOVE_NIGHT_SLASH,Night Slash,Dark,Physical,70,100,15,MOVE_EFFECT_HIGH_CRITICAL,0,True,Own type
Engine,Sharpedo,1,MOVE_POISON_FANG,Poison Fang,Poison,Physical,50,100,15,MOVE_EFFECT_BADLY_POISON_HIT,0,True,Other type
Engine,Sharpedo,1,MOVE_SLASH,Slash,Normal,Physical,80,100,20,MOVE_EFFECT_HIGH_CRITICAL,0,True,Normal
Engine,Sharpedo,12,MOVE_SCARY_FACE,Scary Face,Normal,Status,0,100,10,MOVE_EFFECT_SPEED_DOWN_2,0,True,Normal
Engine,Sharpedo,16,MOVE_BITE,Bite,Dark,Physical,60,100,25,MOVE_EFFECT_FLINCH_HIT,0,True,Own type
Engine,Sharpedo,20,MOVE_ICE_FANG,Ice Fang,Ice,Physical,65,95,15,MOVE_EFFECT_FLINCH_FREEZE_HIT,0,True,Other type
Engine,Sharpedo,24,MOVE_SCREECH,Screech,Normal,Status,0,85,40,MOVE_EFFECT_DEF_DOWN_2,0,True,Normal
Engine,Sharpedo,28,MOVE_SWAGGER,Swagger,Normal,Status,0,85,15,MOVE_EFFECT_ATK_UP_2_STATUS_CONFUSION,0,True,Normal
Engine,Sharpedo,34,MOVE_CRUNCH,Crunch,Dark,Physical,80,100,15,MOVE_EFFECT_LOWER_DEFENSE_HIT,0,True,Own type
Engine,Sharpedo,40,MOVE_AGILITY,Agility,Psychic,Status,0,0,30,MOVE_EFFECT_SPEED_UP_2,0,True,Other type
Engine,Sharpedo,46,MOVE_LIQUIDATION,Liquidation,Water,Physical,85,100,10,MOVE_EFFECT_LOWER_DEFENSE_HIT,0,True,Own type
Engine,Sharpedo,52,MOVE_TAKE_DOWN,Take Down,Normal,Physical,90,85,20,MOVE_EFFECT_RECOIL_QUARTER,0,True,Normal
Engine,Cacturne,0,MOVE_SPIKY_SHIELD,Spiky Shield,Grass,Status,0,0,10,MOVE_EFFECT_PROTECT,4,True,Own type
Engine,Cacturne,1,MOVE_POISON_STING,Poison Sting,Poison,Physical,15,100,35,MOVE_EFFECT_POISON_HIT,0,True,Other type
Engine,Cacturne,1,MOVE_LEER,Leer,Normal,Status,0,100,30,MOVE_EFFECT_DEF_DOWN,0,True,Normal
Engine,Cacturne,1,MOVE_ABSORB,Absorb,Grass,Special,20,100,25,MOVE_EFFECT_RECOVER_HALF_DAMAGE_DEALT,0,True,Own type
Engine,Cacturne,1,MOVE_GROWTH,Growth,((Champions_Changes) ? (Grass) : (Normal)),Status,0,0,20,MOVE_EFFECT_SP_ATK_UP,0,True,Other type
Engine,Cacturne,1,MOVE_DESTINY_BOND,Destiny Bond,Ghost,Status,0,0,5,MOVE_EFFECT_KO_MON_THAT_DEFEATED_USER,0,True,Other type
Engine,Cacturne,10,MOVE_LEECH_SEED,Leech Seed,Grass,Status,0,90,10,MOVE_EFFECT_STATUS_LEECH_SEED,0,True,Own type
Engine,Cacturne,13,MOVE_SAND_ATTACK,Sand Attack,Ground,Status,0,100,15,MOVE_EFFECT_ACC_DOWN,0,True,Other type
Engine,Cacturne,16,MOVE_BULLET_SEED,Bullet Seed,Grass,Physical,25,100,30,MOVE_EFFECT_MULTI_HIT,0,True,Own type
Engine,Cacturne,19,MOVE_POWER_TRIP,Power Trip,Dark,Physical,20,100,10,MOVE_EFFECT_HIT,0,True,Own type
Engine,Cacturne,22,MOVE_INGRAIN,Ingrain,Grass,Status,0,0,20,MOVE_EFFECT_GROUND_TRAP_USER_CONTINUOUS_HEAL,0,True,Own type
Engine,Cacturne,26,MOVE_PAYBACK,Payback,Dark,Physical,50,100,10,MOVE_EFFECT_DOUBLE_POWER_IF_HIT,0,True,Own type
Engine,Cacturne,30,MOVE_SPIKES,Spikes,Ground,Status,0,0,20,MOVE_EFFECT_SET_SPIKES,0,True,Other type
Engine,Cacturne,35,MOVE_SUCKER_PUNCH,Sucker Punch,Dark,Physical,70,100,5,MOVE_EFFECT_HIT_FIRST_IF_TARGET_ATTACKING,1,True,Own type
Engine,Cacturne,38,MOVE_PIN_MISSILE,Pin Missile,Bug,Physical,25,95,20,MOVE_EFFECT_MULTI_HIT,0,True,Other type
Engine,Cacturne,44,MOVE_ENERGY_BALL,Energy Ball,Grass,Special,90,100,10,MOVE_EFFECT_LOWER_SP_DEF_HIT,0,True,Own type
Engine,Cacturne,49,MOVE_COTTON_SPORE,Cotton Spore,Grass,Status,0,100,40,MOVE_EFFECT_SPEED_DOWN_2,0,True,Own type
Engine,Cacturne,54,MOVE_SANDSTORM,Sandstorm,Rock,Status,0,0,10,MOVE_EFFECT_WEATHER_SANDSTORM,0,True,Other type
Engine,Crawdaunt,0,MOVE_SWIFT,Swift,Normal,Special,60,0,20,MOVE_EFFECT_BYPASS_ACCURACY,0,True,Normal
Engine,Crawdaunt,1,MOVE_LEER,Leer,Normal,Status,0,100,30,MOVE_EFFECT_DEF_DOWN,0,True,Normal
Engine,Crawdaunt,1,MOVE_WATER_GUN,Water Gun,Water,Special,40,100,25,MOVE_EFFECT_HIT,0,True,Own type
Engine,Crawdaunt,1,MOVE_HARDEN,Harden,Normal,Status,0,0,30,MOVE_EFFECT_DEF_UP,0,True,Normal
Engine,Crawdaunt,1,MOVE_TAUNT,Taunt,Dark,Status,0,100,20,MOVE_EFFECT_TAUNT,0,True,Own type
Engine,Crawdaunt,12,MOVE_BUBBLE_BEAM,Bubble Beam,Water,Special,65,100,20,MOVE_EFFECT_LOWER_SPEED_HIT,0,True,Own type
Engine,Crawdaunt,16,MOVE_KNOCK_OFF,Knock Off,Dark,Physical,65,100,20,MOVE_EFFECT_REMOVE_HELD_ITEM,0,True,Own type
Engine,Crawdaunt,20,MOVE_DOUBLE_HIT,Double Hit,Normal,Physical,35,90,10,MOVE_EFFECT_HIT_TWICE,0,True,Normal
Engine,Crawdaunt,24,MOVE_PROTECT,Protect,Normal,Status,0,0,10,MOVE_EFFECT_PROTECT,4,True,Normal
Engine,Crawdaunt,28,MOVE_NIGHT_SLASH,Night Slash,Dark,Physical,70,100,15,MOVE_EFFECT_HIGH_CRITICAL,0,True,Own type
Engine,Crawdaunt,34,MOVE_RAZOR_SHELL,Razor Shell,Water,Physical,75,95,10,MOVE_EFFECT_LOWER_DEFENSE_HIT,0,True,Own type
Engine,Crawdaunt,40,MOVE_SWORDS_DANCE,Swords Dance,Normal,Status,0,0,20,MOVE_EFFECT_ATK_UP_2,0,True,Normal
Engine,Crawdaunt,46,MOVE_CRUNCH,Crunch,Dark,Physical,80,100,15,MOVE_EFFECT_LOWER_DEFENSE_HIT,0,True,Own type
Engine,Crawdaunt,52,MOVE_CRABHAMMER,Crabhammer,Water,Physical,100,95,10,MOVE_EFFECT_HIGH_CRITICAL,0,True,Own type
Engine,Crawdaunt,58,MOVE_ENDEAVOR,Endeavor,Normal,Physical,1,100,5,MOVE_EFFECT_SET_HP_EQUAL_TO_USER,0,True,Normal
Engine,Crawdaunt,64,MOVE_GUILLOTINE,Guillotine,Normal,Physical,1,30,5,MOVE_EFFECT_ONE_HIT_KO,0,True,Normal
Engine,Absol,1,MOVE_LEER,Leer,Normal,Status,0,100,30,MOVE_EFFECT_DEF_DOWN,0,True,Normal
Engine,Absol,1,MOVE_QUICK_ATTACK,Quick Attack,Normal,Physical,40,100,30,MOVE_EFFECT_PRIORITY_1,1,True,Normal
Engine,Absol,5,MOVE_DOUBLE_TEAM,Double Team,Normal,Status,0,0,15,MOVE_EFFECT_EVA_UP,0,True,Normal
Engine,Absol,10,MOVE_KNOCK_OFF,Knock Off,Dark,Physical,65,100,20,MOVE_EFFECT_REMOVE_HELD_ITEM,0,True,Own type
Engine,Absol,15,MOVE_DETECT,Detect,Fighting,Status,0,0,5,MOVE_EFFECT_PROTECT,4,True,Other type
Engine,Absol,20,MOVE_TAUNT,Taunt,Dark,Status,0,100,20,MOVE_EFFECT_TAUNT,0,True,Own type
Engine,Absol,25,MOVE_SLASH,Slash,Normal,Physical,80,100,20,MOVE_EFFECT_HIGH_CRITICAL,0,True,Normal
Engine,Absol,30,MOVE_NIGHT_SLASH,Night Slash,Dark,Physical,70,100,15,MOVE_EFFECT_HIGH_CRITICAL,0,True,Own type
Engine,Absol,35,MOVE_FOCUS_ENERGY,Focus Energy,Normal,Status,0,0,30,MOVE_EFFECT_CRIT_UP_2,0,True,Normal
Engine,Absol,40,MOVE_SUCKER_PUNCH,Sucker Punch,Dark,Physical,70,100,5,MOVE_EFFECT_HIT_FIRST_IF_TARGET_ATTACKING,1,True,Own type
Engine,Absol,45,MOVE_SWORDS_DANCE,Swords Dance,Normal,Status,0,0,20,MOVE_EFFECT_ATK_UP_2,0,True,Normal
Engine,Absol,50,MOVE_FUTURE_SIGHT,Future Sight,Psychic,Special,120,100,10,MOVE_EFFECT_HIT_IN_3_TURNS,0,True,Other type
Engine,Absol,55,MOVE_PERISH_SONG,Perish Song,Normal,Status,0,0,5,MOVE_EFFECT_ALL_FAINT_3_TURNS,0,True,Normal
Engine,Drapion,1,MOVE_FELL_STINGER,Fell Stinger,Bug,Physical,50,100,25,MOVE_EFFECT_FELL_STINGER,0,True,Other type
Engine,Drapion,1,MOVE_FIRE_FANG,Fire Fang,Fire,Physical,65,95,15,MOVE_EFFECT_FLINCH_BURN_HIT,0,True,Other type
Engine,Drapion,1,MOVE_HONE_CLAWS,Hone Claws,Dark,Status,0,0,15,MOVE_EFFECT_ATK_ACC_UP,0,True,Own type
Engine,Drapion,1,MOVE_ICE_FANG,Ice Fang,Ice,Physical,65,95,15,MOVE_EFFECT_FLINCH_FREEZE_HIT,0,True,Other type
Engine,Drapion,1,MOVE_LEER,Leer,Normal,Status,0,100,30,MOVE_EFFECT_DEF_DOWN,0,True,Normal
Engine,Drapion,1,MOVE_POISON_STING,Poison Sting,Poison,Physical,15,100,35,MOVE_EFFECT_POISON_HIT,0,True,Own type
Engine,Drapion,1,MOVE_THUNDER_FANG,Thunder Fang,Electric,Physical,65,95,15,MOVE_EFFECT_FLINCH_PARALYZE_HIT,0,True,Other type
Engine,Drapion,9,MOVE_POISON_FANG,Poison Fang,Poison,Physical,50,100,15,MOVE_EFFECT_BADLY_POISON_HIT,0,True,Own type
Engine,Drapion,12,MOVE_BITE,Bite,Dark,Physical,60,100,25,MOVE_EFFECT_FLINCH_HIT,0,True,Own type
Engine,Drapion,15,MOVE_TOXIC_SPIKES,Toxic Spikes,Poison,Status,0,0,20,MOVE_EFFECT_TOXIC_SPIKES,0,True,Own type
Engine,Drapion,18,MOVE_BUG_BITE,Bug Bite,Bug,Physical,60,100,20,MOVE_EFFECT_EAT_BERRY,0,True,Other type
Engine,Drapion,21,MOVE_VENOSHOCK,Venoshock,Poison,Special,65,100,10,MOVE_EFFECT_DOUBLE_POWER_ON_POISONED,0,True,Own type
Engine,Drapion,24,MOVE_KNOCK_OFF,Knock Off,Dark,Physical,65,100,20,MOVE_EFFECT_REMOVE_HELD_ITEM,0,True,Own type
Engine,Drapion,27,MOVE_SCARY_FACE,Scary Face,Normal,Status,0,100,10,MOVE_EFFECT_SPEED_DOWN_2,0,True,Normal
Engine,Drapion,30,MOVE_PIN_MISSILE,Pin Missile,Bug,Physical,25,95,20,MOVE_EFFECT_MULTI_HIT,0,True,Other type
Engine,Drapion,33,MOVE_TOXIC,Toxic,Poison,Status,0,90,10,MOVE_EFFECT_STATUS_BADLY_POISON,0,True,Own type
Engine,Drapion,36,MOVE_NIGHT_SLASH,Night Slash,Dark,Physical,70,100,15,MOVE_EFFECT_HIGH_CRITICAL,0,True,Own type
Engine,Drapion,39,MOVE_CROSS_POISON,Cross Poison,Poison,Physical,70,100,20,MOVE_EFFECT_HIGH_CRITICAL_POISON_HIT,0,True,Own type
Engine,Drapion,44,MOVE_X_SCISSOR,X-Scissor,Bug,Physical,80,100,15,MOVE_EFFECT_HIT,0,True,Other type
Engine,Drapion,49,MOVE_ACUPRESSURE,Acupressure,Normal,Status,0,0,30,MOVE_EFFECT_RANDOM_STAT_UP_2,0,True,Normal
Engine,Drapion,54,MOVE_CRUNCH,Crunch,Dark,Physical,80,100,15,MOVE_EFFECT_LOWER_DEFENSE_HIT,0,True,Own type
Engine,Skuntank,0,MOVE_FLAMETHROWER,Flamethrower,Fire,Special,90,100,15,MOVE_EFFECT_BURN_HIT,0,True,Other type
Engine,Skuntank,1,MOVE_SCRATCH,Scratch,Normal,Physical,40,100,35,MOVE_EFFECT_HIT,0,True,Normal
Engine,Skuntank,1,MOVE_SMOKESCREEN,Smokescreen,Normal,Status,0,100,20,MOVE_EFFECT_ACC_DOWN,0,True,Normal
Engine,Skuntank,1,MOVE_POISON_GAS,Poison Gas,Poison,Status,0,90,40,MOVE_EFFECT_STATUS_POISON,0,True,Own type
Engine,Skuntank,1,MOVE_FEINT,Feint,Normal,Physical,30,100,10,MOVE_EFFECT_REMOVE_PROTECT,2,True,Normal
Engine,Skuntank,12,MOVE_FURY_SWIPES,Fury Swipes,Normal,Physical,18,80,15,MOVE_EFFECT_MULTI_HIT,0,True,Normal
Engine,Skuntank,15,MOVE_FOCUS_ENERGY,Focus Energy,Normal,Status,0,0,30,MOVE_EFFECT_CRIT_UP_2,0,True,Normal
Engine,Skuntank,18,MOVE_BITE,Bite,Dark,Physical,60,100,25,MOVE_EFFECT_FLINCH_HIT,0,True,Own type
Engine,Skuntank,21,MOVE_VENOSHOCK,Venoshock,Poison,Special,65,100,10,MOVE_EFFECT_DOUBLE_POWER_ON_POISONED,0,True,Own type
Engine,Skuntank,24,MOVE_SCREECH,Screech,Normal,Status,0,85,40,MOVE_EFFECT_DEF_DOWN_2,0,True,Normal
Engine,Skuntank,27,MOVE_TOXIC,Toxic,Poison,Status,0,90,10,MOVE_EFFECT_STATUS_BADLY_POISON,0,True,Own type
Engine,Skuntank,30,MOVE_SUCKER_PUNCH,Sucker Punch,Dark,Physical,70,100,5,MOVE_EFFECT_HIT_FIRST_IF_TARGET_ATTACKING,1,True,Own type
Engine,Skuntank,33,MOVE_MEMENTO,Memento,Dark,Status,0,100,10,MOVE_EFFECT_FAINT_AND_ATK_SP_ATK_DOWN_2,0,True,Own type
Engine,Skuntank,38,MOVE_NIGHT_SLASH,Night Slash,Dark,Physical,70,100,15,MOVE_EFFECT_HIGH_CRITICAL,0,True,Own type
Engine,Skuntank,43,MOVE_BELCH,Belch,Poison,Special,120,90,10,MOVE_EFFECT_BELCH,0,True,Own type
Engine,Skuntank,48,MOVE_EXPLOSION,Explosion,Normal,Physical,250,100,5,MOVE_EFFECT_HALVE_DEFENSE,0,True,Normal
Engine,Spiritomb,1,MOVE_NIGHT_SHADE,Night Shade,Ghost,Special,1,100,15,MOVE_EFFECT_LEVEL_DAMAGE_FLAT,0,True,Own type
Engine,Spiritomb,1,MOVE_CONFUSE_RAY,Confuse Ray,Ghost,Status,0,100,10,MOVE_EFFECT_STATUS_CONFUSE,0,True,Own type
Engine,Spiritomb,5,MOVE_SHADOW_SNEAK,Shadow Sneak,Ghost,Physical,40,100,30,MOVE_EFFECT_PRIORITY_1,1,True,Own type
Engine,Spiritomb,10,MOVE_SPITE,Spite,Ghost,Status,0,100,10,MOVE_EFFECT_DECREASE_LAST_MOVE_PP,0,True,Own type
Engine,Spiritomb,15,MOVE_PAYBACK,Payback,Dark,Physical,50,100,10,MOVE_EFFECT_DOUBLE_POWER_IF_HIT,0,True,Own type
Engine,Spiritomb,20,MOVE_NASTY_PLOT,Nasty Plot,Dark,Status,0,0,20,MOVE_EFFECT_SP_ATK_UP_2,0,True,Own type
Engine,Spiritomb,25,MOVE_HEX,Hex,Ghost,Special,65,100,10,MOVE_EFFECT_DOUBLE_DAMAGE_ON_STATUS,0,True,Own type
Engine,Spiritomb,30,MOVE_MEMENTO,Memento,Dark,Status,0,100,10,MOVE_EFFECT_FAINT_AND_ATK_SP_ATK_DOWN_2,0,True,Own type
Engine,Spiritomb,35,MOVE_SUCKER_PUNCH,Sucker Punch,Dark,Physical,70,100,5,MOVE_EFFECT_HIT_FIRST_IF_TARGET_ATTACKING,1,True,Own type
Engine,Spiritomb,40,MOVE_CURSE,Curse,Ghost,Status,0,0,10,MOVE_EFFECT_CURSE,0,True,Own type
Engine,Spiritomb,45,MOVE_SHADOW_BALL,Shadow Ball,Ghost,Special,80,100,15,MOVE_EFFECT_LOWER_SP_DEF_HIT,0,True,Own type
Engine,Spiritomb,50,MOVE_DARK_PULSE,Dark Pulse,Dark,Special,80,100,15,MOVE_EFFECT_FLINCH_HIT,0,True,Own type
Engine,Spiritomb,55,MOVE_HYPNOSIS,Hypnosis,Psychic,Status,0,60,20,MOVE_EFFECT_STATUS_SLEEP,0,True,Other type
Engine,Spiritomb,60,MOVE_DREAM_EATER,Dream Eater,Psychic,Special,100,100,15,MOVE_EFFECT_RECOVER_DAMAGE_SLEEP,0,True,Other type
Engine,Sandslash,1,MOVE_SCRATCH,Scratch,Normal,Physical,40,100,35,MOVE_EFFECT_HIT,0,True,Normal
Engine,Sandslash,1,MOVE_CRUSH_CLAW,Crush Claw,Normal,Physical,75,95,10,MOVE_EFFECT_LOWER_DEFENSE_HIT,0,True,Normal
Engine,Sandslash,1,MOVE_SAND_ATTACK,Sand Attack,Ground,Status,0,100,15,MOVE_EFFECT_ACC_DOWN,0,True,Own type
Engine,Sandslash,1,MOVE_POISON_STING,Poison Sting,Poison,Physical,15,100,35,MOVE_EFFECT_POISON_HIT,0,True,Other type
Engine,Sandslash,1,MOVE_DEFENSE_CURL,Defense Curl,Normal,Status,0,0,40,MOVE_EFFECT_DEF_UP_DOUBLE_ROLLOUT_POWER,0,True,Normal
Engine,Sandslash,9,MOVE_ROLLOUT,Rollout,Rock,Physical,30,90,20,MOVE_EFFECT_DOUBLE_POWER_EACH_TURN_LOCK_INTO,0,True,Other type
Engine,Sandslash,12,MOVE_FURY_CUTTER,Fury Cutter,Bug,Physical,40,95,20,MOVE_EFFECT_DOUBLE_POWER_EACH_TURN,0,True,Other type
Engine,Sandslash,15,MOVE_RAPID_SPIN,Rapid Spin,Normal,Physical,50,100,40,MOVE_EFFECT_REMOVE_HAZARDS_AND_BINDING,0,True,Normal
Engine,Sandslash,18,MOVE_BULLDOZE,Bulldoze,Ground,Physical,60,100,20,MOVE_EFFECT_LOWER_SPEED_HIT,0,True,Own type
Engine,Sandslash,21,MOVE_SWIFT,Swift,Normal,Special,60,0,20,MOVE_EFFECT_BYPASS_ACCURACY,0,True,Normal
Engine,Sandslash,26,MOVE_FURY_SWIPES,Fury Swipes,Normal,Physical,18,80,15,MOVE_EFFECT_MULTI_HIT,0,True,Normal
Engine,Sandslash,31,MOVE_SAND_TOMB,Sand Tomb,Ground,Physical,35,85,15,MOVE_EFFECT_BIND_HIT,0,True,Own type
Engine,Sandslash,36,MOVE_SLASH,Slash,Normal,Physical,80,100,20,MOVE_EFFECT_HIGH_CRITICAL,0,True,Normal
Engine,Sandslash,41,MOVE_DIG,Dig,Ground,Physical,80,100,10,MOVE_EFFECT_DIG,0,True,Own type
Engine,Sandslash,46,MOVE_GYRO_BALL,Gyro Ball,Steel,Physical,1,100,5,MOVE_EFFECT_POWER_BASED_ON_LOW_SPEED,0,True,Other type
Engine,Sandslash,51,MOVE_SWORDS_DANCE,Swords Dance,Normal,Status,0,0,20,MOVE_EFFECT_ATK_UP_2,0,True,Normal
Engine,Sandslash,56,MOVE_SANDSTORM,Sandstorm,Rock,Status,0,0,10,MOVE_EFFECT_WEATHER_SANDSTORM,0,True,Other type
Engine,Sandslash,61,MOVE_EARTHQUAKE,Earthquake,Ground,Physical,100,100,10,MOVE_EFFECT_DOUBLE_DAMAGE_DIG,0,True,Own type
Engine,Nidoking,0,MOVE_MEGAHORN,Megahorn,Bug,Physical,120,85,10,MOVE_EFFECT_HIT,0,True,Other type
Engine,Nidoking,1,MOVE_DOUBLE_KICK,Double Kick,Fighting,Physical,30,100,30,MOVE_EFFECT_HIT_TWICE,0,True,Other type
Engine,Nidoking,1,MOVE_EARTH_POWER,Earth Power,Ground,Special,90,100,10,MOVE_EFFECT_LOWER_SP_DEF_HIT,0,True,Own type
Engine,Nidoking,1,MOVE_FLATTER,Flatter,Dark,Status,0,100,15,MOVE_EFFECT_SP_ATK_UP_CAUSE_CONFUSION,0,True,Other type
Engine,Nidoking,1,MOVE_FOCUS_ENERGY,Focus Energy,Normal,Status,0,0,30,MOVE_EFFECT_CRIT_UP_2,0,True,Normal
Engine,Nidoking,1,MOVE_FURY_ATTACK,Fury Attack,Normal,Physical,15,85,20,MOVE_EFFECT_MULTI_HIT,0,True,Normal
Engine,Nidoking,1,MOVE_HELPING_HAND,Helping Hand,Normal,Status,0,0,20,MOVE_EFFECT_BOOST_ALLY_POWER_BY_50_PERCENT,5,True,Normal
Engine,Nidoking,1,MOVE_HORN_ATTACK,Horn Attack,Normal,Physical,65,100,25,MOVE_EFFECT_HIT,0,True,Normal
Engine,Nidoking,1,MOVE_LEER,Leer,Normal,Status,0,100,30,MOVE_EFFECT_DEF_DOWN,0,True,Normal
Engine,Nidoking,1,MOVE_MEGAHORN,Megahorn,Bug,Physical,120,85,10,MOVE_EFFECT_HIT,0,True,Other type
Engine,Nidoking,1,MOVE_PECK,Peck,Flying,Physical,35,100,35,MOVE_EFFECT_HIT,0,True,Other type
Engine,Nidoking,1,MOVE_POISON_JAB,Poison Jab,Poison,Physical,80,100,20,MOVE_EFFECT_POISON_HIT,0,True,Own type
Engine,Nidoking,1,MOVE_POISON_STING,Poison Sting,Poison,Physical,15,100,35,MOVE_EFFECT_POISON_HIT,0,True,Own type
Engine,Nidoking,1,MOVE_SLUDGE_WAVE,Sludge Wave,Poison,Special,95,100,10,MOVE_EFFECT_POISON_HIT,0,True,Own type
Engine,Nidoking,1,MOVE_TOXIC,Toxic,Poison,Status,0,90,10,MOVE_EFFECT_STATUS_BADLY_POISON,0,True,Own type
Engine,Nidoking,1,MOVE_TOXIC_SPIKES,Toxic Spikes,Poison,Status,0,0,20,MOVE_EFFECT_TOXIC_SPIKES,0,True,Own type
Engine,Dugtrio,0,MOVE_SAND_TOMB,Sand Tomb,Ground,Physical,35,85,15,MOVE_EFFECT_BIND_HIT,0,True,Own type
Engine,Dugtrio,1,MOVE_SCRATCH,Scratch,Normal,Physical,40,100,35,MOVE_EFFECT_HIT,0,True,Normal
Engine,Dugtrio,1,MOVE_SAND_ATTACK,Sand Attack,Ground,Status,0,100,15,MOVE_EFFECT_ACC_DOWN,0,True,Own type
Engine,Dugtrio,1,MOVE_GROWL,Growl,Normal,Status,0,100,40,MOVE_EFFECT_ATK_DOWN,0,True,Normal
Engine,Dugtrio,1,MOVE_TRI_ATTACK,Tri Attack,Normal,Special,80,100,10,MOVE_EFFECT_RANDOM_PRIMARY_STATUS_HIT,0,True,Normal
Engine,Dugtrio,1,MOVE_ASTONISH,Astonish,Ghost,Physical,30,100,15,MOVE_EFFECT_FLINCH_HIT,0,True,Other type
Engine,Dugtrio,1,MOVE_NIGHT_SLASH,Night Slash,Dark,Physical,70,100,15,MOVE_EFFECT_HIGH_CRITICAL,0,True,Other type
Engine,Dugtrio,12,MOVE_MUD_SLAP,Mud-Slap,Ground,Special,20,100,10,MOVE_EFFECT_LOWER_ACCURACY_HIT,0,True,Own type
Engine,Dugtrio,16,MOVE_BULLDOZE,Bulldoze,Ground,Physical,60,100,20,MOVE_EFFECT_LOWER_SPEED_HIT,0,True,Own type
Engine,Dugtrio,20,MOVE_SUCKER_PUNCH,Sucker Punch,Dark,Physical,70,100,5,MOVE_EFFECT_HIT_FIRST_IF_TARGET_ATTACKING,1,True,Other type
Engine,Dugtrio,24,MOVE_SLASH,Slash,Normal,Physical,80,100,20,MOVE_EFFECT_HIGH_CRITICAL,0,True,Normal
Engine,Dugtrio,30,MOVE_SANDSTORM,Sandstorm,Rock,Status,0,0,10,MOVE_EFFECT_WEATHER_SANDSTORM,0,True,Other type
Engine,Dugtrio,36,MOVE_DIG,Dig,Ground,Physical,80,100,10,MOVE_EFFECT_DIG,0,True,Own type
Engine,Dugtrio,42,MOVE_EARTH_POWER,Earth Power,Ground,Special,90,100,10,MOVE_EFFECT_LOWER_SP_DEF_HIT,0,True,Own type
Engine,Dugtrio,48,MOVE_EARTHQUAKE,Earthquake,Ground,Physical,100,100,10,MOVE_EFFECT_DOUBLE_DAMAGE_DIG,0,True,Own type
Engine,Dugtrio,54,MOVE_FISSURE,Fissure,Ground,Physical,1,30,5,MOVE_EFFECT_ONE_HIT_KO,0,True,Own type
Engine,Golem,1,MOVE_TACKLE,Tackle,Normal,Physical,40,100,35,MOVE_EFFECT_HIT,0,True,Normal
Engine,Golem,1,MOVE_DEFENSE_CURL,Defense Curl,Normal,Status,0,0,40,MOVE_EFFECT_DEF_UP_DOUBLE_ROLLOUT_POWER,0,True,Normal
Engine,Golem,1,MOVE_ROCK_POLISH,Rock Polish,Rock,Status,0,0,20,MOVE_EFFECT_SPEED_UP_2,0,True,Own type
Engine,Golem,1,MOVE_HEAVY_SLAM,Heavy Slam,Steel,Physical,1,100,10,MOVE_EFFECT_HEAVY_SLAM,0,True,Other type
Engine,Golem,16,MOVE_ROCK_THROW,Rock Throw,Rock,Physical,50,90,15,MOVE_EFFECT_HIT,0,True,Own type
Engine,Golem,18,MOVE_SMACK_DOWN,Smack Down,Rock,Physical,50,100,15,MOVE_EFFECT_SMACK_DOWN,0,True,Own type
Engine,Golem,22,MOVE_BULLDOZE,Bulldoze,Ground,Physical,60,100,20,MOVE_EFFECT_LOWER_SPEED_HIT,0,True,Own type
Engine,Golem,24,MOVE_SELF_DESTRUCT,Self-Destruct,Normal,Physical,200,100,5,MOVE_EFFECT_HALVE_DEFENSE,0,True,Normal
Engine,Golem,30,MOVE_STEALTH_ROCK,Stealth Rock,Rock,Status,0,0,20,MOVE_EFFECT_STEALTH_ROCK,0,True,Own type
Engine,Golem,34,MOVE_ROCK_BLAST,Rock Blast,Rock,Physical,25,90,10,MOVE_EFFECT_MULTI_HIT,0,True,Own type
Engine,Golem,40,MOVE_EARTHQUAKE,Earthquake,Ground,Physical,100,100,10,MOVE_EFFECT_DOUBLE_DAMAGE_DIG,0,True,Own type
Engine,Golem,44,MOVE_EXPLOSION,Explosion,Normal,Physical,250,100,5,MOVE_EFFECT_HALVE_DEFENSE,0,True,Normal
Engine,Golem,50,MOVE_DOUBLE_EDGE,Double-Edge,Normal,Physical,120,100,15,MOVE_EFFECT_RECOIL_THIRD,0,True,Normal
Engine,Golem,54,MOVE_STONE_EDGE,Stone Edge,Rock,Physical,100,80,5,MOVE_EFFECT_HIGH_CRITICAL,0,True,Own type
Engine,Steelix,1,MOVE_BIND,Bind,Normal,Physical,15,85,20,MOVE_EFFECT_BIND_HIT,0,True,Normal
Engine,Steelix,1,MOVE_CRUNCH,Crunch,Dark,Physical,80,100,15,MOVE_EFFECT_LOWER_DEFENSE_HIT,0,True,Other type
Engine,Steelix,1,MOVE_FIRE_FANG,Fire Fang,Fire,Physical,65,95,15,MOVE_EFFECT_FLINCH_BURN_HIT,0,True,Other type
Engine,Steelix,1,MOVE_HARDEN,Harden,Normal,Status,0,0,30,MOVE_EFFECT_DEF_UP,0,True,Normal
Engine,Steelix,1,MOVE_ICE_FANG,Ice Fang,Ice,Physical,65,95,15,MOVE_EFFECT_FLINCH_FREEZE_HIT,0,True,Other type
Engine,Steelix,1,MOVE_ROCK_POLISH,Rock Polish,Rock,Status,0,0,20,MOVE_EFFECT_SPEED_UP_2,0,True,Other type
Engine,Steelix,1,MOVE_ROCK_THROW,Rock Throw,Rock,Physical,50,90,15,MOVE_EFFECT_HIT,0,True,Other type
Engine,Steelix,1,MOVE_TACKLE,Tackle,Normal,Physical,40,100,35,MOVE_EFFECT_HIT,0,True,Normal
Engine,Steelix,1,MOVE_THUNDER_FANG,Thunder Fang,Electric,Physical,65,95,15,MOVE_EFFECT_FLINCH_PARALYZE_HIT,0,True,Other type
Engine,Steelix,4,MOVE_SMACK_DOWN,Smack Down,Rock,Physical,50,100,15,MOVE_EFFECT_SMACK_DOWN,0,True,Other type
Engine,Steelix,8,MOVE_AUTOTOMIZE,Autotomize,Normal,Status,0,0,15,MOVE_EFFECT_AUTOTOMIZE,0,True,Normal
Engine,Steelix,12,MOVE_DRAGON_BREATH,Dragon Breath,Dragon,Special,60,100,20,MOVE_EFFECT_PARALYZE_HIT,0,True,Other type
Engine,Steelix,16,MOVE_CURSE,Curse,Ghost,Status,0,0,10,MOVE_EFFECT_CURSE,0,True,Other type
Engine,Steelix,20,MOVE_ROCK_SLIDE,Rock Slide,Rock,Physical,75,90,10,MOVE_EFFECT_FLINCH_HIT,0,True,Other type
Engine,Steelix,24,MOVE_SCREECH,Screech,Normal,Status,0,85,40,MOVE_EFFECT_DEF_DOWN_2,0,True,Normal
Engine,Steelix,28,MOVE_SAND_TOMB,Sand Tomb,Ground,Physical,35,85,15,MOVE_EFFECT_BIND_HIT,0,True,Own type
Engine,Steelix,32,MOVE_STEALTH_ROCK,Stealth Rock,Rock,Status,0,0,20,MOVE_EFFECT_STEALTH_ROCK,0,True,Other type
Engine,Steelix,36,MOVE_SLAM,Slam,Normal,Physical,80,75,20,MOVE_EFFECT_HIT,0,True,Normal
Engine,Steelix,40,MOVE_SANDSTORM,Sandstorm,Rock,Status,0,0,10,MOVE_EFFECT_WEATHER_SANDSTORM,0,True,Other type
Engine,Steelix,44,MOVE_DIG,Dig,Ground,Physical,80,100,10,MOVE_EFFECT_DIG,0,True,Own type
Engine,Steelix,48,MOVE_IRON_TAIL,Iron Tail,Steel,Physical,100,75,15,MOVE_EFFECT_LOWER_DEFENSE_HIT,0,True,Own type
Engine,Steelix,52,MOVE_STONE_EDGE,Stone Edge,Rock,Physical,100,80,5,MOVE_EFFECT_HIGH_CRITICAL,0,True,Other type
Engine,Steelix,56,MOVE_DOUBLE_EDGE,Double-Edge,Normal,Physical,120,100,15,MOVE_EFFECT_RECOIL_THIRD,0,True,Normal
Engine,Steelix,60,MOVE_MAGNET_RISE,Magnet Rise,Electric,Status,0,0,10,MOVE_EFFECT_GIVE_GROUND_IMMUNITY,0,True,Other type
Engine,Marowak,1,MOVE_FALSE_SWIPE,False Swipe,Normal,Physical,40,100,40,MOVE_EFFECT_LEAVE_WITH_1_HP,0,True,Normal
Engine,Marowak,1,MOVE_GROWL,Growl,Normal,Status,0,100,40,MOVE_EFFECT_ATK_DOWN,0,True,Normal
Engine,Marowak,1,MOVE_MUD_SLAP,Mud-Slap,Ground,Special,20,100,10,MOVE_EFFECT_LOWER_ACCURACY_HIT,0,True,Own type
Engine,Marowak,1,MOVE_TAIL_WHIP,Tail Whip,Normal,Status,0,100,30,MOVE_EFFECT_DEF_DOWN,0,True,Normal
Engine,Marowak,12,MOVE_HEADBUTT,Headbutt,Normal,Physical,70,100,15,MOVE_EFFECT_FLINCH_HIT,0,True,Normal
Engine,Marowak,16,MOVE_RETALIATE,Retaliate,Normal,Physical,70,100,5,MOVE_EFFECT_HIT,0,True,Normal
Engine,Marowak,20,MOVE_FLING,Fling,Dark,Physical,1,100,10,MOVE_EFFECT_FLING,0,True,Other type
Engine,Marowak,24,MOVE_STOMPING_TANTRUM,StompingTantrum,Ground,Physical,75,100,10,MOVE_EFFECT_HIT,0,True,Own type
Engine,Marowak,31,MOVE_BONE_RUSH,Bone Rush,Ground,Physical,30,90,10,MOVE_EFFECT_MULTI_HIT,0,True,Own type
Engine,Marowak,36,MOVE_FOCUS_ENERGY,Focus Energy,Normal,Status,0,0,30,MOVE_EFFECT_CRIT_UP_2,0,True,Normal
Engine,Marowak,42,MOVE_ENDEAVOR,Endeavor,Normal,Physical,1,100,5,MOVE_EFFECT_SET_HP_EQUAL_TO_USER,0,True,Normal
Engine,Marowak,48,MOVE_BONEMERANG,Bonemerang,Ground,Physical,50,90,10,MOVE_EFFECT_HIT_TWICE,0,True,Own type
Engine,Marowak,54,MOVE_THRASH,Thrash,Normal,Physical,120,100,10,MOVE_EFFECT_CONTINUE_AND_CONFUSE_SELF,0,True,Normal
Engine,Marowak,60,MOVE_DOUBLE_EDGE,Double-Edge,Normal,Physical,120,100,15,MOVE_EFFECT_RECOIL_THIRD,0,True,Normal
Engine,Donphan,0,MOVE_FURY_ATTACK,Fury Attack,Normal,Physical,15,85,20,MOVE_EFFECT_MULTI_HIT,0,True,Normal
Engine,Donphan,1,MOVE_HORN_ATTACK,Horn Attack,Normal,Physical,65,100,25,MOVE_EFFECT_HIT,0,True,Normal
Engine,Donphan,1,MOVE_GROWL,Growl,Normal,Status,0,100,40,MOVE_EFFECT_ATK_DOWN,0,True,Normal
Engine,Donphan,1,MOVE_DEFENSE_CURL,Defense Curl,Normal,Status,0,0,40,MOVE_EFFECT_DEF_UP_DOUBLE_ROLLOUT_POWER,0,True,Normal
Engine,Donphan,1,MOVE_THUNDER_FANG,Thunder Fang,Electric,Physical,65,95,15,MOVE_EFFECT_FLINCH_PARALYZE_HIT,0,True,Other type
Engine,Donphan,1,MOVE_FIRE_FANG,Fire Fang,Fire,Physical,65,95,15,MOVE_EFFECT_FLINCH_BURN_HIT,0,True,Other type
Engine,Donphan,1,MOVE_BULLDOZE,Bulldoze,Ground,Physical,60,100,20,MOVE_EFFECT_LOWER_SPEED_HIT,0,True,Own type
Engine,Donphan,6,MOVE_RAPID_SPIN,Rapid Spin,Normal,Physical,50,100,40,MOVE_EFFECT_REMOVE_HAZARDS_AND_BINDING,0,True,Normal
Engine,Donphan,10,MOVE_ROLLOUT,Rollout,Rock,Physical,30,90,20,MOVE_EFFECT_DOUBLE_POWER_EACH_TURN_LOCK_INTO,0,True,Other type
Engine,Donphan,15,MOVE_ASSURANCE,Assurance,Dark,Physical,60,100,10,MOVE_EFFECT_DOUBLE_POWER_IF_TARGET_HIT,0,True,Other type
Engine,Donphan,19,MOVE_KNOCK_OFF,Knock Off,Dark,Physical,65,100,20,MOVE_EFFECT_REMOVE_HELD_ITEM,0,True,Other type
Engine,Donphan,24,MOVE_SLAM,Slam,Normal,Physical,80,75,20,MOVE_EFFECT_HIT,0,True,Normal
Engine,Donphan,30,MOVE_STOMPING_TANTRUM,StompingTantrum,Ground,Physical,75,100,10,MOVE_EFFECT_HIT,0,True,Own type
Engine,Donphan,37,MOVE_SCARY_FACE,Scary Face,Normal,Status,0,100,10,MOVE_EFFECT_SPEED_DOWN_2,0,True,Normal
Engine,Donphan,43,MOVE_EARTHQUAKE,Earthquake,Ground,Physical,100,100,10,MOVE_EFFECT_DOUBLE_DAMAGE_DIG,0,True,Own type
Engine,Donphan,50,MOVE_GIGA_IMPACT,Giga Impact,Normal,Physical,150,90,5,MOVE_EFFECT_RECHARGE_AFTER,0,True,Normal
Engine,Quagsire,1,MOVE_TAIL_WHIP,Tail Whip,Normal,Status,0,100,30,MOVE_EFFECT_DEF_DOWN,0,True,Normal
Engine,Quagsire,1,MOVE_WATER_GUN,Water Gun,Water,Special,40,100,25,MOVE_EFFECT_HIT,0,True,Own type
Engine,Quagsire,1,MOVE_RAIN_DANCE,Rain Dance,Water,Status,0,0,5,MOVE_EFFECT_WEATHER_RAIN,0,True,Own type
Engine,Quagsire,1,MOVE_MUD_SHOT,Mud Shot,Ground,Special,55,95,15,MOVE_EFFECT_LOWER_SPEED_HIT,0,True,Own type
Engine,Quagsire,12,MOVE_MIST,Mist,Ice,Status,0,0,30,MOVE_EFFECT_PREVENT_STAT_REDUCTION,0,True,Other type
Engine,Quagsire,12,MOVE_HAZE,Haze,Ice,Status,0,0,30,MOVE_EFFECT_RESET_STAT_CHANGES,0,True,Other type
Engine,Quagsire,16,MOVE_SLAM,Slam,Normal,Physical,80,75,20,MOVE_EFFECT_HIT,0,True,Normal
Engine,Quagsire,23,MOVE_YAWN,Yawn,Normal,Status,0,0,10,MOVE_EFFECT_STATUS_SLEEP_NEXT_TURN,0,True,Normal
Engine,Quagsire,28,MOVE_AQUA_TAIL,Aqua Tail,Water,Physical,90,90,10,MOVE_EFFECT_HIT,0,True,Own type
Engine,Quagsire,34,MOVE_MUDDY_WATER,Muddy Water,Water,Special,90,85,10,MOVE_EFFECT_LOWER_ACCURACY_HIT,0,True,Own type
Engine,Quagsire,40,MOVE_AMNESIA,Amnesia,Psychic,Status,0,0,20,MOVE_EFFECT_SP_DEF_UP_2,0,True,Other type
Engine,Quagsire,46,MOVE_TOXIC,Toxic,Poison,Status,0,90,10,MOVE_EFFECT_STATUS_BADLY_POISON,0,True,Other type
Engine,Quagsire,52,MOVE_EARTHQUAKE,Earthquake,Ground,Physical,100,100,10,MOVE_EFFECT_DOUBLE_DAMAGE_DIG,0,True,Own type
Engine,Whiscash,0,MOVE_THRASH,Thrash,Normal,Physical,120,100,10,MOVE_EFFECT_CONTINUE_AND_CONFUSE_SELF,0,True,Normal
Engine,Whiscash,1,MOVE_WATER_GUN,Water Gun,Water,Special,40,100,25,MOVE_EFFECT_HIT,0,True,Own type
Engine,Whiscash,1,MOVE_REST,Rest,Psychic,Status,0,0,5,MOVE_EFFECT_RECOVER_HEALTH_AND_SLEEP,0,True,Other type
Engine,Whiscash,1,MOVE_SNORE,Snore,Normal,Special,50,100,15,MOVE_EFFECT_DAMAGE_WHILE_ASLEEP,0,True,Normal
Engine,Whiscash,1,MOVE_MUD_SLAP,Mud-Slap,Ground,Special,20,100,10,MOVE_EFFECT_LOWER_ACCURACY_HIT,0,True,Own type
Engine,Whiscash,1,MOVE_TICKLE,Tickle,Normal,Status,0,100,20,MOVE_EFFECT_ATK_DEF_DOWN,0,True,Normal
Engine,Whiscash,1,MOVE_ZEN_HEADBUTT,Zen Headbutt,Psychic,Physical,80,90,15,MOVE_EFFECT_FLINCH_HIT,0,True,Other type
Engine,Whiscash,1,MOVE_BELCH,Belch,Poison,Special,120,90,10,MOVE_EFFECT_BELCH,0,True,Other type
Engine,Whiscash,12,MOVE_WATER_PULSE,Water Pulse,Water,Special,60,100,20,MOVE_EFFECT_CONFUSE_HIT,0,True,Own type
Engine,Whiscash,18,MOVE_AMNESIA,Amnesia,Psychic,Status,0,0,20,MOVE_EFFECT_SP_DEF_UP_2,0,True,Other type
Engine,Whiscash,24,MOVE_AQUA_TAIL,Aqua Tail,Water,Physical,90,90,10,MOVE_EFFECT_HIT,0,True,Own type
Engine,Whiscash,33,MOVE_MUDDY_WATER,Muddy Water,Water,Special,90,85,10,MOVE_EFFECT_LOWER_ACCURACY_HIT,0,True,Own type
Engine,Whiscash,40,MOVE_EARTHQUAKE,Earthquake,Ground,Physical,100,100,10,MOVE_EFFECT_DOUBLE_DAMAGE_DIG,0,True,Own type
Engine,Whiscash,48,MOVE_FUTURE_SIGHT,Future Sight,Psychic,Special,120,100,10,MOVE_EFFECT_HIT_IN_3_TURNS,0,True,Other type
Engine,Whiscash,56,MOVE_FISSURE,Fissure,Ground,Physical,1,30,5,MOVE_EFFECT_ONE_HIT_KO,0,True,Own type
Engine,Claydol,0,MOVE_HYPER_BEAM,Hyper Beam,Normal,Special,150,90,5,MOVE_EFFECT_RECHARGE_AFTER,0,True,Normal
Engine,Claydol,1,MOVE_CONFUSION,Confusion,Psychic,Special,50,100,25,MOVE_EFFECT_CONFUSE_HIT,0,True,Own type
Engine,Claydol,1,MOVE_HARDEN,Harden,Normal,Status,0,0,30,MOVE_EFFECT_DEF_UP,0,True,Normal
Engine,Claydol,1,MOVE_HYPER_BEAM,Hyper Beam,Normal,Special,150,90,5,MOVE_EFFECT_RECHARGE_AFTER,0,True,Normal
Engine,Claydol,1,MOVE_MUD_SLAP,Mud-Slap,Ground,Special,20,100,10,MOVE_EFFECT_LOWER_ACCURACY_HIT,0,True,Own type
Engine,Claydol,1,MOVE_RAPID_SPIN,Rapid Spin,Normal,Physical,50,100,40,MOVE_EFFECT_REMOVE_HAZARDS_AND_BINDING,0,True,Normal
Engine,Claydol,1,MOVE_TELEPORT,Teleport,Psychic,Status,0,0,20,MOVE_EFFECT_FLEE_FROM_WILD_BATTLE,-6,True,Own type
Engine,Claydol,9,MOVE_ROCK_TOMB,Rock Tomb,Rock,Physical,60,95,15,MOVE_EFFECT_LOWER_SPEED_HIT,0,True,Other type
Engine,Claydol,12,MOVE_POWER_TRICK,Power Trick,Psychic,Status,0,0,10,MOVE_EFFECT_SWAP_ATK_DEF,0,True,Own type
Engine,Claydol,15,MOVE_PSYBEAM,Psybeam,Psychic,Special,65,100,20,MOVE_EFFECT_CONFUSE_HIT,0,True,Own type
Engine,Claydol,18,MOVE_ANCIENT_POWER,Ancient Power,Rock,Special,60,100,5,MOVE_EFFECT_RAISE_ALL_STATS_HIT,0,True,Other type
Engine,Claydol,21,MOVE_IMPRISON,Imprison,Psychic,Status,0,0,10,MOVE_EFFECT_MAKE_SHARED_MOVES_UNUSEABLE,0,True,Own type
Engine,Claydol,24,MOVE_COSMIC_POWER,Cosmic Power,Psychic,Status,0,0,20,MOVE_EFFECT_DEF_SP_DEF_UP,0,True,Own type
Engine,Claydol,27,MOVE_EXTRASENSORY,Extrasensory,Psychic,Special,80,100,20,MOVE_EFFECT_FLINCH_HIT,0,True,Own type
Engine,Claydol,30,MOVE_EARTH_POWER,Earth Power,Ground,Special,90,100,10,MOVE_EFFECT_LOWER_SP_DEF_HIT,0,True,Own type
Engine,Claydol,33,MOVE_SELF_DESTRUCT,Self-Destruct,Normal,Physical,200,100,5,MOVE_EFFECT_HALVE_DEFENSE,0,True,Normal
Engine,Claydol,38,MOVE_GUARD_SPLIT,Guard Split,Psychic,Status,0,0,10,MOVE_EFFECT_GUARD_SPLIT,0,True,Own type
Engine,Claydol,38,MOVE_POWER_SPLIT,Power Split,Psychic,Status,0,0,10,MOVE_EFFECT_POWER_SPLIT,0,True,Own type
Engine,Claydol,43,MOVE_SANDSTORM,Sandstorm,Rock,Status,0,0,10,MOVE_EFFECT_WEATHER_SANDSTORM,0,True,Other type
Engine,Claydol,48,MOVE_EXPLOSION,Explosion,Normal,Physical,250,100,5,MOVE_EFFECT_HALVE_DEFENSE,0,True,Normal
Engine,Hippowdon,1,MOVE_FIRE_FANG,Fire Fang,Fire,Physical,65,95,15,MOVE_EFFECT_FLINCH_BURN_HIT,0,True,Other type
Engine,Hippowdon,1,MOVE_THUNDER_FANG,Thunder Fang,Electric,Physical,65,95,15,MOVE_EFFECT_FLINCH_PARALYZE_HIT,0,True,Other type
Engine,Hippowdon,1,MOVE_YAWN,Yawn,Normal,Status,0,0,10,MOVE_EFFECT_STATUS_SLEEP_NEXT_TURN,0,True,Normal
Engine,Hippowdon,1,MOVE_ICE_FANG,Ice Fang,Ice,Physical,65,95,15,MOVE_EFFECT_FLINCH_FREEZE_HIT,0,True,Other type
Engine,Hippowdon,1,MOVE_SAND_ATTACK,Sand Attack,Ground,Status,0,100,15,MOVE_EFFECT_ACC_DOWN,0,True,Own type
Engine,Hippowdon,1,MOVE_TACKLE,Tackle,Normal,Physical,40,100,35,MOVE_EFFECT_HIT,0,True,Normal
Engine,Hippowdon,1,MOVE_BITE,Bite,Dark,Physical,60,100,25,MOVE_EFFECT_FLINCH_HIT,0,True,Other type
Engine,Hippowdon,12,MOVE_SAND_TOMB,Sand Tomb,Ground,Physical,35,85,15,MOVE_EFFECT_BIND_HIT,0,True,Own type
Engine,Hippowdon,16,MOVE_DIG,Dig,Ground,Physical,80,100,10,MOVE_EFFECT_DIG,0,True,Own type
Engine,Hippowdon,20,MOVE_CRUNCH,Crunch,Dark,Physical,80,100,15,MOVE_EFFECT_LOWER_DEFENSE_HIT,0,True,Other type
Engine,Hippowdon,24,MOVE_SANDSTORM,Sandstorm,Rock,Status,0,0,10,MOVE_EFFECT_WEATHER_SANDSTORM,0,True,Other type
Engine,Hippowdon,28,MOVE_TAKE_DOWN,Take Down,Normal,Physical,90,85,20,MOVE_EFFECT_RECOIL_QUARTER,0,True,Normal
Engine,Hippowdon,32,MOVE_ROAR,Roar,Normal,Status,0,0,20,MOVE_EFFECT_FORCE_SWITCH,-6,True,Normal
Engine,Hippowdon,38,MOVE_REST,Rest,Psychic,Status,0,0,5,MOVE_EFFECT_RECOVER_HEALTH_AND_SLEEP,0,True,Other type
Engine,Hippowdon,44,MOVE_EARTHQUAKE,Earthquake,Ground,Physical,100,100,10,MOVE_EFFECT_DOUBLE_DAMAGE_DIG,0,True,Own type
Engine,Hippowdon,50,MOVE_DOUBLE_EDGE,Double-Edge,Normal,Physical,120,100,15,MOVE_EFFECT_RECOIL_THIRD,0,True,Normal
Engine,Hippowdon,56,MOVE_FISSURE,Fissure,Ground,Physical,1,30,5,MOVE_EFFECT_ONE_HIT_KO,0,True,Own type
Engine,Hippowdon,62,MOVE_SLACK_OFF,Slack Off,Normal,Status,0,0,5,MOVE_EFFECT_RESTORE_HALF_HP,0,True,Normal
Engine,Gliscor,1,MOVE_SAND_ATTACK,Sand Attack,Ground,Status,0,100,15,MOVE_EFFECT_ACC_DOWN,0,True,Own type
Engine,Gliscor,1,MOVE_HARDEN,Harden,Normal,Status,0,0,30,MOVE_EFFECT_DEF_UP,0,True,Normal
Engine,Gliscor,1,MOVE_POISON_JAB,Poison Jab,Poison,Physical,80,100,20,MOVE_EFFECT_POISON_HIT,0,True,Other type
Engine,Gliscor,1,MOVE_THUNDER_FANG,Thunder Fang,Electric,Physical,65,95,15,MOVE_EFFECT_FLINCH_PARALYZE_HIT,0,True,Other type
Engine,Gliscor,1,MOVE_ICE_FANG,Ice Fang,Ice,Physical,65,95,15,MOVE_EFFECT_FLINCH_FREEZE_HIT,0,True,Other type
Engine,Gliscor,1,MOVE_FIRE_FANG,Fire Fang,Fire,Physical,65,95,15,MOVE_EFFECT_FLINCH_BURN_HIT,0,True,Other type
Engine,Gliscor,13,MOVE_QUICK_ATTACK,Quick Attack,Normal,Physical,40,100,30,MOVE_EFFECT_PRIORITY_1,1,True,Normal
Engine,Gliscor,16,MOVE_FURY_CUTTER,Fury Cutter,Bug,Physical,40,95,20,MOVE_EFFECT_DOUBLE_POWER_EACH_TURN,0,True,Other type
Engine,Gliscor,19,MOVE_KNOCK_OFF,Knock Off,Dark,Physical,65,100,20,MOVE_EFFECT_REMOVE_HELD_ITEM,0,True,Other type
Engine,Gliscor,22,MOVE_ACROBATICS,Acrobatics,Flying,Physical,55,100,15,MOVE_EFFECT_DOUBLE_POWER_WITHOUT_ITEM,0,True,Own type
Engine,Gliscor,27,MOVE_NIGHT_SLASH,Night Slash,Dark,Physical,70,100,15,MOVE_EFFECT_HIGH_CRITICAL,0,True,Other type
Engine,Gliscor,30,MOVE_U_TURN,U-turn,Bug,Physical,70,100,20,MOVE_EFFECT_SWITCH_HIT,0,True,Other type
Engine,Gliscor,35,MOVE_SCREECH,Screech,Normal,Status,0,85,40,MOVE_EFFECT_DEF_DOWN_2,0,True,Normal
Engine,Gliscor,40,MOVE_X_SCISSOR,X-Scissor,Bug,Physical,80,100,15,MOVE_EFFECT_HIT,0,True,Other type
Engine,Gliscor,45,MOVE_CRABHAMMER,Crabhammer,Water,Physical,100,95,10,MOVE_EFFECT_HIGH_CRITICAL,0,True,Other type
Engine,Gliscor,50,MOVE_SWORDS_DANCE,Swords Dance,Normal,Status,0,0,20,MOVE_EFFECT_ATK_UP_2,0,True,Normal
Engine,Fearow,1,MOVE_DRILL_RUN,Drill Run,Ground,Physical,80,95,10,MOVE_EFFECT_HIGH_CRITICAL,0,True,Other type
Engine,Fearow,1,MOVE_GROWL,Growl,Normal,Status,0,100,40,MOVE_EFFECT_ATK_DOWN,0,True,Own type
Engine,Fearow,1,MOVE_LEER,Leer,Normal,Status,0,100,30,MOVE_EFFECT_DEF_DOWN,0,True,Own type
Engine,Fearow,1,MOVE_PECK,Peck,Flying,Physical,35,100,35,MOVE_EFFECT_HIT,0,True,Own type
Engine,Fearow,1,MOVE_PLUCK,Pluck,Flying,Physical,60,100,20,MOVE_EFFECT_EAT_BERRY,0,True,Own type
Engine,Fearow,4,MOVE_LEER,Leer,Normal,Status,0,100,30,MOVE_EFFECT_DEF_DOWN,0,True,Own type
Engine,Fearow,8,MOVE_ASSURANCE,Assurance,Dark,Physical,60,100,10,MOVE_EFFECT_DOUBLE_POWER_IF_TARGET_HIT,0,True,Other type
Engine,Fearow,11,MOVE_FURY_ATTACK,Fury Attack,Normal,Physical,15,85,20,MOVE_EFFECT_MULTI_HIT,0,True,Own type
Engine,Fearow,15,MOVE_AERIAL_ACE,Aerial Ace,Flying,Physical,60,0,20,MOVE_EFFECT_BYPASS_ACCURACY,0,True,Own type
Engine,Fearow,18,MOVE_WING_ATTACK,Wing Attack,Flying,Physical,60,100,35,MOVE_EFFECT_HIT,0,True,Own type
Engine,Fearow,23,MOVE_TAKE_DOWN,Take Down,Normal,Physical,90,85,20,MOVE_EFFECT_RECOIL_QUARTER,0,True,Own type
Engine,Fearow,27,MOVE_AGILITY,Agility,Psychic,Status,0,0,30,MOVE_EFFECT_SPEED_UP_2,0,True,Other type
Engine,Fearow,32,MOVE_FOCUS_ENERGY,Focus Energy,Normal,Status,0,0,30,MOVE_EFFECT_CRIT_UP_2,0,True,Own type
Engine,Fearow,36,MOVE_ROOST,Roost,Flying,Status,0,0,5,MOVE_EFFECT_HEAL_HALF_REMOVE_FLYING_TYPE,0,True,Own type
Engine,Fearow,41,MOVE_DRILL_PECK,Drill Peck,Flying,Physical,80,100,20,MOVE_EFFECT_HIT,0,True,Own type
Engine,Fearow,45,MOVE_DRILL_RUN,Drill Run,Ground,Physical,80,95,10,MOVE_EFFECT_HIGH_CRITICAL,0,True,Other type
Engine,Crobat,0,MOVE_CROSS_POISON,Cross Poison,Poison,Physical,70,100,20,MOVE_EFFECT_HIGH_CRITICAL_POISON_HIT,0,True,Own type
Engine,Crobat,1,MOVE_ABSORB,Absorb,Grass,Special,20,100,25,MOVE_EFFECT_RECOVER_HALF_DAMAGE_DEALT,0,True,Other type
Engine,Crobat,1,MOVE_ASTONISH,Astonish,Ghost,Physical,30,100,15,MOVE_EFFECT_FLINCH_HIT,0,True,Other type
Engine,Crobat,1,MOVE_CROSS_POISON,Cross Poison,Poison,Physical,70,100,20,MOVE_EFFECT_HIGH_CRITICAL_POISON_HIT,0,True,Own type
Engine,Crobat,1,MOVE_MEAN_LOOK,Mean Look,Normal,Status,0,0,5,MOVE_EFFECT_PREVENT_ESCAPE,0,True,Normal
Engine,Crobat,1,MOVE_SCREECH,Screech,Normal,Status,0,85,40,MOVE_EFFECT_DEF_DOWN_2,0,True,Normal
Engine,Crobat,1,MOVE_SUPERSONIC,Supersonic,Normal,Status,0,55,20,MOVE_EFFECT_STATUS_CONFUSE,0,True,Normal
Engine,Crobat,1,MOVE_TAILWIND,Tailwind,Flying,Status,0,0,15,MOVE_EFFECT_DOUBLE_SPEED_3_TURNS,0,True,Own type
Engine,Crobat,1,MOVE_TOXIC,Toxic,Poison,Status,0,90,10,MOVE_EFFECT_STATUS_BADLY_POISON,0,True,Own type
Engine,Crobat,15,MOVE_POISON_FANG,Poison Fang,Poison,Physical,50,100,15,MOVE_EFFECT_BADLY_POISON_HIT,0,True,Own type
Engine,Crobat,20,MOVE_QUICK_GUARD,Quick Guard,Fighting,Status,0,0,15,MOVE_EFFECT_PROTECT_USER_SIDE,3,True,Other type
Engine,Crobat,27,MOVE_AIR_CUTTER,Air Cutter,Flying,Special,60,95,25,MOVE_EFFECT_HIGH_CRITICAL,0,True,Own type
Engine,Crobat,34,MOVE_BITE,Bite,Dark,Physical,60,100,25,MOVE_EFFECT_FLINCH_HIT,0,True,Other type
Engine,Crobat,41,MOVE_HAZE,Haze,Ice,Status,0,0,30,MOVE_EFFECT_RESET_STAT_CHANGES,0,True,Other type
Engine,Crobat,48,MOVE_VENOSHOCK,Venoshock,Poison,Special,65,100,10,MOVE_EFFECT_DOUBLE_POWER_ON_POISONED,0,True,Own type
Engine,Crobat,55,MOVE_CONFUSE_RAY,Confuse Ray,Ghost,Status,0,100,10,MOVE_EFFECT_STATUS_CONFUSE,0,True,Other type
Engine,Crobat,62,MOVE_AIR_SLASH,Air Slash,Flying,Special,75,95,15,MOVE_EFFECT_FLINCH_HIT,0,True,Own type
Engine,Crobat,69,MOVE_LEECH_LIFE,Leech Life,Bug,Physical,80,100,10,MOVE_EFFECT_RECOVER_HALF_DAMAGE_DEALT,0,True,Other type
Engine,Dodrio,0,MOVE_TRI_ATTACK,Tri Attack,Normal,Special,80,100,10,MOVE_EFFECT_RANDOM_PRIMARY_STATUS_HIT,0,True,Own type
Engine,Dodrio,1,MOVE_GROWL,Growl,Normal,Status,0,100,40,MOVE_EFFECT_ATK_DOWN,0,True,Own type
Engine,Dodrio,1,MOVE_PECK,Peck,Flying,Physical,35,100,35,MOVE_EFFECT_HIT,0,True,Own type
Engine,Dodrio,1,MOVE_QUICK_ATTACK,Quick Attack,Normal,Physical,40,100,30,MOVE_EFFECT_PRIORITY_1,1,True,Own type
Engine,Dodrio,12,MOVE_FURY_ATTACK,Fury Attack,Normal,Physical,15,85,20,MOVE_EFFECT_MULTI_HIT,0,True,Own type
Engine,Dodrio,15,MOVE_PLUCK,Pluck,Flying,Physical,60,100,20,MOVE_EFFECT_EAT_BERRY,0,True,Own type
Engine,Dodrio,19,MOVE_DOUBLE_HIT,Double Hit,Normal,Physical,35,90,10,MOVE_EFFECT_HIT_TWICE,0,True,Own type
Engine,Dodrio,23,MOVE_AGILITY,Agility,Psychic,Status,0,0,30,MOVE_EFFECT_SPEED_UP_2,0,True,Other type
Engine,Dodrio,26,MOVE_UPROAR,Uproar,Normal,Special,90,100,10,MOVE_EFFECT_UPROAR,0,True,Own type
Engine,Dodrio,30,MOVE_ACUPRESSURE,Acupressure,Normal,Status,0,0,30,MOVE_EFFECT_RANDOM_STAT_UP_2,0,True,Own type
Engine,Dodrio,34,MOVE_SWORDS_DANCE,Swords Dance,Normal,Status,0,0,20,MOVE_EFFECT_ATK_UP_2,0,True,Own type
Engine,Dodrio,38,MOVE_DRILL_PECK,Drill Peck,Flying,Physical,80,100,20,MOVE_EFFECT_HIT,0,True,Own type
Engine,Dodrio,43,MOVE_ENDEAVOR,Endeavor,Normal,Physical,1,100,5,MOVE_EFFECT_SET_HP_EQUAL_TO_USER,0,True,Own type
Engine,Dodrio,50,MOVE_THRASH,Thrash,Normal,Physical,120,100,10,MOVE_EFFECT_CONTINUE_AND_CONFUSE_SELF,0,True,Own type
Engine,Xatu,0,MOVE_AIR_SLASH,Air Slash,Flying,Special,75,95,15,MOVE_EFFECT_FLINCH_HIT,0,True,Own type
Engine,Xatu,1,MOVE_AIR_SLASH,Air Slash,Flying,Special,75,95,15,MOVE_EFFECT_FLINCH_HIT,0,True,Own type
Engine,Xatu,1,MOVE_LEER,Leer,Normal,Status,0,100,30,MOVE_EFFECT_DEF_DOWN,0,True,Normal
Engine,Xatu,1,MOVE_PECK,Peck,Flying,Physical,35,100,35,MOVE_EFFECT_HIT,0,True,Own type
Engine,Xatu,1,MOVE_STORED_POWER,Stored Power,Psychic,Special,20,100,10,MOVE_EFFECT_HIT,0,True,Own type
Engine,Xatu,1,MOVE_TAILWIND,Tailwind,Flying,Status,0,0,15,MOVE_EFFECT_DOUBLE_SPEED_3_TURNS,0,True,Own type
Engine,Xatu,1,MOVE_TELEPORT,Teleport,Psychic,Status,0,0,20,MOVE_EFFECT_FLEE_FROM_WILD_BATTLE,-6,True,Own type
Engine,Xatu,15,MOVE_CONFUSE_RAY,Confuse Ray,Ghost,Status,0,100,10,MOVE_EFFECT_STATUS_CONFUSE,0,True,Other type
Engine,Xatu,20,MOVE_NIGHT_SHADE,Night Shade,Ghost,Special,1,100,15,MOVE_EFFECT_LEVEL_DAMAGE_FLAT,0,True,Other type
Engine,Xatu,28,MOVE_PSYCHO_SHIFT,Psycho Shift,Psychic,Status,0,100,10,MOVE_EFFECT_TRANSFER_STATUS,0,True,Own type
Engine,Xatu,34,MOVE_GUARD_SWAP,Guard Swap,Psychic,Status,0,0,10,MOVE_EFFECT_SWAP_DEF_SP_DEF_STAT_CHANGES,0,True,Own type
Engine,Xatu,34,MOVE_POWER_SWAP,Power Swap,Psychic,Status,0,0,10,MOVE_EFFECT_SWAP_ATK_SP_ATK_STAT_CHANGES,0,True,Own type
Engine,Xatu,41,MOVE_PSYCHIC,Psychic,Psychic,Special,90,100,10,MOVE_EFFECT_LOWER_SP_DEF_HIT,0,True,Own type
Engine,Xatu,48,MOVE_WISH,Wish,Normal,Status,0,0,10,MOVE_EFFECT_HEAL_IN_3_TURNS,0,True,Normal
Engine,Xatu,55,MOVE_FUTURE_SIGHT,Future Sight,Psychic,Special,120,100,10,MOVE_EFFECT_HIT_IN_3_TURNS,0,True,Own type
Engine,Noctowl,1,MOVE_TACKLE,Tackle,Normal,Physical,40,100,35,MOVE_EFFECT_HIT,0,True,Own type
Engine,Noctowl,1,MOVE_GROWL,Growl,Normal,Status,0,100,40,MOVE_EFFECT_ATK_DOWN,0,True,Own type
Engine,Noctowl,1,MOVE_PECK,Peck,Flying,Physical,35,100,35,MOVE_EFFECT_HIT,0,True,Own type
Engine,Noctowl,1,MOVE_SKY_ATTACK,Sky Attack,Flying,Physical,140,90,5,MOVE_EFFECT_CHARGE_TURN_HIGH_CRIT_FLINCH,0,True,Own type
Engine,Noctowl,1,MOVE_ECHOED_VOICE,Echoed Voice,Normal,Special,40,100,15,MOVE_EFFECT_HIT,0,True,Own type
Engine,Noctowl,9,MOVE_CONFUSION,Confusion,Psychic,Special,50,100,25,MOVE_EFFECT_CONFUSE_HIT,0,True,Other type
Engine,Noctowl,12,MOVE_REFLECT,Reflect,Psychic,Status,0,0,20,MOVE_EFFECT_SET_REFLECT,0,True,Other type
Engine,Noctowl,18,MOVE_AIR_SLASH,Air Slash,Flying,Special,75,95,15,MOVE_EFFECT_FLINCH_HIT,0,True,Own type
Engine,Noctowl,23,MOVE_EXTRASENSORY,Extrasensory,Psychic,Special,80,100,20,MOVE_EFFECT_FLINCH_HIT,0,True,Other type
Engine,Noctowl,28,MOVE_TAKE_DOWN,Take Down,Normal,Physical,90,85,20,MOVE_EFFECT_RECOIL_QUARTER,0,True,Own type
Engine,Noctowl,33,MOVE_UPROAR,Uproar,Normal,Special,90,100,10,MOVE_EFFECT_UPROAR,0,True,Own type
Engine,Noctowl,38,MOVE_ROOST,Roost,Flying,Status,0,0,5,MOVE_EFFECT_HEAL_HALF_REMOVE_FLYING_TYPE,0,True,Own type
Engine,Noctowl,43,MOVE_MOONBLAST,Moonblast,Fairy,Special,95,100,15,MOVE_EFFECT_LOWER_SP_ATK_HIT,0,True,Other type
Engine,Noctowl,48,MOVE_HYPNOSIS,Hypnosis,Psychic,Status,0,60,20,MOVE_EFFECT_STATUS_SLEEP,0,True,Other type
Engine,Noctowl,53,MOVE_DREAM_EATER,Dream Eater,Psychic,Special,100,100,15,MOVE_EFFECT_RECOVER_DAMAGE_SLEEP,0,True,Other type
Engine,Pelipper,1,MOVE_GROWL,Growl,Normal,Status,0,100,40,MOVE_EFFECT_ATK_DOWN,0,True,Normal
Engine,Pelipper,1,MOVE_SUPERSONIC,Supersonic,Normal,Status,0,55,20,MOVE_EFFECT_STATUS_CONFUSE,0,True,Normal
Engine,Pelipper,1,MOVE_AIR_SLASH,Air Slash,Flying,Special,75,95,15,MOVE_EFFECT_FLINCH_HIT,0,True,Own type
Engine,Pelipper,1,MOVE_WATER_GUN,Water Gun,Water,Special,40,100,25,MOVE_EFFECT_HIT,0,True,Own type
Engine,Pelipper,1,MOVE_TAILWIND,Tailwind,Flying,Status,0,0,15,MOVE_EFFECT_DOUBLE_SPEED_3_TURNS,0,True,Own type
Engine,Pelipper,1,MOVE_AGILITY,Agility,Psychic,Status,0,0,30,MOVE_EFFECT_SPEED_UP_2,0,True,Other type
Engine,Pelipper,1,MOVE_QUICK_ATTACK,Quick Attack,Normal,Physical,40,100,30,MOVE_EFFECT_PRIORITY_1,1,True,Normal
Engine,Pelipper,1,MOVE_PROTECT,Protect,Normal,Status,0,0,10,MOVE_EFFECT_PROTECT,4,True,Normal
Engine,Pelipper,1,MOVE_SOAK,Soak,Water,Status,0,100,20,MOVE_EFFECT_CHANGE_TO_WATER_TYPE,0,True,Own type
Engine,Pelipper,15,MOVE_WING_ATTACK,Wing Attack,Flying,Physical,60,100,35,MOVE_EFFECT_HIT,0,True,Own type
Engine,Pelipper,20,MOVE_WATER_PULSE,Water Pulse,Water,Special,60,100,20,MOVE_EFFECT_CONFUSE_HIT,0,True,Own type
Engine,Pelipper,28,MOVE_STOCKPILE,Stockpile,Normal,Status,0,0,20,MOVE_EFFECT_STOCKPILE,0,True,Normal
Engine,Pelipper,28,MOVE_SPIT_UP,Spit Up,Normal,Special,1,100,10,MOVE_EFFECT_SPIT_UP,0,True,Normal
Engine,Pelipper,28,MOVE_SWALLOW,Swallow,Normal,Status,0,0,10,MOVE_EFFECT_SWALLOW,0,True,Normal
Engine,Pelipper,34,MOVE_FLING,Fling,Dark,Physical,1,100,10,MOVE_EFFECT_FLING,0,True,Other type
Engine,Pelipper,41,MOVE_MIST,Mist,Ice,Status,0,0,30,MOVE_EFFECT_PREVENT_STAT_REDUCTION,0,True,Other type
Engine,Pelipper,48,MOVE_ROOST,Roost,Flying,Status,0,0,5,MOVE_EFFECT_HEAL_HALF_REMOVE_FLYING_TYPE,0,True,Own type
Engine,Pelipper,55,MOVE_HURRICANE,Hurricane,Flying,Special,110,70,10,MOVE_EFFECT_HURRICANE,0,True,Own type
Engine,Pelipper,62,MOVE_HYDRO_PUMP,Hydro Pump,Water,Special,110,80,5,MOVE_EFFECT_HIT,0,True,Own type
Engine,Swellow,1,MOVE_AIR_SLASH,Air Slash,Flying,Special,75,95,15,MOVE_EFFECT_FLINCH_HIT,0,True,Own type
Engine,Swellow,1,MOVE_BRAVE_BIRD,Brave Bird,Flying,Physical,120,100,15,MOVE_EFFECT_RECOIL_THIRD,0,True,Own type
Engine,Swellow,1,MOVE_FOCUS_ENERGY,Focus Energy,Normal,Status,0,0,30,MOVE_EFFECT_CRIT_UP_2,0,True,Own type
Engine,Swellow,1,MOVE_GROWL,Growl,Normal,Status,0,100,40,MOVE_EFFECT_ATK_DOWN,0,True,Own type
Engine,Swellow,1,MOVE_PECK,Peck,Flying,Physical,35,100,35,MOVE_EFFECT_HIT,0,True,Own type
Engine,Swellow,1,MOVE_PLUCK,Pluck,Flying,Physical,60,100,20,MOVE_EFFECT_EAT_BERRY,0,True,Own type
Engine,Swellow,1,MOVE_QUICK_ATTACK,Quick Attack,Normal,Physical,40,100,30,MOVE_EFFECT_PRIORITY_1,1,True,Own type
Engine,Swellow,5,MOVE_FOCUS_ENERGY,Focus Energy,Normal,Status,0,0,30,MOVE_EFFECT_CRIT_UP_2,0,True,Own type
Engine,Swellow,9,MOVE_QUICK_ATTACK,Quick Attack,Normal,Physical,40,100,30,MOVE_EFFECT_PRIORITY_1,1,True,Own type
Engine,Swellow,13,MOVE_WING_ATTACK,Wing Attack,Flying,Physical,60,100,35,MOVE_EFFECT_HIT,0,True,Own type
Engine,Swellow,17,MOVE_DOUBLE_TEAM,Double Team,Normal,Status,0,0,15,MOVE_EFFECT_EVA_UP,0,True,Own type
Engine,Swellow,21,MOVE_AERIAL_ACE,Aerial Ace,Flying,Physical,60,0,20,MOVE_EFFECT_BYPASS_ACCURACY,0,True,Own type
Engine,Swellow,27,MOVE_QUICK_GUARD,Quick Guard,Fighting,Status,0,0,15,MOVE_EFFECT_PROTECT_USER_SIDE,3,True,Other type
Engine,Swellow,33,MOVE_AGILITY,Agility,Psychic,Status,0,0,30,MOVE_EFFECT_SPEED_UP_2,0,True,Other type
Engine,Swellow,39,MOVE_AIR_SLASH,Air Slash,Flying,Special,75,95,15,MOVE_EFFECT_FLINCH_HIT,0,True,Own type
Engine,Swellow,45,MOVE_ENDEAVOR,Endeavor,Normal,Physical,1,100,5,MOVE_EFFECT_SET_HP_EQUAL_TO_USER,0,True,Own type
Engine,Swellow,51,MOVE_BRAVE_BIRD,Brave Bird,Flying,Physical,120,100,15,MOVE_EFFECT_RECOIL_THIRD,0,True,Own type
Engine,Swellow,57,MOVE_REVERSAL,Reversal,Fighting,Physical,1,100,15,MOVE_EFFECT_INCREASE_POWER_WITH_LESS_HP,0,True,Other type
Engine,Altaria,0,MOVE_DRAGON_PULSE,Dragon Pulse,Dragon,Special,85,100,10,MOVE_EFFECT_HIT,0,True,Own type
Engine,Altaria,1,MOVE_GROWL,Growl,Normal,Status,0,100,40,MOVE_EFFECT_ATK_DOWN,0,True,Normal
Engine,Altaria,1,MOVE_MIST,Mist,Ice,Status,0,0,30,MOVE_EFFECT_PREVENT_STAT_REDUCTION,0,True,Other type
Engine,Altaria,1,MOVE_PECK,Peck,Flying,Physical,35,100,35,MOVE_EFFECT_HIT,0,True,Own type
Engine,Altaria,1,MOVE_PLUCK,Pluck,Flying,Physical,60,100,20,MOVE_EFFECT_EAT_BERRY,0,True,Own type
Engine,Altaria,1,MOVE_DISARMING_VOICE,Disarming Voice,Fairy,Special,40,0,15,MOVE_EFFECT_BYPASS_ACCURACY,0,True,Other type
Engine,Altaria,12,MOVE_FURY_ATTACK,Fury Attack,Normal,Physical,15,85,20,MOVE_EFFECT_MULTI_HIT,0,True,Normal
Engine,Altaria,16,MOVE_ROUND,Round,Normal,Special,60,100,15,MOVE_EFFECT_HIT,0,True,Normal
Engine,Altaria,20,MOVE_DRAGON_BREATH,Dragon Breath,Dragon,Special,60,100,20,MOVE_EFFECT_PARALYZE_HIT,0,True,Own type
Engine,Altaria,24,MOVE_SAFEGUARD,Safeguard,Normal,Status,0,0,25,MOVE_EFFECT_PREVENT_STATUS,0,True,Normal
Engine,Altaria,28,MOVE_SING,Sing,Normal,Status,0,55,15,MOVE_EFFECT_STATUS_SLEEP,0,True,Normal
Engine,Altaria,32,MOVE_COTTON_GUARD,Cotton Guard,Grass,Status,0,0,10,MOVE_EFFECT_DEF_UP_3,0,True,Other type
Engine,Altaria,38,MOVE_TAKE_DOWN,Take Down,Normal,Physical,90,85,20,MOVE_EFFECT_RECOIL_QUARTER,0,True,Normal
Engine,Altaria,44,MOVE_MOONBLAST,Moonblast,Fairy,Special,95,100,15,MOVE_EFFECT_LOWER_SP_ATK_HIT,0,True,Other type
Engine,Altaria,50,MOVE_PERISH_SONG,Perish Song,Normal,Status,0,0,5,MOVE_EFFECT_ALL_FAINT_3_TURNS,0,True,Normal
Engine,Altaria,56,MOVE_SKY_ATTACK,Sky Attack,Flying,Physical,140,90,5,MOVE_EFFECT_CHARGE_TURN_HIGH_CRIT_FLINCH,0,True,Own type
Engine,Dragonite,0,MOVE_HURRICANE,Hurricane,Flying,Special,110,70,10,MOVE_EFFECT_HURRICANE,0,True,Own type
Engine,Dragonite,1,MOVE_ROOST,Roost,Flying,Status,0,0,5,MOVE_EFFECT_HEAL_HALF_REMOVE_FLYING_TYPE,0,True,Own type
Engine,Dragonite,1,MOVE_EXTREME_SPEED,Extreme Speed,Normal,Physical,80,100,5,MOVE_EFFECT_PRIORITY_1,2,True,Normal
Engine,Dragonite,1,MOVE_TWISTER,Twister,Dragon,Special,40,100,20,MOVE_EFFECT_FLINCH_DOUBLE_DAMAGE_FLY_OR_BOUNCE,0,True,Own type
Engine,Dragonite,1,MOVE_THUNDER_WAVE,Thunder Wave,Electric,Status,0,90,20,MOVE_EFFECT_STATUS_PARALYZE,0,True,Other type
Engine,Dragonite,1,MOVE_FIRE_PUNCH,Fire Punch,Fire,Physical,75,100,15,MOVE_EFFECT_BURN_HIT,0,True,Other type
Engine,Dragonite,1,MOVE_WRAP,Wrap,Normal,Physical,15,90,20,MOVE_EFFECT_BIND_HIT,0,True,Normal
Engine,Dragonite,1,MOVE_WING_ATTACK,Wing Attack,Flying,Physical,60,100,35,MOVE_EFFECT_HIT,0,True,Own type
Engine,Dragonite,1,MOVE_THUNDER_PUNCH,Thunder Punch,Electric,Physical,75,100,15,MOVE_EFFECT_PARALYZE_HIT,0,True,Other type
Engine,Dragonite,1,MOVE_LEER,Leer,Normal,Status,0,100,30,MOVE_EFFECT_DEF_DOWN,0,True,Normal
Engine,Dragonite,15,MOVE_DRAGON_TAIL,Dragon Tail,Dragon,Physical,60,90,10,MOVE_EFFECT_FORCE_SWITCH_HIT,-6,True,Own type
Engine,Dragonite,20,MOVE_AGILITY,Agility,Psychic,Status,0,0,30,MOVE_EFFECT_SPEED_UP_2,0,True,Other type
Engine,Dragonite,25,MOVE_SLAM,Slam,Normal,Physical,80,75,20,MOVE_EFFECT_HIT,0,True,Normal
Engine,Dragonite,33,MOVE_AQUA_TAIL,Aqua Tail,Water,Physical,90,90,10,MOVE_EFFECT_HIT,0,True,Other type
Engine,Dragonite,39,MOVE_DRAGON_RUSH,Dragon Rush,Dragon,Physical,100,75,10,MOVE_EFFECT_FLINCH_HIT,0,True,Own type
Engine,Dragonite,41,MOVE_OUTRAGE,Outrage,Dragon,Physical,120,100,10,MOVE_EFFECT_CONTINUE_AND_CONFUSE_SELF,0,True,Own type
Engine,Dragonite,46,MOVE_SAFEGUARD,Safeguard,Normal,Status,0,0,25,MOVE_EFFECT_PREVENT_STATUS,0,True,Normal
Engine,Dragonite,53,MOVE_RAIN_DANCE,Rain Dance,Water,Status,0,0,5,MOVE_EFFECT_WEATHER_RAIN,0,True,Other type
Engine,Dragonite,62,MOVE_DRAGON_DANCE,Dragon Dance,Dragon,Status,0,0,20,MOVE_EFFECT_ATK_SPEED_UP,0,True,Own type
Engine,Dragonite,80,MOVE_HYPER_BEAM,Hyper Beam,Normal,Special,150,90,5,MOVE_EFFECT_RECHARGE_AFTER,0,True,Normal
Engine,Gyarados,0,MOVE_BITE,Bite,Dark,Physical,60,100,25,MOVE_EFFECT_FLINCH_HIT,0,True,Other type
Engine,Gyarados,1,MOVE_TACKLE,Tackle,Normal,Physical,40,100,35,MOVE_EFFECT_HIT,0,True,Normal
Engine,Gyarados,1,MOVE_LEER,Leer,Normal,Status,0,100,30,MOVE_EFFECT_DEF_DOWN,0,True,Normal
Engine,Gyarados,1,MOVE_TWISTER,Twister,Dragon,Special,40,100,20,MOVE_EFFECT_FLINCH_DOUBLE_DAMAGE_FLY_OR_BOUNCE,0,True,Other type
Engine,Gyarados,1,MOVE_SPLASH,Splash,Normal,Status,0,0,40,MOVE_EFFECT_DO_NOTHING,0,True,Normal
Engine,Gyarados,1,MOVE_FLAIL,Flail,Normal,Physical,1,100,15,MOVE_EFFECT_INCREASE_POWER_WITH_LESS_HP,0,True,Normal
Engine,Gyarados,4,MOVE_WHIRLPOOL,Whirlpool,Water,Special,35,85,15,MOVE_EFFECT_WHIRLPOOL,0,True,Own type
Engine,Gyarados,8,MOVE_ICE_FANG,Ice Fang,Ice,Physical,65,95,15,MOVE_EFFECT_FLINCH_FREEZE_HIT,0,True,Other type
Engine,Gyarados,12,MOVE_BRINE,Brine,Water,Special,65,100,10,MOVE_EFFECT_DOUBLE_POWER_WHEN_BELOW_HALF,0,True,Own type
Engine,Gyarados,16,MOVE_SCARY_FACE,Scary Face,Normal,Status,0,100,10,MOVE_EFFECT_SPEED_DOWN_2,0,True,Normal
Engine,Gyarados,21,MOVE_WATERFALL,Waterfall,Water,Physical,80,100,15,MOVE_EFFECT_FLINCH_HIT,0,True,Own type
Engine,Gyarados,24,MOVE_CRUNCH,Crunch,Dark,Physical,80,100,15,MOVE_EFFECT_LOWER_DEFENSE_HIT,0,True,Other type
Engine,Gyarados,28,MOVE_RAIN_DANCE,Rain Dance,Water,Status,0,0,5,MOVE_EFFECT_WEATHER_RAIN,0,True,Own type
Engine,Gyarados,32,MOVE_AQUA_TAIL,Aqua Tail,Water,Physical,90,90,10,MOVE_EFFECT_HIT,0,True,Own type
Engine,Gyarados,36,MOVE_DRAGON_DANCE,Dragon Dance,Dragon,Status,0,0,20,MOVE_EFFECT_ATK_SPEED_UP,0,True,Other type
Engine,Gyarados,40,MOVE_HYDRO_PUMP,Hydro Pump,Water,Special,110,80,5,MOVE_EFFECT_HIT,0,True,Own type
Engine,Gyarados,44,MOVE_HURRICANE,Hurricane,Flying,Special,110,70,10,MOVE_EFFECT_HURRICANE,0,True,Own type
Engine,Gyarados,48,MOVE_THRASH,Thrash,Normal,Physical,120,100,10,MOVE_EFFECT_CONTINUE_AND_CONFUSE_SELF,0,True,Normal
Engine,Gyarados,52,MOVE_HYPER_BEAM,Hyper Beam,Normal,Special,150,90,5,MOVE_EFFECT_RECHARGE_AFTER,0,True,Normal
Engine,Mantine,1,MOVE_BULLET_SEED,Bullet Seed,Grass,Physical,25,100,30,MOVE_EFFECT_MULTI_HIT,0,True,Other type
Engine,Mantine,1,MOVE_PSYBEAM,Psybeam,Psychic,Special,65,100,20,MOVE_EFFECT_CONFUSE_HIT,0,True,Other type
Engine,Mantine,1,MOVE_ROOST,Roost,Flying,Status,0,0,5,MOVE_EFFECT_HEAL_HALF_REMOVE_FLYING_TYPE,0,True,Own type
Engine,Mantine,1,MOVE_SUPERSONIC,Supersonic,Normal,Status,0,55,20,MOVE_EFFECT_STATUS_CONFUSE,0,True,Normal
Engine,Mantine,1,MOVE_TACKLE,Tackle,Normal,Physical,40,100,35,MOVE_EFFECT_HIT,0,True,Normal
Engine,Mantine,1,MOVE_WATER_GUN,Water Gun,Water,Special,40,100,25,MOVE_EFFECT_HIT,0,True,Own type
Engine,Mantine,1,MOVE_WING_ATTACK,Wing Attack,Flying,Physical,60,100,35,MOVE_EFFECT_HIT,0,True,Own type
Engine,Mantine,12,MOVE_WATER_PULSE,Water Pulse,Water,Special,60,100,20,MOVE_EFFECT_CONFUSE_HIT,0,True,Own type
Engine,Mantine,16,MOVE_WIDE_GUARD,Wide Guard,Rock,Status,0,0,10,MOVE_EFFECT_PROTECT_USER_SIDE,3,True,Other type
Engine,Mantine,20,MOVE_AGILITY,Agility,Psychic,Status,0,0,30,MOVE_EFFECT_SPEED_UP_2,0,True,Other type
Engine,Mantine,24,MOVE_BUBBLE_BEAM,Bubble Beam,Water,Special,65,100,20,MOVE_EFFECT_LOWER_SPEED_HIT,0,True,Own type
Engine,Mantine,28,MOVE_HEADBUTT,Headbutt,Normal,Physical,70,100,15,MOVE_EFFECT_FLINCH_HIT,0,True,Normal
Engine,Mantine,32,MOVE_AIR_SLASH,Air Slash,Flying,Special,75,95,15,MOVE_EFFECT_FLINCH_HIT,0,True,Own type
Engine,Mantine,36,MOVE_AQUA_RING,Aqua Ring,Water,Status,0,0,20,MOVE_EFFECT_RESTORE_HP_EVERY_TURN,0,True,Own type
Engine,Mantine,40,MOVE_BOUNCE,Bounce,Flying,Physical,85,85,5,MOVE_EFFECT_BOUNCE,0,True,Own type
Engine,Mantine,44,MOVE_TAKE_DOWN,Take Down,Normal,Physical,90,85,20,MOVE_EFFECT_RECOIL_QUARTER,0,True,Normal
Engine,Mantine,48,MOVE_HYDRO_PUMP,Hydro Pump,Water,Special,110,80,5,MOVE_EFFECT_HIT,0,True,Own type
Engine,Skarmory,1,MOVE_LEER,Leer,Normal,Status,0,100,30,MOVE_EFFECT_DEF_DOWN,0,True,Normal
Engine,Skarmory,1,MOVE_PECK,Peck,Flying,Physical,35,100,35,MOVE_EFFECT_HIT,0,True,Own type
Engine,Skarmory,4,MOVE_SAND_ATTACK,Sand Attack,Ground,Status,0,100,15,MOVE_EFFECT_ACC_DOWN,0,True,Other type
Engine,Skarmory,8,MOVE_FURY_ATTACK,Fury Attack,Normal,Physical,15,85,20,MOVE_EFFECT_MULTI_HIT,0,True,Normal
Engine,Skarmory,12,MOVE_METAL_CLAW,Metal Claw,Steel,Physical,50,95,35,MOVE_EFFECT_RAISE_ATTACK_HIT,0,True,Own type
Engine,Skarmory,16,MOVE_AGILITY,Agility,Psychic,Status,0,0,30,MOVE_EFFECT_SPEED_UP_2,0,True,Other type
Engine,Skarmory,20,MOVE_WING_ATTACK,Wing Attack,Flying,Physical,60,100,35,MOVE_EFFECT_HIT,0,True,Own type
Engine,Skarmory,24,MOVE_SLASH,Slash,Normal,Physical,80,100,20,MOVE_EFFECT_HIGH_CRITICAL,0,True,Normal
Engine,Skarmory,28,MOVE_STEEL_WING,Steel Wing,Steel,Physical,70,90,25,MOVE_EFFECT_RAISE_DEF_HIT,0,True,Own type
Engine,Skarmory,32,MOVE_PAYBACK,Payback,Dark,Physical,50,100,10,MOVE_EFFECT_DOUBLE_POWER_IF_HIT,0,True,Other type
Engine,Skarmory,36,MOVE_DRILL_PECK,Drill Peck,Flying,Physical,80,100,20,MOVE_EFFECT_HIT,0,True,Own type
Engine,Skarmory,40,MOVE_METAL_SOUND,Metal Sound,Steel,Status,0,85,40,MOVE_EFFECT_SP_DEF_DOWN_2,0,True,Own type
Engine,Skarmory,44,MOVE_SPIKES,Spikes,Ground,Status,0,0,20,MOVE_EFFECT_SET_SPIKES,0,True,Other type
Engine,Skarmory,48,MOVE_IRON_DEFENSE,Iron Defense,Steel,Status,0,0,15,MOVE_EFFECT_DEF_UP_2,0,True,Own type
Engine,Skarmory,52,MOVE_BRAVE_BIRD,Brave Bird,Flying,Physical,120,100,15,MOVE_EFFECT_RECOIL_THIRD,0,True,Own type
Engine,Aerodactyl,1,MOVE_ANCIENT_POWER,Ancient Power,Rock,Special,60,100,5,MOVE_EFFECT_RAISE_ALL_STATS_HIT,0,True,Own type
Engine,Aerodactyl,1,MOVE_BITE,Bite,Dark,Physical,60,100,25,MOVE_EFFECT_FLINCH_HIT,0,True,Other type
Engine,Aerodactyl,5,MOVE_SUPERSONIC,Supersonic,Normal,Status,0,55,20,MOVE_EFFECT_STATUS_CONFUSE,0,True,Normal
Engine,Aerodactyl,10,MOVE_WING_ATTACK,Wing Attack,Flying,Physical,60,100,35,MOVE_EFFECT_HIT,0,True,Own type
Engine,Aerodactyl,15,MOVE_SCARY_FACE,Scary Face,Normal,Status,0,100,10,MOVE_EFFECT_SPEED_DOWN_2,0,True,Normal
Engine,Aerodactyl,20,MOVE_ROCK_SLIDE,Rock Slide,Rock,Physical,75,90,10,MOVE_EFFECT_FLINCH_HIT,0,True,Own type
Engine,Aerodactyl,25,MOVE_ROAR,Roar,Normal,Status,0,0,20,MOVE_EFFECT_FORCE_SWITCH,-6,True,Normal
Engine,Aerodactyl,30,MOVE_CRUNCH,Crunch,Dark,Physical,80,100,15,MOVE_EFFECT_LOWER_DEFENSE_HIT,0,True,Other type
Engine,Aerodactyl,35,MOVE_IRON_HEAD,Iron Head,Steel,Physical,80,100,15,MOVE_EFFECT_FLINCH_HIT,0,True,Other type
Engine,Aerodactyl,40,MOVE_TAKE_DOWN,Take Down,Normal,Physical,90,85,20,MOVE_EFFECT_RECOIL_QUARTER,0,True,Normal
Engine,Aerodactyl,45,MOVE_STONE_EDGE,Stone Edge,Rock,Physical,100,80,5,MOVE_EFFECT_HIGH_CRITICAL,0,True,Own type
Engine,Aerodactyl,50,MOVE_AGILITY,Agility,Psychic,Status,0,0,30,MOVE_EFFECT_SPEED_UP_2,0,True,Other type
Engine,Aerodactyl,55,MOVE_HYPER_BEAM,Hyper Beam,Normal,Special,150,90,5,MOVE_EFFECT_RECHARGE_AFTER,0,True,Normal
Engine,Aerodactyl,60,MOVE_GIGA_IMPACT,Giga Impact,Normal,Physical,150,90,5,MOVE_EFFECT_RECHARGE_AFTER,0,True,Normal
Engine,Golduck,1,MOVE_SCRATCH,Scratch,Normal,Physical,40,100,35,MOVE_EFFECT_HIT,0,True,Normal
Engine,Golduck,1,MOVE_TAIL_WHIP,Tail Whip,Normal,Status,0,100,30,MOVE_EFFECT_DEF_DOWN,0,True,Normal
Engine,Golduck,1,MOVE_WATER_GUN,Water Gun,Water,Special,40,100,25,MOVE_EFFECT_HIT,0,True,Own type
Engine,Golduck,1,MOVE_CONFUSION,Confusion,Psychic,Special,50,100,25,MOVE_EFFECT_CONFUSE_HIT,0,True,Other type
Engine,Golduck,1,MOVE_AQUA_JET,Aqua Jet,Water,Physical,40,100,20,MOVE_EFFECT_PRIORITY_1,1,True,Own type
Engine,Golduck,9,MOVE_FURY_SWIPES,Fury Swipes,Normal,Physical,18,80,15,MOVE_EFFECT_MULTI_HIT,0,True,Normal
Engine,Golduck,12,MOVE_WATER_PULSE,Water Pulse,Water,Special,60,100,20,MOVE_EFFECT_CONFUSE_HIT,0,True,Own type
Engine,Golduck,15,MOVE_DISABLE,Disable,Normal,Status,0,100,20,MOVE_EFFECT_DISABLE,0,True,Normal
Engine,Golduck,18,MOVE_ZEN_HEADBUTT,Zen Headbutt,Psychic,Physical,80,90,15,MOVE_EFFECT_FLINCH_HIT,0,True,Other type
Engine,Golduck,21,MOVE_SCREECH,Screech,Normal,Status,0,85,40,MOVE_EFFECT_DEF_DOWN_2,0,True,Normal
Engine,Golduck,24,MOVE_AQUA_TAIL,Aqua Tail,Water,Physical,90,90,10,MOVE_EFFECT_HIT,0,True,Own type
Engine,Golduck,27,MOVE_SOAK,Soak,Water,Status,0,100,20,MOVE_EFFECT_CHANGE_TO_WATER_TYPE,0,True,Own type
Engine,Golduck,30,MOVE_PSYCH_UP,Psych Up,Normal,Status,0,0,10,MOVE_EFFECT_COPY_STAT_CHANGES,0,True,Normal
Engine,Golduck,36,MOVE_AMNESIA,Amnesia,Psychic,Status,0,0,20,MOVE_EFFECT_SP_DEF_UP_2,0,True,Other type
Engine,Golduck,40,MOVE_HYDRO_PUMP,Hydro Pump,Water,Special,110,80,5,MOVE_EFFECT_HIT,0,True,Own type
Engine,Golduck,45,MOVE_WONDER_ROOM,Wonder Room,Psychic,Status,0,0,10,MOVE_EFFECT_HIT,0,True,Other type
Engine,Tentacruel,1,MOVE_WRAP,Wrap,Normal,Physical,15,90,20,MOVE_EFFECT_BIND_HIT,0,True,Normal
Engine,Tentacruel,1,MOVE_POISON_STING,Poison Sting,Poison,Physical,15,100,35,MOVE_EFFECT_POISON_HIT,0,True,Own type
Engine,Tentacruel,1,MOVE_ACID,Acid,Poison,Special,40,100,30,MOVE_EFFECT_LOWER_SP_DEF_HIT,0,True,Own type
Engine,Tentacruel,1,MOVE_WATER_GUN,Water Gun,Water,Special,40,100,25,MOVE_EFFECT_HIT,0,True,Own type
Engine,Tentacruel,1,MOVE_REFLECT_TYPE,Reflect Type,Normal,Status,0,0,15,MOVE_EFFECT_HIT,0,True,Normal
Engine,Tentacruel,12,MOVE_SUPERSONIC,Supersonic,Normal,Status,0,55,20,MOVE_EFFECT_STATUS_CONFUSE,0,True,Normal
Engine,Tentacruel,16,MOVE_WATER_PULSE,Water Pulse,Water,Special,60,100,20,MOVE_EFFECT_CONFUSE_HIT,0,True,Own type
Engine,Tentacruel,20,MOVE_SCREECH,Screech,Normal,Status,0,85,40,MOVE_EFFECT_DEF_DOWN_2,0,True,Normal
Engine,Tentacruel,24,MOVE_BUBBLE_BEAM,Bubble Beam,Water,Special,65,100,20,MOVE_EFFECT_LOWER_SPEED_HIT,0,True,Own type
Engine,Tentacruel,28,MOVE_HEX,Hex,Ghost,Special,65,100,10,MOVE_EFFECT_DOUBLE_DAMAGE_ON_STATUS,0,True,Other type
Engine,Tentacruel,34,MOVE_ACID_ARMOR,Acid Armor,Poison,Status,0,0,20,MOVE_EFFECT_DEF_UP_2,0,True,Own type
Engine,Tentacruel,40,MOVE_POISON_JAB,Poison Jab,Poison,Physical,80,100,20,MOVE_EFFECT_POISON_HIT,0,True,Own type
Engine,Tentacruel,46,MOVE_SURF,Surf,Water,Special,90,100,15,MOVE_EFFECT_DOUBLE_DAMAGE_DIVE,0,True,Own type
Engine,Tentacruel,52,MOVE_SLUDGE_WAVE,Sludge Wave,Poison,Special,95,100,10,MOVE_EFFECT_POISON_HIT,0,True,Own type
Engine,Tentacruel,58,MOVE_HYDRO_PUMP,Hydro Pump,Water,Special,110,80,5,MOVE_EFFECT_HIT,0,True,Own type
Engine,Slowbro,1,MOVE_WITHDRAW,Withdraw,Water,Status,0,0,40,MOVE_EFFECT_DEF_UP,0,True,Own type
Engine,Slowbro,1,MOVE_TACKLE,Tackle,Normal,Physical,40,100,35,MOVE_EFFECT_HIT,0,True,Normal
Engine,Slowbro,1,MOVE_GROWL,Growl,Normal,Status,0,100,40,MOVE_EFFECT_ATK_DOWN,0,True,Normal
Engine,Slowbro,1,MOVE_WATER_GUN,Water Gun,Water,Special,40,100,25,MOVE_EFFECT_HIT,0,True,Own type
Engine,Slowbro,1,MOVE_CURSE,Curse,Ghost,Status,0,0,10,MOVE_EFFECT_CURSE,0,True,Other type
Engine,Slowbro,9,MOVE_YAWN,Yawn,Normal,Status,0,0,10,MOVE_EFFECT_STATUS_SLEEP_NEXT_TURN,0,True,Normal
Engine,Slowbro,12,MOVE_CONFUSION,Confusion,Psychic,Special,50,100,25,MOVE_EFFECT_CONFUSE_HIT,0,True,Own type
Engine,Slowbro,15,MOVE_DISABLE,Disable,Normal,Status,0,100,20,MOVE_EFFECT_DISABLE,0,True,Normal
Engine,Slowbro,18,MOVE_WATER_PULSE,Water Pulse,Water,Special,60,100,20,MOVE_EFFECT_CONFUSE_HIT,0,True,Own type
Engine,Slowbro,21,MOVE_HEADBUTT,Headbutt,Normal,Physical,70,100,15,MOVE_EFFECT_FLINCH_HIT,0,True,Normal
Engine,Slowbro,24,MOVE_ZEN_HEADBUTT,Zen Headbutt,Psychic,Physical,80,90,15,MOVE_EFFECT_FLINCH_HIT,0,True,Own type
Engine,Slowbro,27,MOVE_AMNESIA,Amnesia,Psychic,Status,0,0,20,MOVE_EFFECT_SP_DEF_UP_2,0,True,Own type
Engine,Slowbro,30,MOVE_SURF,Surf,Water,Special,90,100,15,MOVE_EFFECT_DOUBLE_DAMAGE_DIVE,0,True,Own type
Engine,Slowbro,33,MOVE_SLACK_OFF,Slack Off,Normal,Status,0,0,5,MOVE_EFFECT_RESTORE_HALF_HP,0,True,Normal
Engine,Slowbro,36,MOVE_PSYCHIC,Psychic,Psychic,Special,90,100,10,MOVE_EFFECT_LOWER_SP_DEF_HIT,0,True,Own type
Engine,Slowbro,41,MOVE_PSYCH_UP,Psych Up,Normal,Status,0,0,10,MOVE_EFFECT_COPY_STAT_CHANGES,0,True,Normal
Engine,Slowbro,46,MOVE_RAIN_DANCE,Rain Dance,Water,Status,0,0,5,MOVE_EFFECT_WEATHER_RAIN,0,True,Own type
Engine,Slowbro,51,MOVE_HEAL_PULSE,Heal Pulse,Psychic,Status,0,0,10,MOVE_EFFECT_HEAL_TARGET,0,True,Own type
Engine,Kingler,1,MOVE_HAMMER_ARM,Hammer Arm,Fighting,Physical,100,90,10,MOVE_EFFECT_USER_SPEED_DOWN_HIT,0,True,Other type
Engine,Kingler,1,MOVE_HARDEN,Harden,Normal,Status,0,0,30,MOVE_EFFECT_DEF_UP,0,True,Normal
Engine,Kingler,1,MOVE_LEER,Leer,Normal,Status,0,100,30,MOVE_EFFECT_DEF_DOWN,0,True,Normal
Engine,Kingler,1,MOVE_METAL_CLAW,Metal Claw,Steel,Physical,50,95,35,MOVE_EFFECT_RAISE_ATTACK_HIT,0,True,Other type
Engine,Kingler,1,MOVE_WATER_GUN,Water Gun,Water,Special,40,100,25,MOVE_EFFECT_HIT,0,True,Own type
Engine,Kingler,1,MOVE_WIDE_GUARD,Wide Guard,Rock,Status,0,0,10,MOVE_EFFECT_PROTECT_USER_SIDE,3,True,Other type
Engine,Kingler,12,MOVE_MUD_SHOT,Mud Shot,Ground,Special,55,95,15,MOVE_EFFECT_LOWER_SPEED_HIT,0,True,Other type
Engine,Kingler,16,MOVE_PROTECT,Protect,Normal,Status,0,0,10,MOVE_EFFECT_PROTECT,4,True,Normal
Engine,Kingler,20,MOVE_BUBBLE_BEAM,Bubble Beam,Water,Special,65,100,20,MOVE_EFFECT_LOWER_SPEED_HIT,0,True,Own type
Engine,Kingler,24,MOVE_STOMP,Stomp,Normal,Physical,65,100,20,MOVE_EFFECT_FLINCH_MINIMIZE_DOUBLE_HIT,0,True,Normal
Engine,Kingler,31,MOVE_FLAIL,Flail,Normal,Physical,1,100,15,MOVE_EFFECT_INCREASE_POWER_WITH_LESS_HP,0,True,Normal
Engine,Kingler,36,MOVE_RAZOR_SHELL,Razor Shell,Water,Physical,75,95,10,MOVE_EFFECT_LOWER_DEFENSE_HIT,0,True,Own type
Engine,Kingler,42,MOVE_SLAM,Slam,Normal,Physical,80,75,20,MOVE_EFFECT_HIT,0,True,Normal
Engine,Kingler,48,MOVE_SWORDS_DANCE,Swords Dance,Normal,Status,0,0,20,MOVE_EFFECT_ATK_UP_2,0,True,Normal
Engine,Kingler,54,MOVE_CRABHAMMER,Crabhammer,Water,Physical,100,95,10,MOVE_EFFECT_HIGH_CRITICAL,0,True,Own type
Engine,Kingler,60,MOVE_GUILLOTINE,Guillotine,Normal,Physical,1,30,5,MOVE_EFFECT_ONE_HIT_KO,0,True,Normal
Engine,Kingdra,1,MOVE_LEER,Leer,Normal,Status,0,100,30,MOVE_EFFECT_DEF_DOWN,0,True,Normal
Engine,Kingdra,1,MOVE_WATER_GUN,Water Gun,Water,Special,40,100,25,MOVE_EFFECT_HIT,0,True,Own type
Engine,Kingdra,1,MOVE_SMOKESCREEN,Smokescreen,Normal,Status,0,100,20,MOVE_EFFECT_ACC_DOWN,0,True,Normal
Engine,Kingdra,1,MOVE_TWISTER,Twister,Dragon,Special,40,100,20,MOVE_EFFECT_FLINCH_DOUBLE_DAMAGE_FLY_OR_BOUNCE,0,True,Own type
Engine,Kingdra,1,MOVE_WHIRLPOOL,Whirlpool,Water,Special,35,85,15,MOVE_EFFECT_WHIRLPOOL,0,True,Own type
Engine,Kingdra,1,MOVE_YAWN,Yawn,Normal,Status,0,0,10,MOVE_EFFECT_STATUS_SLEEP_NEXT_TURN,0,True,Normal
Engine,Kingdra,15,MOVE_FOCUS_ENERGY,Focus Energy,Normal,Status,0,0,30,MOVE_EFFECT_CRIT_UP_2,0,True,Normal
Engine,Kingdra,20,MOVE_DRAGON_BREATH,Dragon Breath,Dragon,Special,60,100,20,MOVE_EFFECT_PARALYZE_HIT,0,True,Own type
Engine,Kingdra,25,MOVE_BUBBLE_BEAM,Bubble Beam,Water,Special,65,100,20,MOVE_EFFECT_LOWER_SPEED_HIT,0,True,Own type
Engine,Kingdra,30,MOVE_AGILITY,Agility,Psychic,Status,0,0,30,MOVE_EFFECT_SPEED_UP_2,0,True,Other type
Engine,Kingdra,37,MOVE_WATER_PULSE,Water Pulse,Water,Special,60,100,20,MOVE_EFFECT_CONFUSE_HIT,0,True,Own type
Engine,Kingdra,44,MOVE_DRAGON_PULSE,Dragon Pulse,Dragon,Special,85,100,10,MOVE_EFFECT_HIT,0,True,Own type
Engine,Kingdra,51,MOVE_HYDRO_PUMP,Hydro Pump,Water,Special,110,80,5,MOVE_EFFECT_HIT,0,True,Own type
Engine,Kingdra,58,MOVE_DRAGON_DANCE,Dragon Dance,Dragon,Status,0,0,20,MOVE_EFFECT_ATK_SPEED_UP,0,True,Own type
Engine,Kingdra,65,MOVE_RAIN_DANCE,Rain Dance,Water,Status,0,0,5,MOVE_EFFECT_WEATHER_RAIN,0,True,Own type
Engine,Kingdra,72,MOVE_WAVE_CRASH,Wave Crash,Water,Physical,120,100,10,MOVE_EFFECT_RECOIL_THIRD,0,True,Own type
Engine,Seaking,1,MOVE_PECK,Peck,Flying,Physical,35,100,35,MOVE_EFFECT_HIT,0,True,Other type
Engine,Seaking,1,MOVE_SUPERSONIC,Supersonic,Normal,Status,0,55,20,MOVE_EFFECT_STATUS_CONFUSE,0,True,Normal
Engine,Seaking,1,MOVE_TAIL_WHIP,Tail Whip,Normal,Status,0,100,30,MOVE_EFFECT_DEF_DOWN,0,True,Normal
Engine,Seaking,1,MOVE_WATER_PULSE,Water Pulse,Water,Special,60,100,20,MOVE_EFFECT_CONFUSE_HIT,0,True,Own type
Engine,Seaking,15,MOVE_HORN_ATTACK,Horn Attack,Normal,Physical,65,100,25,MOVE_EFFECT_HIT,0,True,Normal
Engine,Seaking,20,MOVE_AGILITY,Agility,Psychic,Status,0,0,30,MOVE_EFFECT_SPEED_UP_2,0,True,Other type
Engine,Seaking,25,MOVE_AQUA_RING,Aqua Ring,Water,Status,0,0,20,MOVE_EFFECT_RESTORE_HP_EVERY_TURN,0,True,Own type
Engine,Seaking,30,MOVE_FLAIL,Flail,Normal,Physical,1,100,15,MOVE_EFFECT_INCREASE_POWER_WITH_LESS_HP,0,True,Normal
Engine,Seaking,37,MOVE_WATERFALL,Waterfall,Water,Physical,80,100,15,MOVE_EFFECT_FLINCH_HIT,0,True,Own type
Engine,Seaking,44,MOVE_SOAK,Soak,Water,Status,0,100,20,MOVE_EFFECT_CHANGE_TO_WATER_TYPE,0,True,Own type
Engine,Seaking,51,MOVE_MEGAHORN,Megahorn,Bug,Physical,120,85,10,MOVE_EFFECT_HIT,0,True,Other type
Engine,Seaking,58,MOVE_HORN_DRILL,Horn Drill,Normal,Physical,1,30,5,MOVE_EFFECT_ONE_HIT_KO,0,True,Normal
Engine,Starmie,1,MOVE_BRINE,Brine,Water,Special,65,100,10,MOVE_EFFECT_DOUBLE_POWER_WHEN_BELOW_HALF,0,True,Own type
Engine,Starmie,1,MOVE_CONFUSE_RAY,Confuse Ray,Ghost,Status,0,100,10,MOVE_EFFECT_STATUS_CONFUSE,0,True,Other type
Engine,Starmie,1,MOVE_COSMIC_POWER,Cosmic Power,Psychic,Status,0,0,20,MOVE_EFFECT_DEF_SP_DEF_UP,0,True,Own type
Engine,Starmie,1,MOVE_HARDEN,Harden,Normal,Status,0,0,30,MOVE_EFFECT_DEF_UP,0,True,Normal
Engine,Starmie,1,MOVE_HYDRO_PUMP,Hydro Pump,Water,Special,110,80,5,MOVE_EFFECT_HIT,0,True,Own type
Engine,Starmie,1,MOVE_LIGHT_SCREEN,Light Screen,Psychic,Status,0,0,30,MOVE_EFFECT_SET_LIGHT_SCREEN,0,True,Own type
Engine,Starmie,1,MOVE_MINIMIZE,Minimize,Normal,Status,0,0,10,MOVE_EFFECT_EVA_UP_2_MINIMIZE,0,True,Normal
Engine,Starmie,1,MOVE_POWER_GEM,Power Gem,Rock,Special,80,100,20,MOVE_EFFECT_HIT,0,True,Other type
Engine,Starmie,1,MOVE_PSYBEAM,Psybeam,Psychic,Special,65,100,20,MOVE_EFFECT_CONFUSE_HIT,0,True,Own type
Engine,Starmie,1,MOVE_PSYCHIC,Psychic,Psychic,Special,90,100,10,MOVE_EFFECT_LOWER_SP_DEF_HIT,0,True,Own type
Engine,Starmie,1,MOVE_RAPID_SPIN,Rapid Spin,Normal,Physical,50,100,40,MOVE_EFFECT_REMOVE_HAZARDS_AND_BINDING,0,True,Normal
Engine,Starmie,1,MOVE_RECOVER,Recover,Normal,Status,0,0,5,MOVE_EFFECT_RESTORE_HALF_HP,0,True,Normal
Engine,Starmie,1,MOVE_SURF,Surf,Water,Special,90,100,15,MOVE_EFFECT_DOUBLE_DAMAGE_DIVE,0,True,Own type
Engine,Starmie,1,MOVE_SWIFT,Swift,Normal,Special,60,0,20,MOVE_EFFECT_BYPASS_ACCURACY,0,True,Normal
Engine,Starmie,1,MOVE_TACKLE,Tackle,Normal,Physical,40,100,35,MOVE_EFFECT_HIT,0,True,Normal
Engine,Starmie,1,MOVE_WATER_GUN,Water Gun,Water,Special,40,100,25,MOVE_EFFECT_HIT,0,True,Own type
Engine,Vaporeon,0,MOVE_WATER_GUN,Water Gun,Water,Special,40,100,25,MOVE_EFFECT_HIT,0,True,Own type
Engine,Vaporeon,1,MOVE_TACKLE,Tackle,Normal,Physical,40,100,35,MOVE_EFFECT_HIT,0,True,Normal
Engine,Vaporeon,1,MOVE_TAKE_DOWN,Take Down,Normal,Physical,90,85,20,MOVE_EFFECT_RECOIL_QUARTER,0,True,Normal
Engine,Vaporeon,1,MOVE_DOUBLE_EDGE,Double-Edge,Normal,Physical,120,100,15,MOVE_EFFECT_RECOIL_THIRD,0,True,Normal
Engine,Vaporeon,1,MOVE_TAIL_WHIP,Tail Whip,Normal,Status,0,100,30,MOVE_EFFECT_DEF_DOWN,0,True,Normal
Engine,Vaporeon,1,MOVE_BITE,Bite,Dark,Physical,60,100,25,MOVE_EFFECT_FLINCH_HIT,0,True,Other type
Engine,Vaporeon,1,MOVE_GROWL,Growl,Normal,Status,0,100,40,MOVE_EFFECT_ATK_DOWN,0,True,Normal
Engine,Vaporeon,1,MOVE_COPYCAT,Copycat,Normal,Status,0,0,20,MOVE_EFFECT_USE_LAST_USED_MOVE,0,True,Normal
Engine,Vaporeon,1,MOVE_COVET,Covet,Normal,Physical,60,100,25,MOVE_EFFECT_STEAL_HELD_ITEM,0,True,Normal
Engine,Vaporeon,1,MOVE_HELPING_HAND,Helping Hand,Normal,Status,0,0,20,MOVE_EFFECT_BOOST_ALLY_POWER_BY_50_PERCENT,5,True,Normal
Engine,Vaporeon,1,MOVE_SWIFT,Swift,Normal,Special,60,0,20,MOVE_EFFECT_BYPASS_ACCURACY,0,True,Normal
Engine,Vaporeon,1,MOVE_BATON_PASS,Baton Pass,Normal,Status,0,0,40,MOVE_EFFECT_PASS_STATS_AND_STATUS,0,True,Normal
Engine,Vaporeon,1,MOVE_CHARM,Charm,Fairy,Status,0,100,20,MOVE_EFFECT_ATK_DOWN_2,0,True,Other type
Engine,Vaporeon,5,MOVE_SAND_ATTACK,Sand Attack,Ground,Status,0,100,15,MOVE_EFFECT_ACC_DOWN,0,True,Other type
Engine,Vaporeon,10,MOVE_QUICK_ATTACK,Quick Attack,Normal,Physical,40,100,30,MOVE_EFFECT_PRIORITY_1,1,True,Normal
Engine,Vaporeon,15,MOVE_BABY_DOLL_EYES,Baby-Doll Eyes,Fairy,Status,0,100,30,MOVE_EFFECT_ATK_DOWN,1,True,Other type
Engine,Vaporeon,20,MOVE_HAZE,Haze,Ice,Status,0,0,30,MOVE_EFFECT_RESET_STAT_CHANGES,0,True,Other type
Engine,Vaporeon,25,MOVE_WATER_PULSE,Water Pulse,Water,Special,60,100,20,MOVE_EFFECT_CONFUSE_HIT,0,True,Own type
Engine,Vaporeon,30,MOVE_AURORA_BEAM,Aurora Beam,Ice,Special,65,100,20,MOVE_EFFECT_LOWER_ATTACK_HIT,0,True,Other type
Engine,Vaporeon,35,MOVE_AQUA_RING,Aqua Ring,Water,Status,0,0,20,MOVE_EFFECT_RESTORE_HP_EVERY_TURN,0,True,Own type
Engine,Vaporeon,40,MOVE_MUDDY_WATER,Muddy Water,Water,Special,90,85,10,MOVE_EFFECT_LOWER_ACCURACY_HIT,0,True,Own type
Engine,Vaporeon,45,MOVE_ACID_ARMOR,Acid Armor,Poison,Status,0,0,20,MOVE_EFFECT_DEF_UP_2,0,True,Other type
Engine,Vaporeon,50,MOVE_HYDRO_PUMP,Hydro Pump,Water,Special,110,80,5,MOVE_EFFECT_HIT,0,True,Own type
Engine,Vaporeon,55,MOVE_LAST_RESORT,Last Resort,Normal,Physical,140,100,5,MOVE_EFFECT_FAIL_IF_NOT_USED_ALL_OTHER_MOVES,0,True,Normal
Engine,Azumarill,1,MOVE_TACKLE,Tackle,Normal,Physical,40,100,35,MOVE_EFFECT_HIT,0,True,Normal
Engine,Azumarill,1,MOVE_HELPING_HAND,Helping Hand,Normal,Status,0,0,20,MOVE_EFFECT_BOOST_ALLY_POWER_BY_50_PERCENT,5,True,Normal
Engine,Azumarill,1,MOVE_TAIL_WHIP,Tail Whip,Normal,Status,0,100,30,MOVE_EFFECT_DEF_DOWN,0,True,Normal
Engine,Azumarill,1,MOVE_WATER_GUN,Water Gun,Water,Special,40,100,25,MOVE_EFFECT_HIT,0,True,Own type
Engine,Azumarill,1,MOVE_ROLLOUT,Rollout,Rock,Physical,30,90,20,MOVE_EFFECT_DOUBLE_POWER_EACH_TURN_LOCK_INTO,0,True,Other type
Engine,Azumarill,1,MOVE_DEFENSE_CURL,Defense Curl,Normal,Status,0,0,40,MOVE_EFFECT_DEF_UP_DOUBLE_ROLLOUT_POWER,0,True,Normal
Engine,Azumarill,6,MOVE_BUBBLE_BEAM,Bubble Beam,Water,Special,65,100,20,MOVE_EFFECT_LOWER_SPEED_HIT,0,True,Own type
Engine,Azumarill,9,MOVE_CHARM,Charm,Fairy,Status,0,100,20,MOVE_EFFECT_ATK_DOWN_2,0,True,Own type
Engine,Azumarill,12,MOVE_SLAM,Slam,Normal,Physical,80,75,20,MOVE_EFFECT_HIT,0,True,Normal
Engine,Azumarill,15,MOVE_BOUNCE,Bounce,Flying,Physical,85,85,5,MOVE_EFFECT_BOUNCE,0,True,Other type
Engine,Azumarill,21,MOVE_AQUA_TAIL,Aqua Tail,Water,Physical,90,90,10,MOVE_EFFECT_HIT,0,True,Own type
Engine,Azumarill,25,MOVE_PLAY_ROUGH,Play Rough,Fairy,Physical,90,90,10,MOVE_EFFECT_LOWER_ATTACK_HIT,0,True,Own type
Engine,Azumarill,30,MOVE_AQUA_RING,Aqua Ring,Water,Status,0,0,20,MOVE_EFFECT_RESTORE_HP_EVERY_TURN,0,True,Own type
Engine,Azumarill,35,MOVE_RAIN_DANCE,Rain Dance,Water,Status,0,0,5,MOVE_EFFECT_WEATHER_RAIN,0,True,Own type
Engine,Azumarill,40,MOVE_HYDRO_PUMP,Hydro Pump,Water,Special,110,80,5,MOVE_EFFECT_HIT,0,True,Own type
Engine,Azumarill,45,MOVE_DOUBLE_EDGE,Double-Edge,Normal,Physical,120,100,15,MOVE_EFFECT_RECOIL_THIRD,0,True,Normal
Engine,Azumarill,50,MOVE_SUPERPOWER,Superpower,Fighting,Physical,120,100,5,MOVE_EFFECT_USER_ATK_DEF_DOWN_HIT,0,True,Other type
Engine,Wailord,1,MOVE_ASTONISH,Astonish,Ghost,Physical,30,100,15,MOVE_EFFECT_FLINCH_HIT,0,True,Other type
Engine,Wailord,1,MOVE_GROWL,Growl,Normal,Status,0,100,40,MOVE_EFFECT_ATK_DOWN,0,True,Normal
Engine,Wailord,1,MOVE_NOBLE_ROAR,Noble Roar,Normal,Status,0,100,30,MOVE_EFFECT_ATK_SP_ATK_DOWN,0,True,Normal
Engine,Wailord,1,MOVE_SOAK,Soak,Water,Status,0,100,20,MOVE_EFFECT_CHANGE_TO_WATER_TYPE,0,True,Own type
Engine,Wailord,1,MOVE_SPLASH,Splash,Normal,Status,0,0,40,MOVE_EFFECT_DO_NOTHING,0,True,Normal
Engine,Wailord,1,MOVE_WATER_GUN,Water Gun,Water,Special,40,100,25,MOVE_EFFECT_HIT,0,True,Own type
Engine,Wailord,15,MOVE_MIST,Mist,Ice,Status,0,0,30,MOVE_EFFECT_PREVENT_STAT_REDUCTION,0,True,Other type
Engine,Wailord,18,MOVE_WATER_PULSE,Water Pulse,Water,Special,60,100,20,MOVE_EFFECT_CONFUSE_HIT,0,True,Own type
Engine,Wailord,21,MOVE_HEAVY_SLAM,Heavy Slam,Steel,Physical,1,100,10,MOVE_EFFECT_HEAVY_SLAM,0,True,Other type
Engine,Wailord,24,MOVE_BRINE,Brine,Water,Special,65,100,10,MOVE_EFFECT_DOUBLE_POWER_WHEN_BELOW_HALF,0,True,Own type
Engine,Wailord,27,MOVE_WHIRLPOOL,Whirlpool,Water,Special,35,85,15,MOVE_EFFECT_WHIRLPOOL,0,True,Own type
Engine,Wailord,30,MOVE_DIVE,Dive,Water,Physical,80,100,10,MOVE_EFFECT_DIVE,0,True,Own type
Engine,Wailord,33,MOVE_BOUNCE,Bounce,Flying,Physical,85,85,5,MOVE_EFFECT_BOUNCE,0,True,Other type
Engine,Wailord,36,MOVE_BODY_SLAM,Body Slam,Normal,Physical,85,100,15,MOVE_EFFECT_PARALYZE_HIT,0,True,Normal
Engine,Wailord,39,MOVE_REST,Rest,Psychic,Status,0,0,5,MOVE_EFFECT_RECOVER_HEALTH_AND_SLEEP,0,True,Other type
Engine,Wailord,44,MOVE_AMNESIA,Amnesia,Psychic,Status,0,0,20,MOVE_EFFECT_SP_DEF_UP_2,0,True,Other type
Engine,Wailord,49,MOVE_HYDRO_PUMP,Hydro Pump,Water,Special,110,80,5,MOVE_EFFECT_HIT,0,True,Own type
Engine,Wailord,54,MOVE_WATER_SPOUT,Water Spout,Water,Special,150,100,5,MOVE_EFFECT_DECREASE_POWER_WITH_LESS_USER_HP,0,True,Own type
Engine,Milotic,0,MOVE_WATER_PULSE,Water Pulse,Water,Special,60,100,20,MOVE_EFFECT_CONFUSE_HIT,0,True,Own type
Engine,Milotic,1,MOVE_TACKLE,Tackle,Normal,Physical,40,100,35,MOVE_EFFECT_HIT,0,True,Normal
Engine,Milotic,1,MOVE_WRAP,Wrap,Normal,Physical,15,90,20,MOVE_EFFECT_BIND_HIT,0,True,Normal
Engine,Milotic,1,MOVE_WATER_GUN,Water Gun,Water,Special,40,100,25,MOVE_EFFECT_HIT,0,True,Own type
Engine,Milotic,1,MOVE_SPLASH,Splash,Normal,Status,0,0,40,MOVE_EFFECT_DO_NOTHING,0,True,Normal
Engine,Milotic,1,MOVE_FLAIL,Flail,Normal,Physical,1,100,15,MOVE_EFFECT_INCREASE_POWER_WITH_LESS_HP,0,True,Normal
Engine,Milotic,4,MOVE_DISARMING_VOICE,Disarming Voice,Fairy,Special,40,0,15,MOVE_EFFECT_BYPASS_ACCURACY,0,True,Other type
Engine,Milotic,8,MOVE_TWISTER,Twister,Dragon,Special,40,100,20,MOVE_EFFECT_FLINCH_DOUBLE_DAMAGE_FLY_OR_BOUNCE,0,True,Other type
Engine,Milotic,12,MOVE_AQUA_RING,Aqua Ring,Water,Status,0,0,20,MOVE_EFFECT_RESTORE_HP_EVERY_TURN,0,True,Own type
Engine,Milotic,16,MOVE_ATTRACT,Attract,Normal,Status,0,100,15,MOVE_EFFECT_INFATUATE,0,True,Normal
Engine,Milotic,20,MOVE_LIFE_DEW,Life Dew,Water,Status,0,0,10,MOVE_EFFECT_LIFE_DEW,0,True,Own type
Engine,Milotic,24,MOVE_DRAGON_TAIL,Dragon Tail,Dragon,Physical,60,90,10,MOVE_EFFECT_FORCE_SWITCH_HIT,-6,True,Other type
Engine,Milotic,28,MOVE_RECOVER,Recover,Normal,Status,0,0,5,MOVE_EFFECT_RESTORE_HALF_HP,0,True,Normal
Engine,Milotic,32,MOVE_AQUA_TAIL,Aqua Tail,Water,Physical,90,90,10,MOVE_EFFECT_HIT,0,True,Own type
Engine,Milotic,36,MOVE_SAFEGUARD,Safeguard,Normal,Status,0,0,25,MOVE_EFFECT_PREVENT_STATUS,0,True,Normal
Engine,Milotic,40,MOVE_SURF,Surf,Water,Special,90,100,15,MOVE_EFFECT_DOUBLE_DAMAGE_DIVE,0,True,Own type
Engine,Milotic,44,MOVE_RAIN_DANCE,Rain Dance,Water,Status,0,0,5,MOVE_EFFECT_WEATHER_RAIN,0,True,Own type
Engine,Milotic,48,MOVE_COIL,Coil,Poison,Status,0,0,20,MOVE_EFFECT_ATK_DEF_ACC_UP,0,True,Other type
Engine,Milotic,52,MOVE_HYDRO_PUMP,Hydro Pump,Water,Special,110,80,5,MOVE_EFFECT_HIT,0,True,Own type
Engine,Gastrodon,1,MOVE_WATER_GUN,Water Gun,Water,Special,40,100,25,MOVE_EFFECT_HIT,0,True,Own type
Engine,Gastrodon,1,MOVE_RECOVER,Recover,Normal,Status,0,0,5,MOVE_EFFECT_RESTORE_HALF_HP,0,True,Normal
Engine,Gastrodon,1,MOVE_HARDEN,Harden,Normal,Status,0,0,30,MOVE_EFFECT_DEF_UP,0,True,Normal
Engine,Gastrodon,1,MOVE_MUD_SLAP,Mud-Slap,Ground,Special,20,100,10,MOVE_EFFECT_LOWER_ACCURACY_HIT,0,True,Own type
Engine,Gastrodon,15,MOVE_WATER_PULSE,Water Pulse,Water,Special,60,100,20,MOVE_EFFECT_CONFUSE_HIT,0,True,Own type
Engine,Gastrodon,20,MOVE_ANCIENT_POWER,Ancient Power,Rock,Special,60,100,5,MOVE_EFFECT_RAISE_ALL_STATS_HIT,0,True,Other type
Engine,Gastrodon,25,MOVE_BODY_SLAM,Body Slam,Normal,Physical,85,100,15,MOVE_EFFECT_PARALYZE_HIT,0,True,Normal
Engine,Gastrodon,33,MOVE_MUDDY_WATER,Muddy Water,Water,Special,90,85,10,MOVE_EFFECT_LOWER_ACCURACY_HIT,0,True,Own type
Engine,Gastrodon,39,MOVE_EARTH_POWER,Earth Power,Ground,Special,90,100,10,MOVE_EFFECT_LOWER_SP_DEF_HIT,0,True,Own type
Engine,Gastrodon,46,MOVE_RAIN_DANCE,Rain Dance,Water,Status,0,0,5,MOVE_EFFECT_WEATHER_RAIN,0,True,Own type
Engine,Gastrodon,53,MOVE_MEMENTO,Memento,Dark,Status,0,100,10,MOVE_EFFECT_FAINT_AND_ATK_SP_ATK_DOWN_2,0,True,Other type
Engine,Floatzel,1,MOVE_GROWL,Growl,Normal,Status,0,100,40,MOVE_EFFECT_ATK_DOWN,0,True,Normal
Engine,Floatzel,1,MOVE_QUICK_ATTACK,Quick Attack,Normal,Physical,40,100,30,MOVE_EFFECT_PRIORITY_1,1,True,Normal
Engine,Floatzel,1,MOVE_CRUNCH,Crunch,Dark,Physical,80,100,15,MOVE_EFFECT_LOWER_DEFENSE_HIT,0,True,Other type
Engine,Floatzel,1,MOVE_ICE_FANG,Ice Fang,Ice,Physical,65,95,15,MOVE_EFFECT_FLINCH_FREEZE_HIT,0,True,Other type
Engine,Floatzel,1,MOVE_SOAK,Soak,Water,Status,0,100,20,MOVE_EFFECT_CHANGE_TO_WATER_TYPE,0,True,Own type
Engine,Floatzel,15,MOVE_WATER_GUN,Water Gun,Water,Special,40,100,25,MOVE_EFFECT_HIT,0,True,Own type
Engine,Floatzel,18,MOVE_BITE,Bite,Dark,Physical,60,100,25,MOVE_EFFECT_FLINCH_HIT,0,True,Other type
Engine,Floatzel,21,MOVE_SWIFT,Swift,Normal,Special,60,0,20,MOVE_EFFECT_BYPASS_ACCURACY,0,True,Normal
Engine,Floatzel,24,MOVE_AQUA_JET,Aqua Jet,Water,Physical,40,100,20,MOVE_EFFECT_PRIORITY_1,1,True,Own type
Engine,Floatzel,29,MOVE_DOUBLE_HIT,Double Hit,Normal,Physical,35,90,10,MOVE_EFFECT_HIT_TWICE,0,True,Normal
Engine,Floatzel,35,MOVE_WHIRLPOOL,Whirlpool,Water,Special,35,85,15,MOVE_EFFECT_WHIRLPOOL,0,True,Own type
Engine,Floatzel,41,MOVE_LIQUIDATION,Liquidation,Water,Physical,85,100,10,MOVE_EFFECT_LOWER_DEFENSE_HIT,0,True,Own type
Engine,Floatzel,46,MOVE_AQUA_TAIL,Aqua Tail,Water,Physical,90,90,10,MOVE_EFFECT_HIT,0,True,Own type
Engine,Floatzel,51,MOVE_AGILITY,Agility,Psychic,Status,0,0,30,MOVE_EFFECT_SPEED_UP_2,0,True,Other type
Engine,Floatzel,57,MOVE_HYDRO_PUMP,Hydro Pump,Water,Special,110,80,5,MOVE_EFFECT_HIT,0,True,Own type
Engine,Floatzel,62,MOVE_WAVE_CRASH,Wave Crash,Water,Physical,120,100,10,MOVE_EFFECT_RECOIL_THIRD,0,True,Own type
