dataset,cohort,method,move_id,move,type,category,power,accuracy,pp,effect,priority,implemented,learners,count,cohort_size,fraction,currently_offered_by_engine_method,candidate_rule
HGSS,Electric,MachineMoves,MOVE_AERIAL_ACE,Aerial Ace,Flying,Physical,60,0,20,17,0,True,Zapdos,1,15,0.067,True,False
HGSS,Electric,MachineMoves,MOVE_ATTRACT,Attract,Normal,Status,0,100,15,120,0,True,Raichu; Electivire; Jolteon; Ampharos; Lanturn; Manectric; Luxray; Plusle; Minun; Pachirisu,10,15,0.667,True,True
HGSS,Electric,MachineMoves,MOVE_BLIZZARD,Blizzard,Ice,Special,120,70,5,260,0,True,Lanturn,1,15,0.067,True,False
HGSS,Electric,MachineMoves,MOVE_BRICK_BREAK,Brick Break,Fighting,Physical,75,100,15,186,0,True,Raichu; Electivire; Ampharos,3,15,0.2,True,False
HGSS,Electric,MachineMoves,MOVE_BRINE,Brine,Water,Special,65,100,10,221,0,True,Lanturn,1,15,0.067,True,False
HGSS,Electric,MachineMoves,MOVE_CALM_MIND,Calm Mind,Psychic,Status,0,0,20,211,0,True,Raikou,1,15,0.067,True,False
HGSS,Electric,MachineMoves,MOVE_CAPTIVATE,Captivate,Normal,Status,0,100,20,265,0,True,Raichu; Electivire; Jolteon; Ampharos; Lanturn; Manectric; Luxray; Plusle; Minun; Pachirisu,10,15,0.667,True,True
HGSS,Electric,MachineMoves,MOVE_CHARGE_BEAM,Charge Beam,Electric,Special,50,90,10,276,0,True,Raichu; Electrode; Electivire; Jolteon; Ampharos; Lanturn; Manectric; Luxray; Magnezone; Zapdos; Raikou; Rotom; Plusle; Minun; Pachirisu,15,15,1.0,True,True
HGSS,Electric,MachineMoves,MOVE_CUT,Cut,Normal,Physical,50,95,30,0,0,True,Raikou; Pachirisu,2,15,0.133,True,False
HGSS,Electric,MachineMoves,MOVE_DARK_PULSE,Dark Pulse,Dark,Special,80,100,15,31,0,True,Rotom,1,15,0.067,True,False
HGSS,Electric,MachineMoves,MOVE_DIG,Dig,Ground,Physical,80,100,10,256,0,True,Raichu; Electivire; Jolteon; Raikou; Pachirisu,5,15,0.333,True,True
HGSS,Electric,MachineMoves,MOVE_DOUBLE_TEAM,Double Team,Normal,Status,0,0,15,16,0,True,Raichu; Electrode; Electivire; Jolteon; Ampharos; Lanturn; Manectric; Luxray; Magnezone; Zapdos; Raikou; Rotom; Plusle; Minun; Pachirisu,15,15,1.0,True,True
HGSS,Electric,MachineMoves,MOVE_DREAM_EATER,Dream Eater,Psychic,Special,100,100,15,8,0,True,Rotom,1,15,0.067,True,False
HGSS,Electric,MachineMoves,MOVE_EARTHQUAKE,Earthquake,Ground,Physical,100,100,10,147,0,True,Electivire,1,15,0.067,True,False
HGSS,Electric,MachineMoves,MOVE_ENDURE,Endure,Normal,Status,0,0,10,116,3,True,Raichu; Electrode; Electivire; Jolteon; Ampharos; Lanturn; Manectric; Luxray; Magnezone; Zapdos; Raikou; Rotom; Plusle; Minun; Pachirisu,15,15,1.0,True,True
HGSS,Electric,MachineMoves,MOVE_EXPLOSION,Explosion,Normal,Physical,250,100,5,7,0,True,Electrode; Magnezone,2,15,0.133,True,False
HGSS,Electric,MachineMoves,MOVE_FACADE,Facade,Normal,Physical,70,100,20,169,0,True,Raichu; Electrode; Electivire; Jolteon; Ampharos; Lanturn; Manectric; Luxray; Magnezone; Zapdos; Raikou; Rotom; Plusle; Minun; Pachirisu,15,15,1.0,True,True
HGSS,Electric,MachineMoves,MOVE_FLAMETHROWER,Flamethrower,Fire,Special,95,100,15,4,0,True,Electivire; Manectric,2,15,0.133,True,False
HGSS,Electric,MachineMoves,MOVE_FLASH,Flash,Normal,Status,0,100,20,23,0,True,Raichu; Electrode; Electivire; Jolteon; Ampharos; Lanturn; Manectric; Luxray; Magnezone; Zapdos; Raikou; Rotom; Plusle; Minun; Pachirisu,15,15,1.0,True,True
HGSS,Electric,MachineMoves,MOVE_FLASH_CANNON,Flash Cannon,Steel,Special,80,100,10,72,0,True,Magnezone,1,15,0.067,True,False
HGSS,Electric,MachineMoves,MOVE_FLING,Fling,Dark,Physical,1,100,10,233,0,True,Raichu; Electivire; Ampharos; Plusle; Minun; Pachirisu,6,15,0.4,True,True
HGSS,Electric,MachineMoves,MOVE_FLY,Fly,Flying,Physical,90,95,15,155,0,True,Zapdos,1,15,0.067,True,False
HGSS,Electric,MachineMoves,MOVE_FOCUS_BLAST,Focus Blast,Fighting,Special,120,70,5,72,0,True,Raichu; Electivire; Ampharos,3,15,0.2,True,False
HGSS,Electric,MachineMoves,MOVE_FOCUS_PUNCH,Focus Punch,Fighting,Physical,150,100,20,170,-3,True,Raichu; Electivire; Ampharos,3,15,0.2,True,False
HGSS,Electric,MachineMoves,MOVE_FRUSTRATION,Frustration,Normal,Physical,1,100,20,123,0,True,Raichu; Electrode; Electivire; Jolteon; Ampharos; Lanturn; Manectric; Luxray; Magnezone; Zapdos; Raikou; Rotom; Plusle; Minun; Pachirisu,15,15,1.0,True,True
HGSS,Electric,MachineMoves,MOVE_GIGA_IMPACT,Giga Impact,Normal,Physical,150,90,5,80,0,True,Raichu; Electrode; Electivire; Jolteon; Ampharos; Lanturn; Manectric; Luxray; Magnezone; Zapdos; Raikou,11,15,0.733,True,True
HGSS,Electric,MachineMoves,MOVE_GRASS_KNOT,Grass Knot,Grass,Special,1,100,20,196,0,True,Raichu; Plusle; Minun; Pachirisu,4,15,0.267,True,False
HGSS,Electric,MachineMoves,MOVE_GYRO_BALL,Gyro Ball,Steel,Physical,1,100,5,219,0,True,Electrode; Magnezone,2,15,0.133,True,False
HGSS,Electric,MachineMoves,MOVE_HAIL,Hail,Ice,Status,0,0,10,164,0,True,Lanturn,1,15,0.067,True,False
HGSS,Electric,MachineMoves,MOVE_HIDDEN_POWER,Hidden Power,Normal,Special,1,100,15,135,0,True,Raichu; Electrode; Electivire; Jolteon; Ampharos; Lanturn; Manectric; Luxray; Magnezone; Zapdos; Raikou; Rotom; Plusle; Minun; Pachirisu,15,15,1.0,True,True
HGSS,Electric,MachineMoves,MOVE_HYPER_BEAM,Hyper Beam,Normal,Special,150,90,5,80,0,True,Raichu; Electrode; Electivire; Jolteon; Ampharos; Lanturn; Manectric; Luxray; Magnezone; Zapdos; Raikou,11,15,0.733,True,True
HGSS,Electric,MachineMoves,MOVE_ICE_BEAM,Ice Beam,Ice,Special,95,100,10,5,0,True,Lanturn,1,15,0.067,True,False
HGSS,Electric,MachineMoves,MOVE_IRON_TAIL,Iron Tail,Steel,Physical,100,75,15,69,0,True,Raichu; Electivire; Jolteon; Ampharos; Manectric; Luxray; Raikou; Plusle; Minun; Pachirisu,10,15,0.667,True,True
HGSS,Electric,MachineMoves,MOVE_LIGHT_SCREEN,Light Screen,Psychic,Status,0,0,30,35,0,True,Raichu; Electrode; Electivire; Jolteon; Ampharos; Manectric; Luxray; Magnezone; Zapdos; Raikou; Rotom; Plusle; Minun; Pachirisu,14,15,0.933,True,True
HGSS,Electric,MachineMoves,MOVE_NATURAL_GIFT,Natural Gift,Normal,Physical,1,100,15,222,0,True,Raichu; Electrode; Electivire; Jolteon; Ampharos; Lanturn; Manectric; Luxray; Magnezone; Zapdos; Raikou; Rotom; Plusle; Minun; Pachirisu,15,15,1.0,True,True
HGSS,Electric,MachineMoves,MOVE_OVERHEAT,Overheat,Fire,Special,140,90,5,204,0,True,Manectric,1,15,0.067,True,False
HGSS,Electric,MachineMoves,MOVE_PLUCK,Pluck,Flying,Physical,60,100,20,224,0,True,Zapdos,1,15,0.067,True,False
HGSS,Electric,MachineMoves,MOVE_PROTECT,Protect,Normal,Status,0,0,10,111,3,True,Raichu; Electrode; Electivire; Jolteon; Ampharos; Lanturn; Manectric; Luxray; Magnezone; Zapdos; Raikou; Rotom; Plusle; Minun; Pachirisu,15,15,1.0,True,True
HGSS,Electric,MachineMoves,MOVE_PSYCHIC,Psychic,Psychic,Special,90,100,10,72,0,True,Electivire,1,15,0.067,True,False
HGSS,Electric,MachineMoves,MOVE_PSYCH_UP,Psych Up,Normal,Status,0,0,10,143,0,True,Magnezone; Raikou; Rotom,3,15,0.2,True,False
HGSS,Electric,MachineMoves,MOVE_RAIN_DANCE,Rain Dance,Water,Status,0,0,5,136,0,True,Raichu; Electrode; Electivire; Jolteon; Ampharos; Lanturn; Manectric; Luxray; Magnezone; Zapdos; Raikou; Rotom; Plusle; Minun; Pachirisu,15,15,1.0,True,True
HGSS,Electric,MachineMoves,MOVE_RECYCLE,Recycle,Normal,Status,0,0,10,184,0,True,Magnezone,1,15,0.067,True,False
HGSS,Electric,MachineMoves,MOVE_REFLECT,Reflect,Psychic,Status,0,0,20,65,0,True,Magnezone; Raikou; Rotom,3,15,0.2,True,False
HGSS,Electric,MachineMoves,MOVE_REST,Rest,Psychic,Status,0,0,10,37,0,True,Raichu; Electrode; Electivire; Jolteon; Ampharos; Lanturn; Manectric; Luxray; Magnezone; Zapdos; Raikou; Rotom; Plusle; Minun; Pachirisu,15,15,1.0,True,True
HGSS,Electric,MachineMoves,MOVE_RETURN,Return,Normal,Physical,1,100,20,121,0,True,Raichu; Electrode; Electivire; Jolteon; Ampharos; Lanturn; Manectric; Luxray; Magnezone; Zapdos; Raikou; Rotom; Plusle; Minun; Pachirisu,15,15,1.0,True,True
HGSS,Electric,MachineMoves,MOVE_ROAR,Roar,Normal,Status,0,100,20,28,-6,True,Jolteon; Manectric; Luxray; Zapdos; Raikou,5,15,0.333,True,True
HGSS,Electric,MachineMoves,MOVE_ROCK_CLIMB,Rock Climb,Normal,Physical,90,85,20,76,0,True,Electivire; Ampharos; Raikou,3,15,0.2,True,False
HGSS,Electric,MachineMoves,MOVE_ROCK_SLIDE,Rock Slide,Rock,Physical,75,90,10,31,0,True,Electivire,1,15,0.067,True,False
HGSS,Electric,MachineMoves,MOVE_ROCK_SMASH,Rock Smash,Fighting,Physical,40,100,15,69,0,True,Raichu; Electivire; Jolteon; Ampharos; Zapdos; Raikou,6,15,0.4,True,True
HGSS,Electric,MachineMoves,MOVE_ROCK_TOMB,Rock Tomb,Rock,Physical,50,80,10,70,0,True,Electivire,1,15,0.067,True,False
HGSS,Electric,MachineMoves,MOVE_ROOST,Roost,Flying,Status,0,0,10,214,0,True,Zapdos,1,15,0.067,True,False
HGSS,Electric,MachineMoves,MOVE_SANDSTORM,Sandstorm,Rock,Status,0,0,10,115,0,True,Zapdos; Raikou,2,15,0.133,True,False
HGSS,Electric,MachineMoves,MOVE_SECRET_POWER,Secret Power,Normal,Physical,70,100,20,197,0,True,Raichu; Electrode; Electivire; Jolteon; Ampharos; Lanturn; Manectric; Luxray; Magnezone; Zapdos; Raikou; Rotom; Plusle; Minun; Pachirisu,15,15,1.0,True,True
HGSS,Electric,MachineMoves,MOVE_SHADOW_BALL,Shadow Ball,Ghost,Special,80,100,15,72,0,True,Jolteon; Raikou; Rotom,3,15,0.2,True,False
HGSS,Electric,MachineMoves,MOVE_SHOCK_WAVE,Shock Wave,Electric,Special,60,0,20,17,0,True,Raichu; Electrode; Electivire; Jolteon; Ampharos; Lanturn; Manectric; Luxray; Magnezone; Zapdos; Raikou; Rotom; Plusle; Minun; Pachirisu,15,15,1.0,True,True
HGSS,Electric,MachineMoves,MOVE_SLEEP_TALK,Sleep Talk,Normal,Status,0,0,10,97,0,True,Raichu; Electrode; Electivire; Jolteon; Ampharos; Lanturn; Manectric; Luxray; Magnezone; Zapdos; Raikou; Rotom; Plusle; Minun; Pachirisu,15,15,1.0,True,True
HGSS,Electric,MachineMoves,MOVE_SNATCH,Snatch,Dark,Status,0,0,10,195,4,True,Rotom,1,15,0.067,True,False
HGSS,Electric,MachineMoves,MOVE_STEEL_WING,Steel Wing,Steel,Physical,70,90,25,138,0,True,Zapdos,1,15,0.067,True,False
HGSS,Electric,MachineMoves,MOVE_STRENGTH,Strength,Normal,Physical,80,100,15,0,0,True,Raichu; Electivire; Jolteon; Ampharos; Manectric; Luxray; Raikou,7,15,0.467,True,True
HGSS,Electric,MachineMoves,MOVE_SUBSTITUTE,Substitute,Normal,Status,0,0,10,79,0,True,Raichu; Electrode; Electivire; Jolteon; Ampharos; Lanturn; Manectric; Luxray; Magnezone; Zapdos; Raikou; Rotom; Plusle; Minun; Pachirisu,15,15,1.0,True,True
HGSS,Electric,MachineMoves,MOVE_SUNNY_DAY,Sunny Day,Fire,Status,0,0,5,137,0,True,Jolteon; Magnezone; Zapdos; Raikou; Rotom,5,15,0.333,True,True
HGSS,Electric,MachineMoves,MOVE_SURF,Surf,Water,Special,95,100,15,257,0,True,Lanturn,1,15,0.067,True,False
HGSS,Electric,MachineMoves,MOVE_SWAGGER,Swagger,Normal,Status,0,90,15,118,0,True,Raichu; Electrode; Electivire; Jolteon; Ampharos; Lanturn; Manectric; Luxray; Magnezone; Zapdos; Raikou; Rotom; Plusle; Minun; Pachirisu,15,15,1.0,True,True
HGSS,Electric,MachineMoves,MOVE_TAUNT,Taunt,Dark,Status,0,100,20,175,0,True,Electrode; Electivire,2,15,0.133,True,False
HGSS,Electric,MachineMoves,MOVE_THIEF,Thief,Dark,Physical,40,100,10,105,0,True,Raichu; Electrode; Electivire; Manectric; Luxray; Rotom,6,15,0.4,True,True
HGSS,Electric,MachineMoves,MOVE_THUNDER,Thunder,Electric,Special,120,70,10,152,0,True,Raichu; Electrode; Electivire; Jolteon; Ampharos; Lanturn; Manectric; Luxray; Magnezone; Zapdos; Raikou; Rotom; Plusle; Minun; Pachirisu,15,15,1.0,True,True
HGSS,Electric,MachineMoves,MOVE_THUNDERBOLT,Thunderbolt,Electric,Special,95,100,15,6,0,True,Raichu; Electrode; Electivire; Jolteon; Ampharos; Lanturn; Manectric; Luxray; Magnezone; Zapdos; Raikou; Rotom; Plusle; Minun; Pachirisu,15,15,1.0,True,True
HGSS,Electric,MachineMoves,MOVE_THUNDER_WAVE,Thunder Wave,Electric,Status,0,100,20,67,0,True,Raichu; Electrode; Electivire; Jolteon; Ampharos; Lanturn; Manectric; Luxray; Magnezone; Zapdos; Raikou; Rotom; Plusle; Minun; Pachirisu,15,15,1.0,True,True
HGSS,Electric,MachineMoves,MOVE_TORMENT,Torment,Dark,Status,0,100,15,165,0,True,Electrode; Electivire,2,15,0.133,True,False
HGSS,Electric,MachineMoves,MOVE_TOXIC,Toxic,Poison,Status,0,85,10,33,0,True,Raichu; Electrode; Electivire; Jolteon; Ampharos; Lanturn; Manectric; Luxray; Magnezone; Zapdos; Raikou; Rotom; Plusle; Minun; Pachirisu,15,15,1.0,True,True
HGSS,Electric,MachineMoves,MOVE_U_TURN,U-turn,Bug,Physical,70,100,20,228,0,True,Zapdos; Pachirisu,2,15,0.133,True,False
HGSS,Electric,MachineMoves,MOVE_WATERFALL,Waterfall,Water,Physical,80,100,15,31,0,True,Lanturn,1,15,0.067,True,False
HGSS,Electric,MachineMoves,MOVE_WATER_PULSE,Water Pulse,Water,Special,60,100,20,76,0,True,Lanturn,1,15,0.067,True,False
HGSS,Electric,MachineMoves,MOVE_WHIRLPOOL,Whirlpool,Water,Special,15,70,15,261,0,True,Lanturn,1,15,0.067,True,False
HGSS,Electric,MachineMoves,MOVE_WILL_O_WISP,Will-O-Wisp,Fire,Status,0,75,15,167,0,True,Rotom,1,15,0.067,True,False
HGSS,Electric,TutorMoves,MOVE_AIR_CUTTER,Air Cutter,Flying,Special,55,95,25,43,0,True,Zapdos,1,15,0.067,True,False
HGSS,Electric,TutorMoves,MOVE_ANCIENT_POWER,Ancient Power,Rock,Special,60,100,5,140,0,True,Zapdos,1,15,0.067,True,False
HGSS,Electric,TutorMoves,MOVE_AQUA_TAIL,Aqua Tail,Water,Physical,90,90,10,0,0,True,Lanturn,1,15,0.067,True,False
HGSS,Electric,TutorMoves,MOVE_BOUNCE,Bounce,Flying,Physical,85,85,5,263,0,True,Lanturn,1,15,0.067,True,False
HGSS,Electric,TutorMoves,MOVE_DIVE,Dive,Water,Physical,80,100,10,255,0,True,Lanturn,1,15,0.067,True,False
HGSS,Electric,TutorMoves,MOVE_FIRE_PUNCH,Fire Punch,Fire,Physical,75,100,15,4,0,True,Electivire; Ampharos,2,15,0.133,True,False
HGSS,Electric,TutorMoves,MOVE_FURY_CUTTER,Fury Cutter,Bug,Physical,10,95,20,119,0,True,Luxray,1,15,0.067,True,False
HGSS,Electric,TutorMoves,MOVE_GRAVITY,Gravity,Psychic,Status,0,0,5,215,0,True,Magnezone,1,15,0.067,True,False
HGSS,Electric,TutorMoves,MOVE_GUNK_SHOT,Gunk Shot,Poison,Physical,120,70,5,2,0,True,Pachirisu,1,15,0.067,True,False
HGSS,Electric,TutorMoves,MOVE_HEADBUTT,Headbutt,Normal,Physical,70,100,15,31,0,True,Raichu; Electrode; Electivire; Jolteon; Ampharos; Manectric; Luxray; Raikou; Plusle; Minun; Pachirisu,11,15,0.733,True,True
HGSS,Electric,TutorMoves,MOVE_HEAL_BELL,Heal Bell,Normal,Status,0,0,5,102,0,True,Jolteon; Ampharos; Lanturn,3,15,0.2,True,False
HGSS,Electric,TutorMoves,MOVE_HEAT_WAVE,Heat Wave,Fire,Special,100,90,10,4,0,True,Zapdos,1,15,0.067,True,False
HGSS,Electric,TutorMoves,MOVE_HELPING_HAND,Helping Hand,Normal,Status,0,0,20,176,5,True,Raichu; Electivire; Jolteon; Plusle; Minun; Pachirisu,6,15,0.4,True,True
HGSS,Electric,TutorMoves,MOVE_ICE_PUNCH,Ice Punch,Ice,Physical,75,100,15,5,0,True,Electivire,1,15,0.067,True,False
HGSS,Electric,TutorMoves,MOVE_ICY_WIND,Icy Wind,Ice,Special,55,95,15,70,0,True,Lanturn,1,15,0.067,True,False
HGSS,Electric,TutorMoves,MOVE_IRON_DEFENSE,Iron Defense,Steel,Status,0,0,15,51,0,True,Magnezone,1,15,0.067,True,False
HGSS,Electric,TutorMoves,MOVE_IRON_HEAD,Iron Head,Steel,Physical,80,100,15,31,0,True,Magnezone; Raikou,2,15,0.133,True,False
HGSS,Electric,TutorMoves,MOVE_KNOCK_OFF,Knock Off,Dark,Physical,20,100,20,188,0,True,Raichu,1,15,0.067,True,False
HGSS,Electric,TutorMoves,MOVE_LAST_RESORT,Last Resort,Normal,Physical,130,100,5,246,0,True,Jolteon; Plusle; Minun; Pachirisu,4,15,0.267,True,False
HGSS,Electric,TutorMoves,MOVE_LOW_KICK,Low Kick,Fighting,Physical,1,100,20,196,0,True,Electivire,1,15,0.067,True,False
HGSS,Electric,TutorMoves,MOVE_MAGIC_COAT,Magic Coat,Psychic,Status,0,0,15,183,4,True,Electrode; Magnezone,2,15,0.133,True,False
HGSS,Electric,TutorMoves,MOVE_MAGNET_RISE,Magnet Rise,Electric,Status,0,0,10,252,0,True,Raichu; Electrode; Electivire; Jolteon; Ampharos; Manectric; Luxray; Magnezone; Raikou; Plusle; Minun; Pachirisu,12,15,0.8,True,True
HGSS,Electric,TutorMoves,MOVE_MUD_SLAP,Mud-Slap,Ground,Special,20,100,10,73,0,True,Raichu; Electivire; Jolteon; Manectric; Luxray; Zapdos; Raikou; Rotom; Plusle; Minun; Pachirisu,11,15,0.733,True,True
HGSS,Electric,TutorMoves,MOVE_OMINOUS_WIND,Ominous Wind,Ghost,Special,60,100,5,140,0,True,Zapdos; Rotom,2,15,0.133,True,False
HGSS,Electric,TutorMoves,MOVE_OUTRAGE,Outrage,Dragon,Physical,120,100,15,27,0,True,Ampharos,1,15,0.067,True,False
HGSS,Electric,TutorMoves,MOVE_PAIN_SPLIT,Pain Split,Normal,Status,0,0,20,91,0,True,Rotom,1,15,0.067,True,False
HGSS,Electric,TutorMoves,MOVE_ROLLOUT,Rollout,Rock,Physical,30,90,20,117,0,True,Raichu; Electrode; Magnezone; Plusle; Minun; Pachirisu,6,15,0.4,True,True
HGSS,Electric,TutorMoves,MOVE_SEED_BOMB,Seed Bomb,Grass,Physical,80,100,15,0,0,True,Pachirisu,1,15,0.067,True,False
HGSS,Electric,TutorMoves,MOVE_SIGNAL_BEAM,Signal Beam,Bug,Special,75,100,15,76,0,True,Raichu; Electrode; Electivire; Jolteon; Ampharos; Lanturn; Manectric; Luxray; Magnezone; Zapdos; Raikou; Rotom; Plusle; Minun,14,15,0.933,True,True
HGSS,Electric,TutorMoves,MOVE_SKY_ATTACK,Sky Attack,Flying,Physical,140,90,5,75,0,True,Zapdos,1,15,0.067,True,False
HGSS,Electric,TutorMoves,MOVE_SNORE,Snore,Normal,Special,40,100,15,92,0,True,Raichu; Electrode; Electivire; Jolteon; Ampharos; Lanturn; Manectric; Luxray; Magnezone; Zapdos; Raikou; Rotom; Plusle; Minun; Pachirisu,15,15,1.0,True,True
HGSS,Electric,TutorMoves,MOVE_SPITE,Spite,Ghost,Status,0,100,10,100,0,True,Rotom,1,15,0.067,True,False
HGSS,Electric,TutorMoves,MOVE_SUCKER_PUNCH,Sucker Punch,Dark,Physical,80,100,5,248,1,True,Electrode; Lanturn; Rotom,3,15,0.2,True,False
HGSS,Electric,TutorMoves,MOVE_SUPERPOWER,Superpower,Fighting,Physical,120,100,5,182,0,True,Luxray,1,15,0.067,True,False
HGSS,Electric,TutorMoves,MOVE_SUPER_FANG,Super Fang,Normal,Physical,1,90,10,40,0,True,Pachirisu,1,15,0.067,True,False
HGSS,Electric,TutorMoves,MOVE_SWIFT,Swift,Normal,Special,60,0,20,17,0,True,Raichu; Electrode; Electivire; Jolteon; Ampharos; Manectric; Luxray; Magnezone; Zapdos; Raikou; Rotom; Plusle; Minun; Pachirisu,14,15,0.933,True,True
HGSS,Electric,TutorMoves,MOVE_TAILWIND,Tailwind,Flying,Status,0,0,30,225,0,True,Zapdos,1,15,0.067,True,False
HGSS,Electric,TutorMoves,MOVE_THUNDER_PUNCH,Thunder Punch,Electric,Physical,75,100,15,6,0,True,Raichu; Electivire; Ampharos; Plusle; Minun; Pachirisu,6,15,0.4,True,True
HGSS,Electric,TutorMoves,MOVE_TRICK,Trick,Psychic,Status,0,100,10,177,0,True,Rotom,1,15,0.067,True,False
HGSS,Electric,TutorMoves,MOVE_TWISTER,Twister,Dragon,Special,40,100,20,146,0,True,Zapdos,1,15,0.067,True,False
HGSS,Electric,TutorMoves,MOVE_UPROAR,Uproar,Normal,Special,50,100,10,159,0,True,Rotom; Plusle; Minun; Pachirisu,4,15,0.267,True,False
HGSS,Fighting,MachineMoves,MOVE_AERIAL_ACE,Aerial Ace,Flying,Physical,60,0,20,17,0,True,Primeape; Heracross; Gallade; Infernape; Blaziken,5,13,0.385,True,True
HGSS,Fighting,MachineMoves,MOVE_ATTRACT,Attract,Normal,Status,0,100,15,120,0,True,Machamp; Primeape; Hitmonchan; Heracross; Hariyama; Medicham; Breloom; Gallade; Lucario; Infernape; Blaziken; Poliwrath; Toxicroak,13,13,1.0,True,True
HGSS,Fighting,MachineMoves,MOVE_BLIZZARD,Blizzard,Ice,Special,120,70,5,260,0,True,Poliwrath,1,13,0.077,True,False
HGSS,Fighting,MachineMoves,MOVE_BRICK_BREAK,Brick Break,Fighting,Physical,75,100,15,186,0,True,Machamp; Primeape; Hitmonchan; Heracross; Hariyama; Medicham; Breloom; Gallade; Lucario; Infernape; Blaziken; Poliwrath; Toxicroak,13,13,1.0,True,True
HGSS,Fighting,MachineMoves,MOVE_BRINE,Brine,Water,Special,65,100,10,221,0,True,Hariyama,1,13,0.077,True,False
HGSS,Fighting,MachineMoves,MOVE_BULK_UP,Bulk Up,Fighting,Status,0,0,20,208,0,True,Machamp; Primeape; Hitmonchan; Heracross; Hariyama; Medicham; Breloom; Gallade; Lucario; Infernape; Blaziken; Poliwrath; Toxicroak,13,13,1.0,True,True
HGSS,Fighting,MachineMoves,MOVE_BULLET_SEED,Bullet Seed,Grass,Physical,10,100,30,29,0,True,Breloom,1,13,0.077,True,False
HGSS,Fighting,MachineMoves,MOVE_CALM_MIND,Calm Mind,Psychic,Status,0,0,20,211,0,True,Medicham; Gallade; Lucario; Infernape,4,13,0.308,True,False
HGSS,Fighting,MachineMoves,MOVE_CAPTIVATE,Captivate,Normal,Status,0,100,20,265,0,True,Machamp; Primeape; Hitmonchan; Heracross; Hariyama; Medicham; Breloom; Gallade; Lucario; Infernape; Blaziken; Poliwrath; Toxicroak,13,13,1.0,True,True
HGSS,Fighting,MachineMoves,MOVE_CHARGE_BEAM,Charge Beam,Electric,Special,50,90,10,276,0,True,Gallade,1,13,0.077,True,False
HGSS,Fighting,MachineMoves,MOVE_CUT,Cut,Normal,Physical,50,95,30,0,0,True,Heracross; Breloom; Gallade; Infernape; Blaziken; Toxicroak,6,13,0.462,True,True
HGSS,Fighting,MachineMoves,MOVE_DARK_PULSE,Dark Pulse,Dark,Special,80,100,15,31,0,True,Lucario; Toxicroak,2,13,0.154,True,False
HGSS,Fighting,MachineMoves,MOVE_DIG,Dig,Ground,Physical,80,100,10,256,0,True,Machamp; Primeape; Heracross; Hariyama; Lucario; Infernape; Blaziken; Poliwrath; Toxicroak,9,13,0.692,True,True
HGSS,Fighting,MachineMoves,MOVE_DOUBLE_TEAM,Double Team,Normal,Status,0,0,15,16,0,True,Machamp; Primeape; Hitmonchan; Heracross; Hariyama; Medicham; Breloom; Gallade; Lucario; Infernape; Blaziken; Poliwrath; Toxicroak,13,13,1.0,True,True
HGSS,Fighting,MachineMoves,MOVE_DRAGON_PULSE,Dragon Pulse,Dragon,Special,90,100,10,0,0,True,Lucario,1,13,0.077,True,False
HGSS,Fighting,MachineMoves,MOVE_DRAIN_PUNCH,Drain Punch,Fighting,Physical,60,100,5,3,0,True,Hitmonchan; Medicham; Breloom; Gallade; Lucario,5,13,0.385,True,True
HGSS,Fighting,MachineMoves,MOVE_DREAM_EATER,Dream Eater,Psychic,Special,100,100,15,8,0,True,Medicham; Gallade,2,13,0.154,True,False
HGSS,Fighting,MachineMoves,MOVE_EARTHQUAKE,Earthquake,Ground,Physical,100,100,10,147,0,True,Machamp; Primeape; Hitmonchan; Heracross; Hariyama; Gallade; Lucario; Infernape; Blaziken; Poliwrath; Toxicroak,11,13,0.846,True,True
HGSS,Fighting,MachineMoves,MOVE_EMBARGO,Embargo,Dark,Status,0,100,15,232,0,True,Toxicroak,1,13,0.077,True,False
HGSS,Fighting,MachineMoves,MOVE_ENDURE,Endure,Normal,Status,0,0,10,116,3,True,Machamp; Primeape; Hitmonchan; Heracross; Hariyama; Medicham; Breloom; Gallade; Lucario; Infernape; Blaziken; Poliwrath; Toxicroak,13,13,1.0,True,True
HGSS,Fighting,MachineMoves,MOVE_ENERGY_BALL,Energy Ball,Grass,Special,80,100,10,72,0,True,Medicham; Breloom,2,13,0.154,True,False
HGSS,Fighting,MachineMoves,MOVE_FACADE,Facade,Normal,Physical,70,100,20,169,0,True,Machamp; Primeape; Hitmonchan; Heracross; Hariyama; Medicham; Breloom; Gallade; Lucario; Infernape; Blaziken; Poliwrath; Toxicroak,13,13,1.0,True,True
HGSS,Fighting,MachineMoves,MOVE_FALSE_SWIPE,False Swipe,Normal,Physical,40,100,40,101,0,True,Gallade,1,13,0.077,True,False
HGSS,Fighting,MachineMoves,MOVE_FIRE_BLAST,Fire Blast,Fire,Special,120,85,5,4,0,True,Machamp; Infernape; Blaziken,3,13,0.231,True,False
HGSS,Fighting,MachineMoves,MOVE_FLAMETHROWER,Flamethrower,Fire,Special,95,100,15,4,0,True,Machamp; Infernape; Blaziken,3,13,0.231,True,False
HGSS,Fighting,MachineMoves,MOVE_FLASH,Flash,Normal,Status,0,100,20,23,0,True,Medicham; Breloom; Gallade,3,13,0.231,True,False
HGSS,Fighting,MachineMoves,MOVE_FLASH_CANNON,Flash Cannon,Steel,Special,80,100,10,72,0,True,Lucario,1,13,0.077,True,False
HGSS,Fighting,MachineMoves,MOVE_FLING,Fling,Dark,Physical,1,100,10,233,0,True,Machamp; Primeape; Hitmonchan; Heracross; Hariyama; Medicham; Breloom; Gallade; Lucario; Infernape; Blaziken; Poliwrath; Toxicroak,13,13,1.0,True,True
HGSS,Fighting,MachineMoves,MOVE_FOCUS_BLAST,Focus Blast,Fighting,Special,120,70,5,72,0,True,Machamp; Primeape; Hitmonchan; Heracross; Hariyama; Medicham; Breloom; Gallade; Lucario; Infernape; Blaziken; Poliwrath; Toxicroak,13,13,1.0,True,True
HGSS,Fighting,MachineMoves,MOVE_FOCUS_PUNCH,Focus Punch,Fighting,Physical,150,100,20,170,-3,True,Machamp; Primeape; Hitmonchan; Heracross; Hariyama; Medicham; Breloom; Gallade; Lucario; Infernape; Blaziken; Poliwrath; Toxicroak,13,13,1.0,True,True
HGSS,Fighting,MachineMoves,MOVE_FRUSTRATION,Frustration,Normal,Physical,1,100,20,123,0,True,Machamp; Primeape; Hitmonchan; Heracross; Hariyama; Medicham; Breloom; Gallade; Lucario; Infernape; Blaziken; Poliwrath; Toxicroak,13,13,1.0,True,True
HGSS,Fighting,MachineMoves,MOVE_GIGA_DRAIN,Giga Drain,Grass,Special,60,100,10,3,0,True,Breloom,1,13,0.077,True,False
HGSS,Fighting,MachineMoves,MOVE_GIGA_IMPACT,Giga Impact,Normal,Physical,150,90,5,80,0,True,Machamp; Primeape; Heracross; Hariyama; Medicham; Breloom; Gallade; Lucario; Infernape; Blaziken; Poliwrath; Toxicroak,12,13,0.923,True,True
HGSS,Fighting,MachineMoves,MOVE_GRASS_KNOT,Grass Knot,Grass,Special,1,100,20,196,0,True,Medicham; Breloom; Gallade; Infernape,4,13,0.308,True,False
HGSS,Fighting,MachineMoves,MOVE_HAIL,Hail,Ice,Status,0,0,10,164,0,True,Poliwrath,1,13,0.077,True,False
HGSS,Fighting,MachineMoves,MOVE_HIDDEN_POWER,Hidden Power,Normal,Special,1,100,15,135,0,True,Machamp; Primeape; Hitmonchan; Heracross; Hariyama; Medicham; Breloom; Gallade; Lucario; Infernape; Blaziken; Poliwrath; Toxicroak,13,13,1.0,True,True
HGSS,Fighting,MachineMoves,MOVE_HYPER_BEAM,Hyper Beam,Normal,Special,150,90,5,80,0,True,Machamp; Primeape; Heracross; Hariyama; Medicham; Breloom; Gallade; Lucario; Infernape; Blaziken; Poliwrath; Toxicroak,12,13,0.923,True,True
HGSS,Fighting,MachineMoves,MOVE_ICE_BEAM,Ice Beam,Ice,Special,95,100,10,5,0,True,Poliwrath,1,13,0.077,True,False
HGSS,Fighting,MachineMoves,MOVE_IRON_TAIL,Iron Tail,Steel,Physical,100,75,15,69,0,True,Primeape; Breloom; Lucario; Infernape,4,13,0.308,True,False
HGSS,Fighting,MachineMoves,MOVE_LIGHT_SCREEN,Light Screen,Psychic,Status,0,0,30,35,0,True,Medicham; Gallade,2,13,0.154,True,False
HGSS,Fighting,MachineMoves,MOVE_NATURAL_GIFT,Natural Gift,Normal,Physical,1,100,15,222,0,True,Machamp; Primeape; Hitmonchan; Heracross; Hariyama; Medicham; Breloom; Gallade; Lucario; Infernape; Blaziken; Poliwrath; Toxicroak,13,13,1.0,True,True
HGSS,Fighting,MachineMoves,MOVE_OVERHEAT,Overheat,Fire,Special,140,90,5,204,0,True,Primeape; Infernape; Blaziken,3,13,0.231,True,False
HGSS,Fighting,MachineMoves,MOVE_PAYBACK,Payback,Dark,Physical,50,100,10,230,0,True,Machamp; Primeape; Hariyama; Lucario; Poliwrath; Toxicroak,6,13,0.462,True,True
HGSS,Fighting,MachineMoves,MOVE_POISON_JAB,Poison Jab,Poison,Physical,80,100,20,2,0,True,Machamp; Primeape; Hariyama; Medicham; Gallade; Lucario; Infernape; Blaziken; Poliwrath; Toxicroak,10,13,0.769,True,True
HGSS,Fighting,MachineMoves,MOVE_PROTECT,Protect,Normal,Status,0,0,10,111,3,True,Machamp; Primeape; Hitmonchan; Heracross; Hariyama; Medicham; Breloom; Gallade; Lucario; Infernape; Blaziken; Poliwrath; Toxicroak,13,13,1.0,True,True
HGSS,Fighting,MachineMoves,MOVE_PSYCHIC,Psychic,Psychic,Special,90,100,10,72,0,True,Medicham; Gallade; Lucario; Poliwrath,4,13,0.308,True,False
HGSS,Fighting,MachineMoves,MOVE_PSYCH_UP,Psych Up,Normal,Status,0,0,10,143,0,True,Medicham; Gallade,2,13,0.154,True,False
HGSS,Fighting,MachineMoves,MOVE_RAIN_DANCE,Rain Dance,Water,Status,0,0,5,136,0,True,Machamp; Primeape; Hitmonchan; Heracross; Hariyama; Medicham; Gallade; Lucario; Poliwrath; Toxicroak,10,13,0.769,True,True
HGSS,Fighting,MachineMoves,MOVE_RECYCLE,Recycle,Normal,Status,0,0,10,184,0,True,Medicham; Gallade,2,13,0.154,True,False
HGSS,Fighting,MachineMoves,MOVE_REFLECT,Reflect,Psychic,Status,0,0,20,65,0,True,Medicham; Gallade,2,13,0.154,True,False
HGSS,Fighting,MachineMoves,MOVE_REST,Rest,Psychic,Status,0,0,10,37,0,True,Machamp; Primeape; Hitmonchan; Heracross; Hariyama; Medicham; Breloom; Gallade; Lucario; Infernape; Blaziken; Poliwrath; Toxicroak,13,13,1.0,True,True
HGSS,Fighting,MachineMoves,MOVE_RETURN,Return,Normal,Physical,1,100,20,121,0,True,Machamp; Primeape; Hitmonchan; Heracross; Hariyama; Medicham; Breloom; Gallade; Lucario; Infernape; Blaziken; Poliwrath; Toxicroak,13,13,1.0,True,True
HGSS,Fighting,MachineMoves,MOVE_ROAR,Roar,Normal,Status,0,100,20,28,-6,True,Lucario; Infernape; Blaziken,3,13,0.231,True,False
HGSS,Fighting,MachineMoves,MOVE_ROCK_CLIMB,Rock Climb,Normal,Physical,90,85,20,76,0,True,Machamp; Primeape; Hitmonchan; Hariyama; Lucario; Infernape; Blaziken; Poliwrath; Toxicroak,9,13,0.692,True,True
HGSS,Fighting,MachineMoves,MOVE_ROCK_SLIDE,Rock Slide,Rock,Physical,75,90,10,31,0,True,Machamp; Primeape; Hitmonchan; Heracross; Hariyama; Medicham; Breloom; Gallade; Lucario; Infernape; Blaziken; Poliwrath; Toxicroak,13,13,1.0,True,True
HGSS,Fighting,MachineMoves,MOVE_ROCK_SMASH,Rock Smash,Fighting,Physical,40,100,15,69,0,True,Machamp; Primeape; Hitmonchan; Heracross; Hariyama; Medicham; Breloom; Gallade; Lucario; Infernape; Blaziken; Poliwrath; Toxicroak,13,13,1.0,True,True
HGSS,Fighting,MachineMoves,MOVE_ROCK_TOMB,Rock Tomb,Rock,Physical,50,80,10,70,0,True,Machamp; Primeape; Hitmonchan; Heracross; Hariyama; Medicham; Breloom; Gallade; Lucario; Infernape; Blaziken; Poliwrath; Toxicroak,13,13,1.0,True,True
HGSS,Fighting,MachineMoves,MOVE_SAFEGUARD,Safeguard,Normal,Status,0,0,25,124,0,True,Breloom; Gallade,2,13,0.154,True,False
HGSS,Fighting,MachineMoves,MOVE_SECRET_POWER,Secret Power,Normal,Physical,70,100,20,197,0,True,Machamp; Primeape; Hitmonchan; Heracross; Hariyama; Medicham; Breloom; Gallade; Lucario; Infernape; Blaziken; Poliwrath; Toxicroak,13,13,1.0,True,True
HGSS,Fighting,MachineMoves,MOVE_SHADOW_BALL,Shadow Ball,Ghost,Special,80,100,15,72,0,True,Medicham; Gallade; Lucario; Toxicroak,4,13,0.308,True,False
HGSS,Fighting,MachineMoves,MOVE_SHADOW_CLAW,Shadow Claw,Ghost,Physical,70,100,15,43,0,True,Heracross; Lucario; Infernape; Blaziken,4,13,0.308,True,False
HGSS,Fighting,MachineMoves,MOVE_SHOCK_WAVE,Shock Wave,Electric,Special,60,0,20,17,0,True,Gallade,1,13,0.077,True,False
HGSS,Fighting,MachineMoves,MOVE_SKILL_SWAP,Skill Swap,Psychic,Status,0,0,10,191,0,True,Gallade,1,13,0.077,True,False
HGSS,Fighting,MachineMoves,MOVE_SLEEP_TALK,Sleep Talk,Normal,Status,0,0,10,97,0,True,Machamp; Primeape; Hitmonchan; Heracross; Hariyama; Medicham; Breloom; Gallade; Lucario; Infernape; Blaziken; Poliwrath; Toxicroak,13,13,1.0,True,True
HGSS,Fighting,MachineMoves,MOVE_SLUDGE_BOMB,Sludge Bomb,Poison,Special,90,100,10,2,0,True,Breloom; Toxicroak,2,13,0.154,True,False
HGSS,Fighting,MachineMoves,MOVE_SNATCH,Snatch,Dark,Status,0,0,10,195,4,True,Breloom; Gallade; Toxicroak,3,13,0.231,True,False
HGSS,Fighting,MachineMoves,MOVE_SOLAR_BEAM,Solar Beam,Grass,Special,120,100,10,151,0,True,Breloom; Infernape; Blaziken,3,13,0.231,True,False
HGSS,Fighting,MachineMoves,MOVE_STEALTH_ROCK,Stealth Rock,Rock,Status,0,0,20,266,0,True,Infernape,1,13,0.077,True,False
HGSS,Fighting,MachineMoves,MOVE_STONE_EDGE,Stone Edge,Rock,Physical,100,80,5,43,0,True,Machamp; Primeape; Hitmonchan; Heracross; Hariyama; Breloom; Gallade; Lucario; Infernape; Blaziken; Toxicroak,11,13,0.846,True,True
HGSS,Fighting,MachineMoves,MOVE_STRENGTH,Strength,Normal,Physical,80,100,15,0,0,True,Machamp; Primeape; Hitmonchan; Heracross; Hariyama; Medicham; Breloom; Gallade; Lucario; Infernape; Blaziken; Poliwrath; Toxicroak,13,13,1.0,True,True
HGSS,Fighting,MachineMoves,MOVE_SUBSTITUTE,Substitute,Normal,Status,0,0,10,79,0,True,Machamp; Primeape; Hitmonchan; Heracross; Hariyama; Medicham; Breloom; Gallade; Lucario; Infernape; Blaziken; Poliwrath; Toxicroak,13,13,1.0,True,True
HGSS,Fighting,MachineMoves,MOVE_SUNNY_DAY,Sunny Day,Fire,Status,0,0,5,137,0,True,Machamp; Primeape; Hitmonchan; Heracross; Hariyama; Medicham; Breloom; Gallade; Lucario; Infernape; Blaziken; Toxicroak,12,13,0.923,True,True
HGSS,Fighting,MachineMoves,MOVE_SURF,Surf,Water,Special,95,100,15,257,0,True,Hariyama; Poliwrath,2,13,0.154,True,False
HGSS,Fighting,MachineMoves,MOVE_SWAGGER,Swagger,Normal,Status,0,90,15,118,0,True,Machamp; Primeape; Hitmonchan; Heracross; Hariyama; Medicham; Breloom; Gallade; Lucario; Infernape; Blaziken; Poliwrath; Toxicroak,13,13,1.0,True,True
HGSS,Fighting,MachineMoves,MOVE_SWORDS_DANCE,Swords Dance,Normal,Status,0,0,30,50,0,True,Heracross; Breloom; Gallade; Lucario; Infernape; Blaziken; Toxicroak,7,13,0.538,True,True
HGSS,Fighting,MachineMoves,MOVE_TAUNT,Taunt,Dark,Status,0,100,20,175,0,True,Primeape; Gallade; Infernape; Toxicroak,4,13,0.308,True,False
HGSS,Fighting,MachineMoves,MOVE_THIEF,Thief,Dark,Physical,40,100,10,105,0,True,Machamp; Primeape; Hitmonchan; Heracross; Gallade; Poliwrath; Toxicroak,7,13,0.538,True,True
HGSS,Fighting,MachineMoves,MOVE_THUNDER,Thunder,Electric,Special,120,70,10,152,0,True,Primeape,1,13,0.077,True,False
HGSS,Fighting,MachineMoves,MOVE_THUNDERBOLT,Thunderbolt,Electric,Special,95,100,15,6,0,True,Primeape; Gallade,2,13,0.154,True,False
HGSS,Fighting,MachineMoves,MOVE_THUNDER_WAVE,Thunder Wave,Electric,Status,0,100,20,67,0,True,Gallade,1,13,0.077,True,False
HGSS,Fighting,MachineMoves,MOVE_TORMENT,Torment,Dark,Status,0,100,15,165,0,True,Gallade; Infernape; Toxicroak,3,13,0.231,True,False
HGSS,Fighting,MachineMoves,MOVE_TOXIC,Toxic,Poison,Status,0,85,10,33,0,True,Machamp; Primeape; Hitmonchan; Heracross; Hariyama; Medicham; Breloom; Gallade; Lucario; Infernape; Blaziken; Poliwrath; Toxicroak,13,13,1.0,True,True
HGSS,Fighting,MachineMoves,MOVE_TRICK_ROOM,Trick Room,Psychic,Status,0,0,5,259,-7,True,Gallade,1,13,0.077,True,False
HGSS,Fighting,MachineMoves,MOVE_U_TURN,U-turn,Bug,Physical,70,100,20,228,0,True,Primeape; Infernape,2,13,0.154,True,False
HGSS,Fighting,MachineMoves,MOVE_WATERFALL,Waterfall,Water,Physical,80,100,15,31,0,True,Poliwrath,1,13,0.077,True,False
HGSS,Fighting,MachineMoves,MOVE_WATER_PULSE,Water Pulse,Water,Special,60,100,20,76,0,True,Lucario; Poliwrath,2,13,0.154,True,False
HGSS,Fighting,MachineMoves,MOVE_WHIRLPOOL,Whirlpool,Water,Special,15,70,15,261,0,True,Hariyama; Poliwrath,2,13,0.154,True,False
HGSS,Fighting,MachineMoves,MOVE_WILL_O_WISP,Will-O-Wisp,Fire,Status,0,75,15,167,0,True,Infernape; Blaziken,2,13,0.154,True,False
HGSS,Fighting,MachineMoves,MOVE_X_SCISSOR,X-Scissor,Bug,Physical,80,100,15,0,0,True,Gallade; Toxicroak,2,13,0.154,True,False
HGSS,Fighting,TutorMoves,MOVE_BLAST_BURN,Blast Burn,Fire,Special,150,90,5,80,0,True,Infernape; Blaziken,2,13,0.154,False,False
HGSS,Fighting,TutorMoves,MOVE_BOUNCE,Bounce,Flying,Physical,85,85,5,263,0,True,Blaziken; Toxicroak,2,13,0.154,True,False
HGSS,Fighting,TutorMoves,MOVE_BUG_BITE,Bug Bite,Bug,Physical,60,100,20,224,0,True,Heracross,1,13,0.077,True,False
HGSS,Fighting,TutorMoves,MOVE_DIVE,Dive,Water,Physical,80,100,10,255,0,True,Poliwrath,1,13,0.077,True,False
HGSS,Fighting,TutorMoves,MOVE_ENDEAVOR,Endeavor,Normal,Physical,1,100,5,189,0,True,Primeape; Infernape,2,13,0.154,True,False
HGSS,Fighting,TutorMoves,MOVE_FIRE_PUNCH,Fire Punch,Fire,Physical,75,100,15,4,0,True,Machamp; Primeape; Hitmonchan; Hariyama; Medicham; Gallade; Infernape; Blaziken,8,13,0.615,True,True
HGSS,Fighting,TutorMoves,MOVE_FURY_CUTTER,Fury Cutter,Bug,Physical,10,95,20,119,0,True,Heracross; Breloom; Gallade; Lucario; Blaziken; Toxicroak,6,13,0.462,True,True
HGSS,Fighting,TutorMoves,MOVE_GRAVITY,Gravity,Psychic,Status,0,0,5,215,0,True,Medicham,1,13,0.077,True,False
HGSS,Fighting,TutorMoves,MOVE_GUNK_SHOT,Gunk Shot,Poison,Physical,120,70,5,2,0,True,Primeape; Infernape; Toxicroak,3,13,0.231,True,False
HGSS,Fighting,TutorMoves,MOVE_HEADBUTT,Headbutt,Normal,Physical,70,100,15,31,0,True,Machamp; Primeape; Hitmonchan; Heracross; Hariyama; Medicham; Breloom; Gallade; Lucario; Infernape; Blaziken; Poliwrath; Toxicroak,13,13,1.0,True,True
HGSS,Fighting,TutorMoves,MOVE_HEAT_WAVE,Heat Wave,Fire,Special,100,90,10,4,0,True,Infernape; Blaziken,2,13,0.154,True,False
HGSS,Fighting,TutorMoves,MOVE_HELPING_HAND,Helping Hand,Normal,Status,0,0,20,176,5,True,Machamp; Primeape; Hitmonchan; Heracross; Hariyama; Medicham; Breloom; Gallade; Lucario; Infernape; Blaziken; Poliwrath; Toxicroak,13,13,1.0,True,True
HGSS,Fighting,TutorMoves,MOVE_ICE_PUNCH,Ice Punch,Ice,Physical,75,100,15,5,0,True,Machamp; Primeape; Hitmonchan; Hariyama; Medicham; Gallade; Lucario; Poliwrath; Toxicroak,9,13,0.692,True,True
HGSS,Fighting,TutorMoves,MOVE_ICY_WIND,Icy Wind,Ice,Special,55,95,15,70,0,True,Poliwrath; Toxicroak,2,13,0.154,True,False
HGSS,Fighting,TutorMoves,MOVE_IRON_DEFENSE,Iron Defense,Steel,Status,0,0,15,51,0,True,Heracross; Lucario,2,13,0.154,True,False
HGSS,Fighting,TutorMoves,MOVE_IRON_HEAD,Iron Head,Steel,Physical,80,100,15,31,0,True,Hariyama,1,13,0.077,True,False
HGSS,Fighting,TutorMoves,MOVE_KNOCK_OFF,Knock Off,Dark,Physical,20,100,20,188,0,True,Heracross; Hariyama; Gallade; Blaziken; Toxicroak,5,13,0.385,True,True
HGSS,Fighting,TutorMoves,MOVE_LAST_RESORT,Last Resort,Normal,Physical,130,100,5,246,0,True,Blaziken,1,13,0.077,True,False
HGSS,Fighting,TutorMoves,MOVE_LOW_KICK,Low Kick,Fighting,Physical,1,100,20,196,0,True,Machamp; Primeape; Hitmonchan; Heracross; Hariyama; Medicham; Gallade; Lucario; Infernape; Blaziken; Toxicroak,11,13,0.846,True,True
HGSS,Fighting,TutorMoves,MOVE_MAGIC_COAT,Magic Coat,Psychic,Status,0,0,15,183,4,True,Medicham; Gallade,2,13,0.154,True,False
HGSS,Fighting,TutorMoves,MOVE_MAGNET_RISE,Magnet Rise,Electric,Status,0,0,10,252,0,True,Lucario,1,13,0.077,True,False
HGSS,Fighting,TutorMoves,MOVE_MUD_SLAP,Mud-Slap,Ground,Special,20,100,10,73,0,True,Machamp; Primeape; Hitmonchan; Hariyama; Medicham; Breloom; Gallade; Lucario; Infernape; Blaziken; Poliwrath; Toxicroak,12,13,0.923,True,True
HGSS,Fighting,TutorMoves,MOVE_OUTRAGE,Outrage,Dragon,Physical,120,100,15,27,0,True,Primeape,1,13,0.077,True,False
HGSS,Fighting,TutorMoves,MOVE_PAIN_SPLIT,Pain Split,Normal,Status,0,0,20,91,0,True,Medicham; Gallade,2,13,0.154,True,False
HGSS,Fighting,TutorMoves,MOVE_ROLE_PLAY,Role Play,Psychic,Status,0,0,10,178,0,True,Machamp; Primeape; Hitmonchan; Hariyama; Medicham; Lucario; Infernape; Blaziken; Toxicroak,9,13,0.692,True,True
HGSS,Fighting,TutorMoves,MOVE_ROLLOUT,Rollout,Rock,Physical,30,90,20,117,0,True,Infernape,1,13,0.077,True,False
HGSS,Fighting,TutorMoves,MOVE_SEED_BOMB,Seed Bomb,Grass,Physical,80,100,15,0,0,True,Primeape; Breloom,2,13,0.154,True,False
HGSS,Fighting,TutorMoves,MOVE_SIGNAL_BEAM,Signal Beam,Bug,Special,75,100,15,76,0,True,Medicham; Gallade,2,13,0.154,True,False
HGSS,Fighting,TutorMoves,MOVE_SNORE,Snore,Normal,Special,40,100,15,92,0,True,Machamp; Hitmonchan; Heracross; Hariyama; Medicham; Breloom; Gallade; Lucario; Infernape; Blaziken; Poliwrath; Toxicroak,12,13,0.923,True,True
HGSS,Fighting,TutorMoves,MOVE_SPITE,Spite,Ghost,Status,0,100,10,100,0,True,Primeape; Toxicroak,2,13,0.154,True,False
HGSS,Fighting,TutorMoves,MOVE_SUCKER_PUNCH,Sucker Punch,Dark,Physical,80,100,5,248,1,True,Toxicroak,1,13,0.077,True,False
HGSS,Fighting,TutorMoves,MOVE_SUPERPOWER,Superpower,Fighting,Physical,120,100,5,182,0,True,Machamp; Hariyama; Breloom; Blaziken,4,13,0.308,True,True
HGSS,Fighting,TutorMoves,MOVE_SUPER_FANG,Super Fang,Normal,Physical,1,90,10,40,0,True,Toxicroak,1,13,0.077,True,False
HGSS,Fighting,TutorMoves,MOVE_SWIFT,Swift,Normal,Special,60,0,20,17,0,True,Primeape; Hitmonchan; Medicham; Gallade; Lucario; Infernape; Blaziken,7,13,0.538,True,True
HGSS,Fighting,TutorMoves,MOVE_SYNTHESIS,Synthesis,Grass,Status,0,0,5,132,0,True,Breloom,1,13,0.077,True,False
HGSS,Fighting,TutorMoves,MOVE_THUNDER_PUNCH,Thunder Punch,Electric,Physical,75,100,15,6,0,True,Machamp; Primeape; Hitmonchan; Hariyama; Medicham; Breloom; Gallade; Lucario; Infernape; Blaziken; Toxicroak,11,13,0.846,True,True
HGSS,Fighting,TutorMoves,MOVE_TRICK,Trick,Psychic,Status,0,100,10,177,0,True,Medicham; Gallade,2,13,0.154,True,False
HGSS,Fighting,TutorMoves,MOVE_UPROAR,Uproar,Normal,Special,50,100,10,159,0,True,Primeape,1,13,0.077,True,False
HGSS,Fighting,TutorMoves,MOVE_VACUUM_WAVE,Vacuum Wave,Fighting,Special,40,100,30,103,1,True,Machamp; Primeape; Hitmonchan; Heracross; Hariyama; Medicham; Breloom; Gallade; Lucario; Infernape; Blaziken; Poliwrath; Toxicroak,13,13,1.0,True,True
HGSS,Fighting,TutorMoves,MOVE_WORRY_SEED,Worry Seed,Grass,Status,0,100,10,247,0,True,Breloom,1,13,0.077,True,False
HGSS,Fighting,TutorMoves,MOVE_ZEN_HEADBUTT,Zen Headbutt,Psychic,Physical,80,90,15,31,0,True,Medicham; Gallade; Lucario,3,13,0.231,True,False
HGSS,Fire,MachineMoves,MOVE_AERIAL_ACE,Aerial Ace,Flying,Physical,60,0,20,17,0,True,Charizard; Arcanine; Moltres; Typhlosion; Blaziken; Infernape,6,15,0.4,True,True
HGSS,Fire,MachineMoves,MOVE_ATTRACT,Attract,Normal,Status,0,100,15,120,0,True,Charizard; Ninetales; Arcanine; Rapidash; Magmortar; Flareon; Typhlosion; Houndoom; Blaziken; Camerupt; Torkoal; Infernape; Heatran,13,15,0.867,True,True
HGSS,Fire,MachineMoves,MOVE_BRICK_BREAK,Brick Break,Fighting,Physical,75,100,15,186,0,True,Charizard; Magmortar; Typhlosion; Blaziken; Infernape,5,15,0.333,True,True
HGSS,Fire,MachineMoves,MOVE_BULK_UP,Bulk Up,Fighting,Status,0,0,20,208,0,True,Blaziken; Infernape,2,15,0.133,True,False
HGSS,Fire,MachineMoves,MOVE_CALM_MIND,Calm Mind,Psychic,Status,0,0,20,211,0,True,Ninetales; Entei; Infernape,3,15,0.2,True,False
HGSS,Fire,MachineMoves,MOVE_CAPTIVATE,Captivate,Normal,Status,0,100,20,265,0,True,Charizard; Ninetales; Arcanine; Rapidash; Magmortar; Flareon; Typhlosion; Houndoom; Blaziken; Camerupt; Torkoal; Infernape; Heatran,13,15,0.867,True,True
HGSS,Fire,MachineMoves,MOVE_CUT,Cut,Normal,Physical,50,95,30,0,0,True,Charizard; Typhlosion; Entei; Blaziken; Infernape,5,15,0.333,True,True
HGSS,Fire,MachineMoves,MOVE_DARK_PULSE,Dark Pulse,Dark,Special,80,100,15,31,0,True,Ninetales; Houndoom; Heatran,3,15,0.2,True,False
HGSS,Fire,MachineMoves,MOVE_DIG,Dig,Ground,Physical,80,100,10,256,0,True,Charizard; Ninetales; Arcanine; Flareon; Typhlosion; Entei; Blaziken; Camerupt; Infernape; Heatran,10,15,0.667,True,True
HGSS,Fire,MachineMoves,MOVE_DOUBLE_TEAM,Double Team,Normal,Status,0,0,15,16,0,True,Charizard; Ninetales; Arcanine; Rapidash; Magmortar; Flareon; Moltres; Typhlosion; Houndoom; Entei; Blaziken; Camerupt; Torkoal; Infernape; Heatran,15,15,1.0,True,True
HGSS,Fire,MachineMoves,MOVE_DRAGON_CLAW,Dragon Claw,Dragon,Physical,80,100,15,0,0,True,Charizard,1,15,0.067,True,False
HGSS,Fire,MachineMoves,MOVE_DRAGON_PULSE,Dragon Pulse,Dragon,Special,90,100,10,0,0,True,Charizard; Arcanine; Heatran,3,15,0.2,True,False
HGSS,Fire,MachineMoves,MOVE_DREAM_EATER,Dream Eater,Psychic,Special,100,100,15,8,0,True,Ninetales; Houndoom,2,15,0.133,True,False
HGSS,Fire,MachineMoves,MOVE_EARTHQUAKE,Earthquake,Ground,Physical,100,100,10,147,0,True,Charizard; Magmortar; Typhlosion; Blaziken; Camerupt; Torkoal; Infernape; Heatran,8,15,0.533,True,True
HGSS,Fire,MachineMoves,MOVE_EMBARGO,Embargo,Dark,Status,0,100,15,232,0,True,Houndoom,1,15,0.067,True,False
HGSS,Fire,MachineMoves,MOVE_ENDURE,Endure,Normal,Status,0,0,10,116,3,True,Charizard; Ninetales; Arcanine; Rapidash; Magmortar; Flareon; Moltres; Typhlosion; Houndoom; Entei; Blaziken; Camerupt; Torkoal; Infernape; Heatran,15,15,1.0,True,True
HGSS,Fire,MachineMoves,MOVE_EXPLOSION,Explosion,Normal,Physical,250,100,5,7,0,True,Camerupt; Torkoal; Heatran,3,15,0.2,True,False
HGSS,Fire,MachineMoves,MOVE_FACADE,Facade,Normal,Physical,70,100,20,169,0,True,Charizard; Ninetales; Arcanine; Rapidash; Magmortar; Flareon; Moltres; Typhlosion; Houndoom; Entei; Blaziken; Camerupt; Torkoal; Infernape; Heatran,15,15,1.0,True,True
HGSS,Fire,MachineMoves,MOVE_FIRE_BLAST,Fire Blast,Fire,Special,120,85,5,4,0,True,Charizard; Ninetales; Arcanine; Rapidash; Magmortar; Flareon; Moltres; Typhlosion; Houndoom; Entei; Blaziken; Camerupt; Torkoal; Infernape; Heatran,15,15,1.0,True,True
HGSS,Fire,MachineMoves,MOVE_FLAMETHROWER,Flamethrower,Fire,Special,95,100,15,4,0,True,Charizard; Ninetales; Arcanine; Rapidash; Magmortar; Flareon; Moltres; Typhlosion; Houndoom; Entei; Blaziken; Camerupt; Torkoal; Infernape; Heatran,15,15,1.0,True,True
HGSS,Fire,MachineMoves,MOVE_FLASH,Flash,Normal,Status,0,100,20,23,0,True,Entei,1,15,0.067,True,False
HGSS,Fire,MachineMoves,MOVE_FLASH_CANNON,Flash Cannon,Steel,Special,80,100,10,72,0,True,Camerupt; Heatran,2,15,0.133,True,False
HGSS,Fire,MachineMoves,MOVE_FLING,Fling,Dark,Physical,1,100,10,233,0,True,Charizard; Magmortar; Typhlosion; Blaziken; Infernape,5,15,0.333,True,True
HGSS,Fire,MachineMoves,MOVE_FLY,Fly,Flying,Physical,90,95,15,155,0,True,Charizard; Moltres,2,15,0.133,True,False
HGSS,Fire,MachineMoves,MOVE_FOCUS_BLAST,Focus Blast,Fighting,Special,120,70,5,72,0,True,Charizard; Magmortar; Typhlosion; Blaziken; Infernape,5,15,0.333,True,True
HGSS,Fire,MachineMoves,MOVE_FOCUS_PUNCH,Focus Punch,Fighting,Physical,150,100,20,170,-3,True,Charizard; Magmortar; Typhlosion; Blaziken; Infernape,5,15,0.333,True,True
HGSS,Fire,MachineMoves,MOVE_FRUSTRATION,Frustration,Normal,Physical,1,100,20,123,0,True,Charizard; Ninetales; Arcanine; Rapidash; Magmortar; Flareon; Moltres; Typhlosion; Houndoom; Entei; Blaziken; Camerupt; Torkoal; Infernape; Heatran,15,15,1.0,True,True
HGSS,Fire,MachineMoves,MOVE_GIGA_IMPACT,Giga Impact,Normal,Physical,150,90,5,80,0,True,Charizard; Ninetales; Arcanine; Rapidash; Magmortar; Flareon; Moltres; Typhlosion; Houndoom; Entei; Blaziken; Camerupt; Torkoal; Infernape; Heatran,15,15,1.0,True,True
HGSS,Fire,MachineMoves,MOVE_GRASS_KNOT,Grass Knot,Grass,Special,1,100,20,196,0,True,Infernape,1,15,0.067,True,False
HGSS,Fire,MachineMoves,MOVE_GYRO_BALL,Gyro Ball,Steel,Physical,1,100,5,219,0,True,Typhlosion; Torkoal,2,15,0.133,True,False
HGSS,Fire,MachineMoves,MOVE_HIDDEN_POWER,Hidden Power,Normal,Special,1,100,15,135,0,True,Charizard; Ninetales; Arcanine; Rapidash; Magmortar; Flareon; Moltres; Typhlosion; Houndoom; Entei; Blaziken; Camerupt; Torkoal; Infernape; Heatran,15,15,1.0,True,True
HGSS,Fire,MachineMoves,MOVE_HYPER_BEAM,Hyper Beam,Normal,Special,150,90,5,80,0,True,Charizard; Ninetales; Arcanine; Rapidash; Magmortar; Flareon; Moltres; Typhlosion; Houndoom; Entei; Blaziken; Camerupt; Torkoal; Infernape; Heatran,15,15,1.0,True,True
HGSS,Fire,MachineMoves,MOVE_IRON_TAIL,Iron Tail,Steel,Physical,100,75,15,69,0,True,Charizard; Ninetales; Arcanine; Rapidash; Magmortar; Flareon; Houndoom; Entei; Torkoal; Infernape,10,15,0.667,True,True
HGSS,Fire,MachineMoves,MOVE_NATURAL_GIFT,Natural Gift,Normal,Physical,1,100,15,222,0,True,Charizard; Ninetales; Arcanine; Rapidash; Magmortar; Flareon; Moltres; Typhlosion; Houndoom; Entei; Blaziken; Camerupt; Torkoal; Infernape; Heatran,15,15,1.0,True,True
HGSS,Fire,MachineMoves,MOVE_OVERHEAT,Overheat,Fire,Special,140,90,5,204,0,True,Charizard; Ninetales; Arcanine; Rapidash; Magmortar; Flareon; Moltres; Typhlosion; Houndoom; Entei; Blaziken; Camerupt; Torkoal; Infernape; Heatran,15,15,1.0,True,True
HGSS,Fire,MachineMoves,MOVE_PAYBACK,Payback,Dark,Physical,50,100,10,230,0,True,Ninetales; Houndoom; Heatran,3,15,0.2,True,False
HGSS,Fire,MachineMoves,MOVE_PLUCK,Pluck,Flying,Physical,60,100,20,224,0,True,Moltres,1,15,0.067,True,False
HGSS,Fire,MachineMoves,MOVE_POISON_JAB,Poison Jab,Poison,Physical,80,100,20,2,0,True,Rapidash; Blaziken; Infernape,3,15,0.2,True,False
HGSS,Fire,MachineMoves,MOVE_PROTECT,Protect,Normal,Status,0,0,10,111,3,True,Charizard; Ninetales; Arcanine; Rapidash; Magmortar; Flareon; Moltres; Typhlosion; Houndoom; Entei; Blaziken; Camerupt; Torkoal; Infernape; Heatran,15,15,1.0,True,True
HGSS,Fire,MachineMoves,MOVE_PSYCHIC,Psychic,Psychic,Special,90,100,10,72,0,True,Magmortar,1,15,0.067,True,False
HGSS,Fire,MachineMoves,MOVE_PSYCH_UP,Psych Up,Normal,Status,0,0,10,143,0,True,Ninetales; Entei,2,15,0.133,True,False
HGSS,Fire,MachineMoves,MOVE_RAIN_DANCE,Rain Dance,Water,Status,0,0,5,136,0,True,Flareon; Moltres; Entei,3,15,0.2,True,False
HGSS,Fire,MachineMoves,MOVE_REFLECT,Reflect,Psychic,Status,0,0,20,65,0,True,Entei,1,15,0.067,True,False
HGSS,Fire,MachineMoves,MOVE_REST,Rest,Psychic,Status,0,0,10,37,0,True,Charizard; Ninetales; Arcanine; Rapidash; Magmortar; Flareon; Moltres; Typhlosion; Houndoom; Entei; Blaziken; Camerupt; Torkoal; Infernape; Heatran,15,15,1.0,True,True
HGSS,Fire,MachineMoves,MOVE_RETURN,Return,Normal,Physical,1,100,20,121,0,True,Charizard; Ninetales; Arcanine; Rapidash; Magmortar; Flareon; Moltres; Typhlosion; Houndoom; Entei; Blaziken; Camerupt; Torkoal; Infernape; Heatran,15,15,1.0,True,True
HGSS,Fire,MachineMoves,MOVE_ROAR,Roar,Normal,Status,0,100,20,28,-6,True,Charizard; Ninetales; Arcanine; Flareon; Moltres; Typhlosion; Houndoom; Entei; Blaziken; Camerupt; Infernape; Heatran,12,15,0.8,True,True
HGSS,Fire,MachineMoves,MOVE_ROCK_CLIMB,Rock Climb,Normal,Physical,90,85,20,76,0,True,Arcanine; Magmortar; Typhlosion; Entei; Blaziken; Infernape; Heatran,7,15,0.467,True,True
HGSS,Fire,MachineMoves,MOVE_ROCK_POLISH,Rock Polish,Rock,Status,0,0,20,52,0,True,Camerupt,1,15,0.067,True,False
HGSS,Fire,MachineMoves,MOVE_ROCK_SLIDE,Rock Slide,Rock,Physical,75,90,10,31,0,True,Charizard; Magmortar; Typhlosion; Blaziken; Camerupt; Torkoal; Infernape; Heatran,8,15,0.533,True,True
HGSS,Fire,MachineMoves,MOVE_ROCK_SMASH,Rock Smash,Fighting,Physical,40,100,15,69,0,True,Charizard; Arcanine; Magmortar; Flareon; Moltres; Typhlosion; Houndoom; Entei; Blaziken; Camerupt; Torkoal; Infernape; Heatran,13,15,0.867,True,True
HGSS,Fire,MachineMoves,MOVE_ROCK_TOMB,Rock Tomb,Rock,Physical,50,80,10,70,0,True,Charizard; Magmortar; Typhlosion; Blaziken; Camerupt; Torkoal; Infernape; Heatran,8,15,0.533,True,True
HGSS,Fire,MachineMoves,MOVE_ROOST,Roost,Flying,Status,0,0,10,214,0,True,Charizard; Moltres,2,15,0.133,True,False
HGSS,Fire,MachineMoves,MOVE_SAFEGUARD,Safeguard,Normal,Status,0,0,25,124,0,True,Ninetales; Moltres,2,15,0.133,True,False
HGSS,Fire,MachineMoves,MOVE_SANDSTORM,Sandstorm,Rock,Status,0,0,10,115,0,True,Moltres; Entei; Camerupt,3,15,0.2,True,False
HGSS,Fire,MachineMoves,MOVE_SECRET_POWER,Secret Power,Normal,Physical,70,100,20,197,0,True,Charizard; Ninetales; Arcanine; Rapidash; Magmortar; Flareon; Moltres; Typhlosion; Houndoom; Entei; Blaziken; Camerupt; Torkoal; Infernape; Heatran,15,15,1.0,True,True
HGSS,Fire,MachineMoves,MOVE_SHADOW_BALL,Shadow Ball,Ghost,Special,80,100,15,72,0,True,Flareon; Houndoom; Entei,3,15,0.2,True,False
HGSS,Fire,MachineMoves,MOVE_SHADOW_CLAW,Shadow Claw,Ghost,Physical,70,100,15,43,0,True,Charizard; Typhlosion; Blaziken; Infernape,4,15,0.267,True,False
HGSS,Fire,MachineMoves,MOVE_SLEEP_TALK,Sleep Talk,Normal,Status,0,0,10,97,0,True,Charizard; Ninetales; Arcanine; Rapidash; Magmortar; Flareon; Moltres; Typhlosion; Houndoom; Entei; Blaziken; Camerupt; Torkoal; Infernape; Heatran,15,15,1.0,True,True
HGSS,Fire,MachineMoves,MOVE_SLUDGE_BOMB,Sludge Bomb,Poison,Special,90,100,10,2,0,True,Houndoom; Torkoal,2,15,0.133,True,False
HGSS,Fire,MachineMoves,MOVE_SNATCH,Snatch,Dark,Status,0,0,10,195,4,True,Houndoom,1,15,0.067,True,False
HGSS,Fire,MachineMoves,MOVE_SOLAR_BEAM,Solar Beam,Grass,Special,120,100,10,151,0,True,Charizard; Ninetales; Arcanine; Rapidash; Magmortar; Moltres; Typhlosion; Houndoom; Entei; Blaziken; Camerupt; Torkoal; Infernape; Heatran,14,15,0.933,True,True
HGSS,Fire,MachineMoves,MOVE_STEALTH_ROCK,Stealth Rock,Rock,Status,0,0,20,266,0,True,Camerupt; Torkoal; Infernape; Heatran,4,15,0.267,True,False
HGSS,Fire,MachineMoves,MOVE_STEEL_WING,Steel Wing,Steel,Physical,70,90,25,138,0,True,Charizard; Moltres,2,15,0.133,True,False
HGSS,Fire,MachineMoves,MOVE_STONE_EDGE,Stone Edge,Rock,Physical,100,80,5,43,0,True,Entei; Blaziken; Camerupt; Torkoal; Infernape; Heatran,6,15,0.4,True,True
HGSS,Fire,MachineMoves,MOVE_STRENGTH,Strength,Normal,Physical,80,100,15,0,0,True,Charizard; Arcanine; Rapidash; Magmortar; Flareon; Typhlosion; Houndoom; Entei; Blaziken; Camerupt; Torkoal; Infernape; Heatran,13,15,0.867,True,True
HGSS,Fire,MachineMoves,MOVE_SUBSTITUTE,Substitute,Normal,Status,0,0,10,79,0,True,Charizard; Ninetales; Arcanine; Rapidash; Magmortar; Flareon; Moltres; Typhlosion; Houndoom; Entei; Blaziken; Camerupt; Torkoal; Infernape; Heatran,15,15,1.0,True,True
HGSS,Fire,MachineMoves,MOVE_SUNNY_DAY,Sunny Day,Fire,Status,0,0,5,137,0,True,Charizard; Ninetales; Arcanine; Rapidash; Magmortar; Flareon; Moltres; Typhlosion; Houndoom; Entei; Blaziken; Camerupt; Torkoal; Infernape; Heatran,15,15,1.0,True,True
HGSS,Fire,MachineMoves,MOVE_SWAGGER,Swagger,Normal,Status,0,90,15,118,0,True,Charizard; Ninetales; Arcanine; Rapidash; Magmortar; Flareon; Moltres; Typhlosion; Houndoom; Entei; Blaziken; Camerupt; Torkoal; Infernape; Heatran,15,15,1.0,True,True
HGSS,Fire,MachineMoves,MOVE_SWORDS_DANCE,Swords Dance,Normal,Status,0,0,30,50,0,True,Charizard; Blaziken; Infernape,3,15,0.2,True,False
HGSS,Fire,MachineMoves,MOVE_TAUNT,Taunt,Dark,Status,0,100,20,175,0,True,Magmortar; Houndoom; Infernape; Heatran,4,15,0.267,True,False
HGSS,Fire,MachineMoves,MOVE_THIEF,Thief,Dark,Physical,40,100,10,105,0,True,Arcanine; Magmortar; Houndoom,3,15,0.2,True,False
HGSS,Fire,MachineMoves,MOVE_THUNDERBOLT,Thunderbolt,Electric,Special,95,100,15,6,0,True,Magmortar,1,15,0.067,True,False
HGSS,Fire,MachineMoves,MOVE_TORMENT,Torment,Dark,Status,0,100,15,165,0,True,Magmortar; Houndoom; Infernape; Heatran,4,15,0.267,True,False
HGSS,Fire,MachineMoves,MOVE_TOXIC,Toxic,Poison,Status,0,85,10,33,0,True,Charizard; Ninetales; Arcanine; Rapidash; Magmortar; Flareon; Moltres; Typhlosion; Houndoom; Entei; Blaziken; Camerupt; Torkoal; Infernape; Heatran,15,15,1.0,True,True
HGSS,Fire,MachineMoves,MOVE_U_TURN,U-turn,Bug,Physical,70,100,20,228,0,True,Moltres; Infernape,2,15,0.133,True,False
HGSS,Fire,MachineMoves,MOVE_WILL_O_WISP,Will-O-Wisp,Fire,Status,0,75,15,167,0,True,Charizard; Ninetales; Arcanine; Rapidash; Magmortar; Flareon; Moltres; Typhlosion; Houndoom; Entei; Blaziken; Camerupt; Torkoal; Infernape; Heatran,15,15,1.0,True,True
HGSS,Fire,TutorMoves,MOVE_AIR_CUTTER,Air Cutter,Flying,Special,55,95,25,43,0,True,Charizard; Moltres,2,15,0.133,True,False
HGSS,Fire,TutorMoves,MOVE_ANCIENT_POWER,Ancient Power,Rock,Special,60,100,5,140,0,True,Moltres; Heatran,2,15,0.133,True,False
HGSS,Fire,TutorMoves,MOVE_BLAST_BURN,Blast Burn,Fire,Special,150,90,5,80,0,True,Charizard; Typhlosion; Blaziken; Infernape,4,15,0.267,False,True
HGSS,Fire,TutorMoves,MOVE_BOUNCE,Bounce,Flying,Physical,85,85,5,263,0,True,Rapidash; Blaziken,2,15,0.133,True,False
HGSS,Fire,TutorMoves,MOVE_BUG_BITE,Bug Bite,Bug,Physical,60,100,20,224,0,True,Heatran,1,15,0.067,True,False
HGSS,Fire,TutorMoves,MOVE_EARTH_POWER,Earth Power,Ground,Special,90,100,10,72,0,True,Camerupt; Torkoal; Heatran,3,15,0.2,True,False
HGSS,Fire,TutorMoves,MOVE_ENDEAVOR,Endeavor,Normal,Physical,1,100,5,189,0,True,Infernape,1,15,0.067,True,False
HGSS,Fire,TutorMoves,MOVE_FIRE_PUNCH,Fire Punch,Fire,Physical,75,100,15,4,0,True,Charizard; Magmortar; Typhlosion; Blaziken; Infernape,5,15,0.333,True,True
HGSS,Fire,TutorMoves,MOVE_FURY_CUTTER,Fury Cutter,Bug,Physical,10,95,20,119,0,True,Charizard; Typhlosion; Blaziken,3,15,0.2,True,False
HGSS,Fire,TutorMoves,MOVE_GUNK_SHOT,Gunk Shot,Poison,Physical,120,70,5,2,0,True,Infernape,1,15,0.067,True,False
HGSS,Fire,TutorMoves,MOVE_HEADBUTT,Headbutt,Normal,Physical,70,100,15,31,0,True,Charizard; Ninetales; Arcanine; Rapidash; Magmortar; Flareon; Typhlosion; Houndoom; Entei; Blaziken; Camerupt; Torkoal; Infernape; Heatran,14,15,0.933,True,True
HGSS,Fire,TutorMoves,MOVE_HEAL_BELL,Heal Bell,Normal,Status,0,0,5,102,0,True,Flareon,1,15,0.067,True,False
HGSS,Fire,TutorMoves,MOVE_HEAT_WAVE,Heat Wave,Fire,Special,100,90,10,4,0,True,Charizard; Ninetales; Arcanine; Rapidash; Magmortar; Flareon; Moltres; Typhlosion; Houndoom; Entei; Blaziken; Camerupt; Torkoal; Infernape; Heatran,15,15,1.0,True,True
HGSS,Fire,TutorMoves,MOVE_HELPING_HAND,Helping Hand,Normal,Status,0,0,20,176,5,True,Arcanine; Magmortar; Flareon; Blaziken; Infernape,5,15,0.333,True,True
HGSS,Fire,TutorMoves,MOVE_IRON_DEFENSE,Iron Defense,Steel,Status,0,0,15,51,0,True,Torkoal; Heatran,2,15,0.133,True,False
HGSS,Fire,TutorMoves,MOVE_IRON_HEAD,Iron Head,Steel,Physical,80,100,15,31,0,True,Arcanine; Entei; Camerupt; Heatran,4,15,0.267,True,False
HGSS,Fire,TutorMoves,MOVE_KNOCK_OFF,Knock Off,Dark,Physical,20,100,20,188,0,True,Blaziken,1,15,0.067,True,False
HGSS,Fire,TutorMoves,MOVE_LAST_RESORT,Last Resort,Normal,Physical,130,100,5,246,0,True,Flareon; Blaziken,2,15,0.133,True,False
HGSS,Fire,TutorMoves,MOVE_LOW_KICK,Low Kick,Fighting,Physical,1,100,20,196,0,True,Magmortar; Typhlosion; Blaziken; Infernape,4,15,0.267,True,False
HGSS,Fire,TutorMoves,MOVE_MUD_SLAP,Mud-Slap,Ground,Special,20,100,10,73,0,True,Charizard; Arcanine; Magmortar; Flareon; Moltres; Typhlosion; Houndoom; Entei; Blaziken; Camerupt; Torkoal; Infernape; Heatran,13,15,0.867,True,True
HGSS,Fire,TutorMoves,MOVE_OMINOUS_WIND,Ominous Wind,Ghost,Special,60,100,5,140,0,True,Charizard; Ninetales; Moltres,3,15,0.2,True,False
HGSS,Fire,TutorMoves,MOVE_OUTRAGE,Outrage,Dragon,Physical,120,100,15,27,0,True,Charizard,1,15,0.067,True,False
HGSS,Fire,TutorMoves,MOVE_PAIN_SPLIT,Pain Split,Normal,Status,0,0,20,91,0,True,Ninetales,1,15,0.067,True,False
HGSS,Fire,TutorMoves,MOVE_ROLE_PLAY,Role Play,Psychic,Status,0,0,10,178,0,True,Ninetales; Houndoom; Blaziken; Infernape,4,15,0.267,True,False
HGSS,Fire,TutorMoves,MOVE_ROLLOUT,Rollout,Rock,Physical,30,90,20,117,0,True,Typhlosion; Camerupt; Torkoal; Infernape,4,15,0.267,True,False
HGSS,Fire,TutorMoves,MOVE_SKY_ATTACK,Sky Attack,Flying,Physical,140,90,5,75,0,True,Moltres,1,15,0.067,True,False
HGSS,Fire,TutorMoves,MOVE_SNORE,Snore,Normal,Special,40,100,15,92,0,True,Charizard; Ninetales; Arcanine; Rapidash; Magmortar; Flareon; Moltres; Typhlosion; Houndoom; Entei; Blaziken; Camerupt; Torkoal; Infernape; Heatran,15,15,1.0,True,True
HGSS,Fire,TutorMoves,MOVE_SPITE,Spite,Ghost,Status,0,100,10,100,0,True,Ninetales; Houndoom,2,15,0.133,True,False
HGSS,Fire,TutorMoves,MOVE_SUCKER_PUNCH,Sucker Punch,Dark,Physical,80,100,5,248,1,True,Houndoom,1,15,0.067,True,False
HGSS,Fire,TutorMoves,MOVE_SUPERPOWER,Superpower,Fighting,Physical,120,100,5,182,0,True,Flareon; Blaziken,2,15,0.133,True,False
HGSS,Fire,TutorMoves,MOVE_SUPER_FANG,Super Fang,Normal,Physical,1,90,10,40,0,True,Houndoom,1,15,0.067,True,False
HGSS,Fire,TutorMoves,MOVE_SWIFT,Swift,Normal,Special,60,0,20,17,0,True,Charizard; Ninetales; Arcanine; Rapidash; Flareon; Moltres; Typhlosion; Houndoom; Entei; Blaziken; Infernape,11,15,0.733,True,True
HGSS,Fire,TutorMoves,MOVE_TAILWIND,Tailwind,Flying,Status,0,0,30,225,0,True,Charizard; Moltres,2,15,0.133,True,False
HGSS,Fire,TutorMoves,MOVE_THUNDER_PUNCH,Thunder Punch,Electric,Physical,75,100,15,6,0,True,Charizard; Magmortar; Typhlosion; Blaziken; Infernape,5,15,0.333,True,True
HGSS,Fire,TutorMoves,MOVE_TWISTER,Twister,Dragon,Special,40,100,20,146,0,True,Charizard; Moltres,2,15,0.133,True,False
HGSS,Fire,TutorMoves,MOVE_UPROAR,Uproar,Normal,Special,50,100,10,159,0,True,Houndoom; Heatran,2,15,0.133,True,False
HGSS,Fire,TutorMoves,MOVE_VACUUM_WAVE,Vacuum Wave,Fighting,Special,40,100,30,103,1,True,Blaziken; Infernape,2,15,0.133,True,False
HGSS,Fire,TutorMoves,MOVE_ZEN_HEADBUTT,Zen Headbutt,Psychic,Physical,80,90,15,31,0,True,Ninetales,1,15,0.067,True,False
HGSS,Ice,MachineMoves,MOVE_AERIAL_ACE,Aerial Ace,Flying,Physical,60,0,20,17,0,True,Articuno; Weavile,2,10,0.2,True,False
HGSS,Ice,MachineMoves,MOVE_ATTRACT,Attract,Normal,Status,0,100,15,120,0,True,Dewgong; Cloyster; Jynx; Lapras; Walrein; Glalie; Weavile; Mamoswine; Abomasnow,9,10,0.9,True,True
HGSS,Ice,MachineMoves,MOVE_AVALANCHE,Avalanche,Ice,Physical,60,100,10,185,-4,True,Dewgong; Cloyster; Jynx; Lapras; Articuno; Walrein; Glalie; Weavile; Mamoswine; Abomasnow,10,10,1.0,True,True
HGSS,Ice,MachineMoves,MOVE_BLIZZARD,Blizzard,Ice,Special,120,70,5,260,0,True,Dewgong; Cloyster; Jynx; Lapras; Articuno; Walrein; Glalie; Weavile; Mamoswine; Abomasnow,10,10,1.0,True,True
HGSS,Ice,MachineMoves,MOVE_BRICK_BREAK,Brick Break,Fighting,Physical,75,100,15,186,0,True,Jynx; Weavile; Abomasnow,3,10,0.3,True,False
HGSS,Ice,MachineMoves,MOVE_BRINE,Brine,Water,Special,65,100,10,221,0,True,Dewgong; Cloyster; Lapras; Walrein,4,10,0.4,True,True
HGSS,Ice,MachineMoves,MOVE_BULLET_SEED,Bullet Seed,Grass,Physical,10,100,30,29,0,True,Abomasnow,1,10,0.1,True,False
HGSS,Ice,MachineMoves,MOVE_CALM_MIND,Calm Mind,Psychic,Status,0,0,20,211,0,True,Jynx; Weavile,2,10,0.2,True,False
HGSS,Ice,MachineMoves,MOVE_CAPTIVATE,Captivate,Normal,Status,0,100,20,265,0,True,Dewgong; Cloyster; Jynx; Lapras; Walrein; Glalie; Weavile; Mamoswine; Abomasnow,9,10,0.9,True,True
HGSS,Ice,MachineMoves,MOVE_CUT,Cut,Normal,Physical,50,95,30,0,0,True,Weavile,1,10,0.1,True,False
HGSS,Ice,MachineMoves,MOVE_DARK_PULSE,Dark Pulse,Dark,Special,80,100,15,31,0,True,Glalie; Weavile,2,10,0.2,True,False
HGSS,Ice,MachineMoves,MOVE_DIG,Dig,Ground,Physical,80,100,10,256,0,True,Weavile; Mamoswine,2,10,0.2,True,False
HGSS,Ice,MachineMoves,MOVE_DOUBLE_TEAM,Double Team,Normal,Status,0,0,15,16,0,True,Dewgong; Cloyster; Jynx; Lapras; Articuno; Walrein; Glalie; Weavile; Mamoswine; Abomasnow,10,10,1.0,True,True
HGSS,Ice,MachineMoves,MOVE_DRAGON_PULSE,Dragon Pulse,Dragon,Special,90,100,10,0,0,True,Lapras,1,10,0.1,True,False
HGSS,Ice,MachineMoves,MOVE_DRAIN_PUNCH,Drain Punch,Fighting,Physical,60,100,5,3,0,True,Jynx,1,10,0.1,True,False
HGSS,Ice,MachineMoves,MOVE_DREAM_EATER,Dream Eater,Psychic,Special,100,100,15,8,0,True,Jynx; Lapras; Weavile,3,10,0.3,True,False
HGSS,Ice,MachineMoves,MOVE_EARTHQUAKE,Earthquake,Ground,Physical,100,100,10,147,0,True,Walrein; Glalie; Mamoswine; Abomasnow,4,10,0.4,True,True
HGSS,Ice,MachineMoves,MOVE_EMBARGO,Embargo,Dark,Status,0,100,15,232,0,True,Weavile,1,10,0.1,True,False
HGSS,Ice,MachineMoves,MOVE_ENDURE,Endure,Normal,Status,0,0,10,116,3,True,Dewgong; Cloyster; Jynx; Lapras; Articuno; Walrein; Glalie; Weavile; Mamoswine; Abomasnow,10,10,1.0,True,True
HGSS,Ice,MachineMoves,MOVE_ENERGY_BALL,Energy Ball,Grass,Special,80,100,10,72,0,True,Jynx; Abomasnow,2,10,0.2,True,False
HGSS,Ice,MachineMoves,MOVE_EXPLOSION,Explosion,Normal,Physical,250,100,5,7,0,True,Cloyster; Glalie,2,10,0.2,True,False
HGSS,Ice,MachineMoves,MOVE_FACADE,Facade,Normal,Physical,70,100,20,169,0,True,Dewgong; Cloyster; Jynx; Lapras; Articuno; Walrein; Glalie; Weavile; Mamoswine; Abomasnow,10,10,1.0,True,True
HGSS,Ice,MachineMoves,MOVE_FALSE_SWIPE,False Swipe,Normal,Physical,40,100,40,101,0,True,Weavile,1,10,0.1,True,False
HGSS,Ice,MachineMoves,MOVE_FLASH,Flash,Normal,Status,0,100,20,23,0,True,Jynx; Glalie; Abomasnow,3,10,0.3,True,False
HGSS,Ice,MachineMoves,MOVE_FLING,Fling,Dark,Physical,1,100,10,233,0,True,Dewgong; Jynx; Weavile; Abomasnow,4,10,0.4,True,True
HGSS,Ice,MachineMoves,MOVE_FLY,Fly,Flying,Physical,90,95,15,155,0,True,Articuno,1,10,0.1,True,False
HGSS,Ice,MachineMoves,MOVE_FOCUS_BLAST,Focus Blast,Fighting,Special,120,70,5,72,0,True,Jynx; Weavile; Abomasnow,3,10,0.3,True,False
HGSS,Ice,MachineMoves,MOVE_FOCUS_PUNCH,Focus Punch,Fighting,Physical,150,100,20,170,-3,True,Jynx; Weavile; Abomasnow,3,10,0.3,True,False
HGSS,Ice,MachineMoves,MOVE_FRUSTRATION,Frustration,Normal,Physical,1,100,20,123,0,True,Dewgong; Cloyster; Jynx; Lapras; Articuno; Walrein; Glalie; Weavile; Mamoswine; Abomasnow,10,10,1.0,True,True
HGSS,Ice,MachineMoves,MOVE_GIGA_DRAIN,Giga Drain,Grass,Special,60,100,10,3,0,True,Abomasnow,1,10,0.1,True,False
HGSS,Ice,MachineMoves,MOVE_GIGA_IMPACT,Giga Impact,Normal,Physical,150,90,5,80,0,True,Dewgong; Cloyster; Jynx; Lapras; Articuno; Walrein; Glalie; Weavile; Mamoswine; Abomasnow,10,10,1.0,True,True
HGSS,Ice,MachineMoves,MOVE_GRASS_KNOT,Grass Knot,Grass,Special,1,100,20,196,0,True,Jynx; Abomasnow,2,10,0.2,True,False
HGSS,Ice,MachineMoves,MOVE_GYRO_BALL,Gyro Ball,Steel,Physical,1,100,5,219,0,True,Glalie,1,10,0.1,True,False
HGSS,Ice,MachineMoves,MOVE_HAIL,Hail,Ice,Status,0,0,10,164,0,True,Dewgong; Cloyster; Jynx; Lapras; Articuno; Walrein; Glalie; Weavile; Mamoswine; Abomasnow,10,10,1.0,True,True
HGSS,Ice,MachineMoves,MOVE_HIDDEN_POWER,Hidden Power,Normal,Special,1,100,15,135,0,True,Dewgong; Cloyster; Jynx; Lapras; Articuno; Walrein; Glalie; Weavile; Mamoswine; Abomasnow,10,10,1.0,True,True
HGSS,Ice,MachineMoves,MOVE_HYPER_BEAM,Hyper Beam,Normal,Special,150,90,5,80,0,True,Dewgong; Cloyster; Jynx; Lapras; Articuno; Walrein; Glalie; Weavile; Mamoswine; Abomasnow,10,10,1.0,True,True
HGSS,Ice,MachineMoves,MOVE_ICE_BEAM,Ice Beam,Ice,Special,95,100,10,5,0,True,Dewgong; Cloyster; Jynx; Lapras; Articuno; Walrein; Glalie; Weavile; Mamoswine; Abomasnow,10,10,1.0,True,True
HGSS,Ice,MachineMoves,MOVE_IRON_TAIL,Iron Tail,Steel,Physical,100,75,15,69,0,True,Lapras; Walrein; Weavile; Abomasnow,4,10,0.4,True,True
HGSS,Ice,MachineMoves,MOVE_LIGHT_SCREEN,Light Screen,Psychic,Status,0,0,30,35,0,True,Jynx; Glalie; Mamoswine; Abomasnow,4,10,0.4,True,True
HGSS,Ice,MachineMoves,MOVE_NATURAL_GIFT,Natural Gift,Normal,Physical,1,100,15,222,0,True,Dewgong; Cloyster; Jynx; Lapras; Articuno; Walrein; Glalie; Weavile; Mamoswine; Abomasnow,10,10,1.0,True,True
HGSS,Ice,MachineMoves,MOVE_PAYBACK,Payback,Dark,Physical,50,100,10,230,0,True,Cloyster; Jynx; Glalie; Weavile,4,10,0.4,True,True
HGSS,Ice,MachineMoves,MOVE_PLUCK,Pluck,Flying,Physical,60,100,20,224,0,True,Articuno,1,10,0.1,True,False
HGSS,Ice,MachineMoves,MOVE_POISON_JAB,Poison Jab,Poison,Physical,80,100,20,2,0,True,Cloyster; Weavile,2,10,0.2,True,False
HGSS,Ice,MachineMoves,MOVE_PROTECT,Protect,Normal,Status,0,0,10,111,3,True,Dewgong; Cloyster; Jynx; Lapras; Articuno; Walrein; Glalie; Weavile; Mamoswine; Abomasnow,10,10,1.0,True,True
HGSS,Ice,MachineMoves,MOVE_PSYCHIC,Psychic,Psychic,Special,90,100,10,72,0,True,Jynx; Lapras,2,10,0.2,True,False
HGSS,Ice,MachineMoves,MOVE_PSYCH_UP,Psych Up,Normal,Status,0,0,10,143,0,True,Jynx; Weavile,2,10,0.2,True,False
HGSS,Ice,MachineMoves,MOVE_RAIN_DANCE,Rain Dance,Water,Status,0,0,5,136,0,True,Dewgong; Cloyster; Jynx; Lapras; Articuno; Walrein; Glalie; Weavile; Mamoswine; Abomasnow,10,10,1.0,True,True
HGSS,Ice,MachineMoves,MOVE_RECYCLE,Recycle,Normal,Status,0,0,10,184,0,True,Jynx,1,10,0.1,True,False
HGSS,Ice,MachineMoves,MOVE_REFLECT,Reflect,Psychic,Status,0,0,20,65,0,True,Jynx; Articuno; Mamoswine,3,10,0.3,True,False
HGSS,Ice,MachineMoves,MOVE_REST,Rest,Psychic,Status,0,0,10,37,0,True,Dewgong; Cloyster; Jynx; Lapras; Articuno; Walrein; Glalie; Weavile; Mamoswine; Abomasnow,10,10,1.0,True,True
HGSS,Ice,MachineMoves,MOVE_RETURN,Return,Normal,Physical,1,100,20,121,0,True,Dewgong; Cloyster; Jynx; Lapras; Articuno; Walrein; Glalie; Weavile; Mamoswine; Abomasnow,10,10,1.0,True,True
HGSS,Ice,MachineMoves,MOVE_ROAR,Roar,Normal,Status,0,100,20,28,-6,True,Lapras; Articuno; Walrein; Mamoswine,4,10,0.4,True,True
HGSS,Ice,MachineMoves,MOVE_ROCK_CLIMB,Rock Climb,Normal,Physical,90,85,20,76,0,True,Mamoswine; Abomasnow,2,10,0.2,True,False
HGSS,Ice,MachineMoves,MOVE_ROCK_SLIDE,Rock Slide,Rock,Physical,75,90,10,31,0,True,Walrein; Mamoswine; Abomasnow,3,10,0.3,True,False
HGSS,Ice,MachineMoves,MOVE_ROCK_SMASH,Rock Smash,Fighting,Physical,40,100,15,69,0,True,Lapras; Articuno; Walrein; Weavile; Mamoswine; Abomasnow,6,10,0.6,True,True
HGSS,Ice,MachineMoves,MOVE_ROCK_TOMB,Rock Tomb,Rock,Physical,50,80,10,70,0,True,Walrein; Mamoswine; Abomasnow,3,10,0.3,True,False
HGSS,Ice,MachineMoves,MOVE_ROOST,Roost,Flying,Status,0,0,10,214,0,True,Articuno,1,10,0.1,True,False
HGSS,Ice,MachineMoves,MOVE_SAFEGUARD,Safeguard,Normal,Status,0,0,25,124,0,True,Dewgong; Lapras; Glalie; Abomasnow,4,10,0.4,True,True
HGSS,Ice,MachineMoves,MOVE_SANDSTORM,Sandstorm,Rock,Status,0,0,10,115,0,True,Articuno; Mamoswine,2,10,0.2,True,False
HGSS,Ice,MachineMoves,MOVE_SECRET_POWER,Secret Power,Normal,Physical,70,100,20,197,0,True,Dewgong; Cloyster; Jynx; Lapras; Articuno; Walrein; Glalie; Weavile; Mamoswine; Abomasnow,10,10,1.0,True,True
HGSS,Ice,MachineMoves,MOVE_SHADOW_BALL,Shadow Ball,Ghost,Special,80,100,15,72,0,True,Jynx; Glalie; Weavile; Abomasnow,4,10,0.4,True,True
HGSS,Ice,MachineMoves,MOVE_SHADOW_CLAW,Shadow Claw,Ghost,Physical,70,100,15,43,0,True,Weavile,1,10,0.1,True,False
HGSS,Ice,MachineMoves,MOVE_SHOCK_WAVE,Shock Wave,Electric,Special,60,0,20,17,0,True,Lapras,1,10,0.1,True,False
HGSS,Ice,MachineMoves,MOVE_SKILL_SWAP,Skill Swap,Psychic,Status,0,0,10,191,0,True,Jynx,1,10,0.1,True,False
HGSS,Ice,MachineMoves,MOVE_SLEEP_TALK,Sleep Talk,Normal,Status,0,0,10,97,0,True,Dewgong; Cloyster; Jynx; Lapras; Articuno; Walrein; Glalie; Weavile; Mamoswine; Abomasnow,10,10,1.0,True,True
HGSS,Ice,MachineMoves,MOVE_SNATCH,Snatch,Dark,Status,0,0,10,195,4,True,Weavile,1,10,0.1,True,False
HGSS,Ice,MachineMoves,MOVE_SOLAR_BEAM,Solar Beam,Grass,Special,120,100,10,151,0,True,Abomasnow,1,10,0.1,True,False
HGSS,Ice,MachineMoves,MOVE_STEALTH_ROCK,Stealth Rock,Rock,Status,0,0,20,266,0,True,Mamoswine,1,10,0.1,True,False
HGSS,Ice,MachineMoves,MOVE_STEEL_WING,Steel Wing,Steel,Physical,70,90,25,138,0,True,Articuno,1,10,0.1,True,False
HGSS,Ice,MachineMoves,MOVE_STONE_EDGE,Stone Edge,Rock,Physical,100,80,5,43,0,True,Mamoswine,1,10,0.1,True,False
HGSS,Ice,MachineMoves,MOVE_STRENGTH,Strength,Normal,Physical,80,100,15,0,0,True,Lapras; Walrein; Weavile; Mamoswine; Abomasnow,5,10,0.5,True,True
HGSS,Ice,MachineMoves,MOVE_SUBSTITUTE,Substitute,Normal,Status,0,0,10,79,0,True,Dewgong; Cloyster; Jynx; Lapras; Articuno; Walrein; Glalie; Weavile; Mamoswine; Abomasnow,10,10,1.0,True,True
HGSS,Ice,MachineMoves,MOVE_SUNNY_DAY,Sunny Day,Fire,Status,0,0,5,137,0,True,Articuno; Weavile,2,10,0.2,True,False
HGSS,Ice,MachineMoves,MOVE_SURF,Surf,Water,Special,95,100,15,257,0,True,Dewgong; Cloyster; Lapras; Walrein; Weavile,5,10,0.5,True,True
HGSS,Ice,MachineMoves,MOVE_SWAGGER,Swagger,Normal,Status,0,90,15,118,0,True,Dewgong; Cloyster; Jynx; Lapras; Articuno; Walrein; Glalie; Weavile; Mamoswine; Abomasnow,10,10,1.0,True,True
HGSS,Ice,MachineMoves,MOVE_SWORDS_DANCE,Swords Dance,Normal,Status,0,0,30,50,0,True,Weavile; Abomasnow,2,10,0.2,True,False
HGSS,Ice,MachineMoves,MOVE_TAUNT,Taunt,Dark,Status,0,100,20,175,0,True,Jynx; Glalie; Weavile,3,10,0.3,True,False
HGSS,Ice,MachineMoves,MOVE_THIEF,Thief,Dark,Physical,40,100,10,105,0,True,Dewgong; Jynx; Weavile,3,10,0.3,True,False
HGSS,Ice,MachineMoves,MOVE_THUNDER,Thunder,Electric,Special,120,70,10,152,0,True,Lapras,1,10,0.1,True,False
HGSS,Ice,MachineMoves,MOVE_THUNDERBOLT,Thunderbolt,Electric,Special,95,100,15,6,0,True,Lapras,1,10,0.1,True,False
HGSS,Ice,MachineMoves,MOVE_TORMENT,Torment,Dark,Status,0,100,15,165,0,True,Cloyster; Jynx; Glalie; Weavile,4,10,0.4,True,True
HGSS,Ice,MachineMoves,MOVE_TOXIC,Toxic,Poison,Status,0,85,10,33,0,True,Dewgong; Cloyster; Jynx; Lapras; Articuno; Walrein; Glalie; Weavile; Mamoswine; Abomasnow,10,10,1.0,True,True
HGSS,Ice,MachineMoves,MOVE_TRICK_ROOM,Trick Room,Psychic,Status,0,0,5,259,-7,True,Jynx,1,10,0.1,True,False
HGSS,Ice,MachineMoves,MOVE_U_TURN,U-turn,Bug,Physical,70,100,20,228,0,True,Articuno,1,10,0.1,True,False
HGSS,Ice,MachineMoves,MOVE_WATERFALL,Waterfall,Water,Physical,80,100,15,31,0,True,Dewgong; Lapras; Walrein,3,10,0.3,True,False
HGSS,Ice,MachineMoves,MOVE_WATER_PULSE,Water Pulse,Water,Special,60,100,20,76,0,True,Dewgong; Cloyster; Jynx; Lapras; Articuno; Walrein; Glalie; Abomasnow,8,10,0.8,True,True
HGSS,Ice,MachineMoves,MOVE_WHIRLPOOL,Whirlpool,Water,Special,15,70,15,261,0,True,Dewgong; Cloyster; Lapras; Walrein; Weavile,5,10,0.5,True,True
HGSS,Ice,MachineMoves,MOVE_X_SCISSOR,X-Scissor,Bug,Physical,80,100,15,0,0,True,Weavile,1,10,0.1,True,False
HGSS,Ice,TutorMoves,MOVE_AIR_CUTTER,Air Cutter,Flying,Special,55,95,25,43,0,True,Articuno,1,10,0.1,True,False
HGSS,Ice,TutorMoves,MOVE_ANCIENT_POWER,Ancient Power,Rock,Special,60,100,5,140,0,True,Lapras; Articuno; Mamoswine,3,10,0.3,True,False
HGSS,Ice,TutorMoves,MOVE_AQUA_TAIL,Aqua Tail,Water,Physical,90,90,10,0,0,True,Dewgong; Lapras; Walrein,3,10,0.3,True,False
HGSS,Ice,TutorMoves,MOVE_BLOCK,Block,Normal,Status,0,0,5,106,0,True,Lapras; Walrein; Glalie; Mamoswine; Abomasnow,5,10,0.5,True,True
HGSS,Ice,TutorMoves,MOVE_DIVE,Dive,Water,Physical,80,100,10,255,0,True,Dewgong; Cloyster; Lapras; Walrein,4,10,0.4,True,True
HGSS,Ice,TutorMoves,MOVE_EARTH_POWER,Earth Power,Ground,Special,90,100,10,72,0,True,Mamoswine,1,10,0.1,True,False
HGSS,Ice,TutorMoves,MOVE_ENDEAVOR,Endeavor,Normal,Physical,1,100,5,189,0,True,Mamoswine,1,10,0.1,True,False
HGSS,Ice,TutorMoves,MOVE_FURY_CUTTER,Fury Cutter,Bug,Physical,10,95,20,119,0,True,Walrein; Weavile; Mamoswine,3,10,0.3,True,False
HGSS,Ice,TutorMoves,MOVE_HEADBUTT,Headbutt,Normal,Physical,70,100,15,31,0,True,Dewgong; Jynx; Lapras; Walrein; Glalie; Weavile; Mamoswine; Abomasnow,8,10,0.8,True,True
HGSS,Ice,TutorMoves,MOVE_HEAL_BELL,Heal Bell,Normal,Status,0,0,5,102,0,True,Jynx; Lapras,2,10,0.2,True,False
HGSS,Ice,TutorMoves,MOVE_HELPING_HAND,Helping Hand,Normal,Status,0,0,20,176,5,True,Jynx,1,10,0.1,True,False
HGSS,Ice,TutorMoves,MOVE_ICE_PUNCH,Ice Punch,Ice,Physical,75,100,15,5,0,True,Jynx; Weavile; Abomasnow,3,10,0.3,True,True
HGSS,Ice,TutorMoves,MOVE_ICY_WIND,Icy Wind,Ice,Special,55,95,15,70,0,True,Dewgong; Cloyster; Jynx; Lapras; Articuno; Walrein; Glalie; Weavile; Mamoswine; Abomasnow,10,10,1.0,True,True
HGSS,Ice,TutorMoves,MOVE_IRON_DEFENSE,Iron Defense,Steel,Status,0,0,15,51,0,True,Cloyster,1,10,0.1,True,False
HGSS,Ice,TutorMoves,MOVE_IRON_HEAD,Iron Head,Steel,Physical,80,100,15,31,0,True,Lapras; Walrein; Glalie; Mamoswine,4,10,0.4,True,True
HGSS,Ice,TutorMoves,MOVE_KNOCK_OFF,Knock Off,Dark,Physical,20,100,20,188,0,True,Weavile; Mamoswine,2,10,0.2,True,False
HGSS,Ice,TutorMoves,MOVE_LOW_KICK,Low Kick,Fighting,Physical,1,100,20,196,0,True,Weavile,1,10,0.1,True,False
HGSS,Ice,TutorMoves,MOVE_MAGIC_COAT,Magic Coat,Psychic,Status,0,0,15,183,4,True,Jynx,1,10,0.1,True,False
HGSS,Ice,TutorMoves,MOVE_MUD_SLAP,Mud-Slap,Ground,Special,20,100,10,73,0,True,Jynx; Articuno; Walrein; Weavile; Mamoswine; Abomasnow,6,10,0.6,True,True
HGSS,Ice,TutorMoves,MOVE_OMINOUS_WIND,Ominous Wind,Ghost,Special,60,100,5,140,0,True,Articuno,1,10,0.1,True,False
HGSS,Ice,TutorMoves,MOVE_OUTRAGE,Outrage,Dragon,Physical,120,100,15,27,0,True,Lapras; Abomasnow,2,10,0.2,True,False
HGSS,Ice,TutorMoves,MOVE_ROLE_PLAY,Role Play,Psychic,Status,0,0,10,178,0,True,Jynx; Abomasnow,2,10,0.2,True,False
HGSS,Ice,TutorMoves,MOVE_ROLLOUT,Rollout,Rock,Physical,30,90,20,117,0,True,Walrein; Glalie,2,10,0.2,True,False
HGSS,Ice,TutorMoves,MOVE_SEED_BOMB,Seed Bomb,Grass,Physical,80,100,15,0,0,True,Abomasnow,1,10,0.1,True,False
HGSS,Ice,TutorMoves,MOVE_SIGNAL_BEAM,Signal Beam,Bug,Special,75,100,15,76,0,True,Dewgong; Cloyster; Jynx; Lapras; Articuno; Walrein; Glalie,7,10,0.7,True,True
HGSS,Ice,TutorMoves,MOVE_SKY_ATTACK,Sky Attack,Flying,Physical,140,90,5,75,0,True,Articuno,1,10,0.1,True,False
HGSS,Ice,TutorMoves,MOVE_SNORE,Snore,Normal,Special,40,100,15,92,0,True,Dewgong; Cloyster; Jynx; Lapras; Articuno; Walrein; Glalie; Weavile; Mamoswine; Abomasnow,10,10,1.0,True,True
HGSS,Ice,TutorMoves,MOVE_SPITE,Spite,Ghost,Status,0,100,10,100,0,True,Glalie; Weavile,2,10,0.2,True,False
HGSS,Ice,TutorMoves,MOVE_SUPERPOWER,Superpower,Fighting,Physical,120,100,5,182,0,True,Mamoswine,1,10,0.1,True,False
HGSS,Ice,TutorMoves,MOVE_SUPER_FANG,Super Fang,Normal,Physical,1,90,10,40,0,True,Walrein; Glalie,2,10,0.2,True,False
HGSS,Ice,TutorMoves,MOVE_SWIFT,Swift,Normal,Special,60,0,20,17,0,True,Cloyster; Articuno; Weavile,3,10,0.3,True,False
HGSS,Ice,TutorMoves,MOVE_SYNTHESIS,Synthesis,Grass,Status,0,0,5,132,0,True,Abomasnow,1,10,0.1,True,False
HGSS,Ice,TutorMoves,MOVE_TAILWIND,Tailwind,Flying,Status,0,0,30,225,0,True,Articuno,1,10,0.1,True,False
HGSS,Ice,TutorMoves,MOVE_TRICK,Trick,Psychic,Status,0,100,10,177,0,True,Jynx,1,10,0.1,True,False
HGSS,Ice,TutorMoves,MOVE_TWISTER,Twister,Dragon,Special,40,100,20,146,0,True,Articuno,1,10,0.1,True,False
HGSS,Ice,TutorMoves,MOVE_WORRY_SEED,Worry Seed,Grass,Status,0,100,10,247,0,True,Abomasnow,1,10,0.1,True,False
HGSS,Ice,TutorMoves,MOVE_ZEN_HEADBUTT,Zen Headbutt,Psychic,Physical,80,90,15,31,0,True,Jynx; Lapras,2,10,0.2,True,False
HGSS,Dark,MachineMoves,MOVE_AERIAL_ACE,Aerial Ace,Flying,Physical,60,0,20,17,0,True,Honchkrow; Tyranitar; Shiftry; Sableye; Crawdaunt; Absol; Drapion; Weavile,8,15,0.533,True,True
HGSS,Dark,MachineMoves,MOVE_ATTRACT,Attract,Normal,Status,0,100,15,120,0,True,Umbreon; Honchkrow; Houndoom; Tyranitar; Mightyena; Shiftry; Sableye; Sharpedo; Cacturne; Crawdaunt; Absol; Drapion; Skuntank; Spiritomb; Weavile,15,15,1.0,True,True
HGSS,Dark,MachineMoves,MOVE_AVALANCHE,Avalanche,Ice,Physical,60,100,10,185,-4,True,Tyranitar; Sharpedo; Crawdaunt; Weavile,4,15,0.267,True,False
HGSS,Dark,MachineMoves,MOVE_BLIZZARD,Blizzard,Ice,Special,120,70,5,260,0,True,Tyranitar; Sharpedo; Crawdaunt; Absol; Weavile,5,15,0.333,True,True
HGSS,Dark,MachineMoves,MOVE_BRICK_BREAK,Brick Break,Fighting,Physical,75,100,15,186,0,True,Tyranitar; Shiftry; Sableye; Cacturne; Crawdaunt; Drapion; Weavile,7,15,0.467,True,True
HGSS,Dark,MachineMoves,MOVE_BRINE,Brine,Water,Special,65,100,10,221,0,True,Sharpedo,1,15,0.067,True,False
HGSS,Dark,MachineMoves,MOVE_BULLET_SEED,Bullet Seed,Grass,Physical,10,100,30,29,0,True,Shiftry; Cacturne,2,15,0.133,True,False
HGSS,Dark,MachineMoves,MOVE_CALM_MIND,Calm Mind,Psychic,Status,0,0,20,211,0,True,Honchkrow; Sableye; Absol; Spiritomb; Weavile,5,15,0.333,True,True
HGSS,Dark,MachineMoves,MOVE_CAPTIVATE,Captivate,Normal,Status,0,100,20,265,0,True,Umbreon; Honchkrow; Houndoom; Tyranitar; Mightyena; Shiftry; Sableye; Sharpedo; Cacturne; Crawdaunt; Absol; Drapion; Skuntank; Spiritomb; Weavile,15,15,1.0,True,True
HGSS,Dark,MachineMoves,MOVE_CHARGE_BEAM,Charge Beam,Electric,Special,50,90,10,276,0,True,Absol,1,15,0.067,True,False
HGSS,Dark,MachineMoves,MOVE_CUT,Cut,Normal,Physical,50,95,30,0,0,True,Umbreon; Tyranitar; Shiftry; Sableye; Cacturne; Crawdaunt; Absol; Drapion; Skuntank; Weavile,10,15,0.667,True,True
HGSS,Dark,MachineMoves,MOVE_DARK_PULSE,Dark Pulse,Dark,Special,80,100,15,31,0,True,Umbreon; Honchkrow; Houndoom; Tyranitar; Mightyena; Shiftry; Sableye; Sharpedo; Cacturne; Crawdaunt; Absol; Drapion; Skuntank; Spiritomb; Weavile,15,15,1.0,True,True
HGSS,Dark,MachineMoves,MOVE_DIG,Dig,Ground,Physical,80,100,10,256,0,True,Umbreon; Tyranitar; Mightyena; Shiftry; Sableye; Crawdaunt; Drapion; Skuntank; Weavile,9,15,0.6,True,True
HGSS,Dark,MachineMoves,MOVE_DOUBLE_TEAM,Double Team,Normal,Status,0,0,15,16,0,True,Umbreon; Honchkrow; Houndoom; Tyranitar; Mightyena; Shiftry; Sableye; Sharpedo; Cacturne; Crawdaunt; Absol; Drapion; Skuntank; Spiritomb; Weavile,15,15,1.0,True,True
HGSS,Dark,MachineMoves,MOVE_DRAGON_CLAW,Dragon Claw,Dragon,Physical,80,100,15,0,0,True,Tyranitar,1,15,0.067,True,False
HGSS,Dark,MachineMoves,MOVE_DRAGON_PULSE,Dragon Pulse,Dragon,Special,90,100,10,0,0,True,Tyranitar,1,15,0.067,True,False
HGSS,Dark,MachineMoves,MOVE_DRAIN_PUNCH,Drain Punch,Fighting,Physical,60,100,5,3,0,True,Cacturne,1,15,0.067,True,False
HGSS,Dark,MachineMoves,MOVE_DREAM_EATER,Dream Eater,Psychic,Special,100,100,15,8,0,True,Umbreon; Honchkrow; Houndoom; Sableye; Absol; Spiritomb; Weavile,7,15,0.467,True,True
HGSS,Dark,MachineMoves,MOVE_EARTHQUAKE,Earthquake,Ground,Physical,100,100,10,147,0,True,Tyranitar; Sharpedo; Drapion,3,15,0.2,True,False
HGSS,Dark,MachineMoves,MOVE_EMBARGO,Embargo,Dark,Status,0,100,15,232,0,True,Honchkrow; Houndoom; Mightyena; Shiftry; Sableye; Cacturne; Spiritomb; Weavile,8,15,0.533,True,True
HGSS,Dark,MachineMoves,MOVE_ENDURE,Endure,Normal,Status,0,0,10,116,3,True,Umbreon; Honchkrow; Houndoom; Tyranitar; Mightyena; Shiftry; Sableye; Sharpedo; Cacturne; Crawdaunt; Absol; Drapion; Skuntank; Spiritomb; Weavile,15,15,1.0,True,True
HGSS,Dark,MachineMoves,MOVE_ENERGY_BALL,Energy Ball,Grass,Special,80,100,10,72,0,True,Shiftry; Cacturne,2,15,0.133,True,False
HGSS,Dark,MachineMoves,MOVE_EXPLOSION,Explosion,Normal,Physical,250,100,5,7,0,True,Shiftry; Skuntank,2,15,0.133,True,False
HGSS,Dark,MachineMoves,MOVE_FACADE,Facade,Normal,Physical,70,100,20,169,0,True,Umbreon; Honchkrow; Houndoom; Tyranitar; Mightyena; Shiftry; Sableye; Sharpedo; Cacturne; Crawdaunt; Absol; Drapion; Skuntank; Spiritomb; Weavile,15,15,1.0,True,True
HGSS,Dark,MachineMoves,MOVE_FALSE_SWIPE,False Swipe,Normal,Physical,40,100,40,101,0,True,Crawdaunt; Absol; Drapion; Weavile,4,15,0.267,True,False
HGSS,Dark,MachineMoves,MOVE_FIRE_BLAST,Fire Blast,Fire,Special,120,85,5,4,0,True,Houndoom; Tyranitar; Absol; Skuntank,4,15,0.267,True,False
HGSS,Dark,MachineMoves,MOVE_FLAMETHROWER,Flamethrower,Fire,Special,95,100,15,4,0,True,Houndoom; Tyranitar; Absol; Skuntank,4,15,0.267,True,False
HGSS,Dark,MachineMoves,MOVE_FLASH,Flash,Normal,Status,0,100,20,23,0,True,Umbreon; Shiftry; Sableye; Cacturne; Absol; Drapion; Spiritomb,7,15,0.467,True,True
HGSS,Dark,MachineMoves,MOVE_FLING,Fling,Dark,Physical,1,100,10,233,0,True,Tyranitar; Shiftry; Sableye; Cacturne; Crawdaunt; Drapion; Weavile,7,15,0.467,True,True
HGSS,Dark,MachineMoves,MOVE_FLY,Fly,Flying,Physical,90,95,15,155,0,True,Honchkrow,1,15,0.067,True,False
HGSS,Dark,MachineMoves,MOVE_FOCUS_BLAST,Focus Blast,Fighting,Special,120,70,5,72,0,True,Tyranitar; Shiftry; Cacturne; Weavile,4,15,0.267,True,False
HGSS,Dark,MachineMoves,MOVE_FOCUS_PUNCH,Focus Punch,Fighting,Physical,150,100,20,170,-3,True,Tyranitar; Sableye; Cacturne; Weavile,4,15,0.267,True,False
HGSS,Dark,MachineMoves,MOVE_FRUSTRATION,Frustration,Normal,Physical,1,100,20,123,0,True,Umbreon; Honchkrow; Houndoom; Tyranitar; Mightyena; Shiftry; Sableye; Sharpedo; Cacturne; Crawdaunt; Absol; Drapion; Skuntank; Spiritomb; Weavile,15,15,1.0,True,True
HGSS,Dark,MachineMoves,MOVE_GIGA_DRAIN,Giga Drain,Grass,Special,60,100,10,3,0,True,Shiftry; Cacturne,2,15,0.133,True,False
HGSS,Dark,MachineMoves,MOVE_GIGA_IMPACT,Giga Impact,Normal,Physical,150,90,5,80,0,True,Umbreon; Honchkrow; Houndoom; Tyranitar; Mightyena; Shiftry; Sharpedo; Cacturne; Crawdaunt; Absol; Drapion; Skuntank; Spiritomb; Weavile,14,15,0.933,True,True
HGSS,Dark,MachineMoves,MOVE_GRASS_KNOT,Grass Knot,Grass,Special,1,100,20,196,0,True,Shiftry; Cacturne,2,15,0.133,True,False
HGSS,Dark,MachineMoves,MOVE_HAIL,Hail,Ice,Status,0,0,10,164,0,True,Sharpedo; Crawdaunt; Absol; Weavile,4,15,0.267,True,False
HGSS,Dark,MachineMoves,MOVE_HIDDEN_POWER,Hidden Power,Normal,Special,1,100,15,135,0,True,Umbreon; Honchkrow; Houndoom; Tyranitar; Mightyena; Shiftry; Sableye; Sharpedo; Cacturne; Crawdaunt; Absol; Drapion; Skuntank; Spiritomb; Weavile,15,15,1.0,True,True
HGSS,Dark,MachineMoves,MOVE_HYPER_BEAM,Hyper Beam,Normal,Special,150,90,5,80,0,True,Umbreon; Honchkrow; Houndoom; Tyranitar; Mightyena; Shiftry; Sharpedo; Cacturne; Crawdaunt; Absol; Drapion; Skuntank; Spiritomb; Weavile,14,15,0.933,True,True
HGSS,Dark,MachineMoves,MOVE_ICE_BEAM,Ice Beam,Ice,Special,95,100,10,5,0,True,Tyranitar; Sharpedo; Crawdaunt; Absol; Weavile,5,15,0.333,True,True
HGSS,Dark,MachineMoves,MOVE_IRON_TAIL,Iron Tail,Steel,Physical,100,75,15,69,0,True,Umbreon; Houndoom; Tyranitar; Mightyena; Absol; Drapion; Skuntank; Weavile,8,15,0.533,True,True
HGSS,Dark,MachineMoves,MOVE_NATURAL_GIFT,Natural Gift,Normal,Physical,1,100,15,222,0,True,Umbreon; Honchkrow; Houndoom; Tyranitar; Mightyena; Shiftry; Sableye; Sharpedo; Cacturne; Crawdaunt; Absol; Drapion; Skuntank; Spiritomb; Weavile,15,15,1.0,True,True
HGSS,Dark,MachineMoves,MOVE_OVERHEAT,Overheat,Fire,Special,140,90,5,204,0,True,Houndoom,1,15,0.067,True,False
HGSS,Dark,MachineMoves,MOVE_PAYBACK,Payback,Dark,Physical,50,100,10,230,0,True,Umbreon; Honchkrow; Houndoom; Tyranitar; Mightyena; Shiftry; Sableye; Sharpedo; Cacturne; Crawdaunt; Absol; Drapion; Skuntank; Weavile,14,15,0.933,True,True
HGSS,Dark,MachineMoves,MOVE_PLUCK,Pluck,Flying,Physical,60,100,20,224,0,True,Honchkrow,1,15,0.067,True,False
HGSS,Dark,MachineMoves,MOVE_POISON_JAB,Poison Jab,Poison,Physical,80,100,20,2,0,True,Sableye; Sharpedo; Cacturne; Drapion; Skuntank; Weavile,6,15,0.4,True,True
HGSS,Dark,MachineMoves,MOVE_PROTECT,Protect,Normal,Status,0,0,10,111,3,True,Umbreon; Honchkrow; Houndoom; Tyranitar; Mightyena; Shiftry; Sableye; Sharpedo; Cacturne; Crawdaunt; Absol; Drapion; Skuntank; Spiritomb; Weavile,15,15,1.0,True,True
HGSS,Dark,MachineMoves,MOVE_PSYCHIC,Psychic,Psychic,Special,90,100,10,72,0,True,Umbreon; Honchkrow; Sableye; Spiritomb,4,15,0.267,True,False
HGSS,Dark,MachineMoves,MOVE_PSYCH_UP,Psych Up,Normal,Status,0,0,10,143,0,True,Umbreon; Honchkrow; Shiftry; Sableye; Absol; Spiritomb; Weavile,7,15,0.467,True,True
HGSS,Dark,MachineMoves,MOVE_RAIN_DANCE,Rain Dance,Water,Status,0,0,5,136,0,True,Umbreon; Honchkrow; Tyranitar; Mightyena; Sableye; Sharpedo; Crawdaunt; Absol; Drapion; Skuntank; Spiritomb; Weavile,12,15,0.8,True,True
HGSS,Dark,MachineMoves,MOVE_REST,Rest,Psychic,Status,0,0,10,37,0,True,Umbreon; Honchkrow; Houndoom; Tyranitar; Mightyena; Shiftry; Sableye; Sharpedo; Cacturne; Crawdaunt; Absol; Drapion; Skuntank; Spiritomb; Weavile,15,15,1.0,True,True
HGSS,Dark,MachineMoves,MOVE_RETURN,Return,Normal,Physical,1,100,20,121,0,True,Umbreon; Honchkrow; Houndoom; Tyranitar; Mightyena; Shiftry; Sableye; Sharpedo; Cacturne; Crawdaunt; Absol; Drapion; Skuntank; Spiritomb; Weavile,15,15,1.0,True,True
HGSS,Dark,MachineMoves,MOVE_ROAR,Roar,Normal,Status,0,100,20,28,-6,True,Houndoom; Tyranitar; Mightyena; Sharpedo; Drapion; Skuntank,6,15,0.4,True,True
HGSS,Dark,MachineMoves,MOVE_ROCK_CLIMB,Rock Climb,Normal,Physical,90,85,20,76,0,True,Tyranitar; Drapion,2,15,0.133,True,False
HGSS,Dark,MachineMoves,MOVE_ROCK_POLISH,Rock Polish,Rock,Status,0,0,20,52,0,True,Tyranitar,1,15,0.067,True,False
HGSS,Dark,MachineMoves,MOVE_ROCK_SLIDE,Rock Slide,Rock,Physical,75,90,10,31,0,True,Tyranitar; Shiftry; Crawdaunt; Absol; Drapion,5,15,0.333,True,True
HGSS,Dark,MachineMoves,MOVE_ROCK_SMASH,Rock Smash,Fighting,Physical,40,100,15,69,0,True,Houndoom; Tyranitar; Mightyena; Shiftry; Sableye; Sharpedo; Crawdaunt; Absol; Drapion; Skuntank; Weavile,11,15,0.733,True,True
HGSS,Dark,MachineMoves,MOVE_ROCK_TOMB,Rock Tomb,Rock,Physical,50,80,10,70,0,True,Tyranitar; Shiftry; Sableye; Sharpedo; Crawdaunt; Absol; Drapion; Spiritomb,8,15,0.533,True,True
HGSS,Dark,MachineMoves,MOVE_ROOST,Roost,Flying,Status,0,0,10,214,0,True,Honchkrow,1,15,0.067,True,False
HGSS,Dark,MachineMoves,MOVE_SANDSTORM,Sandstorm,Rock,Status,0,0,10,115,0,True,Tyranitar; Cacturne; Absol,3,15,0.2,True,False
HGSS,Dark,MachineMoves,MOVE_SECRET_POWER,Secret Power,Normal,Physical,70,100,20,197,0,True,Umbreon; Honchkrow; Houndoom; Tyranitar; Mightyena; Shiftry; Sableye; Sharpedo; Cacturne; Crawdaunt; Absol; Drapion; Skuntank; Spiritomb; Weavile,15,15,1.0,True,True
HGSS,Dark,MachineMoves,MOVE_SHADOW_BALL,Shadow Ball,Ghost,Special,80,100,15,72,0,True,Umbreon; Honchkrow; Houndoom; Mightyena; Shiftry; Sableye; Absol; Drapion; Skuntank; Spiritomb; Weavile,11,15,0.733,True,True
HGSS,Dark,MachineMoves,MOVE_SHADOW_CLAW,Shadow Claw,Ghost,Physical,70,100,15,43,0,True,Tyranitar; Sableye; Absol; Skuntank; Weavile,5,15,0.333,True,True
HGSS,Dark,MachineMoves,MOVE_SHOCK_WAVE,Shock Wave,Electric,Special,60,0,20,17,0,True,Tyranitar; Sableye; Absol; Spiritomb,4,15,0.267,True,False
HGSS,Dark,MachineMoves,MOVE_SILVER_WIND,Silver Wind,Bug,Special,60,100,5,140,0,True,Shiftry; Spiritomb,2,15,0.133,True,False
HGSS,Dark,MachineMoves,MOVE_SLEEP_TALK,Sleep Talk,Normal,Status,0,0,10,97,0,True,Umbreon; Honchkrow; Houndoom; Tyranitar; Mightyena; Shiftry; Sableye; Sharpedo; Cacturne; Crawdaunt; Absol; Drapion; Skuntank; Spiritomb; Weavile,15,15,1.0,True,True
HGSS,Dark,MachineMoves,MOVE_SLUDGE_BOMB,Sludge Bomb,Poison,Special,90,100,10,2,0,True,Houndoom; Crawdaunt; Drapion; Skuntank,4,15,0.267,True,False
HGSS,Dark,MachineMoves,MOVE_SNATCH,Snatch,Dark,Status,0,0,10,195,4,True,Umbreon; Honchkrow; Houndoom; Mightyena; Sableye; Absol; Skuntank; Spiritomb; Weavile,9,15,0.6,True,True
HGSS,Dark,MachineMoves,MOVE_SOLAR_BEAM,Solar Beam,Grass,Special,120,100,10,151,0,True,Houndoom; Shiftry; Cacturne,3,15,0.2,True,False
HGSS,Dark,MachineMoves,MOVE_STEALTH_ROCK,Stealth Rock,Rock,Status,0,0,20,266,0,True,Tyranitar,1,15,0.067,True,False
HGSS,Dark,MachineMoves,MOVE_STEEL_WING,Steel Wing,Steel,Physical,70,90,25,138,0,True,Honchkrow,1,15,0.067,True,False
HGSS,Dark,MachineMoves,MOVE_STONE_EDGE,Stone Edge,Rock,Physical,100,80,5,43,0,True,Tyranitar; Absol,2,15,0.133,True,False
HGSS,Dark,MachineMoves,MOVE_STRENGTH,Strength,Normal,Physical,80,100,15,0,0,True,Houndoom; Tyranitar; Mightyena; Shiftry; Sharpedo; Cacturne; Crawdaunt; Absol; Drapion; Skuntank; Weavile,11,15,0.733,True,True
HGSS,Dark,MachineMoves,MOVE_SUBSTITUTE,Substitute,Normal,Status,0,0,10,79,0,True,Umbreon; Honchkrow; Houndoom; Tyranitar; Mightyena; Shiftry; Sableye; Sharpedo; Cacturne; Crawdaunt; Absol; Drapion; Skuntank; Spiritomb; Weavile,15,15,1.0,True,True
HGSS,Dark,MachineMoves,MOVE_SUNNY_DAY,Sunny Day,Fire,Status,0,0,5,137,0,True,Umbreon; Honchkrow; Houndoom; Tyranitar; Mightyena; Shiftry; Sableye; Cacturne; Absol; Drapion; Skuntank; Spiritomb; Weavile,13,15,0.867,True,True
HGSS,Dark,MachineMoves,MOVE_SURF,Surf,Water,Special,95,100,15,257,0,True,Tyranitar; Sharpedo; Crawdaunt; Weavile,4,15,0.267,True,False
HGSS,Dark,MachineMoves,MOVE_SWAGGER,Swagger,Normal,Status,0,90,15,118,0,True,Umbreon; Honchkrow; Houndoom; Tyranitar; Mightyena; Shiftry; Sableye; Sharpedo; Cacturne; Crawdaunt; Absol; Drapion; Skuntank; Spiritomb; Weavile,15,15,1.0,True,True
HGSS,Dark,MachineMoves,MOVE_SWORDS_DANCE,Swords Dance,Normal,Status,0,0,30,50,0,True,Shiftry; Cacturne; Crawdaunt; Absol; Drapion; Weavile,6,15,0.4,True,True
HGSS,Dark,MachineMoves,MOVE_TAUNT,Taunt,Dark,Status,0,100,20,175,0,True,Umbreon; Honchkrow; Houndoom; Tyranitar; Mightyena; Sableye; Sharpedo; Crawdaunt; Absol; Drapion; Skuntank; Spiritomb; Weavile,13,15,0.867,True,True
HGSS,Dark,MachineMoves,MOVE_THIEF,Thief,Dark,Physical,40,100,10,105,0,True,Honchkrow; Houndoom; Mightyena; Shiftry; Sableye; Sharpedo; Absol; Drapion; Skuntank; Spiritomb; Weavile,11,15,0.733,True,True
HGSS,Dark,MachineMoves,MOVE_THUNDER,Thunder,Electric,Special,120,70,10,152,0,True,Tyranitar; Absol,2,15,0.133,True,False
HGSS,Dark,MachineMoves,MOVE_THUNDERBOLT,Thunderbolt,Electric,Special,95,100,15,6,0,True,Tyranitar; Absol,2,15,0.133,True,False
HGSS,Dark,MachineMoves,MOVE_THUNDER_WAVE,Thunder Wave,Electric,Status,0,100,20,67,0,True,Honchkrow; Tyranitar; Absol,3,15,0.2,True,False
HGSS,Dark,MachineMoves,MOVE_TORMENT,Torment,Dark,Status,0,100,15,165,0,True,Umbreon; Honchkrow; Houndoom; Tyranitar; Mightyena; Shiftry; Sableye; Sharpedo; Absol; Drapion; Skuntank; Spiritomb; Weavile,13,15,0.867,True,True
HGSS,Dark,MachineMoves,MOVE_TOXIC,Toxic,Poison,Status,0,85,10,33,0,True,Umbreon; Honchkrow; Houndoom; Tyranitar; Mightyena; Shiftry; Sableye; Sharpedo; Cacturne; Crawdaunt; Absol; Drapion; Skuntank; Spiritomb; Weavile,15,15,1.0,True,True
HGSS,Dark,MachineMoves,MOVE_WATERFALL,Waterfall,Water,Physical,80,100,15,31,0,True,Sharpedo; Crawdaunt,2,15,0.133,True,False
HGSS,Dark,MachineMoves,MOVE_WATER_PULSE,Water Pulse,Water,Special,60,100,20,76,0,True,Tyranitar; Sableye; Sharpedo; Crawdaunt; Absol; Spiritomb,6,15,0.4,True,True
HGSS,Dark,MachineMoves,MOVE_WHIRLPOOL,Whirlpool,Water,Special,15,70,15,261,0,True,Tyranitar; Sharpedo; Crawdaunt; Weavile,4,15,0.267,True,False
HGSS,Dark,MachineMoves,MOVE_WILL_O_WISP,Will-O-Wisp,Fire,Status,0,75,15,167,0,True,Houndoom; Sableye; Absol; Spiritomb,4,15,0.267,True,False
HGSS,Dark,MachineMoves,MOVE_X_SCISSOR,X-Scissor,Bug,Physical,80,100,15,0,0,True,Shiftry; Crawdaunt; Absol; Drapion; Weavile,5,15,0.333,True,True
HGSS,Dark,TutorMoves,MOVE_AIR_CUTTER,Air Cutter,Flying,Special,55,95,25,43,0,True,Honchkrow; Shiftry,2,15,0.133,True,False
HGSS,Dark,TutorMoves,MOVE_ANCIENT_POWER,Ancient Power,Rock,Special,60,100,5,140,0,True,Tyranitar; Sharpedo; Crawdaunt,3,15,0.2,True,False
HGSS,Dark,TutorMoves,MOVE_AQUA_TAIL,Aqua Tail,Water,Physical,90,90,10,0,0,True,Tyranitar; Drapion,2,15,0.133,True,False
HGSS,Dark,TutorMoves,MOVE_BLOCK,Block,Normal,Status,0,0,5,106,0,True,Tyranitar,1,15,0.067,True,False
HGSS,Dark,TutorMoves,MOVE_BOUNCE,Bounce,Flying,Physical,85,85,5,263,0,True,Shiftry; Sharpedo; Absol,3,15,0.2,True,False
HGSS,Dark,TutorMoves,MOVE_BUG_BITE,Bug Bite,Bug,Physical,60,100,20,224,0,True,Drapion,1,15,0.067,True,False
HGSS,Dark,TutorMoves,MOVE_DIVE,Dive,Water,Physical,80,100,10,255,0,True,Sharpedo; Crawdaunt,2,15,0.133,True,False
HGSS,Dark,TutorMoves,MOVE_EARTH_POWER,Earth Power,Ground,Special,90,100,10,72,0,True,Tyranitar,1,15,0.067,True,False
HGSS,Dark,TutorMoves,MOVE_ENDEAVOR,Endeavor,Normal,Physical,1,100,5,189,0,True,Crawdaunt,1,15,0.067,True,False
HGSS,Dark,TutorMoves,MOVE_FIRE_PUNCH,Fire Punch,Fire,Physical,75,100,15,4,0,True,Tyranitar; Sableye,2,15,0.133,True,False
HGSS,Dark,TutorMoves,MOVE_FURY_CUTTER,Fury Cutter,Bug,Physical,10,95,20,119,0,True,Tyranitar; Shiftry; Sableye; Sharpedo; Cacturne; Crawdaunt; Absol; Drapion; Skuntank; Weavile,10,15,0.667,True,True
HGSS,Dark,TutorMoves,MOVE_GRAVITY,Gravity,Psychic,Status,0,0,5,215,0,True,Sableye,1,15,0.067,True,False
HGSS,Dark,TutorMoves,MOVE_HEADBUTT,Headbutt,Normal,Physical,70,100,15,31,0,True,Umbreon; Houndoom; Tyranitar; Mightyena; Shiftry; Sableye; Cacturne; Absol; Drapion; Skuntank; Weavile,11,15,0.733,True,True
HGSS,Dark,TutorMoves,MOVE_HEAL_BELL,Heal Bell,Normal,Status,0,0,5,102,0,True,Umbreon,1,15,0.067,True,False
HGSS,Dark,TutorMoves,MOVE_HEAT_WAVE,Heat Wave,Fire,Special,100,90,10,4,0,True,Honchkrow; Houndoom,2,15,0.133,True,False
HGSS,Dark,TutorMoves,MOVE_HELPING_HAND,Helping Hand,Normal,Status,0,0,20,176,5,True,Umbreon,1,15,0.067,True,False
HGSS,Dark,TutorMoves,MOVE_ICE_PUNCH,Ice Punch,Ice,Physical,75,100,15,5,0,True,Tyranitar; Sableye; Weavile,3,15,0.2,True,False
HGSS,Dark,TutorMoves,MOVE_ICY_WIND,Icy Wind,Ice,Special,55,95,15,70,0,True,Shiftry; Sableye; Sharpedo; Crawdaunt; Absol; Spiritomb; Weavile,7,15,0.467,True,True
HGSS,Dark,TutorMoves,MOVE_IRON_DEFENSE,Iron Defense,Steel,Status,0,0,15,51,0,True,Crawdaunt,1,15,0.067,True,False
HGSS,Dark,TutorMoves,MOVE_IRON_HEAD,Iron Head,Steel,Physical,80,100,15,31,0,True,Tyranitar,1,15,0.067,True,False
HGSS,Dark,TutorMoves,MOVE_KNOCK_OFF,Knock Off,Dark,Physical,20,100,20,188,0,True,Shiftry; Sableye; Crawdaunt; Absol; Drapion; Weavile,6,15,0.4,True,True
HGSS,Dark,TutorMoves,MOVE_LAST_RESORT,Last Resort,Normal,Physical,130,100,5,246,0,True,Umbreon,1,15,0.067,True,False
HGSS,Dark,TutorMoves,MOVE_LOW_KICK,Low Kick,Fighting,Physical,1,100,20,196,0,True,Tyranitar; Shiftry; Sableye; Cacturne; Weavile,5,15,0.333,True,True
HGSS,Dark,TutorMoves,MOVE_MAGIC_COAT,Magic Coat,Psychic,Status,0,0,15,183,4,True,Sableye; Absol,2,15,0.133,True,False
HGSS,Dark,TutorMoves,MOVE_MUD_SLAP,Mud-Slap,Ground,Special,20,100,10,73,0,True,Umbreon; Honchkrow; Houndoom; Tyranitar; Mightyena; Shiftry; Sableye; Sharpedo; Cacturne; Crawdaunt; Absol; Drapion; Skuntank; Weavile,14,15,0.933,True,True
HGSS,Dark,TutorMoves,MOVE_OMINOUS_WIND,Ominous Wind,Ghost,Special,60,100,5,140,0,True,Honchkrow; Shiftry; Sableye; Spiritomb,4,15,0.267,True,False
HGSS,Dark,TutorMoves,MOVE_OUTRAGE,Outrage,Dragon,Physical,120,100,15,27,0,True,Tyranitar,1,15,0.067,True,False
HGSS,Dark,TutorMoves,MOVE_PAIN_SPLIT,Pain Split,Normal,Status,0,0,20,91,0,True,Sableye; Spiritomb,2,15,0.133,True,False
HGSS,Dark,TutorMoves,MOVE_ROLE_PLAY,Role Play,Psychic,Status,0,0,10,178,0,True,Houndoom; Sableye; Cacturne; Absol,4,15,0.267,True,False
HGSS,Dark,TutorMoves,MOVE_ROLLOUT,Rollout,Rock,Physical,30,90,20,117,0,True,Shiftry,1,15,0.067,True,False
HGSS,Dark,TutorMoves,MOVE_SEED_BOMB,Seed Bomb,Grass,Physical,80,100,15,0,0,True,Shiftry; Cacturne,2,15,0.133,True,False
HGSS,Dark,TutorMoves,MOVE_SIGNAL_BEAM,Signal Beam,Bug,Special,75,100,15,76,0,True,Sableye,1,15,0.067,True,False
HGSS,Dark,TutorMoves,MOVE_SKY_ATTACK,Sky Attack,Flying,Physical,140,90,5,75,0,True,Honchkrow,1,15,0.067,True,False
HGSS,Dark,TutorMoves,MOVE_SNORE,Snore,Normal,Special,40,100,15,92,0,True,Umbreon; Houndoom; Tyranitar; Mightyena; Shiftry; Sableye; Sharpedo; Cacturne; Crawdaunt; Absol; Drapion; Skuntank; Spiritomb; Weavile,14,15,0.933,True,True
HGSS,Dark,TutorMoves,MOVE_SPITE,Spite,Ghost,Status,0,100,10,100,0,True,Umbreon; Honchkrow; Houndoom; Tyranitar; Mightyena; Shiftry; Sableye; Sharpedo; Cacturne; Crawdaunt; Absol; Spiritomb; Weavile,13,15,0.867,True,True
HGSS,Dark,TutorMoves,MOVE_SUCKER_PUNCH,Sucker Punch,Dark,Physical,80,100,5,248,1,True,Umbreon; Honchkrow; Houndoom; Mightyena; Shiftry; Sableye; Cacturne; Absol; Skuntank; Spiritomb,10,15,0.667,True,True
HGSS,Dark,TutorMoves,MOVE_SUPERPOWER,Superpower,Fighting,Physical,120,100,5,182,0,True,Honchkrow; Tyranitar; Cacturne; Crawdaunt; Absol,5,15,0.333,True,True
HGSS,Dark,TutorMoves,MOVE_SUPER_FANG,Super Fang,Normal,Physical,1,90,10,40,0,True,Houndoom; Mightyena; Sharpedo,3,15,0.2,True,False
HGSS,Dark,TutorMoves,MOVE_SWIFT,Swift,Normal,Special,60,0,20,17,0,True,Umbreon; Honchkrow; Houndoom; Shiftry; Sharpedo; Crawdaunt; Absol; Skuntank; Weavile,9,15,0.6,True,True
HGSS,Dark,TutorMoves,MOVE_SYNTHESIS,Synthesis,Grass,Status,0,0,5,132,0,True,Shiftry; Cacturne,2,15,0.133,True,False
HGSS,Dark,TutorMoves,MOVE_TAILWIND,Tailwind,Flying,Status,0,0,30,225,0,True,Honchkrow; Shiftry,2,15,0.133,True,False
HGSS,Dark,TutorMoves,MOVE_THUNDER_PUNCH,Thunder Punch,Electric,Physical,75,100,15,6,0,True,Tyranitar; Sableye; Cacturne,3,15,0.2,True,False
HGSS,Dark,TutorMoves,MOVE_TRICK,Trick,Psychic,Status,0,100,10,177,0,True,Sableye; Spiritomb,2,15,0.133,True,False
HGSS,Dark,TutorMoves,MOVE_TWISTER,Twister,Dragon,Special,40,100,20,146,0,True,Honchkrow; Shiftry,2,15,0.133,True,False
HGSS,Dark,TutorMoves,MOVE_UPROAR,Uproar,Normal,Special,50,100,10,159,0,True,Honchkrow; Houndoom; Tyranitar; Mightyena; Sharpedo; Spiritomb,6,15,0.4,True,True
HGSS,Dark,TutorMoves,MOVE_WORRY_SEED,Worry Seed,Grass,Status,0,100,10,247,0,True,Shiftry; Cacturne,2,15,0.133,True,False
HGSS,Dark,TutorMoves,MOVE_ZEN_HEADBUTT,Zen Headbutt,Psychic,Physical,80,90,15,31,0,True,Sableye; Sharpedo; Absol,3,15,0.2,True,False
HGSS,Ground,MachineMoves,MOVE_AERIAL_ACE,Aerial Ace,Flying,Physical,60,0,20,17,0,True,Sandslash; Dugtrio; Marowak; Flygon; Garchomp; Gliscor,6,19,0.316,True,False
HGSS,Ground,MachineMoves,MOVE_ATTRACT,Attract,Normal,Status,0,100,15,120,0,True,Sandslash; Nidoking; Dugtrio; Golem; Steelix; Marowak; Rhyperior; Donphan; Quagsire; Swampert; Flygon; Whiscash; Camerupt; Torterra; Garchomp; Hippowdon; Mamoswine; Gliscor,18,19,0.947,True,True
HGSS,Ground,MachineMoves,MOVE_AVALANCHE,Avalanche,Ice,Physical,60,100,10,185,-4,True,Nidoking; Rhyperior; Swampert; Mamoswine,4,19,0.211,True,False
HGSS,Ground,MachineMoves,MOVE_BLIZZARD,Blizzard,Ice,Special,120,70,5,260,0,True,Nidoking; Marowak; Rhyperior; Quagsire; Swampert; Whiscash; Mamoswine,7,19,0.368,True,True
HGSS,Ground,MachineMoves,MOVE_BRICK_BREAK,Brick Break,Fighting,Physical,75,100,15,186,0,True,Sandslash; Nidoking; Golem; Marowak; Rhyperior; Quagsire; Swampert; Garchomp; Gliscor,9,19,0.474,True,True
HGSS,Ground,MachineMoves,MOVE_BULLET_SEED,Bullet Seed,Grass,Physical,10,100,30,29,0,True,Torterra,1,19,0.053,True,False
HGSS,Ground,MachineMoves,MOVE_CALM_MIND,Calm Mind,Psychic,Status,0,0,20,211,0,True,Claydol,1,19,0.053,True,False
HGSS,Ground,MachineMoves,MOVE_CAPTIVATE,Captivate,Normal,Status,0,100,20,265,0,True,Sandslash; Nidoking; Dugtrio; Golem; Steelix; Marowak; Rhyperior; Donphan; Quagsire; Swampert; Flygon; Whiscash; Camerupt; Torterra; Garchomp; Hippowdon; Mamoswine; Gliscor,18,19,0.947,True,True
HGSS,Ground,MachineMoves,MOVE_CHARGE_BEAM,Charge Beam,Electric,Special,50,90,10,276,0,True,Claydol,1,19,0.053,True,False
HGSS,Ground,MachineMoves,MOVE_CUT,Cut,Normal,Physical,50,95,30,0,0,True,Sandslash; Nidoking; Dugtrio; Steelix; Rhyperior; Torterra; Garchomp; Gliscor,8,19,0.421,True,True
HGSS,Ground,MachineMoves,MOVE_DARK_PULSE,Dark Pulse,Dark,Special,80,100,15,31,0,True,Steelix; Gliscor,2,19,0.105,True,False
HGSS,Ground,MachineMoves,MOVE_DIG,Dig,Ground,Physical,80,100,10,256,0,True,Sandslash; Nidoking; Dugtrio; Golem; Steelix; Marowak; Rhyperior; Quagsire; Swampert; Flygon; Camerupt; Claydol; Garchomp; Hippowdon; Mamoswine; Gliscor,16,19,0.842,True,True
HGSS,Ground,MachineMoves,MOVE_DOUBLE_TEAM,Double Team,Normal,Status,0,0,15,16,0,True,Sandslash; Nidoking; Dugtrio; Golem; Steelix; Marowak; Rhyperior; Donphan; Quagsire; Swampert; Flygon; Whiscash; Camerupt; Claydol; Torterra; Garchomp; Hippowdon; Mamoswine; Gliscor,19,19,1.0,True,True
HGSS,Ground,MachineMoves,MOVE_DRAGON_CLAW,Dragon Claw,Dragon,Physical,80,100,15,0,0,True,Flygon; Garchomp,2,19,0.105,True,False
HGSS,Ground,MachineMoves,MOVE_DRAGON_PULSE,Dragon Pulse,Dragon,Special,90,100,10,0,0,True,Nidoking; Steelix; Rhyperior; Flygon; Garchomp,5,19,0.263,True,False
HGSS,Ground,MachineMoves,MOVE_DREAM_EATER,Dream Eater,Psychic,Special,100,100,15,8,0,True,Claydol,1,19,0.053,True,False
HGSS,Ground,MachineMoves,MOVE_EARTHQUAKE,Earthquake,Ground,Physical,100,100,10,147,0,True,Sandslash; Nidoking; Dugtrio; Golem; Steelix; Marowak; Rhyperior; Donphan; Quagsire; Swampert; Flygon; Whiscash; Camerupt; Claydol; Torterra; Garchomp; Hippowdon; Mamoswine; Gliscor,19,19,1.0,True,True
HGSS,Ground,MachineMoves,MOVE_ENDURE,Endure,Normal,Status,0,0,10,116,3,True,Sandslash; Nidoking; Dugtrio; Golem; Steelix; Marowak; Rhyperior; Donphan; Quagsire; Swampert; Flygon; Whiscash; Camerupt; Claydol; Torterra; Garchomp; Hippowdon; Mamoswine; Gliscor,19,19,1.0,True,True
HGSS,Ground,MachineMoves,MOVE_ENERGY_BALL,Energy Ball,Grass,Special,80,100,10,72,0,True,Torterra,1,19,0.053,True,False
HGSS,Ground,MachineMoves,MOVE_EXPLOSION,Explosion,Normal,Physical,250,100,5,7,0,True,Golem; Steelix; Camerupt; Claydol,4,19,0.211,True,False
HGSS,Ground,MachineMoves,MOVE_FACADE,Facade,Normal,Physical,70,100,20,169,0,True,Sandslash; Nidoking; Dugtrio; Golem; Steelix; Marowak; Rhyperior; Donphan; Quagsire; Swampert; Flygon; Whiscash; Camerupt; Claydol; Torterra; Garchomp; Hippowdon; Mamoswine; Gliscor,19,19,1.0,True,True
HGSS,Ground,MachineMoves,MOVE_FALSE_SWIPE,False Swipe,Normal,Physical,40,100,40,101,0,True,Marowak; Garchomp; Gliscor,3,19,0.158,True,False
HGSS,Ground,MachineMoves,MOVE_FIRE_BLAST,Fire Blast,Fire,Special,120,85,5,4,0,True,Nidoking; Golem; Marowak; Rhyperior; Flygon; Camerupt; Garchomp,7,19,0.368,True,True
HGSS,Ground,MachineMoves,MOVE_FLAMETHROWER,Flamethrower,Fire,Special,95,100,15,4,0,True,Nidoking; Golem; Marowak; Rhyperior; Flygon; Camerupt; Garchomp,7,19,0.368,True,True
HGSS,Ground,MachineMoves,MOVE_FLASH,Flash,Normal,Status,0,100,20,23,0,True,Quagsire; Claydol; Torterra,3,19,0.158,True,False
HGSS,Ground,MachineMoves,MOVE_FLASH_CANNON,Flash Cannon,Steel,Special,80,100,10,72,0,True,Steelix; Rhyperior; Camerupt,3,19,0.158,True,False
HGSS,Ground,MachineMoves,MOVE_FLING,Fling,Dark,Physical,1,100,10,233,0,True,Sandslash; Nidoking; Golem; Marowak; Rhyperior; Quagsire; Swampert; Garchomp; Gliscor,9,19,0.474,True,True
HGSS,Ground,MachineMoves,MOVE_FLY,Fly,Flying,Physical,90,95,15,155,0,True,Flygon,1,19,0.053,True,False
HGSS,Ground,MachineMoves,MOVE_FOCUS_BLAST,Focus Blast,Fighting,Special,120,70,5,72,0,True,Sandslash; Nidoking; Golem; Marowak; Rhyperior; Quagsire; Swampert,7,19,0.368,True,True
HGSS,Ground,MachineMoves,MOVE_FOCUS_PUNCH,Focus Punch,Fighting,Physical,150,100,20,170,-3,True,Sandslash; Nidoking; Golem; Marowak; Rhyperior; Quagsire; Swampert,7,19,0.368,True,True
HGSS,Ground,MachineMoves,MOVE_FRUSTRATION,Frustration,Normal,Physical,1,100,20,123,0,True,Sandslash; Nidoking; Dugtrio; Golem; Steelix; Marowak; Rhyperior; Donphan; Quagsire; Swampert; Flygon; Whiscash; Camerupt; Claydol; Torterra; Garchomp; Hippowdon; Mamoswine; Gliscor,19,19,1.0,True,True
HGSS,Ground,MachineMoves,MOVE_GIGA_DRAIN,Giga Drain,Grass,Special,60,100,10,3,0,True,Flygon; Torterra,2,19,0.105,True,False
HGSS,Ground,MachineMoves,MOVE_GIGA_IMPACT,Giga Impact,Normal,Physical,150,90,5,80,0,True,Sandslash; Nidoking; Dugtrio; Golem; Steelix; Marowak; Rhyperior; Donphan; Quagsire; Swampert; Flygon; Whiscash; Camerupt; Claydol; Torterra; Garchomp; Hippowdon; Mamoswine; Gliscor,19,19,1.0,True,True
HGSS,Ground,MachineMoves,MOVE_GRASS_KNOT,Grass Knot,Grass,Special,1,100,20,196,0,True,Claydol; Torterra,2,19,0.105,True,False
HGSS,Ground,MachineMoves,MOVE_GYRO_BALL,Gyro Ball,Steel,Physical,1,100,5,219,0,True,Sandslash; Golem; Steelix; Donphan; Claydol,5,19,0.263,True,False
HGSS,Ground,MachineMoves,MOVE_HAIL,Hail,Ice,Status,0,0,10,164,0,True,Quagsire; Swampert; Whiscash; Mamoswine,4,19,0.211,True,False
HGSS,Ground,MachineMoves,MOVE_HIDDEN_POWER,Hidden Power,Normal,Special,1,100,15,135,0,True,Sandslash; Nidoking; Dugtrio; Golem; Steelix; Marowak; Rhyperior; Donphan; Quagsire; Swampert; Flygon; Whiscash; Camerupt; Claydol; Torterra; Garchomp; Hippowdon; Mamoswine; Gliscor,19,19,1.0,True,True
HGSS,Ground,MachineMoves,MOVE_HYPER_BEAM,Hyper Beam,Normal,Special,150,90,5,80,0,True,Sandslash; Nidoking; Dugtrio; Golem; Steelix; Marowak; Rhyperior; Donphan; Quagsire; Swampert; Flygon; Whiscash; Camerupt; Claydol; Torterra; Garchomp; Hippowdon; Mamoswine; Gliscor,19,19,1.0,True,True
HGSS,Ground,MachineMoves,MOVE_ICE_BEAM,Ice Beam,Ice,Special,95,100,10,5,0,True,Nidoking; Marowak; Rhyperior; Quagsire; Swampert; Whiscash; Claydol; Mamoswine,8,19,0.421,True,True
HGSS,Ground,MachineMoves,MOVE_IRON_TAIL,Iron Tail,Steel,Physical,100,75,15,69,0,True,Sandslash; Nidoking; Steelix; Marowak; Rhyperior; Donphan; Quagsire; Swampert; Flygon; Torterra; Garchomp; Hippowdon; Gliscor,13,19,0.684,True,True
HGSS,Ground,MachineMoves,MOVE_LIGHT_SCREEN,Light Screen,Psychic,Status,0,0,30,35,0,True,Claydol; Torterra; Mamoswine,3,19,0.158,True,False
HGSS,Ground,MachineMoves,MOVE_NATURAL_GIFT,Natural Gift,Normal,Physical,1,100,15,222,0,True,Sandslash; Nidoking; Dugtrio; Golem; Steelix; Marowak; Rhyperior; Donphan; Quagsire; Swampert; Flygon; Whiscash; Camerupt; Claydol; Torterra; Garchomp; Hippowdon; Mamoswine; Gliscor,19,19,1.0,True,True
HGSS,Ground,MachineMoves,MOVE_OVERHEAT,Overheat,Fire,Special,140,90,5,204,0,True,Camerupt,1,19,0.053,True,False
HGSS,Ground,MachineMoves,MOVE_PAYBACK,Payback,Dark,Physical,50,100,10,230,0,True,Steelix; Rhyperior; Gliscor,3,19,0.158,True,False
HGSS,Ground,MachineMoves,MOVE_POISON_JAB,Poison Jab,Poison,Physical,80,100,20,2,0,True,Sandslash; Nidoking; Rhyperior; Donphan; Garchomp; Gliscor,6,19,0.316,True,False
HGSS,Ground,MachineMoves,MOVE_PROTECT,Protect,Normal,Status,0,0,10,111,3,True,Sandslash; Nidoking; Dugtrio; Golem; Steelix; Marowak; Rhyperior; Donphan; Quagsire; Swampert; Flygon; Whiscash; Camerupt; Claydol; Torterra; Garchomp; Hippowdon; Mamoswine; Gliscor,19,19,1.0,True,True
HGSS,Ground,MachineMoves,MOVE_PSYCHIC,Psychic,Psychic,Special,90,100,10,72,0,True,Claydol,1,19,0.053,True,False
HGSS,Ground,MachineMoves,MOVE_PSYCH_UP,Psych Up,Normal,Status,0,0,10,143,0,True,Steelix; Claydol,2,19,0.105,True,False
HGSS,Ground,MachineMoves,MOVE_RAIN_DANCE,Rain Dance,Water,Status,0,0,5,136,0,True,Nidoking; Rhyperior; Quagsire; Swampert; Whiscash; Claydol; Garchomp; Mamoswine; Gliscor,9,19,0.474,True,True
HGSS,Ground,MachineMoves,MOVE_RECYCLE,Recycle,Normal,Status,0,0,10,184,0,True,Claydol,1,19,0.053,True,False
HGSS,Ground,MachineMoves,MOVE_REFLECT,Reflect,Psychic,Status,0,0,20,65,0,True,Claydol; Torterra; Mamoswine,3,19,0.158,True,False
HGSS,Ground,MachineMoves,MOVE_REST,Rest,Psychic,Status,0,0,10,37,0,True,Sandslash; Nidoking; Dugtrio; Golem; Steelix; Marowak; Rhyperior; Donphan; Quagsire; Swampert; Flygon; Whiscash; Camerupt; Claydol; Torterra; Garchomp; Hippowdon; Mamoswine; Gliscor,19,19,1.0,True,True
HGSS,Ground,MachineMoves,MOVE_RETURN,Return,Normal,Physical,1,100,20,121,0,True,Sandslash; Nidoking; Dugtrio; Golem; Steelix; Marowak; Rhyperior; Donphan; Quagsire; Swampert; Flygon; Whiscash; Camerupt; Claydol; Torterra; Garchomp; Hippowdon; Mamoswine; Gliscor,19,19,1.0,True,True
HGSS,Ground,MachineMoves,MOVE_ROAR,Roar,Normal,Status,0,100,20,28,-6,True,Nidoking; Golem; Steelix; Rhyperior; Donphan; Swampert; Camerupt; Torterra; Garchomp; Hippowdon; Mamoswine,11,19,0.579,True,True
HGSS,Ground,MachineMoves,MOVE_ROCK_CLIMB,Rock Climb,Normal,Physical,90,85,20,76,0,True,Sandslash; Nidoking; Golem; Steelix; Marowak; Rhyperior; Swampert; Torterra; Garchomp; Mamoswine,10,19,0.526,True,True
HGSS,Ground,MachineMoves,MOVE_ROCK_POLISH,Rock Polish,Rock,Status,0,0,20,52,0,True,Golem; Steelix; Rhyperior; Donphan; Camerupt; Claydol; Torterra; Gliscor,8,19,0.421,True,True
HGSS,Ground,MachineMoves,MOVE_ROCK_SLIDE,Rock Slide,Rock,Physical,75,90,10,31,0,True,Sandslash; Nidoking; Dugtrio; Golem; Steelix; Marowak; Rhyperior; Donphan; Quagsire; Swampert; Flygon; Whiscash; Camerupt; Claydol; Torterra; Garchomp; Hippowdon; Mamoswine; Gliscor,19,19,1.0,True,True
HGSS,Ground,MachineMoves,MOVE_ROCK_SMASH,Rock Smash,Fighting,Physical,40,100,15,69,0,True,Sandslash; Nidoking; Dugtrio; Golem; Steelix; Marowak; Rhyperior; Donphan; Quagsire; Swampert; Flygon; Whiscash; Camerupt; Claydol; Torterra; Garchomp; Hippowdon; Mamoswine; Gliscor,19,19,1.0,True,True
HGSS,Ground,MachineMoves,MOVE_ROCK_TOMB,Rock Tomb,Rock,Physical,50,80,10,70,0,True,Sandslash; Nidoking; Dugtrio; Golem; Steelix; Marowak; Rhyperior; Donphan; Quagsire; Swampert; Flygon; Whiscash; Camerupt; Claydol; Torterra; Garchomp; Hippowdon; Mamoswine; Gliscor,19,19,1.0,True,True
HGSS,Ground,MachineMoves,MOVE_ROOST,Roost,Flying,Status,0,0,10,214,0,True,Flygon; Gliscor,2,19,0.105,True,False
HGSS,Ground,MachineMoves,MOVE_SAFEGUARD,Safeguard,Normal,Status,0,0,25,124,0,True,Claydol; Torterra,2,19,0.105,True,False
HGSS,Ground,MachineMoves,MOVE_SANDSTORM,Sandstorm,Rock,Status,0,0,10,115,0,True,Sandslash; Nidoking; Dugtrio; Golem; Steelix; Marowak; Rhyperior; Donphan; Quagsire; Flygon; Whiscash; Camerupt; Claydol; Torterra; Garchomp; Hippowdon; Mamoswine; Gliscor,18,19,0.947,True,True
HGSS,Ground,MachineMoves,MOVE_SECRET_POWER,Secret Power,Normal,Physical,70,100,20,197,0,True,Sandslash; Nidoking; Dugtrio; Golem; Steelix; Marowak; Rhyperior; Donphan; Quagsire; Swampert; Flygon; Whiscash; Camerupt; Claydol; Torterra; Garchomp; Hippowdon; Mamoswine; Gliscor,19,19,1.0,True,True
HGSS,Ground,MachineMoves,MOVE_SHADOW_BALL,Shadow Ball,Ghost,Special,80,100,15,72,0,True,Nidoking; Claydol,2,19,0.105,True,False
HGSS,Ground,MachineMoves,MOVE_SHADOW_CLAW,Shadow Claw,Ghost,Physical,70,100,15,43,0,True,Sandslash; Nidoking; Dugtrio; Rhyperior; Garchomp,5,19,0.263,True,False
HGSS,Ground,MachineMoves,MOVE_SHOCK_WAVE,Shock Wave,Electric,Special,60,0,20,17,0,True,Nidoking; Rhyperior,2,19,0.105,True,False
HGSS,Ground,MachineMoves,MOVE_SILVER_WIND,Silver Wind,Bug,Special,60,100,5,140,0,True,Flygon,1,19,0.053,True,False
HGSS,Ground,MachineMoves,MOVE_SKILL_SWAP,Skill Swap,Psychic,Status,0,0,10,191,0,True,Claydol,1,19,0.053,True,False
HGSS,Ground,MachineMoves,MOVE_SLEEP_TALK,Sleep Talk,Normal,Status,0,0,10,97,0,True,Sandslash; Nidoking; Dugtrio; Golem; Steelix; Marowak; Rhyperior; Donphan; Quagsire; Swampert; Flygon; Whiscash; Camerupt; Claydol; Torterra; Garchomp; Hippowdon; Mamoswine; Gliscor,19,19,1.0,True,True
HGSS,Ground,MachineMoves,MOVE_SLUDGE_BOMB,Sludge Bomb,Poison,Special,90,100,10,2,0,True,Nidoking; Dugtrio; Quagsire; Gliscor,4,19,0.211,True,False
HGSS,Ground,MachineMoves,MOVE_SOLAR_BEAM,Solar Beam,Grass,Special,120,100,10,151,0,True,Flygon; Camerupt; Claydol; Torterra,4,19,0.211,True,False
HGSS,Ground,MachineMoves,MOVE_STEALTH_ROCK,Stealth Rock,Rock,Status,0,0,20,266,0,True,Sandslash; Nidoking; Dugtrio; Golem; Steelix; Marowak; Rhyperior; Donphan; Swampert; Camerupt; Claydol; Torterra; Garchomp; Hippowdon; Mamoswine; Gliscor,16,19,0.842,True,True
HGSS,Ground,MachineMoves,MOVE_STEEL_WING,Steel Wing,Steel,Physical,70,90,25,138,0,True,Flygon; Gliscor,2,19,0.105,True,False
HGSS,Ground,MachineMoves,MOVE_STONE_EDGE,Stone Edge,Rock,Physical,100,80,5,43,0,True,Sandslash; Nidoking; Dugtrio; Golem; Steelix; Marowak; Rhyperior; Donphan; Quagsire; Swampert; Flygon; Whiscash; Camerupt; Claydol; Torterra; Garchomp; Hippowdon; Mamoswine; Gliscor,19,19,1.0,True,True
HGSS,Ground,MachineMoves,MOVE_STRENGTH,Strength,Normal,Physical,80,100,15,0,0,True,Sandslash; Nidoking; Golem; Steelix; Marowak; Rhyperior; Donphan; Quagsire; Swampert; Flygon; Whiscash; Camerupt; Claydol; Torterra; Garchomp; Hippowdon; Mamoswine; Gliscor,18,19,0.947,True,True
HGSS,Ground,MachineMoves,MOVE_SUBSTITUTE,Substitute,Normal,Status,0,0,10,79,0,True,Sandslash; Nidoking; Dugtrio; Golem; Steelix; Marowak; Rhyperior; Donphan; Quagsire; Swampert; Flygon; Whiscash; Camerupt; Claydol; Torterra; Garchomp; Hippowdon; Mamoswine; Gliscor,19,19,1.0,True,True
HGSS,Ground,MachineMoves,MOVE_SUNNY_DAY,Sunny Day,Fire,Status,0,0,5,137,0,True,Sandslash; Nidoking; Dugtrio; Golem; Steelix; Marowak; Rhyperior; Donphan; Flygon; Camerupt; Claydol; Torterra; Garchomp; Hippowdon; Gliscor,15,19,0.789,True,True
HGSS,Ground,MachineMoves,MOVE_SURF,Surf,Water,Special,95,100,15,257,0,True,Nidoking; Rhyperior; Quagsire; Swampert; Whiscash; Garchomp,6,19,0.316,True,False
HGSS,Ground,MachineMoves,MOVE_SWAGGER,Swagger,Normal,Status,0,90,15,118,0,True,Sandslash; Nidoking; Dugtrio; Golem; Steelix; Marowak; Rhyperior; Donphan; Quagsire; Swampert; Flygon; Whiscash; Camerupt; Claydol; Torterra; Garchomp; Hippowdon; Mamoswine; Gliscor,19,19,1.0,True,True
HGSS,Ground,MachineMoves,MOVE_SWORDS_DANCE,Swords Dance,Normal,Status,0,0,30,50,0,True,Sandslash; Marowak; Rhyperior; Torterra; Garchomp; Gliscor,6,19,0.316,True,False
HGSS,Ground,MachineMoves,MOVE_TAUNT,Taunt,Dark,Status,0,100,20,175,0,True,Nidoking; Steelix; Gliscor,3,19,0.158,True,False
HGSS,Ground,MachineMoves,MOVE_THIEF,Thief,Dark,Physical,40,100,10,105,0,True,Sandslash; Nidoking; Dugtrio; Marowak; Rhyperior; Gliscor,6,19,0.316,True,False
HGSS,Ground,MachineMoves,MOVE_THUNDER,Thunder,Electric,Special,120,70,10,152,0,True,Nidoking; Rhyperior,2,19,0.105,True,False
HGSS,Ground,MachineMoves,MOVE_THUNDERBOLT,Thunderbolt,Electric,Special,95,100,15,6,0,True,Nidoking; Rhyperior,2,19,0.105,True,False
HGSS,Ground,MachineMoves,MOVE_TORMENT,Torment,Dark,Status,0,100,15,165,0,True,Nidoking; Steelix; Gliscor,3,19,0.158,True,False
HGSS,Ground,MachineMoves,MOVE_TOXIC,Toxic,Poison,Status,0,85,10,33,0,True,Sandslash; Nidoking; Dugtrio; Golem; Steelix; Marowak; Rhyperior; Donphan; Quagsire; Swampert; Flygon; Whiscash; Camerupt; Claydol; Torterra; Garchomp; Hippowdon; Mamoswine; Gliscor,19,19,1.0,True,True
HGSS,Ground,MachineMoves,MOVE_TRICK_ROOM,Trick Room,Psychic,Status,0,0,5,259,-7,True,Claydol,1,19,0.053,True,False
HGSS,Ground,MachineMoves,MOVE_U_TURN,U-turn,Bug,Physical,70,100,20,228,0,True,Flygon; Gliscor,2,19,0.105,True,False
HGSS,Ground,MachineMoves,MOVE_WATERFALL,Waterfall,Water,Physical,80,100,15,31,0,True,Quagsire; Swampert; Whiscash,3,19,0.158,True,False
HGSS,Ground,MachineMoves,MOVE_WATER_PULSE,Water Pulse,Water,Special,60,100,20,76,0,True,Nidoking; Quagsire; Swampert; Whiscash; Hippowdon,5,19,0.263,True,False
HGSS,Ground,MachineMoves,MOVE_WHIRLPOOL,Whirlpool,Water,Special,15,70,15,261,0,True,Nidoking; Rhyperior; Quagsire; Swampert; Whiscash; Garchomp,6,19,0.316,True,False
HGSS,Ground,MachineMoves,MOVE_WILL_O_WISP,Will-O-Wisp,Fire,Status,0,75,15,167,0,True,Camerupt,1,19,0.053,True,False
HGSS,Ground,MachineMoves,MOVE_X_SCISSOR,X-Scissor,Bug,Physical,80,100,15,0,0,True,Sandslash; Gliscor,2,19,0.105,True,False
HGSS,Ground,TutorMoves,MOVE_AIR_CUTTER,Air Cutter,Flying,Special,55,95,25,43,0,True,Flygon,1,19,0.053,True,False
HGSS,Ground,TutorMoves,MOVE_ANCIENT_POWER,Ancient Power,Rock,Special,60,100,5,140,0,True,Golem; Steelix; Rhyperior; Donphan; Quagsire; Swampert; Claydol; Mamoswine,8,19,0.421,True,True
HGSS,Ground,TutorMoves,MOVE_AQUA_TAIL,Aqua Tail,Water,Physical,90,90,10,0,0,True,Nidoking; Steelix; Rhyperior; Quagsire; Swampert; Whiscash; Garchomp; Gliscor,8,19,0.421,True,True
HGSS,Ground,TutorMoves,MOVE_BLOCK,Block,Normal,Status,0,0,5,106,0,True,Golem; Steelix; Rhyperior; Donphan; Torterra; Mamoswine,6,19,0.316,True,False
HGSS,Ground,TutorMoves,MOVE_BOUNCE,Bounce,Flying,Physical,85,85,5,263,0,True,Donphan; Whiscash,2,19,0.105,True,False
HGSS,Ground,TutorMoves,MOVE_BUG_BITE,Bug Bite,Bug,Physical,60,100,20,224,0,True,Flygon,1,19,0.053,True,False
HGSS,Ground,TutorMoves,MOVE_DIVE,Dive,Water,Physical,80,100,10,255,0,True,Quagsire; Swampert; Whiscash,3,19,0.158,True,False
HGSS,Ground,TutorMoves,MOVE_DRACO_METEOR,Draco Meteor,Dragon,Special,140,90,5,204,0,True,Flygon; Garchomp,2,19,0.105,False,False
HGSS,Ground,TutorMoves,MOVE_EARTH_POWER,Earth Power,Ground,Special,90,100,10,72,0,True,Sandslash; Nidoking; Dugtrio; Golem; Steelix; Marowak; Rhyperior; Donphan; Quagsire; Swampert; Flygon; Whiscash; Camerupt; Claydol; Torterra; Garchomp; Hippowdon; Mamoswine; Gliscor,19,19,1.0,True,True
HGSS,Ground,TutorMoves,MOVE_ENDEAVOR,Endeavor,Normal,Physical,1,100,5,189,0,True,Marowak; Rhyperior; Donphan; Swampert; Mamoswine,5,19,0.263,True,False
HGSS,Ground,TutorMoves,MOVE_FIRE_PUNCH,Fire Punch,Fire,Physical,75,100,15,4,0,True,Nidoking; Golem; Marowak; Rhyperior; Flygon,5,19,0.263,True,False
HGSS,Ground,TutorMoves,MOVE_FRENZY_PLANT,Frenzy Plant,Grass,Special,150,90,5,80,0,True,Torterra,1,19,0.053,False,False
HGSS,Ground,TutorMoves,MOVE_FURY_CUTTER,Fury Cutter,Bug,Physical,10,95,20,119,0,True,Sandslash; Nidoking; Golem; Marowak; Rhyperior; Flygon; Garchomp; Mamoswine; Gliscor,9,19,0.474,True,True
HGSS,Ground,TutorMoves,MOVE_GRAVITY,Gravity,Psychic,Status,0,0,5,215,0,True,Claydol,1,19,0.053,True,False
HGSS,Ground,TutorMoves,MOVE_GUNK_SHOT,Gunk Shot,Poison,Physical,120,70,5,2,0,True,Donphan,1,19,0.053,True,False
HGSS,Ground,TutorMoves,MOVE_HEADBUTT,Headbutt,Normal,Physical,70,100,15,31,0,True,Sandslash; Nidoking; Golem; Steelix; Marowak; Rhyperior; Donphan; Quagsire; Swampert; Flygon; Whiscash; Camerupt; Claydol; Torterra; Garchomp; Hippowdon; Mamoswine; Gliscor,18,19,0.947,True,True
HGSS,Ground,TutorMoves,MOVE_HEAT_WAVE,Heat Wave,Fire,Special,100,90,10,4,0,True,Flygon; Camerupt,2,19,0.105,True,False
HGSS,Ground,TutorMoves,MOVE_HELPING_HAND,Helping Hand,Normal,Status,0,0,20,176,5,True,Nidoking,1,19,0.053,True,False
HGSS,Ground,TutorMoves,MOVE_HYDRO_CANNON,Hydro Cannon,Water,Special,150,90,5,80,0,True,Swampert,1,19,0.053,False,False
HGSS,Ground,TutorMoves,MOVE_ICE_PUNCH,Ice Punch,Ice,Physical,75,100,15,5,0,True,Nidoking; Rhyperior; Quagsire; Swampert,4,19,0.211,True,False
HGSS,Ground,TutorMoves,MOVE_ICY_WIND,Icy Wind,Ice,Special,55,95,15,70,0,True,Nidoking; Marowak; Rhyperior; Quagsire; Swampert; Whiscash; Mamoswine,7,19,0.368,True,True
HGSS,Ground,TutorMoves,MOVE_IRON_DEFENSE,Iron Defense,Steel,Status,0,0,15,51,0,True,Marowak; Donphan,2,19,0.105,True,False
HGSS,Ground,TutorMoves,MOVE_IRON_HEAD,Iron Head,Steel,Physical,80,100,15,31,0,True,Golem; Steelix; Rhyperior; Camerupt; Torterra; Garchomp; Hippowdon; Mamoswine,8,19,0.421,True,True
HGSS,Ground,TutorMoves,MOVE_KNOCK_OFF,Knock Off,Dark,Physical,20,100,20,188,0,True,Sandslash; Marowak; Donphan; Mamoswine; Gliscor,5,19,0.263,True,False
HGSS,Ground,TutorMoves,MOVE_LOW_KICK,Low Kick,Fighting,Physical,1,100,20,196,0,True,Marowak; Swampert,2,19,0.105,True,False
HGSS,Ground,TutorMoves,MOVE_MAGIC_COAT,Magic Coat,Psychic,Status,0,0,15,183,4,True,Claydol,1,19,0.053,True,False
HGSS,Ground,TutorMoves,MOVE_MAGNET_RISE,Magnet Rise,Electric,Status,0,0,10,252,0,True,Steelix,1,19,0.053,True,False
HGSS,Ground,TutorMoves,MOVE_MUD_SLAP,Mud-Slap,Ground,Special,20,100,10,73,0,True,Sandslash; Nidoking; Dugtrio; Golem; Steelix; Marowak; Rhyperior; Donphan; Quagsire; Swampert; Flygon; Whiscash; Camerupt; Claydol; Torterra; Garchomp; Hippowdon; Mamoswine; Gliscor,19,19,1.0,True,True
HGSS,Ground,TutorMoves,MOVE_OMINOUS_WIND,Ominous Wind,Ghost,Special,60,100,5,140,0,True,Flygon,1,19,0.053,True,False
HGSS,Ground,TutorMoves,MOVE_OUTRAGE,Outrage,Dragon,Physical,120,100,15,27,0,True,Nidoking; Marowak; Rhyperior; Swampert; Flygon; Torterra; Garchomp,7,19,0.368,True,True
HGSS,Ground,TutorMoves,MOVE_ROLLOUT,Rollout,Rock,Physical,30,90,20,117,0,True,Sandslash; Golem; Steelix; Rhyperior; Donphan; Quagsire; Swampert; Camerupt,8,19,0.421,True,True
HGSS,Ground,TutorMoves,MOVE_SEED_BOMB,Seed Bomb,Grass,Physical,80,100,15,0,0,True,Donphan; Torterra,2,19,0.105,True,False
HGSS,Ground,TutorMoves,MOVE_SIGNAL_BEAM,Signal Beam,Bug,Special,75,100,15,76,0,True,Claydol,1,19,0.053,True,False
HGSS,Ground,TutorMoves,MOVE_SKY_ATTACK,Sky Attack,Flying,Physical,140,90,5,75,0,True,Gliscor,1,19,0.053,True,False
HGSS,Ground,TutorMoves,MOVE_SNORE,Snore,Normal,Special,40,100,15,92,0,True,Sandslash; Nidoking; Dugtrio; Golem; Steelix; Marowak; Rhyperior; Donphan; Quagsire; Swampert; Flygon; Whiscash; Camerupt; Claydol; Torterra; Garchomp; Hippowdon; Mamoswine; Gliscor,19,19,1.0,True,True
HGSS,Ground,TutorMoves,MOVE_SPITE,Spite,Ghost,Status,0,100,10,100,0,True,Rhyperior,1,19,0.053,True,False
HGSS,Ground,TutorMoves,MOVE_SUCKER_PUNCH,Sucker Punch,Dark,Physical,80,100,5,248,1,True,Nidoking; Dugtrio; Golem,3,19,0.158,True,False
HGSS,Ground,TutorMoves,MOVE_SUPERPOWER,Superpower,Fighting,Physical,120,100,5,182,0,True,Nidoking; Golem; Rhyperior; Donphan; Swampert; Torterra; Hippowdon; Mamoswine,8,19,0.421,True,True
HGSS,Ground,TutorMoves,MOVE_SUPER_FANG,Super Fang,Normal,Physical,1,90,10,40,0,True,Sandslash; Nidoking,2,19,0.105,True,False
HGSS,Ground,TutorMoves,MOVE_SWIFT,Swift,Normal,Special,60,0,20,17,0,True,Sandslash; Flygon; Garchomp; Gliscor,4,19,0.211,True,False
HGSS,Ground,TutorMoves,MOVE_SYNTHESIS,Synthesis,Grass,Status,0,0,5,132,0,True,Torterra,1,19,0.053,True,False
HGSS,Ground,TutorMoves,MOVE_TAILWIND,Tailwind,Flying,Status,0,0,30,225,0,True,Flygon; Gliscor,2,19,0.105,True,False
HGSS,Ground,TutorMoves,MOVE_THUNDER_PUNCH,Thunder Punch,Electric,Physical,75,100,15,6,0,True,Nidoking; Golem; Marowak; Rhyperior; Flygon,5,19,0.263,True,False
HGSS,Ground,TutorMoves,MOVE_TRICK,Trick,Psychic,Status,0,100,10,177,0,True,Claydol,1,19,0.053,True,False
HGSS,Ground,TutorMoves,MOVE_TWISTER,Twister,Dragon,Special,40,100,20,146,0,True,Steelix; Flygon; Garchomp,3,19,0.158,True,False
HGSS,Ground,TutorMoves,MOVE_UPROAR,Uproar,Normal,Special,50,100,10,159,0,True,Nidoking; Marowak; Rhyperior,3,19,0.158,True,False
HGSS,Ground,TutorMoves,MOVE_WORRY_SEED,Worry Seed,Grass,Status,0,100,10,247,0,True,Torterra,1,19,0.053,True,False
HGSS,Ground,TutorMoves,MOVE_ZEN_HEADBUTT,Zen Headbutt,Psychic,Physical,80,90,15,31,0,True,Whiscash; Claydol,2,19,0.105,True,False
HGSS,Flying,MachineMoves,MOVE_AERIAL_ACE,Aerial Ace,Flying,Physical,60,0,20,17,0,True,Pidgeot; Fearow; Crobat; Dodrio; Xatu; Noctowl; Honchkrow; Pelipper; Swellow; Staraptor; Togekiss; Altaria; Dragonite; Salamence; Mantine; Skarmory; Aerodactyl; Gliscor,18,19,0.947,True,True
HGSS,Flying,MachineMoves,MOVE_ATTRACT,Attract,Normal,Status,0,100,15,120,0,True,Pidgeot; Fearow; Crobat; Dodrio; Xatu; Noctowl; Honchkrow; Pelipper; Swellow; Staraptor; Togekiss; Altaria; Dragonite; Salamence; Gyarados; Mantine; Skarmory; Aerodactyl; Gliscor,19,19,1.0,True,True
HGSS,Flying,MachineMoves,MOVE_AVALANCHE,Avalanche,Ice,Physical,60,100,10,185,-4,True,Gyarados,1,19,0.053,True,False
HGSS,Flying,MachineMoves,MOVE_BLIZZARD,Blizzard,Ice,Special,120,70,5,260,0,True,Pelipper; Dragonite; Gyarados; Mantine,4,19,0.211,True,False
HGSS,Flying,MachineMoves,MOVE_BRICK_BREAK,Brick Break,Fighting,Physical,75,100,15,186,0,True,Togekiss; Dragonite; Salamence; Gliscor,4,19,0.211,True,False
HGSS,Flying,MachineMoves,MOVE_BRINE,Brine,Water,Special,65,100,10,221,0,True,Pelipper; Gyarados; Mantine,3,19,0.158,True,False
HGSS,Flying,MachineMoves,MOVE_BULLET_SEED,Bullet Seed,Grass,Physical,10,100,30,29,0,True,Mantine,1,19,0.053,True,False
HGSS,Flying,MachineMoves,MOVE_CALM_MIND,Calm Mind,Psychic,Status,0,0,20,211,0,True,Xatu; Honchkrow,2,19,0.105,True,False
HGSS,Flying,MachineMoves,MOVE_CAPTIVATE,Captivate,Normal,Status,0,100,20,265,0,True,Pidgeot; Fearow; Crobat; Dodrio; Xatu; Noctowl; Honchkrow; Pelipper; Swellow; Staraptor; Togekiss; Altaria; Dragonite; Salamence; Gyarados; Mantine; Skarmory; Aerodactyl; Gliscor,19,19,1.0,True,True
HGSS,Flying,MachineMoves,MOVE_CUT,Cut,Normal,Physical,50,95,30,0,0,True,Dragonite; Salamence; Skarmory; Gliscor,4,19,0.211,True,False
HGSS,Flying,MachineMoves,MOVE_DARK_PULSE,Dark Pulse,Dark,Special,80,100,15,31,0,True,Crobat; Honchkrow; Gyarados; Skarmory; Gliscor,5,19,0.263,True,False
HGSS,Flying,MachineMoves,MOVE_DIG,Dig,Ground,Physical,80,100,10,256,0,True,Gliscor,1,19,0.053,True,False
HGSS,Flying,MachineMoves,MOVE_DOUBLE_TEAM,Double Team,Normal,Status,0,0,15,16,0,True,Pidgeot; Fearow; Crobat; Dodrio; Xatu; Noctowl; Honchkrow; Pelipper; Swellow; Staraptor; Togekiss; Altaria; Dragonite; Salamence; Gyarados; Mantine; Skarmory; Aerodactyl; Gliscor,19,19,1.0,True,True
HGSS,Flying,MachineMoves,MOVE_DRAGON_CLAW,Dragon Claw,Dragon,Physical,80,100,15,0,0,True,Altaria; Dragonite; Salamence; Aerodactyl,4,19,0.211,True,False
HGSS,Flying,MachineMoves,MOVE_DRAGON_PULSE,Dragon Pulse,Dragon,Special,90,100,10,0,0,True,Altaria; Dragonite; Salamence; Gyarados; Aerodactyl,5,19,0.263,True,False
HGSS,Flying,MachineMoves,MOVE_DRAIN_PUNCH,Drain Punch,Fighting,Physical,60,100,5,3,0,True,Togekiss,1,19,0.053,True,False
HGSS,Flying,MachineMoves,MOVE_DREAM_EATER,Dream Eater,Psychic,Special,100,100,15,8,0,True,Xatu; Noctowl; Honchkrow; Togekiss; Altaria,5,19,0.263,True,False
HGSS,Flying,MachineMoves,MOVE_EARTHQUAKE,Earthquake,Ground,Physical,100,100,10,147,0,True,Altaria; Dragonite; Salamence; Gyarados; Mantine; Aerodactyl; Gliscor,7,19,0.368,True,True
HGSS,Flying,MachineMoves,MOVE_EMBARGO,Embargo,Dark,Status,0,100,15,232,0,True,Honchkrow,1,19,0.053,True,False
HGSS,Flying,MachineMoves,MOVE_ENDURE,Endure,Normal,Status,0,0,10,116,3,True,Pidgeot; Fearow; Crobat; Dodrio; Xatu; Noctowl; Honchkrow; Pelipper; Swellow; Staraptor; Togekiss; Altaria; Dragonite; Salamence; Gyarados; Mantine; Skarmory; Aerodactyl; Gliscor,19,19,1.0,True,True
HGSS,Flying,MachineMoves,MOVE_FACADE,Facade,Normal,Physical,70,100,20,169,0,True,Pidgeot; Fearow; Crobat; Dodrio; Xatu; Noctowl; Honchkrow; Pelipper; Swellow; Staraptor; Togekiss; Altaria; Dragonite; Salamence; Gyarados; Mantine; Skarmory; Aerodactyl; Gliscor,19,19,1.0,True,True
HGSS,Flying,MachineMoves,MOVE_FALSE_SWIPE,False Swipe,Normal,Physical,40,100,40,101,0,True,Gliscor,1,19,0.053,True,False
HGSS,Flying,MachineMoves,MOVE_FIRE_BLAST,Fire Blast,Fire,Special,120,85,5,4,0,True,Togekiss; Altaria; Dragonite; Salamence; Gyarados; Aerodactyl,6,19,0.316,True,False
HGSS,Flying,MachineMoves,MOVE_FLAMETHROWER,Flamethrower,Fire,Special,95,100,15,4,0,True,Togekiss; Altaria; Dragonite; Salamence; Gyarados; Aerodactyl,6,19,0.316,True,False
HGSS,Flying,MachineMoves,MOVE_FLASH,Flash,Normal,Status,0,100,20,23,0,True,Xatu; Togekiss; Skarmory,3,19,0.158,True,False
HGSS,Flying,MachineMoves,MOVE_FLASH_CANNON,Flash Cannon,Steel,Special,80,100,10,72,0,True,Skarmory,1,19,0.053,True,False
HGSS,Flying,MachineMoves,MOVE_FLING,Fling,Dark,Physical,1,100,10,233,0,True,Pelipper; Togekiss; Dragonite; Gliscor,4,19,0.211,True,False
HGSS,Flying,MachineMoves,MOVE_FLY,Fly,Flying,Physical,90,95,15,155,0,True,Pidgeot; Fearow; Crobat; Dodrio; Xatu; Noctowl; Honchkrow; Pelipper; Swellow; Staraptor; Togekiss; Altaria; Dragonite; Salamence; Skarmory; Aerodactyl,16,19,0.842,True,True
HGSS,Flying,MachineMoves,MOVE_FOCUS_BLAST,Focus Blast,Fighting,Special,120,70,5,72,0,True,Dragonite,1,19,0.053,True,False
HGSS,Flying,MachineMoves,MOVE_FOCUS_PUNCH,Focus Punch,Fighting,Physical,150,100,20,170,-3,True,Togekiss; Dragonite,2,19,0.105,True,False
HGSS,Flying,MachineMoves,MOVE_FRUSTRATION,Frustration,Normal,Physical,1,100,20,123,0,True,Pidgeot; Fearow; Crobat; Dodrio; Xatu; Noctowl; Honchkrow; Pelipper; Swellow; Staraptor; Togekiss; Altaria; Dragonite; Salamence; Gyarados; Mantine; Skarmory; Aerodactyl; Gliscor,19,19,1.0,True,True
HGSS,Flying,MachineMoves,MOVE_GIGA_DRAIN,Giga Drain,Grass,Special,60,100,10,3,0,True,Crobat; Xatu,2,19,0.105,True,False
HGSS,Flying,MachineMoves,MOVE_GIGA_IMPACT,Giga Impact,Normal,Physical,150,90,5,80,0,True,Pidgeot; Fearow; Crobat; Dodrio; Xatu; Noctowl; Honchkrow; Pelipper; Swellow; Staraptor; Togekiss; Altaria; Dragonite; Salamence; Gyarados; Mantine; Aerodactyl; Gliscor,18,19,0.947,True,True
HGSS,Flying,MachineMoves,MOVE_GRASS_KNOT,Grass Knot,Grass,Special,1,100,20,196,0,True,Xatu; Togekiss,2,19,0.105,True,False
HGSS,Flying,MachineMoves,MOVE_HAIL,Hail,Ice,Status,0,0,10,164,0,True,Pelipper; Dragonite; Gyarados; Mantine,4,19,0.211,True,False
HGSS,Flying,MachineMoves,MOVE_HIDDEN_POWER,Hidden Power,Normal,Special,1,100,15,135,0,True,Pidgeot; Fearow; Crobat; Dodrio; Xatu; Noctowl; Honchkrow; Pelipper; Swellow; Staraptor; Togekiss; Altaria; Dragonite; Salamence; Gyarados; Mantine; Skarmory; Aerodactyl; Gliscor,19,19,1.0,True,True
HGSS,Flying,MachineMoves,MOVE_HYPER_BEAM,Hyper Beam,Normal,Special,150,90,5,80,0,True,Pidgeot; Fearow; Crobat; Dodrio; Xatu; Noctowl; Honchkrow; Pelipper; Swellow; Staraptor; Togekiss; Altaria; Dragonite; Salamence; Gyarados; Mantine; Aerodactyl; Gliscor,18,19,0.947,True,True
HGSS,Flying,MachineMoves,MOVE_ICE_BEAM,Ice Beam,Ice,Special,95,100,10,5,0,True,Pelipper; Altaria; Dragonite; Gyarados; Mantine,5,19,0.263,True,False
HGSS,Flying,MachineMoves,MOVE_IRON_TAIL,Iron Tail,Steel,Physical,100,75,15,69,0,True,Altaria; Dragonite; Salamence; Aerodactyl; Gliscor,5,19,0.263,True,False
HGSS,Flying,MachineMoves,MOVE_LIGHT_SCREEN,Light Screen,Psychic,Status,0,0,30,35,0,True,Xatu; Togekiss,2,19,0.105,True,False
HGSS,Flying,MachineMoves,MOVE_NATURAL_GIFT,Natural Gift,Normal,Physical,1,100,15,222,0,True,Pidgeot; Fearow; Crobat; Dodrio; Xatu; Noctowl; Honchkrow; Pelipper; Swellow; Staraptor; Togekiss; Altaria; Dragonite; Salamence; Gyarados; Mantine; Skarmory; Aerodactyl; Gliscor,19,19,1.0,True,True
HGSS,Flying,MachineMoves,MOVE_PAYBACK,Payback,Dark,Physical,50,100,10,230,0,True,Crobat; Dodrio; Honchkrow; Pelipper; Gyarados; Skarmory; Aerodactyl; Gliscor,8,19,0.421,True,True
HGSS,Flying,MachineMoves,MOVE_PLUCK,Pluck,Flying,Physical,60,100,20,224,0,True,Pidgeot; Fearow; Crobat; Dodrio; Xatu; Noctowl; Honchkrow; Pelipper; Swellow; Staraptor; Togekiss; Altaria; Skarmory,13,19,0.684,True,True
HGSS,Flying,MachineMoves,MOVE_POISON_JAB,Poison Jab,Poison,Physical,80,100,20,2,0,True,Gliscor,1,19,0.053,True,False
HGSS,Flying,MachineMoves,MOVE_PROTECT,Protect,Normal,Status,0,0,10,111,3,True,Pidgeot; Fearow; Crobat; Dodrio; Xatu; Noctowl; Honchkrow; Pelipper; Swellow; Staraptor; Togekiss; Altaria; Dragonite; Salamence; Gyarados; Mantine; Skarmory; Aerodactyl; Gliscor,19,19,1.0,True,True
HGSS,Flying,MachineMoves,MOVE_PSYCHIC,Psychic,Psychic,Special,90,100,10,72,0,True,Xatu; Noctowl; Honchkrow; Togekiss,4,19,0.211,True,False
HGSS,Flying,MachineMoves,MOVE_PSYCH_UP,Psych Up,Normal,Status,0,0,10,143,0,True,Xatu; Noctowl; Honchkrow; Togekiss; Altaria,5,19,0.263,True,False
HGSS,Flying,MachineMoves,MOVE_RAIN_DANCE,Rain Dance,Water,Status,0,0,5,136,0,True,Pidgeot; Fearow; Crobat; Xatu; Noctowl; Honchkrow; Pelipper; Swellow; Staraptor; Togekiss; Altaria; Dragonite; Salamence; Gyarados; Mantine; Aerodactyl; Gliscor,17,19,0.895,True,True
HGSS,Flying,MachineMoves,MOVE_RECYCLE,Recycle,Normal,Status,0,0,10,184,0,True,Noctowl,1,19,0.053,True,False
HGSS,Flying,MachineMoves,MOVE_REFLECT,Reflect,Psychic,Status,0,0,20,65,0,True,Xatu; Noctowl; Togekiss,3,19,0.158,True,False
HGSS,Flying,MachineMoves,MOVE_REST,Rest,Psychic,Status,0,0,10,37,0,True,Pidgeot; Fearow; Crobat; Dodrio; Xatu; Noctowl; Honchkrow; Pelipper; Swellow; Staraptor; Togekiss; Altaria; Dragonite; Salamence; Gyarados; Mantine; Skarmory; Aerodactyl; Gliscor,19,19,1.0,True,True
HGSS,Flying,MachineMoves,MOVE_RETURN,Return,Normal,Physical,1,100,20,121,0,True,Pidgeot; Fearow; Crobat; Dodrio; Xatu; Noctowl; Honchkrow; Pelipper; Swellow; Staraptor; Togekiss; Altaria; Dragonite; Salamence; Gyarados; Mantine; Skarmory; Aerodactyl; Gliscor,19,19,1.0,True,True
HGSS,Flying,MachineMoves,MOVE_ROAR,Roar,Normal,Status,0,100,20,28,-6,True,Altaria; Dragonite; Salamence; Gyarados; Skarmory; Aerodactyl,6,19,0.316,True,False
HGSS,Flying,MachineMoves,MOVE_ROCK_POLISH,Rock Polish,Rock,Status,0,0,20,52,0,True,Aerodactyl; Gliscor,2,19,0.105,True,False
HGSS,Flying,MachineMoves,MOVE_ROCK_SLIDE,Rock Slide,Rock,Physical,75,90,10,31,0,True,Dragonite; Salamence; Mantine; Skarmory; Aerodactyl; Gliscor,6,19,0.316,True,False
HGSS,Flying,MachineMoves,MOVE_ROCK_SMASH,Rock Smash,Fighting,Physical,40,100,15,69,0,True,Togekiss; Altaria; Dragonite; Salamence; Gyarados; Skarmory; Aerodactyl; Gliscor,8,19,0.421,True,True
HGSS,Flying,MachineMoves,MOVE_ROCK_TOMB,Rock Tomb,Rock,Physical,50,80,10,70,0,True,Dragonite; Salamence; Mantine; Skarmory; Aerodactyl; Gliscor,6,19,0.316,True,False
HGSS,Flying,MachineMoves,MOVE_ROOST,Roost,Flying,Status,0,0,10,214,0,True,Pidgeot; Fearow; Crobat; Dodrio; Xatu; Noctowl; Honchkrow; Pelipper; Swellow; Staraptor; Togekiss; Altaria; Dragonite; Salamence; Skarmory; Aerodactyl; Gliscor,17,19,0.895,True,True
HGSS,Flying,MachineMoves,MOVE_SAFEGUARD,Safeguard,Normal,Status,0,0,25,124,0,True,Togekiss; Altaria; Dragonite,3,19,0.158,True,False
HGSS,Flying,MachineMoves,MOVE_SANDSTORM,Sandstorm,Rock,Status,0,0,10,115,0,True,Dragonite; Gyarados; Skarmory; Aerodactyl; Gliscor,5,19,0.263,True,False
HGSS,Flying,MachineMoves,MOVE_SECRET_POWER,Secret Power,Normal,Physical,70,100,20,197,0,True,Pidgeot; Fearow; Crobat; Dodrio; Xatu; Noctowl; Honchkrow; Pelipper; Swellow; Staraptor; Togekiss; Altaria; Dragonite; Salamence; Gyarados; Mantine; Skarmory; Aerodactyl; Gliscor,19,19,1.0,True,True
HGSS,Flying,MachineMoves,MOVE_SHADOW_BALL,Shadow Ball,Ghost,Special,80,100,15,72,0,True,Crobat; Xatu; Noctowl; Honchkrow; Togekiss,5,19,0.263,True,False
HGSS,Flying,MachineMoves,MOVE_SHADOW_CLAW,Shadow Claw,Ghost,Physical,70,100,15,43,0,True,Salamence,1,19,0.053,True,False
HGSS,Flying,MachineMoves,MOVE_SHOCK_WAVE,Shock Wave,Electric,Special,60,0,20,17,0,True,Pelipper; Togekiss; Dragonite,3,19,0.158,True,False
HGSS,Flying,MachineMoves,MOVE_SILVER_WIND,Silver Wind,Bug,Special,60,100,5,140,0,True,Xatu; Noctowl; Togekiss,3,19,0.158,True,False
HGSS,Flying,MachineMoves,MOVE_SKILL_SWAP,Skill Swap,Psychic,Status,0,0,10,191,0,True,Xatu,1,19,0.053,True,False
HGSS,Flying,MachineMoves,MOVE_SLEEP_TALK,Sleep Talk,Normal,Status,0,0,10,97,0,True,Pidgeot; Fearow; Crobat; Dodrio; Xatu; Noctowl; Honchkrow; Pelipper; Swellow; Staraptor; Togekiss; Altaria; Dragonite; Salamence; Gyarados; Mantine; Skarmory; Aerodactyl; Gliscor,19,19,1.0,True,True
HGSS,Flying,MachineMoves,MOVE_SLUDGE_BOMB,Sludge Bomb,Poison,Special,90,100,10,2,0,True,Crobat; Gliscor,2,19,0.105,True,False
HGSS,Flying,MachineMoves,MOVE_SNATCH,Snatch,Dark,Status,0,0,10,195,4,True,Crobat; Honchkrow,2,19,0.105,True,False
HGSS,Flying,MachineMoves,MOVE_SOLAR_BEAM,Solar Beam,Grass,Special,120,100,10,151,0,True,Xatu; Togekiss; Altaria,3,19,0.158,True,False
HGSS,Flying,MachineMoves,MOVE_STEALTH_ROCK,Stealth Rock,Rock,Status,0,0,20,266,0,True,Skarmory; Aerodactyl; Gliscor,3,19,0.158,True,False
HGSS,Flying,MachineMoves,MOVE_STEEL_WING,Steel Wing,Steel,Physical,70,90,25,138,0,True,Pidgeot; Fearow; Crobat; Dodrio; Xatu; Noctowl; Honchkrow; Pelipper; Swellow; Staraptor; Togekiss; Altaria; Dragonite; Salamence; Skarmory; Aerodactyl; Gliscor,17,19,0.895,True,True
HGSS,Flying,MachineMoves,MOVE_STONE_EDGE,Stone Edge,Rock,Physical,100,80,5,43,0,True,Dragonite; Salamence; Gyarados; Aerodactyl; Gliscor,5,19,0.263,True,False
HGSS,Flying,MachineMoves,MOVE_STRENGTH,Strength,Normal,Physical,80,100,15,0,0,True,Dragonite; Salamence; Gyarados; Aerodactyl; Gliscor,5,19,0.263,True,False
HGSS,Flying,MachineMoves,MOVE_SUBSTITUTE,Substitute,Normal,Status,0,0,10,79,0,True,Pidgeot; Fearow; Crobat; Dodrio; Xatu; Noctowl; Honchkrow; Pelipper; Swellow; Staraptor; Togekiss; Altaria; Dragonite; Salamence; Gyarados; Mantine; Skarmory; Aerodactyl; Gliscor,19,19,1.0,True,True
HGSS,Flying,MachineMoves,MOVE_SUNNY_DAY,Sunny Day,Fire,Status,0,0,5,137,0,True,Pidgeot; Fearow; Crobat; Dodrio; Xatu; Noctowl; Honchkrow; Swellow; Staraptor; Togekiss; Altaria; Dragonite; Salamence; Skarmory; Aerodactyl; Gliscor,16,19,0.842,True,True
HGSS,Flying,MachineMoves,MOVE_SURF,Surf,Water,Special,95,100,15,257,0,True,Pelipper; Dragonite; Gyarados; Mantine,4,19,0.211,True,False
HGSS,Flying,MachineMoves,MOVE_SWAGGER,Swagger,Normal,Status,0,90,15,118,0,True,Pidgeot; Fearow; Crobat; Dodrio; Xatu; Noctowl; Honchkrow; Pelipper; Swellow; Staraptor; Togekiss; Altaria; Dragonite; Salamence; Gyarados; Mantine; Skarmory; Aerodactyl; Gliscor,19,19,1.0,True,True
HGSS,Flying,MachineMoves,MOVE_SWORDS_DANCE,Swords Dance,Normal,Status,0,0,30,50,0,True,Skarmory; Gliscor,2,19,0.105,True,False
HGSS,Flying,MachineMoves,MOVE_TAUNT,Taunt,Dark,Status,0,100,20,175,0,True,Crobat; Dodrio; Honchkrow; Gyarados; Skarmory; Aerodactyl; Gliscor,7,19,0.368,True,True
HGSS,Flying,MachineMoves,MOVE_THIEF,Thief,Dark,Physical,40,100,10,105,0,True,Pidgeot; Fearow; Crobat; Dodrio; Xatu; Noctowl; Honchkrow; Pelipper; Swellow; Staraptor; Altaria; Skarmory; Aerodactyl; Gliscor,14,19,0.737,True,True
HGSS,Flying,MachineMoves,MOVE_THUNDER,Thunder,Electric,Special,120,70,10,152,0,True,Dragonite; Gyarados,2,19,0.105,True,False
HGSS,Flying,MachineMoves,MOVE_THUNDERBOLT,Thunderbolt,Electric,Special,95,100,15,6,0,True,Dragonite; Gyarados,2,19,0.105,True,False
HGSS,Flying,MachineMoves,MOVE_THUNDER_WAVE,Thunder Wave,Electric,Status,0,100,20,67,0,True,Xatu; Honchkrow; Togekiss; Dragonite; Gyarados,5,19,0.263,True,False
HGSS,Flying,MachineMoves,MOVE_TORMENT,Torment,Dark,Status,0,100,15,165,0,True,Crobat; Dodrio; Honchkrow; Gyarados; Skarmory; Aerodactyl; Gliscor,7,19,0.368,True,True
HGSS,Flying,MachineMoves,MOVE_TOXIC,Toxic,Poison,Status,0,85,10,33,0,True,Pidgeot; Fearow; Crobat; Dodrio; Xatu; Noctowl; Honchkrow; Pelipper; Swellow; Staraptor; Togekiss; Altaria; Dragonite; Salamence; Gyarados; Mantine; Skarmory; Aerodactyl; Gliscor,19,19,1.0,True,True
HGSS,Flying,MachineMoves,MOVE_TRICK_ROOM,Trick Room,Psychic,Status,0,0,5,259,-7,True,Xatu,1,19,0.053,True,False
HGSS,Flying,MachineMoves,MOVE_U_TURN,U-turn,Bug,Physical,70,100,20,228,0,True,Pidgeot; Fearow; Crobat; Xatu; Pelipper; Swellow; Staraptor; Gliscor,8,19,0.421,True,True
HGSS,Flying,MachineMoves,MOVE_WATERFALL,Waterfall,Water,Physical,80,100,15,31,0,True,Dragonite; Gyarados; Mantine,3,19,0.158,True,False
HGSS,Flying,MachineMoves,MOVE_WATER_PULSE,Water Pulse,Water,Special,60,100,20,76,0,True,Pelipper; Togekiss; Dragonite; Gyarados; Mantine,5,19,0.263,True,False
HGSS,Flying,MachineMoves,MOVE_WHIRLPOOL,Whirlpool,Water,Special,15,70,15,261,0,True,Pelipper; Dragonite; Gyarados; Mantine,4,19,0.211,True,False
HGSS,Flying,MachineMoves,MOVE_X_SCISSOR,X-Scissor,Bug,Physical,80,100,15,0,0,True,Crobat; Skarmory; Gliscor,3,19,0.158,True,False
HGSS,Flying,TutorMoves,MOVE_AIR_CUTTER,Air Cutter,Flying,Special,55,95,25,43,0,True,Pidgeot; Fearow; Crobat; Dodrio; Xatu; Noctowl; Honchkrow; Pelipper; Swellow; Staraptor; Togekiss; Altaria; Dragonite; Salamence; Mantine; Skarmory; Aerodactyl,17,19,0.895,True,True
HGSS,Flying,TutorMoves,MOVE_ANCIENT_POWER,Ancient Power,Rock,Special,60,100,5,140,0,True,Togekiss; Aerodactyl,2,19,0.105,True,False
HGSS,Flying,TutorMoves,MOVE_AQUA_TAIL,Aqua Tail,Water,Physical,90,90,10,0,0,True,Dragonite; Salamence; Gyarados; Mantine; Aerodactyl; Gliscor,6,19,0.316,True,False
HGSS,Flying,TutorMoves,MOVE_BOUNCE,Bounce,Flying,Physical,85,85,5,263,0,True,Gyarados; Mantine,2,19,0.105,True,True
HGSS,Flying,TutorMoves,MOVE_DIVE,Dive,Water,Physical,80,100,10,255,0,True,Dragonite; Gyarados; Mantine,3,19,0.158,True,False
HGSS,Flying,TutorMoves,MOVE_DRACO_METEOR,Draco Meteor,Dragon,Special,140,90,5,204,0,True,Altaria; Dragonite; Salamence,3,19,0.158,False,False
HGSS,Flying,TutorMoves,MOVE_EARTH_POWER,Earth Power,Ground,Special,90,100,10,72,0,True,Aerodactyl; Gliscor,2,19,0.105,True,False
HGSS,Flying,TutorMoves,MOVE_ENDEAVOR,Endeavor,Normal,Physical,1,100,5,189,0,True,Dodrio; Swellow; Staraptor; Togekiss,4,19,0.211,True,False
HGSS,Flying,TutorMoves,MOVE_FIRE_PUNCH,Fire Punch,Fire,Physical,75,100,15,4,0,True,Dragonite,1,19,0.053,True,False
HGSS,Flying,TutorMoves,MOVE_FURY_CUTTER,Fury Cutter,Bug,Physical,10,95,20,119,0,True,Dragonite; Salamence; Skarmory; Gliscor,4,19,0.211,True,False
HGSS,Flying,TutorMoves,MOVE_GUNK_SHOT,Gunk Shot,Poison,Physical,120,70,5,2,0,True,Pelipper; Mantine,2,19,0.105,True,False
HGSS,Flying,TutorMoves,MOVE_HEADBUTT,Headbutt,Normal,Physical,70,100,15,31,0,True,Togekiss; Dragonite; Salamence; Gyarados; Mantine; Aerodactyl; Gliscor,7,19,0.368,True,True
HGSS,Flying,TutorMoves,MOVE_HEAL_BELL,Heal Bell,Normal,Status,0,0,5,102,0,True,Togekiss; Altaria,2,19,0.105,True,False
HGSS,Flying,TutorMoves,MOVE_HEAT_WAVE,Heat Wave,Fire,Special,100,90,10,4,0,True,Pidgeot; Fearow; Crobat; Xatu; Noctowl; Honchkrow; Swellow; Staraptor; Togekiss; Altaria; Dragonite; Salamence; Aerodactyl,13,19,0.684,True,True
HGSS,Flying,TutorMoves,MOVE_HELPING_HAND,Helping Hand,Normal,Status,0,0,20,176,5,True,Mantine,1,19,0.053,True,False
HGSS,Flying,TutorMoves,MOVE_ICE_PUNCH,Ice Punch,Ice,Physical,75,100,15,5,0,True,Dragonite,1,19,0.053,True,False
HGSS,Flying,TutorMoves,MOVE_ICY_WIND,Icy Wind,Ice,Special,55,95,15,70,0,True,Pelipper; Dragonite; Gyarados; Mantine; Skarmory,5,19,0.263,True,False
HGSS,Flying,TutorMoves,MOVE_IRON_DEFENSE,Iron Defense,Steel,Status,0,0,15,51,0,True,Skarmory,1,19,0.053,True,False
HGSS,Flying,TutorMoves,MOVE_IRON_HEAD,Iron Head,Steel,Physical,80,100,15,31,0,True,Dragonite; Gyarados; Mantine; Aerodactyl,4,19,0.211,True,False
HGSS,Flying,TutorMoves,MOVE_KNOCK_OFF,Knock Off,Dark,Physical,20,100,20,188,0,True,Dodrio; Pelipper; Gliscor,3,19,0.158,True,False
HGSS,Flying,TutorMoves,MOVE_LAST_RESORT,Last Resort,Normal,Physical,130,100,5,246,0,True,Togekiss,1,19,0.053,True,False
HGSS,Flying,TutorMoves,MOVE_MAGIC_COAT,Magic Coat,Psychic,Status,0,0,15,183,4,True,Xatu; Noctowl; Togekiss,3,19,0.158,True,False
HGSS,Flying,TutorMoves,MOVE_MUD_SLAP,Mud-Slap,Ground,Special,20,100,10,73,0,True,Pidgeot; Fearow; Dodrio; Noctowl; Honchkrow; Pelipper; Swellow; Staraptor; Togekiss; Altaria; Dragonite; Salamence; Mantine; Skarmory; Gliscor,15,19,0.789,True,True
HGSS,Flying,TutorMoves,MOVE_OMINOUS_WIND,Ominous Wind,Ghost,Special,60,100,5,140,0,True,Pidgeot; Fearow; Crobat; Xatu; Noctowl; Honchkrow; Pelipper; Swellow; Staraptor; Togekiss; Altaria; Dragonite; Salamence; Skarmory; Aerodactyl,15,19,0.789,True,True
HGSS,Flying,TutorMoves,MOVE_OUTRAGE,Outrage,Dragon,Physical,120,100,15,27,0,True,Altaria; Dragonite; Salamence; Gyarados,4,19,0.211,True,False
HGSS,Flying,TutorMoves,MOVE_PAIN_SPLIT,Pain Split,Normal,Status,0,0,20,91,0,True,Xatu,1,19,0.053,True,False
HGSS,Flying,TutorMoves,MOVE_ROLLOUT,Rollout,Rock,Physical,30,90,20,117,0,True,Togekiss; Salamence,2,19,0.105,True,False
HGSS,Flying,TutorMoves,MOVE_SEED_BOMB,Seed Bomb,Grass,Physical,80,100,15,0,0,True,Pelipper; Mantine,2,19,0.105,True,False
HGSS,Flying,TutorMoves,MOVE_SIGNAL_BEAM,Signal Beam,Bug,Special,75,100,15,76,0,True,Xatu; Togekiss; Mantine,3,19,0.158,True,False
HGSS,Flying,TutorMoves,MOVE_SKY_ATTACK,Sky Attack,Flying,Physical,140,90,5,75,0,True,Pidgeot; Fearow; Crobat; Dodrio; Xatu; Noctowl; Honchkrow; Pelipper; Swellow; Staraptor; Togekiss; Altaria; Skarmory; Aerodactyl; Gliscor,15,19,0.789,True,True
HGSS,Flying,TutorMoves,MOVE_SNORE,Snore,Normal,Special,40,100,15,92,0,True,Pidgeot; Fearow; Crobat; Dodrio; Xatu; Pelipper; Swellow; Staraptor; Togekiss; Altaria; Dragonite; Salamence; Gyarados; Mantine; Skarmory; Aerodactyl; Gliscor,17,19,0.895,True,True
HGSS,Flying,TutorMoves,MOVE_SPITE,Spite,Ghost,Status,0,100,10,100,0,True,Honchkrow; Gyarados,2,19,0.105,True,False
HGSS,Flying,TutorMoves,MOVE_STRING_SHOT,String Shot,Bug,Status,0,95,40,20,0,True,Mantine,1,19,0.053,True,False
HGSS,Flying,TutorMoves,MOVE_SUCKER_PUNCH,Sucker Punch,Dark,Physical,80,100,5,248,1,True,Xatu; Honchkrow,2,19,0.105,True,False
HGSS,Flying,TutorMoves,MOVE_SUPERPOWER,Superpower,Fighting,Physical,120,100,5,182,0,True,Honchkrow; Dragonite,2,19,0.105,True,False
HGSS,Flying,TutorMoves,MOVE_SUPER_FANG,Super Fang,Normal,Physical,1,90,10,40,0,True,Crobat,1,19,0.053,True,False
HGSS,Flying,TutorMoves,MOVE_SWIFT,Swift,Normal,Special,60,0,20,17,0,True,Pidgeot; Fearow; Crobat; Dodrio; Xatu; Noctowl; Honchkrow; Pelipper; Swellow; Staraptor; Togekiss; Altaria; Dragonite; Salamence; Mantine; Skarmory; Aerodactyl; Gliscor,18,19,0.947,True,True
HGSS,Flying,TutorMoves,MOVE_TAILWIND,Tailwind,Flying,Status,0,0,30,225,0,True,Pidgeot; Fearow; Crobat; Xatu; Noctowl; Honchkrow; Pelipper; Swellow; Staraptor; Togekiss; Altaria; Dragonite; Salamence; Mantine; Skarmory; Aerodactyl; Gliscor,17,19,0.895,True,True
HGSS,Flying,TutorMoves,MOVE_THUNDER_PUNCH,Thunder Punch,Electric,Physical,75,100,15,6,0,True,Dragonite,1,19,0.053,True,False
HGSS,Flying,TutorMoves,MOVE_TRICK,Trick,Psychic,Status,0,100,10,177,0,True,Xatu; Togekiss,2,19,0.105,True,False
HGSS,Flying,TutorMoves,MOVE_TWISTER,Twister,Dragon,Special,40,100,20,146,0,True,Pidgeot; Fearow; Crobat; Xatu; Noctowl; Honchkrow; Pelipper; Swellow; Staraptor; Togekiss; Altaria; Dragonite; Salamence; Gyarados; Skarmory; Aerodactyl,16,19,0.842,True,True
HGSS,Flying,TutorMoves,MOVE_UPROAR,Uproar,Normal,Special,50,100,10,159,0,True,Pidgeot; Crobat; Dodrio; Noctowl; Honchkrow; Pelipper; Altaria; Gyarados,8,19,0.421,True,True
HGSS,Flying,TutorMoves,MOVE_ZEN_HEADBUTT,Zen Headbutt,Psychic,Physical,80,90,15,31,0,True,Crobat; Xatu; Noctowl; Togekiss; Salamence,5,19,0.263,True,False
HGSS,Water,MachineMoves,MOVE_AERIAL_ACE,Aerial Ace,Flying,Physical,60,0,20,17,0,True,Golduck; Feraligatr; Pelipper; Crawdaunt; Empoleon,5,29,0.172,True,False
HGSS,Water,MachineMoves,MOVE_ATTRACT,Attract,Normal,Status,0,100,15,120,0,True,Blastoise; Golduck; Poliwrath; Tentacruel; Slowbro; Dewgong; Cloyster; Kingler; Kingdra; Seaking; Gyarados; Lapras; Vaporeon; Feraligatr; Lanturn; Azumarill; Quagsire; Swampert; Pelipper; Sharpedo; Wailord; Whiscash; Crawdaunt; Milotic; Walrein; Empoleon; Gastrodon; Floatzel,28,29,0.966,True,True
HGSS,Water,MachineMoves,MOVE_AVALANCHE,Avalanche,Ice,Physical,60,100,10,185,-4,True,Blastoise; Slowbro; Dewgong; Cloyster; Starmie; Gyarados; Lapras; Feraligatr; Swampert; Sharpedo; Wailord; Crawdaunt; Milotic; Walrein; Empoleon,15,29,0.517,True,True
HGSS,Water,MachineMoves,MOVE_BLIZZARD,Blizzard,Ice,Special,120,70,5,260,0,True,Blastoise; Golduck; Poliwrath; Tentacruel; Slowbro; Dewgong; Cloyster; Kingler; Kingdra; Seaking; Starmie; Gyarados; Lapras; Vaporeon; Feraligatr; Lanturn; Azumarill; Quagsire; Swampert; Pelipper; Sharpedo; Wailord; Whiscash; Crawdaunt; Milotic; Walrein; Empoleon; Gastrodon; Floatzel,29,29,1.0,True,True
HGSS,Water,MachineMoves,MOVE_BRICK_BREAK,Brick Break,Fighting,Physical,75,100,15,186,0,True,Blastoise; Golduck; Poliwrath; Slowbro; Kingler; Feraligatr; Azumarill; Quagsire; Swampert; Crawdaunt; Empoleon; Floatzel,12,29,0.414,True,True
HGSS,Water,MachineMoves,MOVE_BRINE,Brine,Water,Special,65,100,10,221,0,True,Blastoise; Golduck; Tentacruel; Slowbro; Dewgong; Cloyster; Kingler; Kingdra; Starmie; Gyarados; Lapras; Vaporeon; Lanturn; Pelipper; Sharpedo; Wailord; Walrein; Empoleon; Gastrodon; Floatzel,20,29,0.69,True,True
HGSS,Water,MachineMoves,MOVE_BULK_UP,Bulk Up,Fighting,Status,0,0,20,208,0,True,Poliwrath; Floatzel,2,29,0.069,True,False
HGSS,Water,MachineMoves,MOVE_CALM_MIND,Calm Mind,Psychic,Status,0,0,20,211,0,True,Golduck; Slowbro,2,29,0.069,True,False
HGSS,Water,MachineMoves,MOVE_CAPTIVATE,Captivate,Normal,Status,0,100,20,265,0,True,Blastoise; Golduck; Poliwrath; Tentacruel; Slowbro; Dewgong; Cloyster; Kingler; Kingdra; Seaking; Gyarados; Lapras; Vaporeon; Feraligatr; Lanturn; Azumarill; Quagsire; Swampert; Pelipper; Sharpedo; Wailord; Whiscash; Crawdaunt; Milotic; Walrein; Empoleon; Gastrodon; Floatzel,28,29,0.966,True,True
HGSS,Water,MachineMoves,MOVE_CHARGE_BEAM,Charge Beam,Electric,Special,50,90,10,276,0,True,Lanturn,1,29,0.034,True,False
HGSS,Water,MachineMoves,MOVE_CUT,Cut,Normal,Physical,50,95,30,0,0,True,Tentacruel; Kingler; Feraligatr; Crawdaunt; Empoleon,5,29,0.172,True,False
HGSS,Water,MachineMoves,MOVE_DARK_PULSE,Dark Pulse,Dark,Special,80,100,15,31,0,True,Gyarados; Sharpedo; Crawdaunt,3,29,0.103,True,False
HGSS,Water,MachineMoves,MOVE_DIG,Dig,Ground,Physical,80,100,10,256,0,True,Blastoise; Golduck; Poliwrath; Slowbro; Kingler; Vaporeon; Feraligatr; Azumarill; Quagsire; Swampert; Crawdaunt; Empoleon; Gastrodon; Floatzel,14,29,0.483,True,True
HGSS,Water,MachineMoves,MOVE_DOUBLE_TEAM,Double Team,Normal,Status,0,0,15,16,0,True,Blastoise; Golduck; Poliwrath; Tentacruel; Slowbro; Dewgong; Cloyster; Kingler; Kingdra; Seaking; Starmie; Gyarados; Lapras; Vaporeon; Feraligatr; Lanturn; Azumarill; Quagsire; Swampert; Pelipper; Sharpedo; Wailord; Whiscash; Crawdaunt; Milotic; Walrein; Empoleon; Gastrodon; Floatzel,29,29,1.0,True,True
HGSS,Water,MachineMoves,MOVE_DRAGON_CLAW,Dragon Claw,Dragon,Physical,80,100,15,0,0,True,Feraligatr,1,29,0.034,True,False
HGSS,Water,MachineMoves,MOVE_DRAGON_PULSE,Dragon Pulse,Dragon,Special,90,100,10,0,0,True,Kingdra; Gyarados; Lapras; Feraligatr; Milotic,5,29,0.172,True,False
HGSS,Water,MachineMoves,MOVE_DRAIN_PUNCH,Drain Punch,Fighting,Physical,60,100,5,3,0,True,Slowbro,1,29,0.034,True,False
HGSS,Water,MachineMoves,MOVE_DREAM_EATER,Dream Eater,Psychic,Special,100,100,15,8,0,True,Slowbro; Starmie; Lapras,3,29,0.103,True,False
HGSS,Water,MachineMoves,MOVE_EARTHQUAKE,Earthquake,Ground,Physical,100,100,10,147,0,True,Blastoise; Poliwrath; Slowbro; Gyarados; Feraligatr; Quagsire; Swampert; Sharpedo; Wailord; Whiscash; Walrein; Empoleon; Gastrodon,13,29,0.448,True,True
HGSS,Water,MachineMoves,MOVE_ENDURE,Endure,Normal,Status,0,0,10,116,3,True,Blastoise; Golduck; Poliwrath; Tentacruel; Slowbro; Dewgong; Cloyster; Kingler; Kingdra; Seaking; Starmie; Gyarados; Lapras; Vaporeon; Feraligatr; Lanturn; Azumarill; Quagsire; Swampert; Pelipper; Sharpedo; Wailord; Whiscash; Crawdaunt; Milotic; Walrein; Empoleon; Gastrodon; Floatzel,29,29,1.0,True,True
HGSS,Water,MachineMoves,MOVE_EXPLOSION,Explosion,Normal,Physical,250,100,5,7,0,True,Cloyster,1,29,0.034,True,False
HGSS,Water,MachineMoves,MOVE_FACADE,Facade,Normal,Physical,70,100,20,169,0,True,Blastoise; Golduck; Poliwrath; Tentacruel; Slowbro; Dewgong; Cloyster; Kingler; Kingdra; Seaking; Starmie; Gyarados; Lapras; Vaporeon; Feraligatr; Lanturn; Azumarill; Quagsire; Swampert; Pelipper; Sharpedo; Wailord; Whiscash; Crawdaunt; Milotic; Walrein; Empoleon; Gastrodon; Floatzel,29,29,1.0,True,True
HGSS,Water,MachineMoves,MOVE_FALSE_SWIPE,False Swipe,Normal,Physical,40,100,40,101,0,True,Kingler; Crawdaunt,2,29,0.069,True,False
HGSS,Water,MachineMoves,MOVE_FIRE_BLAST,Fire Blast,Fire,Special,120,85,5,4,0,True,Slowbro; Gyarados,2,29,0.069,True,False
HGSS,Water,MachineMoves,MOVE_FLAMETHROWER,Flamethrower,Fire,Special,95,100,15,4,0,True,Slowbro; Gyarados,2,29,0.069,True,False
HGSS,Water,MachineMoves,MOVE_FLASH,Flash,Normal,Status,0,100,20,23,0,True,Golduck; Slowbro; Starmie; Lanturn; Quagsire; Gastrodon,6,29,0.207,True,False
HGSS,Water,MachineMoves,MOVE_FLASH_CANNON,Flash Cannon,Steel,Special,80,100,10,72,0,True,Blastoise; Kingdra; Starmie; Empoleon,4,29,0.138,True,False
HGSS,Water,MachineMoves,MOVE_FLING,Fling,Dark,Physical,1,100,10,233,0,True,Blastoise; Golduck; Poliwrath; Slowbro; Dewgong; Kingler; Feraligatr; Azumarill; Quagsire; Swampert; Pelipper; Crawdaunt; Empoleon,13,29,0.448,True,True
HGSS,Water,MachineMoves,MOVE_FLY,Fly,Flying,Physical,90,95,15,155,0,True,Pelipper,1,29,0.034,True,False
HGSS,Water,MachineMoves,MOVE_FOCUS_BLAST,Focus Blast,Fighting,Special,120,70,5,72,0,True,Blastoise; Golduck; Poliwrath; Slowbro; Feraligatr; Azumarill; Quagsire; Swampert; Floatzel,9,29,0.31,True,False
HGSS,Water,MachineMoves,MOVE_FOCUS_PUNCH,Focus Punch,Fighting,Physical,150,100,20,170,-3,True,Blastoise; Golduck; Poliwrath; Slowbro; Feraligatr; Azumarill; Quagsire; Swampert; Floatzel,9,29,0.31,True,False
HGSS,Water,MachineMoves,MOVE_FRUSTRATION,Frustration,Normal,Physical,1,100,20,123,0,True,Blastoise; Golduck; Poliwrath; Tentacruel; Slowbro; Dewgong; Cloyster; Kingler; Kingdra; Seaking; Starmie; Gyarados; Lapras; Vaporeon; Feraligatr; Lanturn; Azumarill; Quagsire; Swampert; Pelipper; Sharpedo; Wailord; Whiscash; Crawdaunt; Milotic; Walrein; Empoleon; Gastrodon; Floatzel,29,29,1.0,True,True
HGSS,Water,MachineMoves,MOVE_GIGA_DRAIN,Giga Drain,Grass,Special,60,100,10,3,0,True,Tentacruel,1,29,0.034,True,False
HGSS,Water,MachineMoves,MOVE_GIGA_IMPACT,Giga Impact,Normal,Physical,150,90,5,80,0,True,Blastoise; Golduck; Poliwrath; Tentacruel; Slowbro; Dewgong; Cloyster; Kingler; Kingdra; Seaking; Starmie; Gyarados; Lapras; Vaporeon; Feraligatr; Lanturn; Azumarill; Quagsire; Swampert; Pelipper; Sharpedo; Wailord; Whiscash; Crawdaunt; Milotic; Walrein; Empoleon; Gastrodon; Floatzel,29,29,1.0,True,True
HGSS,Water,MachineMoves,MOVE_GRASS_KNOT,Grass Knot,Grass,Special,1,100,20,196,0,True,Slowbro; Starmie; Azumarill; Empoleon,4,29,0.138,True,False
HGSS,Water,MachineMoves,MOVE_GYRO_BALL,Gyro Ball,Steel,Physical,1,100,5,219,0,True,Blastoise; Starmie,2,29,0.069,True,False
HGSS,Water,MachineMoves,MOVE_HAIL,Hail,Ice,Status,0,0,10,164,0,True,Blastoise; Golduck; Poliwrath; Tentacruel; Slowbro; Dewgong; Cloyster; Kingler; Kingdra; Seaking; Starmie; Gyarados; Lapras; Vaporeon; Feraligatr; Lanturn; Azumarill; Quagsire; Swampert; Pelipper; Sharpedo; Wailord; Whiscash; Crawdaunt; Milotic; Walrein; Empoleon; Gastrodon; Floatzel,29,29,1.0,True,True
HGSS,Water,MachineMoves,MOVE_HIDDEN_POWER,Hidden Power,Normal,Special,1,100,15,135,0,True,Blastoise; Golduck; Poliwrath; Tentacruel; Slowbro; Dewgong; Cloyster; Kingler; Kingdra; Seaking; Starmie; Gyarados; Lapras; Vaporeon; Feraligatr; Lanturn; Azumarill; Quagsire; Swampert; Pelipper; Sharpedo; Wailord; Whiscash; Crawdaunt; Milotic; Walrein; Empoleon; Gastrodon; Floatzel,29,29,1.0,True,True
HGSS,Water,MachineMoves,MOVE_HYPER_BEAM,Hyper Beam,Normal,Special,150,90,5,80,0,True,Blastoise; Golduck; Poliwrath; Tentacruel; Slowbro; Dewgong; Cloyster; Kingler; Kingdra; Seaking; Starmie; Gyarados; Lapras; Vaporeon; Feraligatr; Lanturn; Azumarill; Quagsire; Swampert; Pelipper; Sharpedo; Wailord; Whiscash; Crawdaunt; Milotic; Walrein; Empoleon; Gastrodon; Floatzel,29,29,1.0,True,True
HGSS,Water,MachineMoves,MOVE_ICE_BEAM,Ice Beam,Ice,Special,95,100,10,5,0,True,Blastoise; Golduck; Poliwrath; Tentacruel; Slowbro; Dewgong; Cloyster; Kingler; Kingdra; Seaking; Starmie; Gyarados; Lapras; Vaporeon; Feraligatr; Lanturn; Azumarill; Quagsire; Swampert; Pelipper; Sharpedo; Wailord; Whiscash; Crawdaunt; Milotic; Walrein; Empoleon; Gastrodon; Floatzel,29,29,1.0,True,True
HGSS,Water,MachineMoves,MOVE_IRON_TAIL,Iron Tail,Steel,Physical,100,75,15,69,0,True,Blastoise; Golduck; Slowbro; Lapras; Vaporeon; Feraligatr; Azumarill; Quagsire; Swampert; Milotic; Walrein; Floatzel,12,29,0.414,True,True
HGSS,Water,MachineMoves,MOVE_LIGHT_SCREEN,Light Screen,Psychic,Status,0,0,30,35,0,True,Slowbro; Starmie,2,29,0.069,True,False
HGSS,Water,MachineMoves,MOVE_NATURAL_GIFT,Natural Gift,Normal,Physical,1,100,15,222,0,True,Blastoise; Golduck; Poliwrath; Tentacruel; Slowbro; Dewgong; Cloyster; Kingler; Kingdra; Seaking; Starmie; Gyarados; Lapras; Vaporeon; Feraligatr; Lanturn; Azumarill; Quagsire; Swampert; Pelipper; Sharpedo; Wailord; Whiscash; Crawdaunt; Milotic; Walrein; Empoleon; Gastrodon; Floatzel,29,29,1.0,True,True
HGSS,Water,MachineMoves,MOVE_PAYBACK,Payback,Dark,Physical,50,100,10,230,0,True,Poliwrath; Tentacruel; Cloyster; Gyarados; Pelipper; Sharpedo; Crawdaunt; Floatzel,8,29,0.276,True,False
HGSS,Water,MachineMoves,MOVE_PLUCK,Pluck,Flying,Physical,60,100,20,224,0,True,Pelipper; Empoleon,2,29,0.069,True,False
HGSS,Water,MachineMoves,MOVE_POISON_JAB,Poison Jab,Poison,Physical,80,100,20,2,0,True,Poliwrath; Tentacruel; Cloyster; Seaking; Sharpedo,5,29,0.172,True,False
HGSS,Water,MachineMoves,MOVE_PROTECT,Protect,Normal,Status,0,0,10,111,3,True,Blastoise; Golduck; Poliwrath; Tentacruel; Slowbro; Dewgong; Cloyster; Kingler; Kingdra; Seaking; Starmie; Gyarados; Lapras; Vaporeon; Feraligatr; Lanturn; Azumarill; Quagsire; Swampert; Pelipper; Sharpedo; Wailord; Whiscash; Crawdaunt; Milotic; Walrein; Empoleon; Gastrodon; Floatzel,29,29,1.0,True,True
HGSS,Water,MachineMoves,MOVE_PSYCHIC,Psychic,Psychic,Special,90,100,10,72,0,True,Golduck; Poliwrath; Slowbro; Starmie; Lapras,5,29,0.172,True,False
HGSS,Water,MachineMoves,MOVE_PSYCH_UP,Psych Up,Normal,Status,0,0,10,143,0,True,Golduck; Slowbro; Starmie; Milotic,4,29,0.138,True,False
HGSS,Water,MachineMoves,MOVE_RAIN_DANCE,Rain Dance,Water,Status,0,0,5,136,0,True,Blastoise; Golduck; Poliwrath; Tentacruel; Slowbro; Dewgong; Cloyster; Kingler; Kingdra; Seaking; Starmie; Gyarados; Lapras; Vaporeon; Feraligatr; Lanturn; Azumarill; Quagsire; Swampert; Pelipper; Sharpedo; Wailord; Whiscash; Crawdaunt; Milotic; Walrein; Empoleon; Gastrodon; Floatzel,29,29,1.0,True,True
HGSS,Water,MachineMoves,MOVE_RECYCLE,Recycle,Normal,Status,0,0,10,184,0,True,Slowbro; Starmie,2,29,0.069,True,False
HGSS,Water,MachineMoves,MOVE_REFLECT,Reflect,Psychic,Status,0,0,20,65,0,True,Starmie,1,29,0.034,True,False
HGSS,Water,MachineMoves,MOVE_REST,Rest,Psychic,Status,0,0,10,37,0,True,Blastoise; Golduck; Poliwrath; Tentacruel; Slowbro; Dewgong; Cloyster; Kingler; Kingdra; Seaking; Starmie; Gyarados; Lapras; Vaporeon; Feraligatr; Lanturn; Azumarill; Quagsire; Swampert; Pelipper; Sharpedo; Wailord; Whiscash; Crawdaunt; Milotic; Walrein; Empoleon; Gastrodon; Floatzel,29,29,1.0,True,True
HGSS,Water,MachineMoves,MOVE_RETURN,Return,Normal,Physical,1,100,20,121,0,True,Blastoise; Golduck; Poliwrath; Tentacruel; Slowbro; Dewgong; Cloyster; Kingler; Kingdra; Seaking; Starmie; Gyarados; Lapras; Vaporeon; Feraligatr; Lanturn; Azumarill; Quagsire; Swampert; Pelipper; Sharpedo; Wailord; Whiscash; Crawdaunt; Milotic; Walrein; Empoleon; Gastrodon; Floatzel,29,29,1.0,True,True
HGSS,Water,MachineMoves,MOVE_ROAR,Roar,Normal,Status,0,100,20,28,-6,True,Blastoise; Gyarados; Lapras; Vaporeon; Feraligatr; Swampert; Sharpedo; Wailord; Walrein; Empoleon; Floatzel,11,29,0.379,True,True
HGSS,Water,MachineMoves,MOVE_ROCK_CLIMB,Rock Climb,Normal,Physical,90,85,20,76,0,True,Blastoise; Golduck; Poliwrath; Feraligatr; Swampert; Empoleon,6,29,0.207,True,False
HGSS,Water,MachineMoves,MOVE_ROCK_SLIDE,Rock Slide,Rock,Physical,75,90,10,31,0,True,Blastoise; Poliwrath; Kingler; Feraligatr; Quagsire; Swampert; Whiscash; Crawdaunt; Walrein; Empoleon; Gastrodon,11,29,0.379,True,True
HGSS,Water,MachineMoves,MOVE_ROCK_SMASH,Rock Smash,Fighting,Physical,40,100,15,69,0,True,Blastoise; Golduck; Poliwrath; Slowbro; Kingler; Gyarados; Lapras; Vaporeon; Feraligatr; Azumarill; Quagsire; Swampert; Sharpedo; Wailord; Whiscash; Crawdaunt; Walrein; Empoleon; Gastrodon; Floatzel,20,29,0.69,True,True
HGSS,Water,MachineMoves,MOVE_ROCK_TOMB,Rock Tomb,Rock,Physical,50,80,10,70,0,True,Blastoise; Poliwrath; Kingler; Feraligatr; Quagsire; Swampert; Sharpedo; Wailord; Whiscash; Crawdaunt; Walrein; Empoleon; Gastrodon; Floatzel,14,29,0.483,True,True
HGSS,Water,MachineMoves,MOVE_ROOST,Roost,Flying,Status,0,0,10,214,0,True,Pelipper,1,29,0.034,True,False
HGSS,Water,MachineMoves,MOVE_SAFEGUARD,Safeguard,Normal,Status,0,0,25,124,0,True,Slowbro; Dewgong; Lapras; Milotic,4,29,0.138,True,False
HGSS,Water,MachineMoves,MOVE_SANDSTORM,Sandstorm,Rock,Status,0,0,10,115,0,True,Gyarados; Quagsire; Whiscash; Gastrodon,4,29,0.138,True,False
HGSS,Water,MachineMoves,MOVE_SECRET_POWER,Secret Power,Normal,Physical,70,100,20,197,0,True,Blastoise; Golduck; Poliwrath; Tentacruel; Slowbro; Dewgong; Cloyster; Kingler; Kingdra; Seaking; Starmie; Gyarados; Lapras; Vaporeon; Feraligatr; Lanturn; Azumarill; Quagsire; Swampert; Pelipper; Sharpedo; Wailord; Whiscash; Crawdaunt; Milotic; Walrein; Empoleon; Gastrodon; Floatzel,29,29,1.0,True,True
HGSS,Water,MachineMoves,MOVE_SHADOW_BALL,Shadow Ball,Ghost,Special,80,100,15,72,0,True,Slowbro; Vaporeon,2,29,0.069,True,False
HGSS,Water,MachineMoves,MOVE_SHADOW_CLAW,Shadow Claw,Ghost,Physical,70,100,15,43,0,True,Golduck; Feraligatr; Empoleon,3,29,0.103,True,False
HGSS,Water,MachineMoves,MOVE_SHOCK_WAVE,Shock Wave,Electric,Special,60,0,20,17,0,True,Lapras; Lanturn; Pelipper,3,29,0.103,True,False
HGSS,Water,MachineMoves,MOVE_SKILL_SWAP,Skill Swap,Psychic,Status,0,0,10,191,0,True,Slowbro; Starmie,2,29,0.069,True,False
HGSS,Water,MachineMoves,MOVE_SLEEP_TALK,Sleep Talk,Normal,Status,0,0,10,97,0,True,Blastoise; Golduck; Poliwrath; Tentacruel; Slowbro; Dewgong; Cloyster; Kingler; Kingdra; Seaking; Starmie; Gyarados; Lapras; Vaporeon; Feraligatr; Lanturn; Azumarill; Quagsire; Swampert; Pelipper; Sharpedo; Wailord; Whiscash; Crawdaunt; Milotic; Walrein; Empoleon; Gastrodon; Floatzel,29,29,1.0,True,True
HGSS,Water,MachineMoves,MOVE_SLUDGE_BOMB,Sludge Bomb,Poison,Special,90,100,10,2,0,True,Tentacruel; Quagsire; Crawdaunt; Gastrodon,4,29,0.138,True,False
HGSS,Water,MachineMoves,MOVE_STEALTH_ROCK,Stealth Rock,Rock,Status,0,0,20,266,0,True,Swampert; Empoleon,2,29,0.069,True,False
HGSS,Water,MachineMoves,MOVE_STEEL_WING,Steel Wing,Steel,Physical,70,90,25,138,0,True,Pelipper; Empoleon,2,29,0.069,True,False
HGSS,Water,MachineMoves,MOVE_STONE_EDGE,Stone Edge,Rock,Physical,100,80,5,43,0,True,Gyarados; Quagsire; Swampert; Whiscash; Gastrodon,5,29,0.172,True,False
HGSS,Water,MachineMoves,MOVE_STRENGTH,Strength,Normal,Physical,80,100,15,0,0,True,Blastoise; Golduck; Poliwrath; Slowbro; Kingler; Gyarados; Lapras; Vaporeon; Feraligatr; Azumarill; Quagsire; Swampert; Sharpedo; Wailord; Whiscash; Crawdaunt; Walrein; Empoleon; Gastrodon; Floatzel,20,29,0.69,True,True
HGSS,Water,MachineMoves,MOVE_SUBSTITUTE,Substitute,Normal,Status,0,0,10,79,0,True,Blastoise; Golduck; Poliwrath; Tentacruel; Slowbro; Dewgong; Cloyster; Kingler; Kingdra; Seaking; Starmie; Gyarados; Lapras; Vaporeon; Feraligatr; Lanturn; Azumarill; Quagsire; Swampert; Pelipper; Sharpedo; Wailord; Whiscash; Crawdaunt; Milotic; Walrein; Empoleon; Gastrodon; Floatzel,29,29,1.0,True,True
HGSS,Water,MachineMoves,MOVE_SUNNY_DAY,Sunny Day,Fire,Status,0,0,5,137,0,True,Slowbro; Vaporeon,2,29,0.069,True,False
HGSS,Water,MachineMoves,MOVE_SURF,Surf,Water,Special,95,100,15,257,0,True,Blastoise; Golduck; Poliwrath; Tentacruel; Slowbro; Dewgong; Cloyster; Kingler; Kingdra; Seaking; Starmie; Gyarados; Lapras; Vaporeon; Feraligatr; Lanturn; Azumarill; Quagsire; Swampert; Pelipper; Sharpedo; Wailord; Whiscash; Crawdaunt; Milotic; Walrein; Empoleon; Gastrodon; Floatzel,29,29,1.0,True,True
HGSS,Water,MachineMoves,MOVE_SWAGGER,Swagger,Normal,Status,0,90,15,118,0,True,Blastoise; Golduck; Poliwrath; Tentacruel; Slowbro; Dewgong; Cloyster; Kingler; Kingdra; Seaking; Starmie; Gyarados; Lapras; Vaporeon; Feraligatr; Lanturn; Azumarill; Quagsire; Swampert; Pelipper; Sharpedo; Wailord; Whiscash; Crawdaunt; Milotic; Walrein; Empoleon; Gastrodon; Floatzel,29,29,1.0,True,True
HGSS,Water,MachineMoves,MOVE_SWORDS_DANCE,Swords Dance,Normal,Status,0,0,30,50,0,True,Tentacruel; Kingler; Feraligatr; Crawdaunt; Empoleon,5,29,0.172,True,False
HGSS,Water,MachineMoves,MOVE_TAUNT,Taunt,Dark,Status,0,100,20,175,0,True,Gyarados; Sharpedo; Crawdaunt; Floatzel,4,29,0.138,True,False
HGSS,Water,MachineMoves,MOVE_THIEF,Thief,Dark,Physical,40,100,10,105,0,True,Poliwrath; Tentacruel; Dewgong; Kingler; Pelipper; Sharpedo,6,29,0.207,True,False
HGSS,Water,MachineMoves,MOVE_THUNDER,Thunder,Electric,Special,120,70,10,152,0,True,Starmie; Gyarados; Lapras; Lanturn,4,29,0.138,True,False
HGSS,Water,MachineMoves,MOVE_THUNDERBOLT,Thunderbolt,Electric,Special,95,100,15,6,0,True,Starmie; Gyarados; Lapras; Lanturn,4,29,0.138,True,False
HGSS,Water,MachineMoves,MOVE_THUNDER_WAVE,Thunder Wave,Electric,Status,0,100,20,67,0,True,Slowbro; Starmie; Gyarados; Lanturn,4,29,0.138,True,False
HGSS,Water,MachineMoves,MOVE_TORMENT,Torment,Dark,Status,0,100,15,165,0,True,Cloyster; Gyarados; Sharpedo; Floatzel,4,29,0.138,True,False
HGSS,Water,MachineMoves,MOVE_TOXIC,Toxic,Poison,Status,0,85,10,33,0,True,Blastoise; Golduck; Poliwrath; Tentacruel; Slowbro; Dewgong; Cloyster; Kingler; Kingdra; Seaking; Starmie; Gyarados; Lapras; Vaporeon; Feraligatr; Lanturn; Azumarill; Quagsire; Swampert; Pelipper; Sharpedo; Wailord; Whiscash; Crawdaunt; Milotic; Walrein; Empoleon; Gastrodon; Floatzel,29,29,1.0,True,True
HGSS,Water,MachineMoves,MOVE_TRICK_ROOM,Trick Room,Psychic,Status,0,0,5,259,-7,True,Slowbro; Starmie,2,29,0.069,True,False
HGSS,Water,MachineMoves,MOVE_U_TURN,U-turn,Bug,Physical,70,100,20,228,0,True,Pelipper,1,29,0.034,True,False
HGSS,Water,MachineMoves,MOVE_WATERFALL,Waterfall,Water,Physical,80,100,15,31,0,True,Blastoise; Golduck; Poliwrath; Tentacruel; Dewgong; Kingdra; Seaking; Starmie; Gyarados; Lapras; Vaporeon; Feraligatr; Lanturn; Azumarill; Quagsire; Swampert; Sharpedo; Wailord; Whiscash; Crawdaunt; Milotic; Walrein; Empoleon; Gastrodon; Floatzel,25,29,0.862,True,True
HGSS,Water,MachineMoves,MOVE_WATER_PULSE,Water Pulse,Water,Special,60,100,20,76,0,True,Blastoise; Golduck; Poliwrath; Tentacruel; Slowbro; Dewgong; Cloyster; Kingler; Kingdra; Seaking; Starmie; Gyarados; Lapras; Vaporeon; Feraligatr; Lanturn; Azumarill; Quagsire; Swampert; Pelipper; Sharpedo; Wailord; Whiscash; Crawdaunt; Milotic; Walrein; Empoleon; Gastrodon; Floatzel,29,29,1.0,True,True
HGSS,Water,MachineMoves,MOVE_WHIRLPOOL,Whirlpool,Water,Special,15,70,15,261,0,True,Blastoise; Golduck; Poliwrath; Tentacruel; Slowbro; Dewgong; Cloyster; Kingler; Kingdra; Seaking; Starmie; Gyarados; Lapras; Vaporeon; Feraligatr; Lanturn; Azumarill; Quagsire; Swampert; Pelipper; Sharpedo; Wailord; Whiscash; Crawdaunt; Milotic; Walrein; Empoleon; Gastrodon; Floatzel,29,29,1.0,True,True
HGSS,Water,MachineMoves,MOVE_X_SCISSOR,X-Scissor,Bug,Physical,80,100,15,0,0,True,Kingler; Crawdaunt,2,29,0.069,True,False
HGSS,Water,TutorMoves,MOVE_AIR_CUTTER,Air Cutter,Flying,Special,55,95,25,43,0,True,Pelipper,1,29,0.034,True,False
HGSS,Water,TutorMoves,MOVE_ANCIENT_POWER,Ancient Power,Rock,Special,60,100,5,140,0,True,Kingler; Lapras; Feraligatr; Quagsire; Swampert; Sharpedo; Crawdaunt; Gastrodon,8,29,0.276,True,False
HGSS,Water,TutorMoves,MOVE_AQUA_TAIL,Aqua Tail,Water,Physical,90,90,10,0,0,True,Blastoise; Golduck; Slowbro; Dewgong; Seaking; Gyarados; Lapras; Vaporeon; Feraligatr; Lanturn; Azumarill; Quagsire; Swampert; Whiscash; Milotic; Walrein; Floatzel,17,29,0.586,True,True
HGSS,Water,TutorMoves,MOVE_BLOCK,Block,Normal,Status,0,0,5,106,0,True,Slowbro; Lapras; Wailord; Walrein; Gastrodon,5,29,0.172,True,False
HGSS,Water,TutorMoves,MOVE_BOUNCE,Bounce,Flying,Physical,85,85,5,263,0,True,Kingdra; Seaking; Gyarados; Lanturn; Sharpedo; Wailord; Whiscash,7,29,0.241,True,False
HGSS,Water,TutorMoves,MOVE_DIVE,Dive,Water,Physical,80,100,10,255,0,True,Blastoise; Golduck; Poliwrath; Tentacruel; Slowbro; Dewgong; Cloyster; Kingler; Kingdra; Seaking; Starmie; Gyarados; Lapras; Vaporeon; Feraligatr; Lanturn; Azumarill; Quagsire; Swampert; Sharpedo; Wailord; Whiscash; Crawdaunt; Milotic; Walrein; Empoleon; Gastrodon; Floatzel,28,29,0.966,True,True
HGSS,Water,TutorMoves,MOVE_DRACO_METEOR,Draco Meteor,Dragon,Special,140,90,5,204,0,True,Kingdra,1,29,0.034,False,False
HGSS,Water,TutorMoves,MOVE_EARTH_POWER,Earth Power,Ground,Special,90,100,10,72,0,True,Quagsire; Swampert; Whiscash; Gastrodon,4,29,0.138,True,False
HGSS,Water,TutorMoves,MOVE_ENDEAVOR,Endeavor,Normal,Physical,1,100,5,189,0,True,Swampert; Crawdaunt,2,29,0.069,True,False
HGSS,Water,TutorMoves,MOVE_FURY_CUTTER,Fury Cutter,Bug,Physical,10,95,20,119,0,True,Golduck; Slowbro; Kingler; Seaking; Feraligatr; Sharpedo; Crawdaunt; Walrein; Empoleon,9,29,0.31,True,False
HGSS,Water,TutorMoves,MOVE_GRAVITY,Gravity,Psychic,Status,0,0,5,215,0,True,Starmie,1,29,0.034,True,False
HGSS,Water,TutorMoves,MOVE_GUNK_SHOT,Gunk Shot,Poison,Physical,120,70,5,2,0,True,Pelipper,1,29,0.034,True,False
HGSS,Water,TutorMoves,MOVE_HEADBUTT,Headbutt,Normal,Physical,70,100,15,31,0,True,Blastoise; Golduck; Poliwrath; Slowbro; Dewgong; Kingdra; Gyarados; Lapras; Vaporeon; Feraligatr; Azumarill; Quagsire; Swampert; Wailord; Whiscash; Walrein; Empoleon; Gastrodon; Floatzel,19,29,0.655,True,True
HGSS,Water,TutorMoves,MOVE_HEAL_BELL,Heal Bell,Normal,Status,0,0,5,102,0,True,Lapras; Vaporeon; Lanturn,3,29,0.103,True,False
HGSS,Water,TutorMoves,MOVE_HELPING_HAND,Helping Hand,Normal,Status,0,0,20,176,5,True,Poliwrath; Vaporeon; Azumarill,3,29,0.103,True,False
HGSS,Water,TutorMoves,MOVE_HYDRO_CANNON,Hydro Cannon,Water,Special,150,90,5,80,0,True,Blastoise; Feraligatr; Swampert; Empoleon,4,29,0.138,False,True
HGSS,Water,TutorMoves,MOVE_ICE_PUNCH,Ice Punch,Ice,Physical,75,100,15,5,0,True,Blastoise; Golduck; Poliwrath; Slowbro; Feraligatr; Azumarill; Quagsire; Swampert; Floatzel,9,29,0.31,True,False
HGSS,Water,TutorMoves,MOVE_ICY_WIND,Icy Wind,Ice,Special,55,95,15,70,0,True,Blastoise; Golduck; Poliwrath; Tentacruel; Slowbro; Dewgong; Cloyster; Kingler; Kingdra; Seaking; Starmie; Gyarados; Lapras; Vaporeon; Feraligatr; Lanturn; Azumarill; Quagsire; Swampert; Pelipper; Sharpedo; Wailord; Whiscash; Crawdaunt; Milotic; Walrein; Empoleon; Gastrodon; Floatzel,29,29,1.0,True,True
HGSS,Water,TutorMoves,MOVE_IRON_DEFENSE,Iron Defense,Steel,Status,0,0,15,51,0,True,Blastoise; Slowbro; Cloyster; Kingler; Crawdaunt; Empoleon,6,29,0.207,True,False
HGSS,Water,TutorMoves,MOVE_IRON_HEAD,Iron Head,Steel,Physical,80,100,15,31,0,True,Kingdra; Gyarados; Lapras; Wailord; Milotic; Walrein,6,29,0.207,True,False
HGSS,Water,TutorMoves,MOVE_KNOCK_OFF,Knock Off,Dark,Physical,20,100,20,188,0,True,Tentacruel; Kingler; Seaking; Azumarill; Pelipper; Crawdaunt; Empoleon,7,29,0.241,True,False
HGSS,Water,TutorMoves,MOVE_LAST_RESORT,Last Resort,Normal,Physical,130,100,5,246,0,True,Vaporeon,1,29,0.034,True,False
HGSS,Water,TutorMoves,MOVE_LOW_KICK,Low Kick,Fighting,Physical,1,100,20,196,0,True,Golduck; Feraligatr; Swampert; Floatzel,4,29,0.138,True,False
HGSS,Water,TutorMoves,MOVE_MAGIC_COAT,Magic Coat,Psychic,Status,0,0,15,183,4,True,Tentacruel; Slowbro; Starmie; Milotic,4,29,0.138,True,False
HGSS,Water,TutorMoves,MOVE_MUD_SLAP,Mud-Slap,Ground,Special,20,100,10,73,0,True,Blastoise; Golduck; Poliwrath; Slowbro; Kingler; Seaking; Vaporeon; Feraligatr; Azumarill; Quagsire; Swampert; Pelipper; Sharpedo; Whiscash; Crawdaunt; Milotic; Walrein; Empoleon; Gastrodon; Floatzel,20,29,0.69,True,True
HGSS,Water,TutorMoves,MOVE_OMINOUS_WIND,Ominous Wind,Ghost,Special,60,100,5,140,0,True,Pelipper,1,29,0.034,True,False
HGSS,Water,TutorMoves,MOVE_OUTRAGE,Outrage,Dragon,Physical,120,100,15,27,0,True,Blastoise; Kingdra; Gyarados; Lapras; Feraligatr; Swampert,6,29,0.207,True,False
HGSS,Water,TutorMoves,MOVE_PAIN_SPLIT,Pain Split,Normal,Status,0,0,20,91,0,True,Starmie; Gastrodon,2,29,0.069,True,False
HGSS,Water,TutorMoves,MOVE_ROLE_PLAY,Role Play,Psychic,Status,0,0,10,178,0,True,Golduck,1,29,0.034,True,False
HGSS,Water,TutorMoves,MOVE_ROLLOUT,Rollout,Rock,Physical,30,90,20,117,0,True,Blastoise; Starmie; Azumarill; Quagsire; Swampert; Wailord; Walrein,7,29,0.241,True,False
HGSS,Water,TutorMoves,MOVE_SEED_BOMB,Seed Bomb,Grass,Physical,80,100,15,0,0,True,Pelipper,1,29,0.034,True,False
HGSS,Water,TutorMoves,MOVE_SIGNAL_BEAM,Signal Beam,Bug,Special,75,100,15,76,0,True,Blastoise; Golduck; Slowbro; Dewgong; Cloyster; Kingdra; Starmie; Lapras; Vaporeon; Lanturn; Walrein; Empoleon,12,29,0.414,True,True
HGSS,Water,TutorMoves,MOVE_SKY_ATTACK,Sky Attack,Flying,Physical,140,90,5,75,0,True,Pelipper,1,29,0.034,True,False
HGSS,Water,TutorMoves,MOVE_SNORE,Snore,Normal,Special,40,100,15,92,0,True,Blastoise; Golduck; Poliwrath; Tentacruel; Slowbro; Dewgong; Cloyster; Kingler; Kingdra; Seaking; Starmie; Gyarados; Lapras; Vaporeon; Feraligatr; Lanturn; Azumarill; Quagsire; Swampert; Pelipper; Sharpedo; Wailord; Whiscash; Crawdaunt; Milotic; Walrein; Empoleon; Gastrodon; Floatzel,29,29,1.0,True,True
HGSS,Water,TutorMoves,MOVE_SPITE,Spite,Ghost,Status,0,100,10,100,0,True,Gyarados; Feraligatr; Sharpedo; Crawdaunt,4,29,0.138,True,False
HGSS,Water,TutorMoves,MOVE_STRING_SHOT,String Shot,Bug,Status,0,95,40,20,0,True,Gastrodon,1,29,0.034,True,False
HGSS,Water,TutorMoves,MOVE_SUCKER_PUNCH,Sucker Punch,Dark,Physical,80,100,5,248,1,True,Lanturn,1,29,0.034,True,False
HGSS,Water,TutorMoves,MOVE_SUPERPOWER,Superpower,Fighting,Physical,120,100,5,182,0,True,Kingler; Feraligatr; Azumarill; Swampert; Crawdaunt,5,29,0.172,True,False
HGSS,Water,TutorMoves,MOVE_SUPER_FANG,Super Fang,Normal,Physical,1,90,10,40,0,True,Sharpedo; Walrein,2,29,0.069,True,False
HGSS,Water,TutorMoves,MOVE_SWIFT,Swift,Normal,Special,60,0,20,17,0,True,Golduck; Slowbro; Cloyster; Kingdra; Seaking; Starmie; Vaporeon; Azumarill; Pelipper; Sharpedo; Crawdaunt; Milotic; Floatzel,13,29,0.448,True,True
HGSS,Water,TutorMoves,MOVE_TAILWIND,Tailwind,Flying,Status,0,0,30,225,0,True,Pelipper,1,29,0.034,True,False
HGSS,Water,TutorMoves,MOVE_TRICK,Trick,Psychic,Status,0,100,10,177,0,True,Slowbro; Starmie,2,29,0.069,True,False
HGSS,Water,TutorMoves,MOVE_TWISTER,Twister,Dragon,Special,40,100,20,146,0,True,Kingdra; Starmie; Gyarados; Pelipper; Milotic,5,29,0.172,True,False
HGSS,Water,TutorMoves,MOVE_UPROAR,Uproar,Normal,Special,50,100,10,159,0,True,Gyarados; Feraligatr; Pelipper; Sharpedo,4,29,0.138,True,False
HGSS,Water,TutorMoves,MOVE_VACUUM_WAVE,Vacuum Wave,Fighting,Special,40,100,30,103,1,True,Poliwrath,1,29,0.034,True,False
HGSS,Water,TutorMoves,MOVE_WORRY_SEED,Worry Seed,Grass,Status,0,100,10,247,0,True,Golduck,1,29,0.034,True,False
HGSS,Water,TutorMoves,MOVE_ZEN_HEADBUTT,Zen Headbutt,Psychic,Physical,80,90,15,31,0,True,Blastoise; Golduck; Slowbro; Lapras; Sharpedo; Whiscash,6,29,0.207,True,False
Engine,Electric,MachineMoves,MOVE_ACROBATICS,Acrobatics,Flying,Physical,55,100,15,MOVE_EFFECT_DOUBLE_POWER_WITHOUT_ITEM,0,True,Zapdos,1,15,0.067,False,False
Engine,Electric,MachineMoves,MOVE_AERIAL_ACE,Aerial Ace,Flying,Physical,60,0,20,MOVE_EFFECT_BYPASS_ACCURACY,0,True,Zapdos; Pachirisu,2,15,0.133,True,False
Engine,Electric,MachineMoves,MOVE_AGILITY,Agility,Psychic,Status,0,0,30,MOVE_EFFECT_SPEED_UP_2,0,True,Raichu; Electrode; Jolteon; Ampharos; Lanturn; Manectric; Luxray; Zapdos; Raikou; Plusle; Minun; Pachirisu,12,15,0.8,True,True
Engine,Electric,MachineMoves,MOVE_AIR_CUTTER,Air Cutter,Flying,Special,60,95,25,MOVE_EFFECT_HIGH_CRITICAL,0,True,Zapdos,1,15,0.067,False,False
Engine,Electric,MachineMoves,MOVE_ALLURING_VOICE,Alluring Voice,Fairy,Special,80,100,10,MOVE_EFFECT_HIT,0,True,Raichu; Jolteon; Plusle; Minun; Pachirisu,5,15,0.333,True,True
Engine,Electric,MachineMoves,MOVE_ALLY_SWITCH,Ally Switch,Psychic,Status,0,0,15,MOVE_EFFECT_HIT,2,True,Magnezone; Rotom,2,15,0.133,True,False
Engine,Electric,MachineMoves,MOVE_AMNESIA,Amnesia,Psychic,Status,0,0,20,MOVE_EFFECT_SP_DEF_UP_2,0,True,Lanturn,1,15,0.067,True,False
Engine,Electric,MachineMoves,MOVE_ATTRACT,Attract,Normal,Status,0,100,15,MOVE_EFFECT_INFATUATE,0,True,Raichu; Electivire; Jolteon; Ampharos; Lanturn; Manectric; Luxray; Plusle; Minun; Pachirisu,10,15,0.667,True,True
Engine,Electric,MachineMoves,MOVE_AURA_SPHERE,Aura Sphere,Fighting,Special,80,0,20,MOVE_EFFECT_BYPASS_ACCURACY,0,True,Raikou,1,15,0.067,True,False
Engine,Electric,MachineMoves,MOVE_BATON_PASS,Baton Pass,Normal,Status,0,0,40,MOVE_EFFECT_PASS_STATS_AND_STATUS,0,True,Jolteon; Zapdos; Plusle; Minun,4,15,0.267,True,False
Engine,Electric,MachineMoves,MOVE_BIDE,Bide,Normal,Physical,1,0,10,MOVE_EFFECT_BIDE,1,True,Raichu; Electrode; Jolteon; Zapdos,4,15,0.267,False,False
Engine,Electric,MachineMoves,MOVE_BLIZZARD,Blizzard,Ice,Special,110,70,5,MOVE_EFFECT_BLIZZARD,0,True,Lanturn,1,15,0.067,True,False
Engine,Electric,MachineMoves,MOVE_BODY_PRESS,Body Press,Fighting,Physical,80,100,10,MOVE_EFFECT_HIT,0,True,Magnezone,1,15,0.067,True,False
Engine,Electric,MachineMoves,MOVE_BODY_SLAM,Body Slam,Normal,Physical,85,100,15,MOVE_EFFECT_PARALYZE_HIT,0,True,Raichu; Electivire; Jolteon; Ampharos; Manectric; Luxray; Magnezone; Raikou,8,15,0.533,True,True
Engine,Electric,MachineMoves,MOVE_BOUNCE,Bounce,Flying,Physical,85,85,5,MOVE_EFFECT_BOUNCE,0,True,Lanturn,1,15,0.067,False,False
Engine,Electric,MachineMoves,MOVE_BRAVE_BIRD,Brave Bird,Flying,Physical,120,100,15,MOVE_EFFECT_RECOIL_THIRD,0,True,Zapdos,1,15,0.067,True,False
Engine,Electric,MachineMoves,MOVE_BREAKING_SWIPE,Breaking Swipe,Dragon,Physical,60,100,15,MOVE_EFFECT_LOWER_ATTACK_HIT,0,True,Ampharos,1,15,0.067,True,False
Engine,Electric,MachineMoves,MOVE_BRICK_BREAK,Brick Break,Fighting,Physical,75,100,15,MOVE_EFFECT_REMOVE_SCREENS,0,True,Raichu; Electivire; Ampharos,3,15,0.2,True,False
Engine,Electric,MachineMoves,MOVE_BRINE,Brine,Water,Special,65,100,10,MOVE_EFFECT_DOUBLE_POWER_WHEN_BELOW_HALF,0,True,Lanturn,1,15,0.067,True,False
Engine,Electric,MachineMoves,MOVE_BRUTAL_SWING,Brutal Swing,Dark,Physical,60,100,20,MOVE_EFFECT_HIT,0,True,Raichu; Ampharos,2,15,0.133,False,False
Engine,Electric,MachineMoves,MOVE_BULK_UP,Bulk Up,Fighting,Status,0,0,20,MOVE_EFFECT_ATK_DEF_UP,0,True,Electivire,1,15,0.067,True,False
Engine,Electric,MachineMoves,MOVE_BULLDOZE,Bulldoze,Ground,Physical,60,100,20,MOVE_EFFECT_LOWER_SPEED_HIT,0,True,Electivire; Ampharos; Raikou,3,15,0.2,False,False
Engine,Electric,MachineMoves,MOVE_CALM_MIND,Calm Mind,Psychic,Status,0,0,20,MOVE_EFFECT_SP_ATK_SP_DEF_UP,0,True,Raichu; Jolteon; Raikou,3,15,0.2,True,False
Engine,Electric,MachineMoves,MOVE_CAPTIVATE,Captivate,Normal,Status,0,100,20,MOVE_EFFECT_SP_ATK_DOWN_2_OPPOSITE_GENDER,0,True,Raichu; Electivire; Jolteon; Ampharos; Lanturn; Manectric; Luxray; Plusle; Minun; Pachirisu,10,15,0.667,True,True
Engine,Electric,MachineMoves,MOVE_CHARGE,Charge,Electric,Status,0,0,20,MOVE_EFFECT_SP_DEF_UP_DOUBLE_ELECTRIC_POWER,0,True,Raichu; Electrode; Electivire; Jolteon; Ampharos; Lanturn; Luxray; Magnezone; Zapdos; Raikou; Rotom; Plusle; Minun; Pachirisu,14,15,0.933,True,True
Engine,Electric,MachineMoves,MOVE_CHARGE_BEAM,Charge Beam,Electric,Special,50,90,10,MOVE_EFFECT_RAISE_SP_ATK_HIT,0,True,Raichu; Electrode; Electivire; Jolteon; Ampharos; Lanturn; Manectric; Luxray; Magnezone; Zapdos; Raikou; Rotom; Plusle; Minun; Pachirisu,15,15,1.0,True,True
Engine,Electric,MachineMoves,MOVE_CHARM,Charm,Fairy,Status,0,100,20,MOVE_EFFECT_ATK_DOWN_2,0,True,Raichu; Jolteon; Plusle; Minun; Pachirisu,5,15,0.333,False,True
Engine,Electric,MachineMoves,MOVE_CHILLING_WATER,Chilling Water,Water,Special,50,100,20,MOVE_EFFECT_LOWER_ATTACK_HIT,0,True,Lanturn,1,15,0.067,False,False
Engine,Electric,MachineMoves,MOVE_CONFIDE,Confide,Normal,Status,0,0,20,MOVE_EFFECT_HIT,0,True,Raichu; Electrode; Electivire; Jolteon; Ampharos; Lanturn; Manectric; Luxray; Magnezone; Zapdos; Raikou; Rotom; Plusle; Minun; Pachirisu,15,15,1.0,True,True
Engine,Electric,MachineMoves,MOVE_CONFUSE_RAY,Confuse Ray,Ghost,Status,0,100,10,MOVE_EFFECT_STATUS_CONFUSE,0,True,Ampharos; Lanturn; Luxray; Magnezone; Rotom,5,15,0.333,False,True
Engine,Electric,MachineMoves,MOVE_CRUNCH,Crunch,Dark,Physical,80,100,15,MOVE_EFFECT_LOWER_DEFENSE_HIT,0,True,Manectric; Luxray; Raikou,3,15,0.2,True,False
Engine,Electric,MachineMoves,MOVE_CURSE,Curse,Ghost,Status,0,0,10,MOVE_EFFECT_CURSE,0,True,Raichu; Electrode; Jolteon; Ampharos; Lanturn; Zapdos; Raikou,7,15,0.467,True,True
Engine,Electric,MachineMoves,MOVE_CUT,Cut,Normal,Physical,50,95,30,MOVE_EFFECT_HIT,0,True,Raikou; Pachirisu,2,15,0.133,True,False
Engine,Electric,MachineMoves,MOVE_DARKEST_LARIAT,Darkest Lariat,Dark,Physical,85,100,10,MOVE_EFFECT_HIT,0,True,Electivire,1,15,0.067,True,False
Engine,Electric,MachineMoves,MOVE_DARK_PULSE,Dark Pulse,Dark,Special,80,100,15,MOVE_EFFECT_FLINCH_HIT,0,True,Rotom,1,15,0.067,True,False
Engine,Electric,MachineMoves,MOVE_DAZZLING_GLEAM,Dazzling Gleam,Fairy,Special,80,100,10,MOVE_EFFECT_HIT,0,True,Ampharos; Lanturn,2,15,0.133,True,False
Engine,Electric,MachineMoves,MOVE_DEFENSE_CURL,Defense Curl,Normal,Status,0,0,40,MOVE_EFFECT_DEF_UP_DOUBLE_ROLLOUT_POWER,0,True,Raichu; Ampharos,2,15,0.133,False,False
Engine,Electric,MachineMoves,MOVE_DEFOG,Defog,Flying,Status,0,0,15,MOVE_EFFECT_REMOVE_HAZARDS_SCREENS_EVA_DOWN,0,True,Zapdos,1,15,0.067,False,False
Engine,Electric,MachineMoves,MOVE_DETECT,Detect,Fighting,Status,0,0,5,MOVE_EFFECT_PROTECT,4,True,Raichu; Jolteon; Zapdos; Raikou,4,15,0.267,False,False
Engine,Electric,MachineMoves,MOVE_DIG,Dig,Ground,Physical,80,100,10,MOVE_EFFECT_DIG,0,True,Raichu; Electivire; Jolteon; Ampharos; Raikou; Pachirisu,6,15,0.4,True,True
Engine,Electric,MachineMoves,MOVE_DISARMING_VOICE,Disarming Voice,Fairy,Special,40,0,15,MOVE_EFFECT_BYPASS_ACCURACY,0,True,Raichu,1,15,0.067,False,False
Engine,Electric,MachineMoves,MOVE_DIVE,Dive,Water,Physical,80,100,10,MOVE_EFFECT_DIVE,0,True,Lanturn,1,15,0.067,True,False
Engine,Electric,MachineMoves,MOVE_DOUBLE_EDGE,Double-Edge,Normal,Physical,120,100,15,MOVE_EFFECT_RECOIL_THIRD,0,True,Raichu; Electrode; Electivire; Jolteon; Ampharos; Lanturn; Luxray; Magnezone; Zapdos; Raikou,10,15,0.667,True,True
Engine,Electric,MachineMoves,MOVE_DOUBLE_TEAM,Double Team,Normal,Status,0,0,15,MOVE_EFFECT_EVA_UP,0,True,Raichu; Electrode; Electivire; Jolteon; Ampharos; Lanturn; Manectric; Luxray; Magnezone; Zapdos; Raikou; Rotom; Plusle; Minun; Pachirisu,15,15,1.0,True,True
Engine,Electric,MachineMoves,MOVE_DRAGON_CHEER,Dragon Cheer,Dragon,Status,0,0,15,MOVE_EFFECT_HIT,0,True,Ampharos,1,15,0.067,True,False
Engine,Electric,MachineMoves,MOVE_DRAGON_PULSE,Dragon Pulse,Dragon,Special,85,100,10,MOVE_EFFECT_HIT,0,True,Ampharos,1,15,0.067,True,False
Engine,Electric,MachineMoves,MOVE_DRAGON_TAIL,Dragon Tail,Dragon,Physical,60,90,10,MOVE_EFFECT_FORCE_SWITCH_HIT,-6,True,Ampharos,1,15,0.067,False,False
Engine,Electric,MachineMoves,MOVE_DRAINING_KISS,Draining Kiss,Fairy,Special,50,100,10,MOVE_EFFECT_RECOVER_THREE_QUARTERS_DAMAGE_DEALT,0,True,Raichu,1,15,0.067,False,False
Engine,Electric,MachineMoves,MOVE_DREAM_EATER,Dream Eater,Psychic,Special,100,100,15,MOVE_EFFECT_RECOVER_DAMAGE_SLEEP,0,True,Rotom,1,15,0.067,True,False
Engine,Electric,MachineMoves,MOVE_DUAL_WINGBEAT,Dual Wingbeat,Flying,Physical,40,90,10,MOVE_EFFECT_HIT_TWICE,0,True,Zapdos,1,15,0.067,True,False
Engine,Electric,MachineMoves,MOVE_DYNAMIC_PUNCH,Dynamic Punch,Fighting,Physical,100,50,5,MOVE_EFFECT_CONFUSE_HIT,0,True,Raichu; Ampharos,2,15,0.133,False,False
Engine,Electric,MachineMoves,MOVE_EARTHQUAKE,Earthquake,Ground,Physical,100,100,10,MOVE_EFFECT_DOUBLE_DAMAGE_DIG,0,True,Electivire,1,15,0.067,True,False
Engine,Electric,MachineMoves,MOVE_ECHOED_VOICE,Echoed Voice,Normal,Special,40,100,15,MOVE_EFFECT_HIT,0,True,Raichu; Jolteon; Ampharos; Plusle; Minun; Pachirisu,6,15,0.4,False,True
Engine,Electric,MachineMoves,MOVE_EERIE_IMPULSE,Eerie Impulse,Electric,Status,0,100,15,MOVE_EFFECT_SP_ATK_DOWN_2,0,True,Raichu; Electrode; Electivire; Jolteon; Ampharos; Lanturn; Manectric; Luxray; Magnezone; Zapdos; Raikou; Rotom; Plusle; Pachirisu,14,15,0.933,True,True
Engine,Electric,MachineMoves,MOVE_ELECTRIC_TERRAIN,ElectricTerrain,Electric,Status,0,0,10,MOVE_EFFECT_APPLY_TERRAINS,0,True,Raichu; Electrode; Electivire; Jolteon; Ampharos; Lanturn; Manectric; Luxray; Magnezone; Zapdos; Raikou; Rotom; Plusle; Minun; Pachirisu,15,15,1.0,True,True
Engine,Electric,MachineMoves,MOVE_ELECTROWEB,Electroweb,Electric,Special,55,95,15,MOVE_EFFECT_LOWER_SPEED_HIT,0,True,Raichu; Electrode; Electivire; Jolteon; Ampharos; Lanturn; Luxray; Magnezone; Raikou; Rotom; Plusle; Minun; Pachirisu,13,15,0.867,True,True
Engine,Electric,MachineMoves,MOVE_ELECTRO_BALL,Electro Ball,Electric,Special,1,100,10,MOVE_EFFECT_HIT,0,True,Raichu; Electrode; Electivire; Jolteon; Ampharos; Lanturn; Manectric; Luxray; Magnezone; Zapdos; Raikou; Rotom; Plusle; Minun; Pachirisu,15,15,1.0,True,True
Engine,Electric,MachineMoves,MOVE_ENCORE,Encore,Normal,Status,0,100,5,MOVE_EFFECT_ENCORE,0,True,Raichu; Plusle; Minun; Pachirisu,4,15,0.267,True,False
Engine,Electric,MachineMoves,MOVE_ENDEAVOR,Endeavor,Normal,Physical,1,100,5,MOVE_EFFECT_SET_HP_EQUAL_TO_USER,0,True,Raichu; Ampharos; Plusle; Minun; Pachirisu,5,15,0.333,True,True
Engine,Electric,MachineMoves,MOVE_ENDURE,Endure,Normal,Status,0,0,10,MOVE_EFFECT_SURVIVE_WITH_1_HP,4,True,Raichu; Electrode; Electivire; Jolteon; Ampharos; Lanturn; Manectric; Luxray; Magnezone; Zapdos; Raikou; Rotom; Plusle; Minun; Pachirisu,15,15,1.0,True,True
Engine,Electric,MachineMoves,MOVE_EXPLOSION,Explosion,Normal,Physical,250,100,5,MOVE_EFFECT_HALVE_DEFENSE,0,True,Electrode; Magnezone,2,15,0.133,True,False
Engine,Electric,MachineMoves,MOVE_FACADE,Facade,Normal,Physical,70,100,20,MOVE_EFFECT_DOUBLE_POWER_WHEN_STATUSED,0,True,Raichu; Electrode; Electivire; Jolteon; Ampharos; Lanturn; Manectric; Luxray; Magnezone; Zapdos; Raikou; Rotom; Plusle; Minun; Pachirisu,15,15,1.0,True,True
Engine,Electric,MachineMoves,MOVE_FAKE_TEARS,Fake Tears,Dark,Status,0,100,20,MOVE_EFFECT_SP_DEF_DOWN_2,0,True,Jolteon; Luxray; Plusle; Minun; Pachirisu,5,15,0.333,False,True
Engine,Electric,MachineMoves,MOVE_FALSE_SWIPE,False Swipe,Normal,Physical,40,100,40,MOVE_EFFECT_LEAVE_WITH_1_HP,0,True,Jolteon,1,15,0.067,True,False
Engine,Electric,MachineMoves,MOVE_FIRE_FANG,Fire Fang,Fire,Physical,65,95,15,MOVE_EFFECT_FLINCH_BURN_HIT,0,True,Manectric; Luxray,2,15,0.133,False,False
Engine,Electric,MachineMoves,MOVE_FIRE_PUNCH,Fire Punch,Fire,Physical,75,100,15,MOVE_EFFECT_BURN_HIT,0,True,Electivire; Ampharos,2,15,0.133,False,False
Engine,Electric,MachineMoves,MOVE_FLAMETHROWER,Flamethrower,Fire,Special,90,100,15,MOVE_EFFECT_BURN_HIT,0,True,Electivire; Manectric,2,15,0.133,True,False
Engine,Electric,MachineMoves,MOVE_FLASH,Flash,Normal,Status,0,100,20,MOVE_EFFECT_ACC_DOWN,0,True,Raichu; Electrode; Electivire; Jolteon; Ampharos; Lanturn; Manectric; Luxray; Magnezone; Zapdos; Raikou; Rotom; Plusle; Minun; Pachirisu,15,15,1.0,True,True
Engine,Electric,MachineMoves,MOVE_FLASH_CANNON,Flash Cannon,Steel,Special,80,100,10,MOVE_EFFECT_LOWER_SP_DEF_HIT,0,True,Magnezone,1,15,0.067,True,False
Engine,Electric,MachineMoves,MOVE_FLING,Fling,Dark,Physical,1,100,10,MOVE_EFFECT_FLING,0,True,Raichu; Electivire; Ampharos; Plusle; Minun; Pachirisu,6,15,0.4,True,True
Engine,Electric,MachineMoves,MOVE_FLIP_TURN,Flip Turn,Water,Physical,60,100,20,MOVE_EFFECT_SWITCH_HIT,0,True,Lanturn,1,15,0.067,True,False
Engine,Electric,MachineMoves,MOVE_FLY,Fly,Flying,Physical,90,95,15,MOVE_EFFECT_FLY,0,True,Zapdos,1,15,0.067,True,False
Engine,Electric,MachineMoves,MOVE_FOCUS_BLAST,Focus Blast,Fighting,Special,120,70,5,MOVE_EFFECT_LOWER_SP_DEF_HIT,0,True,Raichu; Electivire; Ampharos,3,15,0.2,True,False
Engine,Electric,MachineMoves,MOVE_FOCUS_ENERGY,Focus Energy,Normal,Status,0,0,30,MOVE_EFFECT_CRIT_UP_2,0,True,Jolteon,1,15,0.067,True,False
Engine,Electric,MachineMoves,MOVE_FOCUS_PUNCH,Focus Punch,Fighting,Physical,150,100,20,MOVE_EFFECT_HIT_LAST_WHIFF_IF_HIT,-3,True,Raichu; Electivire; Ampharos,3,15,0.2,True,False
Engine,Electric,MachineMoves,MOVE_FOUL_PLAY,Foul Play,Dark,Physical,95,100,15,MOVE_EFFECT_HIT,0,True,Electrode; Rotom,2,15,0.133,True,False
Engine,Electric,MachineMoves,MOVE_FRUSTRATION,Frustration,Normal,Physical,1,100,20,MOVE_EFFECT_POWER_BASED_ON_LOW_FRIENDSHIP,0,True,Raichu; Electrode; Electivire; Jolteon; Ampharos; Lanturn; Manectric; Luxray; Magnezone; Zapdos; Raikou; Rotom; Plusle; Minun; Pachirisu,15,15,1.0,True,True
Engine,Electric,MachineMoves,MOVE_GIGA_IMPACT,Giga Impact,Normal,Physical,150,90,5,MOVE_EFFECT_RECHARGE_AFTER,0,True,Raichu; Electrode; Electivire; Jolteon; Ampharos; Lanturn; Manectric; Luxray; Magnezone; Zapdos; Raikou; Pachirisu,12,15,0.8,True,True
Engine,Electric,MachineMoves,MOVE_GRASS_KNOT,Grass Knot,Grass,Special,1,100,20,MOVE_EFFECT_INCREASE_POWER_WITH_WEIGHT,0,True,Raichu; Plusle; Minun; Pachirisu,4,15,0.267,True,False
Engine,Electric,MachineMoves,MOVE_GRAVITY,Gravity,Psychic,Status,0,0,5,MOVE_EFFECT_GRAVITY,0,True,Magnezone,1,15,0.067,True,False
Engine,Electric,MachineMoves,MOVE_GUNK_SHOT,Gunk Shot,Poison,Physical,120,80,5,MOVE_EFFECT_POISON_HIT,0,True,Pachirisu,1,15,0.067,True,False
Engine,Electric,MachineMoves,MOVE_GYRO_BALL,Gyro Ball,Steel,Physical,1,100,5,MOVE_EFFECT_POWER_BASED_ON_LOW_SPEED,0,True,Electrode; Magnezone,2,15,0.133,True,False
Engine,Electric,MachineMoves,MOVE_HAIL,Hail,Ice,Status,0,0,10,MOVE_EFFECT_WEATHER_HAIL,0,True,Lanturn; Zapdos,2,15,0.133,True,False
Engine,Electric,MachineMoves,MOVE_HARD_PRESS,Hard Press,Steel,Physical,0,100,10,MOVE_EFFECT_HIT,0,True,Magnezone,1,15,0.067,True,False
Engine,Electric,MachineMoves,MOVE_HEADBUTT,Headbutt,Normal,Physical,70,100,15,MOVE_EFFECT_FLINCH_HIT,0,True,Raichu; Electrode; Jolteon; Ampharos; Zapdos; Raikou,6,15,0.4,False,True
Engine,Electric,MachineMoves,MOVE_HEAT_WAVE,Heat Wave,Fire,Special,95,90,10,MOVE_EFFECT_BURN_HIT,0,True,Zapdos,1,15,0.067,True,False
Engine,Electric,MachineMoves,MOVE_HEAVY_SLAM,Heavy Slam,Steel,Physical,1,100,10,MOVE_EFFECT_HEAVY_SLAM,0,True,Magnezone,1,15,0.067,True,False
Engine,Electric,MachineMoves,MOVE_HELPING_HAND,Helping Hand,Normal,Status,0,0,20,MOVE_EFFECT_BOOST_ALLY_POWER_BY_50_PERCENT,5,True,Raichu; Electrode; Electivire; Jolteon; Ampharos; Luxray; Magnezone; Zapdos; Raikou; Rotom; Plusle; Minun; Pachirisu,13,15,0.867,True,True
Engine,Electric,MachineMoves,MOVE_HEX,Hex,Ghost,Special,65,100,10,MOVE_EFFECT_DOUBLE_DAMAGE_ON_STATUS,0,True,Rotom,1,15,0.067,False,False
Engine,Electric,MachineMoves,MOVE_HIDDEN_POWER,Hidden Power,Normal,Special,60,100,15,MOVE_EFFECT_RANDOM_TYPE_BASED_ON_IVS,0,True,Raichu; Electrode; Electivire; Jolteon; Ampharos; Lanturn; Manectric; Luxray; Magnezone; Zapdos; Raikou; Rotom; Plusle; Minun; Pachirisu,15,15,1.0,True,True
Engine,Electric,MachineMoves,MOVE_HURRICANE,Hurricane,Flying,Special,110,70,10,MOVE_EFFECT_HURRICANE,0,True,Zapdos,1,15,0.067,True,False
Engine,Electric,MachineMoves,MOVE_HYDRO_PUMP,Hydro Pump,Water,Special,110,80,5,MOVE_EFFECT_HIT,0,True,Lanturn,1,15,0.067,True,False
Engine,Electric,MachineMoves,MOVE_HYPER_BEAM,Hyper Beam,Normal,Special,150,90,5,MOVE_EFFECT_RECHARGE_AFTER,0,True,Raichu; Electrode; Electivire; Jolteon; Ampharos; Lanturn; Manectric; Luxray; Magnezone; Zapdos; Raikou; Pachirisu,12,15,0.8,True,True
Engine,Electric,MachineMoves,MOVE_HYPER_VOICE,Hyper Voice,Normal,Special,90,100,10,MOVE_EFFECT_HIT,0,True,Jolteon; Manectric; Rotom,3,15,0.2,True,False
Engine,Electric,MachineMoves,MOVE_ICE_BEAM,Ice Beam,Ice,Special,90,100,10,MOVE_EFFECT_FREEZE_HIT,0,True,Lanturn,1,15,0.067,True,False
Engine,Electric,MachineMoves,MOVE_ICE_FANG,Ice Fang,Ice,Physical,65,95,15,MOVE_EFFECT_FLINCH_FREEZE_HIT,0,True,Manectric; Luxray,2,15,0.133,False,False
Engine,Electric,MachineMoves,MOVE_ICE_PUNCH,Ice Punch,Ice,Physical,75,100,15,MOVE_EFFECT_FREEZE_HIT,0,True,Electivire; Ampharos,2,15,0.133,False,False
Engine,Electric,MachineMoves,MOVE_ICY_WIND,Icy Wind,Ice,Special,55,95,15,MOVE_EFFECT_LOWER_SPEED_HIT,0,True,Lanturn,1,15,0.067,False,False
Engine,Electric,MachineMoves,MOVE_IRON_DEFENSE,Iron Defense,Steel,Status,0,0,15,MOVE_EFFECT_DEF_UP_2,0,True,Magnezone,1,15,0.067,True,False
Engine,Electric,MachineMoves,MOVE_IRON_HEAD,Iron Head,Steel,Physical,80,100,15,MOVE_EFFECT_FLINCH_HIT,0,True,Magnezone; Raikou,2,15,0.133,True,False
Engine,Electric,MachineMoves,MOVE_IRON_TAIL,Iron Tail,Steel,Physical,100,75,15,MOVE_EFFECT_LOWER_DEFENSE_HIT,0,True,Raichu; Electivire; Jolteon; Ampharos; Manectric; Luxray; Raikou; Plusle; Minun; Pachirisu,10,15,0.667,True,True
Engine,Electric,MachineMoves,MOVE_KNOCK_OFF,Knock Off,Dark,Physical,65,100,20,MOVE_EFFECT_REMOVE_HELD_ITEM,0,True,Raichu; Electivire,2,15,0.133,True,False
Engine,Electric,MachineMoves,MOVE_LIGHT_SCREEN,Light Screen,Psychic,Status,0,0,30,MOVE_EFFECT_SET_LIGHT_SCREEN,0,True,Raichu; Electrode; Electivire; Jolteon; Ampharos; Manectric; Luxray; Magnezone; Zapdos; Raikou; Rotom; Plusle; Minun; Pachirisu,14,15,0.933,True,True
Engine,Electric,MachineMoves,MOVE_LIQUIDATION,Liquidation,Water,Physical,85,100,10,MOVE_EFFECT_LOWER_DEFENSE_HIT,0,True,Lanturn,1,15,0.067,True,False
Engine,Electric,MachineMoves,MOVE_LOW_KICK,Low Kick,Fighting,Physical,1,100,20,MOVE_EFFECT_INCREASE_POWER_WITH_WEIGHT,0,True,Electivire; Ampharos,2,15,0.133,True,False
Engine,Electric,MachineMoves,MOVE_LOW_SWEEP,Low Sweep,Fighting,Physical,65,100,20,MOVE_EFFECT_LOWER_SPEED_HIT,0,True,Electivire,1,15,0.067,False,False
Engine,Electric,MachineMoves,MOVE_MEGA_KICK,Mega Kick,Normal,Physical,120,75,5,MOVE_EFFECT_HIT,0,True,Raichu; Electivire,2,15,0.133,False,False
Engine,Electric,MachineMoves,MOVE_MEGA_PUNCH,Mega Punch,Normal,Physical,80,85,20,MOVE_EFFECT_HIT,0,True,Raichu; Electivire,2,15,0.133,True,False
Engine,Electric,MachineMoves,MOVE_METAL_SOUND,Metal Sound,Steel,Status,0,85,40,MOVE_EFFECT_SP_DEF_DOWN_2,0,True,Electrode; Electivire; Jolteon; Magnezone; Zapdos,5,15,0.333,True,True
Engine,Electric,MachineMoves,MOVE_METEOR_BEAM,Meteor Beam,Rock,Special,120,90,10,MOVE_EFFECT_CHARGE_TURN_SP_ATK_UP,0,True,Ampharos,1,15,0.067,True,False
Engine,Electric,MachineMoves,MOVE_METRONOME,Metronome,Normal,Status,0,0,10,MOVE_EFFECT_CALL_RANDOM_MOVE,0,True,Electivire,1,15,0.067,True,False
Engine,Electric,MachineMoves,MOVE_MIMIC,Mimic,Normal,Status,0,0,10,MOVE_EFFECT_COPY_MOVE_FOR_BATTLE,0,True,Raichu; Electrode; Jolteon; Zapdos,4,15,0.267,False,False
Engine,Electric,MachineMoves,MOVE_MUDDY_WATER,Muddy Water,Water,Special,90,85,10,MOVE_EFFECT_LOWER_ACCURACY_HIT,0,True,Lanturn,1,15,0.067,True,False
Engine,Electric,MachineMoves,MOVE_MUD_SHOT,Mud Shot,Ground,Special,55,95,15,MOVE_EFFECT_LOWER_SPEED_HIT,0,True,Pachirisu,1,15,0.067,False,False
Engine,Electric,MachineMoves,MOVE_MUD_SLAP,Mud-Slap,Ground,Special,20,100,10,MOVE_EFFECT_LOWER_ACCURACY_HIT,0,True,Raichu; Jolteon; Zapdos; Raikou; Plusle; Minun; Pachirisu,7,15,0.467,False,True
Engine,Electric,MachineMoves,MOVE_NASTY_PLOT,Nasty Plot,Dark,Status,0,0,20,MOVE_EFFECT_SP_ATK_UP_2,0,True,Raichu; Rotom; Plusle; Minun,4,15,0.267,True,False
Engine,Electric,MachineMoves,MOVE_NATURAL_GIFT,Natural Gift,Normal,Physical,1,100,15,MOVE_EFFECT_NATURAL_GIFT,0,True,Raichu; Electrode; Electivire; Jolteon; Ampharos; Lanturn; Manectric; Luxray; Magnezone; Zapdos; Raikou; Rotom; Plusle; Minun; Pachirisu,15,15,1.0,True,True
Engine,Electric,MachineMoves,MOVE_NIGHT_SHADE,Night Shade,Ghost,Special,1,100,15,MOVE_EFFECT_LEVEL_DAMAGE_FLAT,0,True,Rotom,1,15,0.067,False,False
Engine,Electric,MachineMoves,MOVE_OUTRAGE,Outrage,Dragon,Physical,120,100,10,MOVE_EFFECT_CONTINUE_AND_CONFUSE_SELF,0,True,Ampharos,1,15,0.067,True,False
Engine,Electric,MachineMoves,MOVE_OVERHEAT,Overheat,Fire,Special,130,90,5,MOVE_EFFECT_USER_SP_ATK_DOWN_2,0,True,Manectric,1,15,0.067,True,False
Engine,Electric,MachineMoves,MOVE_PAIN_SPLIT,Pain Split,Normal,Status,0,0,20,MOVE_EFFECT_AVERAGE_HP,0,True,Rotom,1,15,0.067,True,False
Engine,Electric,MachineMoves,MOVE_PAY_DAY,Pay Day,Normal,Physical,40,100,20,MOVE_EFFECT_INCREASE_PRIZE_MONEY,0,True,Raichu; Jolteon,2,15,0.133,False,False
Engine,Electric,MachineMoves,MOVE_PIN_MISSILE,Pin Missile,Bug,Physical,25,95,20,MOVE_EFFECT_MULTI_HIT,0,True,Jolteon,1,15,0.067,False,False
Engine,Electric,MachineMoves,MOVE_PLAY_ROUGH,Play Rough,Fairy,Physical,90,90,10,MOVE_EFFECT_LOWER_ATTACK_HIT,0,True,Raichu; Luxray; Plusle; Minun; Pachirisu,5,15,0.333,True,True
Engine,Electric,MachineMoves,MOVE_PLUCK,Pluck,Flying,Physical,60,100,20,MOVE_EFFECT_EAT_BERRY,0,True,Zapdos,1,15,0.067,True,False
Engine,Electric,MachineMoves,MOVE_POLTERGEIST,Poltergeist,Ghost,Physical,110,90,5,MOVE_EFFECT_POLTERGEIST,0,True,Rotom,1,15,0.067,True,False
Engine,Electric,MachineMoves,MOVE_POWER_GEM,Power Gem,Rock,Special,80,100,20,MOVE_EFFECT_HIT,0,True,Ampharos,1,15,0.067,True,False
Engine,Electric,MachineMoves,MOVE_POWER_UP_PUNCH,Power-Up Punch,Fighting,Physical,40,100,20,MOVE_EFFECT_RAISE_ATTACK_HIT,0,True,Electivire; Ampharos,2,15,0.133,False,False
Engine,Electric,MachineMoves,MOVE_PROTECT,Protect,Normal,Status,0,0,10,MOVE_EFFECT_PROTECT,4,True,Raichu; Electrode; Electivire; Jolteon; Ampharos; Lanturn; Manectric; Luxray; Magnezone; Zapdos; Raikou; Rotom; Plusle; Minun; Pachirisu,15,15,1.0,True,True
Engine,Electric,MachineMoves,MOVE_PSYBEAM,Psybeam,Psychic,Special,65,100,20,MOVE_EFFECT_CONFUSE_HIT,0,True,Lanturn,1,15,0.067,False,False
Engine,Electric,MachineMoves,MOVE_PSYCHIC,Psychic,Psychic,Special,90,100,10,MOVE_EFFECT_LOWER_SP_DEF_HIT,0,True,Electivire,1,15,0.067,True,False
Engine,Electric,MachineMoves,MOVE_PSYCHIC_FANGS,Psychic Fangs,Psychic,Physical,85,100,10,MOVE_EFFECT_REMOVE_SCREENS,0,True,Manectric; Luxray,2,15,0.133,True,False
Engine,Electric,MachineMoves,MOVE_PSYCH_UP,Psych Up,Normal,Status,0,0,10,MOVE_EFFECT_COPY_STAT_CHANGES,0,True,Magnezone; Raikou; Rotom,3,15,0.2,True,False
Engine,Electric,MachineMoves,MOVE_QUASH,Quash,Dark,Status,0,100,15,MOVE_EFFECT_QUASH,0,True,Raikou,1,15,0.067,False,False
Engine,Electric,MachineMoves,MOVE_RAGE,Rage,Normal,Physical,20,100,20,MOVE_EFFECT_RAISE_ATK_WHEN_HIT,0,True,Raichu; Electrode; Jolteon; Zapdos,4,15,0.267,False,False
Engine,Electric,MachineMoves,MOVE_RAIN_DANCE,Rain Dance,Water,Status,0,0,5,MOVE_EFFECT_WEATHER_RAIN,0,True,Raichu; Electrode; Electivire; Jolteon; Ampharos; Lanturn; Manectric; Luxray; Magnezone; Zapdos; Raikou; Rotom; Plusle; Minun; Pachirisu,15,15,1.0,True,True
Engine,Electric,MachineMoves,MOVE_RAZOR_WIND,Razor Wind,Normal,Special,80,100,10,MOVE_EFFECT_CHARGE_TURN_HIGH_CRIT,0,True,Zapdos,1,15,0.067,False,False
Engine,Electric,MachineMoves,MOVE_RECYCLE,Recycle,Normal,Status,0,0,10,MOVE_EFFECT_RECYCLE,0,True,Magnezone,1,15,0.067,True,False
Engine,Electric,MachineMoves,MOVE_REFLECT,Reflect,Psychic,Status,0,0,20,MOVE_EFFECT_SET_REFLECT,0,True,Raichu; Electrode; Electivire; Jolteon; Ampharos; Magnezone; Zapdos; Raikou; Rotom,9,15,0.6,True,True
Engine,Electric,MachineMoves,MOVE_REST,Rest,Psychic,Status,0,0,5,MOVE_EFFECT_RECOVER_HEALTH_AND_SLEEP,0,True,Raichu; Electrode; Electivire; Jolteon; Ampharos; Lanturn; Manectric; Luxray; Magnezone; Zapdos; Raikou; Rotom; Plusle; Minun; Pachirisu,15,15,1.0,True,True
Engine,Electric,MachineMoves,MOVE_RETALIATE,Retaliate,Normal,Physical,70,100,5,MOVE_EFFECT_HIT,0,True,Jolteon,1,15,0.067,False,False
Engine,Electric,MachineMoves,MOVE_RETURN,Return,Normal,Physical,1,100,20,MOVE_EFFECT_POWER_BASED_ON_FRIENDSHIP,0,True,Raichu; Electrode; Electivire; Jolteon; Ampharos; Lanturn; Manectric; Luxray; Magnezone; Zapdos; Raikou; Rotom; Plusle; Minun; Pachirisu,15,15,1.0,True,True
Engine,Electric,MachineMoves,MOVE_REVERSAL,Reversal,Fighting,Physical,1,100,15,MOVE_EFFECT_INCREASE_POWER_WITH_LESS_HP,0,True,Raichu,1,15,0.067,True,False
Engine,Electric,MachineMoves,MOVE_ROAR,Roar,Normal,Status,0,0,20,MOVE_EFFECT_FORCE_SWITCH,-6,True,Jolteon; Ampharos; Manectric; Luxray; Zapdos; Raikou,6,15,0.4,True,True
Engine,Electric,MachineMoves,MOVE_ROCK_CLIMB,Rock Climb,Normal,Physical,90,85,20,MOVE_EFFECT_CONFUSE_HIT,0,True,Electivire; Ampharos; Raikou,3,15,0.2,True,False
Engine,Electric,MachineMoves,MOVE_ROCK_SLIDE,Rock Slide,Rock,Physical,75,90,10,MOVE_EFFECT_FLINCH_HIT,0,True,Electivire,1,15,0.067,True,False
Engine,Electric,MachineMoves,MOVE_ROCK_SMASH,Rock Smash,Fighting,Physical,40,100,15,MOVE_EFFECT_LOWER_DEFENSE_HIT,0,True,Raichu; Electivire; Jolteon; Ampharos; Zapdos; Raikou,6,15,0.4,True,True
Engine,Electric,MachineMoves,MOVE_ROCK_TOMB,Rock Tomb,Rock,Physical,60,95,15,MOVE_EFFECT_LOWER_SPEED_HIT,0,True,Electivire,1,15,0.067,True,False
Engine,Electric,MachineMoves,MOVE_ROLLOUT,Rollout,Rock,Physical,30,90,20,MOVE_EFFECT_DOUBLE_POWER_EACH_TURN_LOCK_INTO,0,True,Raichu; Electrode,2,15,0.133,False,False
Engine,Electric,MachineMoves,MOVE_ROOST,Roost,Flying,Status,0,0,5,MOVE_EFFECT_HEAL_HALF_REMOVE_FLYING_TYPE,0,True,Zapdos,1,15,0.067,True,False
Engine,Electric,MachineMoves,MOVE_ROUND,Round,Normal,Special,60,100,15,MOVE_EFFECT_HIT,0,True,Raichu; Electrode; Electivire; Jolteon; Ampharos; Lanturn; Manectric; Luxray; Magnezone; Zapdos; Raikou; Rotom; Plusle; Minun; Pachirisu,15,15,1.0,False,True
Engine,Electric,MachineMoves,MOVE_SAFEGUARD,Safeguard,Normal,Status,0,0,25,MOVE_EFFECT_PREVENT_STATUS,0,True,Raichu; Ampharos,2,15,0.133,True,False
Engine,Electric,MachineMoves,MOVE_SANDSTORM,Sandstorm,Rock,Status,0,0,10,MOVE_EFFECT_WEATHER_SANDSTORM,0,True,Magnezone; Zapdos; Raikou,3,15,0.2,True,False
Engine,Electric,MachineMoves,MOVE_SCALD,Scald,Water,Special,80,100,15,MOVE_EFFECT_THAW_AND_BURN_HIT,0,True,Lanturn; Raikou,2,15,0.133,True,False
Engine,Electric,MachineMoves,MOVE_SCARY_FACE,Scary Face,Normal,Status,0,100,10,MOVE_EFFECT_SPEED_DOWN_2,0,True,Electrode; Manectric; Luxray; Raikou,4,15,0.267,False,False
Engine,Electric,MachineMoves,MOVE_SCREECH,Screech,Normal,Status,0,85,40,MOVE_EFFECT_DEF_DOWN_2,0,True,Electivire; Lanturn; Magnezone,3,15,0.2,False,False
Engine,Electric,MachineMoves,MOVE_SECRET_POWER,Secret Power,Normal,Physical,70,100,20,MOVE_EFFECT_SECRET_POWER,0,True,Raichu; Electrode; Electivire; Jolteon; Ampharos; Lanturn; Manectric; Luxray; Magnezone; Zapdos; Raikou; Rotom; Plusle; Minun; Pachirisu,15,15,1.0,True,True
Engine,Electric,MachineMoves,MOVE_SEED_BOMB,Seed Bomb,Grass,Physical,80,100,15,MOVE_EFFECT_HIT,0,True,Pachirisu,1,15,0.067,True,False
Engine,Electric,MachineMoves,MOVE_SEISMIC_TOSS,Seismic Toss,Fighting,Physical,1,100,20,MOVE_EFFECT_LEVEL_DAMAGE_FLAT,0,True,Raichu,1,15,0.067,False,False
Engine,Electric,MachineMoves,MOVE_SELF_DESTRUCT,Self-Destruct,Normal,Physical,200,100,5,MOVE_EFFECT_HALVE_DEFENSE,0,True,Electrode; Magnezone,2,15,0.133,False,False
Engine,Electric,MachineMoves,MOVE_SHADOW_BALL,Shadow Ball,Ghost,Special,80,100,15,MOVE_EFFECT_LOWER_SP_DEF_HIT,0,True,Jolteon; Raikou; Rotom,3,15,0.2,True,False
Engine,Electric,MachineMoves,MOVE_SHOCK_WAVE,Shock Wave,Electric,Special,60,0,20,MOVE_EFFECT_BYPASS_ACCURACY,0,True,Raichu; Electrode; Electivire; Jolteon; Ampharos; Lanturn; Manectric; Luxray; Magnezone; Zapdos; Raikou; Rotom; Plusle; Minun; Pachirisu,15,15,1.0,True,True
Engine,Electric,MachineMoves,MOVE_SKILL_SWAP,Skill Swap,Psychic,Status,0,0,10,MOVE_EFFECT_SWITCH_ABILITIES,0,True,Plusle,1,15,0.067,True,False
Engine,Electric,MachineMoves,MOVE_SKULL_BASH,Skull Bash,Normal,Physical,130,100,10,MOVE_EFFECT_CHARGE_TURN_DEF_UP,0,True,Raichu; Electrode; Jolteon,3,15,0.2,False,False
Engine,Electric,MachineMoves,MOVE_SKY_ATTACK,Sky Attack,Flying,Physical,140,90,5,MOVE_EFFECT_CHARGE_TURN_HIGH_CRIT_FLINCH,0,True,Zapdos,1,15,0.067,False,False
Engine,Electric,MachineMoves,MOVE_SKY_DROP,Sky Drop,Flying,Physical,60,100,10,MOVE_EFFECT_HIT,0,True,Zapdos,1,15,0.067,False,False
Engine,Electric,MachineMoves,MOVE_SLEEP_TALK,Sleep Talk,Normal,Status,0,0,10,MOVE_EFFECT_USE_RANDOM_LEARNED_MOVE_SLEEP,0,True,Raichu; Electrode; Electivire; Jolteon; Ampharos; Lanturn; Manectric; Luxray; Magnezone; Zapdos; Raikou; Rotom; Plusle; Minun; Pachirisu,15,15,1.0,True,True
Engine,Electric,MachineMoves,MOVE_SNARL,Snarl,Dark,Special,55,95,15,MOVE_EFFECT_LOWER_SP_ATK_HIT,0,True,Manectric; Luxray; Raikou,3,15,0.2,False,False
Engine,Electric,MachineMoves,MOVE_SNATCH,Snatch,Dark,Status,0,0,10,MOVE_EFFECT_STEAL_STATUS_MOVE,4,True,Rotom,1,15,0.067,True,False
Engine,Electric,MachineMoves,MOVE_SNORE,Snore,Normal,Special,50,100,15,MOVE_EFFECT_DAMAGE_WHILE_ASLEEP,0,True,Raichu; Electrode; Electivire; Jolteon; Ampharos; Lanturn; Manectric; Luxray; Magnezone; Zapdos; Raikou; Rotom,12,15,0.8,False,True
Engine,Electric,MachineMoves,MOVE_SPEED_SWAP,Speed Swap,Psychic,Status,0,0,10,MOVE_EFFECT_HIT,0,True,Raichu,1,15,0.067,False,False
Engine,Electric,MachineMoves,MOVE_SPITE,Spite,Ghost,Status,0,100,10,MOVE_EFFECT_DECREASE_LAST_MOVE_PP,0,True,Rotom,1,15,0.067,True,False
Engine,Electric,MachineMoves,MOVE_STEEL_BEAM,Steel Beam,Steel,Special,140,95,5,MOVE_EFFECT_STEEL_BEAM,0,True,Magnezone,1,15,0.067,True,False
Engine,Electric,MachineMoves,MOVE_STEEL_WING,Steel Wing,Steel,Physical,70,90,25,MOVE_EFFECT_RAISE_DEF_HIT,0,True,Zapdos,1,15,0.067,True,False
Engine,Electric,MachineMoves,MOVE_STOMPING_TANTRUM,StompingTantrum,Ground,Physical,75,100,10,MOVE_EFFECT_HIT,0,True,Electivire; Ampharos,2,15,0.133,False,False
Engine,Electric,MachineMoves,MOVE_STORED_POWER,Stored Power,Psychic,Special,20,100,10,MOVE_EFFECT_HIT,0,True,Jolteon; Rotom,2,15,0.133,True,False
Engine,Electric,MachineMoves,MOVE_STRENGTH,Strength,Normal,Physical,80,100,15,MOVE_EFFECT_HIT,0,True,Raichu; Electivire; Jolteon; Ampharos; Manectric; Luxray; Raikou,7,15,0.467,True,True
Engine,Electric,MachineMoves,MOVE_SUBMISSION,Submission,Fighting,Physical,80,80,20,MOVE_EFFECT_RECOIL_QUARTER,0,True,Raichu,1,15,0.067,False,False
Engine,Electric,MachineMoves,MOVE_SUBSTITUTE,Substitute,Normal,Status,0,0,10,MOVE_EFFECT_SET_SUBSTITUTE,0,True,Raichu; Electrode; Electivire; Jolteon; Ampharos; Lanturn; Manectric; Luxray; Magnezone; Zapdos; Raikou; Rotom; Plusle; Minun; Pachirisu,15,15,1.0,True,True
Engine,Electric,MachineMoves,MOVE_SUNNY_DAY,Sunny Day,Fire,Status,0,0,5,MOVE_EFFECT_WEATHER_SUN,0,True,Jolteon; Ampharos; Luxray; Magnezone; Zapdos; Raikou; Rotom; Pachirisu,8,15,0.533,True,True
Engine,Electric,MachineMoves,MOVE_SUPERCELL_SLAM,Supercell Slam,Electric,Physical,100,95,15,MOVE_EFFECT_CRASH_ON_MISS,0,True,Electrode; Electivire; Ampharos; Luxray; Magnezone; Zapdos; Raikou,7,15,0.467,True,True
Engine,Electric,MachineMoves,MOVE_SUPERPOWER,Superpower,Fighting,Physical,120,100,5,MOVE_EFFECT_USER_ATK_DEF_DOWN_HIT,0,True,Luxray,1,15,0.067,True,False
Engine,Electric,MachineMoves,MOVE_SUPER_FANG,Super Fang,Normal,Physical,1,90,10,MOVE_EFFECT_HALVE_HP,0,True,Plusle; Minun; Pachirisu,3,15,0.2,True,False
Engine,Electric,MachineMoves,MOVE_SURF,Surf,Water,Special,90,100,15,MOVE_EFFECT_DOUBLE_DAMAGE_DIVE,0,True,Raichu; Lanturn,2,15,0.133,True,False
Engine,Electric,MachineMoves,MOVE_SWAGGER,Swagger,Normal,Status,0,85,15,MOVE_EFFECT_ATK_UP_2_STATUS_CONFUSION,0,True,Raichu; Electrode; Electivire; Jolteon; Ampharos; Lanturn; Manectric; Luxray; Magnezone; Zapdos; Raikou; Rotom; Plusle; Minun; Pachirisu,15,15,1.0,True,True
Engine,Electric,MachineMoves,MOVE_SWIFT,Swift,Normal,Special,60,0,20,MOVE_EFFECT_BYPASS_ACCURACY,0,True,Raichu; Electrode; Electivire; Jolteon; Ampharos; Manectric; Luxray; Magnezone; Zapdos; Raikou; Rotom; Plusle; Minun; Pachirisu,14,15,0.933,False,True
Engine,Electric,MachineMoves,MOVE_TAILWIND,Tailwind,Flying,Status,0,0,15,MOVE_EFFECT_DOUBLE_SPEED_3_TURNS,0,True,Zapdos,1,15,0.067,True,False
Engine,Electric,MachineMoves,MOVE_TAKE_DOWN,Take Down,Normal,Physical,90,85,20,MOVE_EFFECT_RECOIL_QUARTER,0,True,Raichu; Electrode; Electivire; Jolteon; Ampharos; Lanturn; Luxray; Magnezone; Zapdos; Raikou; Pachirisu,11,15,0.733,False,True
Engine,Electric,MachineMoves,MOVE_TAUNT,Taunt,Dark,Status,0,100,20,MOVE_EFFECT_TAUNT,0,True,Electrode; Electivire,2,15,0.133,True,False
Engine,Electric,MachineMoves,MOVE_TELEKINESIS,Telekinesis,Psychic,Status,0,0,15,MOVE_EFFECT_HIT,0,True,Rotom,1,15,0.067,False,False
Engine,Electric,MachineMoves,MOVE_TELEPORT,Teleport,Psychic,Status,0,0,20,MOVE_EFFECT_FLEE_FROM_WILD_BATTLE,-6,True,Electrode,1,15,0.067,False,False
Engine,Electric,MachineMoves,MOVE_TERA_BLAST,Tera Blast,Normal,Special,80,100,10,MOVE_EFFECT_HIT,0,True,Raichu; Electrode; Electivire; Jolteon; Ampharos; Lanturn; Luxray; Magnezone; Zapdos; Raikou; Rotom; Plusle; Minun; Pachirisu,14,15,0.933,True,True
Engine,Electric,MachineMoves,MOVE_THIEF,Thief,Dark,Physical,60,100,25,MOVE_EFFECT_STEAL_HELD_ITEM,0,True,Raichu; Electrode; Electivire; Manectric; Luxray; Rotom; Pachirisu,7,15,0.467,True,True
Engine,Electric,MachineMoves,MOVE_THROAT_CHOP,Throat Chop,Dark,Physical,80,100,15,MOVE_EFFECT_THROAT_CHOP,0,True,Luxray; Raikou,2,15,0.133,True,False
Engine,Electric,MachineMoves,MOVE_THUNDER,Thunder,Electric,Special,110,70,10,MOVE_EFFECT_THUNDER,0,True,Raichu; Electrode; Electivire; Jolteon; Ampharos; Lanturn; Manectric; Luxray; Magnezone; Zapdos; Raikou; Rotom; Plusle; Minun; Pachirisu,15,15,1.0,True,True
Engine,Electric,MachineMoves,MOVE_THUNDERBOLT,Thunderbolt,Electric,Special,90,100,15,MOVE_EFFECT_PARALYZE_HIT,0,True,Raichu; Electrode; Electivire; Jolteon; Ampharos; Lanturn; Manectric; Luxray; Magnezone; Zapdos; Raikou; Rotom; Plusle; Minun; Pachirisu,15,15,1.0,True,True
Engine,Electric,MachineMoves,MOVE_THUNDER_FANG,Thunder Fang,Electric,Physical,65,95,15,MOVE_EFFECT_FLINCH_PARALYZE_HIT,0,True,Jolteon; Manectric; Luxray; Raikou; Pachirisu,5,15,0.333,False,True
Engine,Electric,MachineMoves,MOVE_THUNDER_PUNCH,Thunder Punch,Electric,Physical,75,100,15,MOVE_EFFECT_PARALYZE_HIT,0,True,Raichu; Electivire; Ampharos; Plusle; Minun; Pachirisu,6,15,0.4,False,True
Engine,Electric,MachineMoves,MOVE_THUNDER_WAVE,Thunder Wave,Electric,Status,0,90,20,MOVE_EFFECT_STATUS_PARALYZE,0,True,Raichu; Electrode; Electivire; Jolteon; Ampharos; Lanturn; Manectric; Luxray; Magnezone; Zapdos; Raikou; Rotom; Plusle; Minun; Pachirisu,15,15,1.0,True,True
Engine,Electric,MachineMoves,MOVE_TORMENT,Torment,Dark,Status,0,100,15,MOVE_EFFECT_TORMENT,0,True,Electrode; Electivire,2,15,0.133,True,False
Engine,Electric,MachineMoves,MOVE_TOXIC,Toxic,Poison,Status,0,90,10,MOVE_EFFECT_STATUS_BADLY_POISON,0,True,Raichu; Electrode; Electivire; Jolteon; Ampharos; Lanturn; Manectric; Luxray; Magnezone; Zapdos; Raikou; Rotom; Plusle; Minun; Pachirisu,15,15,1.0,True,True
Engine,Electric,MachineMoves,MOVE_TRAILBLAZE,Trailblaze,Grass,Physical,50,100,20,MOVE_EFFECT_RAISE_SPEED_HIT,0,True,Raichu; Electivire; Jolteon; Ampharos; Luxray; Raikou; Plusle; Minun; Pachirisu,9,15,0.6,False,True
Engine,Electric,MachineMoves,MOVE_TRICK,Trick,Psychic,Status,0,100,10,MOVE_EFFECT_SWITCH_HELD_ITEMS,0,True,Rotom,1,15,0.067,True,False
Engine,Electric,MachineMoves,MOVE_TRI_ATTACK,Tri Attack,Normal,Special,80,100,10,MOVE_EFFECT_RANDOM_PRIMARY_STATUS_HIT,0,True,Magnezone,1,15,0.067,True,False
Engine,Electric,MachineMoves,MOVE_UPPER_HAND,Upper Hand,Fighting,Physical,65,100,15,MOVE_EFFECT_HIT,3,True,Raichu,1,15,0.067,True,False
Engine,Electric,MachineMoves,MOVE_UPROAR,Uproar,Normal,Special,90,100,10,MOVE_EFFECT_UPROAR,0,True,Raichu; Electivire; Manectric; Rotom; Plusle; Minun; Pachirisu,7,15,0.467,True,True
Engine,Electric,MachineMoves,MOVE_U_TURN,U-turn,Bug,Physical,70,100,20,MOVE_EFFECT_SWITCH_HIT,0,True,Zapdos; Pachirisu,2,15,0.133,True,False
Engine,Electric,MachineMoves,MOVE_VOLT_SWITCH,Volt Switch,Electric,Special,70,100,20,MOVE_EFFECT_SWITCH_HIT,0,True,Raichu; Electrode; Electivire; Jolteon; Ampharos; Lanturn; Manectric; Luxray; Magnezone; Zapdos; Raikou; Rotom; Plusle; Minun; Pachirisu,15,15,1.0,False,True
Engine,Electric,MachineMoves,MOVE_WATERFALL,Waterfall,Water,Physical,80,100,15,MOVE_EFFECT_FLINCH_HIT,0,True,Lanturn,1,15,0.067,True,False
Engine,Electric,MachineMoves,MOVE_WATER_PULSE,Water Pulse,Water,Special,60,100,20,MOVE_EFFECT_CONFUSE_HIT,0,True,Lanturn,1,15,0.067,True,False
Engine,Electric,MachineMoves,MOVE_WEATHER_BALL,Weather Ball,Normal,Special,50,100,10,MOVE_EFFECT_CHANGE_TYPE_WITH_WEATHER,0,True,Electivire; Jolteon; Zapdos; Raikou,4,15,0.267,True,False
Engine,Electric,MachineMoves,MOVE_WHIRLPOOL,Whirlpool,Water,Special,35,85,15,MOVE_EFFECT_WHIRLPOOL,0,True,Lanturn,1,15,0.067,True,False
Engine,Electric,MachineMoves,MOVE_WHIRLWIND,Whirlwind,Normal,Status,0,0,20,MOVE_EFFECT_FORCE_SWITCH,-6,True,Zapdos,1,15,0.067,False,False
Engine,Electric,MachineMoves,MOVE_WILD_CHARGE,Wild Charge,Electric,Physical,90,100,15,MOVE_EFFECT_RECOIL_THIRD,0,True,Raichu; Electrode; Electivire; Jolteon; Ampharos; Lanturn; Manectric; Luxray; Magnezone; Zapdos; Raikou; Plusle; Minun; Pachirisu,14,15,0.933,True,True
Engine,Electric,MachineMoves,MOVE_WILL_O_WISP,Will-O-Wisp,Fire,Status,0,85,15,MOVE_EFFECT_STATUS_BURN,0,True,Rotom,1,15,0.067,True,False
Engine,Electric,MachineMoves,MOVE_WORK_UP,Work Up,Normal,Status,0,0,30,MOVE_EFFECT_ATK_SP_ATK_UP,0,True,Jolteon,1,15,0.067,True,False
Engine,Electric,MachineMoves,MOVE_ZAP_CANNON,Zap Cannon,Electric,Special,120,50,5,MOVE_EFFECT_PARALYZE_HIT,0,True,Raichu; Electrode; Jolteon; Ampharos; Lanturn; Zapdos; Raikou,7,15,0.467,False,True
Engine,Electric,TutorMoves,MOVE_AFTER_YOU,After You,Normal,Status,0,0,15,MOVE_EFFECT_AFTER_YOU,0,True,Ampharos,1,15,0.067,False,False
Engine,Electric,TutorMoves,MOVE_AIR_CUTTER,Air Cutter,Flying,Special,60,95,25,MOVE_EFFECT_HIGH_CRITICAL,0,True,Zapdos,1,15,0.067,True,False
Engine,Electric,TutorMoves,MOVE_ALLY_SWITCH,Ally Switch,Psychic,Status,0,0,15,MOVE_EFFECT_HIT,2,True,Magnezone; Rotom,2,15,0.133,False,False
Engine,Electric,TutorMoves,MOVE_ANCIENT_POWER,Ancient Power,Rock,Special,60,100,5,MOVE_EFFECT_RAISE_ALL_STATS_HIT,0,True,Zapdos,1,15,0.067,True,False
Engine,Electric,TutorMoves,MOVE_AQUA_TAIL,Aqua Tail,Water,Physical,90,90,10,MOVE_EFFECT_HIT,0,True,Lanturn,1,15,0.067,True,False
Engine,Electric,TutorMoves,MOVE_BODY_SLAM,Body Slam,Normal,Physical,85,100,15,MOVE_EFFECT_PARALYZE_HIT,0,True,Raichu; Jolteon; Ampharos; Manectric; Raikou; Plusle; Minun,7,15,0.467,False,True
Engine,Electric,TutorMoves,MOVE_BOUNCE,Bounce,Flying,Physical,85,85,5,MOVE_EFFECT_BOUNCE,0,True,Lanturn,1,15,0.067,True,False
Engine,Electric,TutorMoves,MOVE_COUNTER,Counter,Fighting,Physical,1,100,20,MOVE_EFFECT_COUNTER,-5,True,Raichu; Ampharos; Plusle; Minun,4,15,0.267,False,False
Engine,Electric,TutorMoves,MOVE_COVET,Covet,Normal,Physical,60,100,25,MOVE_EFFECT_STEAL_HELD_ITEM,0,True,Raichu; Electivire; Jolteon; Plusle; Minun; Pachirisu,6,15,0.4,False,True
Engine,Electric,TutorMoves,MOVE_DARK_PULSE,Dark Pulse,Dark,Special,80,100,15,MOVE_EFFECT_FLINCH_HIT,0,True,Rotom,1,15,0.067,False,False
Engine,Electric,TutorMoves,MOVE_DEFENSE_CURL,Defense Curl,Normal,Status,0,0,40,MOVE_EFFECT_DEF_UP_DOUBLE_ROLLOUT_POWER,0,True,Raichu; Ampharos; Plusle; Minun,4,15,0.267,False,False
Engine,Electric,TutorMoves,MOVE_DEFOG,Defog,Flying,Status,0,0,15,MOVE_EFFECT_REMOVE_HAZARDS_SCREENS_EVA_DOWN,0,True,Zapdos; Rotom,2,15,0.133,False,False
Engine,Electric,TutorMoves,MOVE_DIVE,Dive,Water,Physical,80,100,10,MOVE_EFFECT_DIVE,0,True,Lanturn,1,15,0.067,True,False
Engine,Electric,TutorMoves,MOVE_DOUBLE_EDGE,Double-Edge,Normal,Physical,120,100,15,MOVE_EFFECT_RECOIL_THIRD,0,True,Raichu; Jolteon; Ampharos; Lanturn; Manectric; Zapdos; Raikou; Plusle; Minun,9,15,0.6,False,True
Engine,Electric,TutorMoves,MOVE_DRAGON_PULSE,Dragon Pulse,Dragon,Special,85,100,10,MOVE_EFFECT_HIT,0,True,Ampharos,1,15,0.067,False,False
Engine,Electric,TutorMoves,MOVE_DUAL_CHOP,Dual Chop,Dragon,Physical,40,90,15,MOVE_EFFECT_HIT_TWICE,0,True,Electivire,1,15,0.067,False,False
Engine,Electric,TutorMoves,MOVE_DUAL_WINGBEAT,Dual Wingbeat,Flying,Physical,40,90,10,MOVE_EFFECT_HIT_TWICE,0,True,Zapdos,1,15,0.067,False,False
Engine,Electric,TutorMoves,MOVE_DYNAMIC_PUNCH,Dynamic Punch,Fighting,Physical,100,50,5,MOVE_EFFECT_CONFUSE_HIT,0,True,Raichu; Ampharos; Plusle; Minun,4,15,0.267,False,False
Engine,Electric,TutorMoves,MOVE_ELECTROWEB,Electroweb,Electric,Special,55,95,15,MOVE_EFFECT_LOWER_SPEED_HIT,0,True,Raichu; Electivire; Ampharos; Magnezone; Rotom; Plusle; Minun; Pachirisu,8,15,0.533,False,True
Engine,Electric,TutorMoves,MOVE_ENDURE,Endure,Normal,Status,0,0,10,MOVE_EFFECT_SURVIVE_WITH_1_HP,4,True,Raichu; Electrode; Jolteon; Ampharos; Lanturn; Manectric; Zapdos; Raikou; Plusle; Minun,10,15,0.667,False,True
Engine,Electric,TutorMoves,MOVE_EXPLOSION,Explosion,Normal,Physical,250,100,5,MOVE_EFFECT_HALVE_DEFENSE,0,True,Electrode,1,15,0.067,False,False
Engine,Electric,TutorMoves,MOVE_FIRE_PUNCH,Fire Punch,Fire,Physical,75,100,15,MOVE_EFFECT_BURN_HIT,0,True,Electivire; Ampharos,2,15,0.133,True,False
Engine,Electric,TutorMoves,MOVE_FOCUS_PUNCH,Focus Punch,Fighting,Physical,150,100,20,MOVE_EFFECT_HIT_LAST_WHIFF_IF_HIT,-3,True,Raichu; Electivire; Ampharos,3,15,0.2,False,False
Engine,Electric,TutorMoves,MOVE_FOUL_PLAY,Foul Play,Dark,Physical,95,100,15,MOVE_EFFECT_HIT,0,True,Electrode; Rotom,2,15,0.133,False,False
Engine,Electric,TutorMoves,MOVE_FURY_CUTTER,Fury Cutter,Bug,Physical,40,95,20,MOVE_EFFECT_DOUBLE_POWER_EACH_TURN,0,True,Luxray,1,15,0.067,True,False
Engine,Electric,TutorMoves,MOVE_GRAVITY,Gravity,Psychic,Status,0,0,5,MOVE_EFFECT_GRAVITY,0,True,Magnezone,1,15,0.067,True,False
Engine,Electric,TutorMoves,MOVE_GUNK_SHOT,Gunk Shot,Poison,Physical,120,80,5,MOVE_EFFECT_POISON_HIT,0,True,Pachirisu,1,15,0.067,True,False
Engine,Electric,TutorMoves,MOVE_HEADBUTT,Headbutt,Normal,Physical,70,100,15,MOVE_EFFECT_FLINCH_HIT,0,True,Raichu; Electrode; Electivire; Jolteon; Ampharos; Manectric; Luxray; Raikou; Plusle; Minun; Pachirisu,11,15,0.733,True,True
Engine,Electric,TutorMoves,MOVE_HEAL_BELL,Heal Bell,Normal,Status,0,0,5,MOVE_EFFECT_CURE_PARTY_STATUS,0,True,Jolteon; Ampharos; Lanturn,3,15,0.2,True,False
Engine,Electric,TutorMoves,MOVE_HEAT_WAVE,Heat Wave,Fire,Special,95,90,10,MOVE_EFFECT_BURN_HIT,0,True,Zapdos,1,15,0.067,True,False
Engine,Electric,TutorMoves,MOVE_HELPING_HAND,Helping Hand,Normal,Status,0,0,20,MOVE_EFFECT_BOOST_ALLY_POWER_BY_50_PERCENT,5,True,Raichu; Electivire; Jolteon; Luxray; Plusle; Minun; Pachirisu,7,15,0.467,True,True
Engine,Electric,TutorMoves,MOVE_HYPER_VOICE,Hyper Voice,Normal,Special,90,100,10,MOVE_EFFECT_HIT,0,True,Jolteon,1,15,0.067,False,False
Engine,Electric,TutorMoves,MOVE_ICE_BEAM,Ice Beam,Ice,Special,90,100,10,MOVE_EFFECT_FREEZE_HIT,0,True,Lanturn,1,15,0.067,False,False
Engine,Electric,TutorMoves,MOVE_ICE_PUNCH,Ice Punch,Ice,Physical,75,100,15,MOVE_EFFECT_FREEZE_HIT,0,True,Electivire,1,15,0.067,True,False
Engine,Electric,TutorMoves,MOVE_ICY_WIND,Icy Wind,Ice,Special,55,95,15,MOVE_EFFECT_LOWER_SPEED_HIT,0,True,Lanturn,1,15,0.067,True,False
Engine,Electric,TutorMoves,MOVE_IRON_DEFENSE,Iron Defense,Steel,Status,0,0,15,MOVE_EFFECT_DEF_UP_2,0,True,Magnezone,1,15,0.067,True,False
Engine,Electric,TutorMoves,MOVE_IRON_HEAD,Iron Head,Steel,Physical,80,100,15,MOVE_EFFECT_FLINCH_HIT,0,True,Magnezone; Raikou,2,15,0.133,True,False
Engine,Electric,TutorMoves,MOVE_IRON_TAIL,Iron Tail,Steel,Physical,100,75,15,MOVE_EFFECT_LOWER_DEFENSE_HIT,0,True,Raichu; Electivire; Jolteon; Ampharos; Manectric; Luxray; Raikou; Plusle; Minun; Pachirisu,10,15,0.667,False,True
Engine,Electric,TutorMoves,MOVE_KNOCK_OFF,Knock Off,Dark,Physical,65,100,20,MOVE_EFFECT_REMOVE_HELD_ITEM,0,True,Raichu,1,15,0.067,True,False
Engine,Electric,TutorMoves,MOVE_LASER_FOCUS,Laser Focus,Normal,Status,0,0,30,MOVE_EFFECT_LASER_FOCUS,0,True,Raichu; Jolteon; Ampharos; Manectric; Luxray; Zapdos; Raikou; Pachirisu,8,15,0.533,False,True
Engine,Electric,TutorMoves,MOVE_LAST_RESORT,Last Resort,Normal,Physical,140,100,5,MOVE_EFFECT_FAIL_IF_NOT_USED_ALL_OTHER_MOVES,0,True,Jolteon; Plusle; Minun; Pachirisu,4,15,0.267,True,False
Engine,Electric,TutorMoves,MOVE_LOW_KICK,Low Kick,Fighting,Physical,1,100,20,MOVE_EFFECT_INCREASE_POWER_WITH_WEIGHT,0,True,Electivire,1,15,0.067,True,False
Engine,Electric,TutorMoves,MOVE_MAGIC_COAT,Magic Coat,Psychic,Status,0,0,15,MOVE_EFFECT_MAGIC_COAT,4,True,Electrode; Magnezone,2,15,0.133,True,False
Engine,Electric,TutorMoves,MOVE_MAGNET_RISE,Magnet Rise,Electric,Status,0,0,10,MOVE_EFFECT_GIVE_GROUND_IMMUNITY,0,True,Raichu; Electrode; Electivire; Jolteon; Ampharos; Manectric; Luxray; Magnezone; Raikou; Plusle; Minun; Pachirisu,12,15,0.8,True,True
Engine,Electric,TutorMoves,MOVE_MEGA_KICK,Mega Kick,Normal,Physical,120,75,5,MOVE_EFFECT_HIT,0,True,Raichu; Ampharos; Plusle; Minun,4,15,0.267,False,False
Engine,Electric,TutorMoves,MOVE_MEGA_PUNCH,Mega Punch,Normal,Physical,80,85,20,MOVE_EFFECT_HIT,0,True,Raichu; Ampharos; Plusle; Minun,4,15,0.267,False,False
Engine,Electric,TutorMoves,MOVE_METRONOME,Metronome,Normal,Status,0,0,10,MOVE_EFFECT_CALL_RANDOM_MOVE,0,True,Plusle; Minun,2,15,0.133,False,False
Engine,Electric,TutorMoves,MOVE_MIMIC,Mimic,Normal,Status,0,0,10,MOVE_EFFECT_COPY_MOVE_FOR_BATTLE,0,True,Raichu; Electrode; Jolteon; Ampharos; Lanturn; Manectric; Zapdos; Raikou; Plusle; Minun,10,15,0.667,False,True
Engine,Electric,TutorMoves,MOVE_MUD_SLAP,Mud-Slap,Ground,Special,20,100,10,MOVE_EFFECT_LOWER_ACCURACY_HIT,0,True,Raichu; Electivire; Jolteon; Manectric; Luxray; Zapdos; Raikou; Rotom; Plusle; Minun; Pachirisu,11,15,0.733,True,True
Engine,Electric,TutorMoves,MOVE_OMINOUS_WIND,Ominous Wind,Ghost,Special,60,100,5,MOVE_EFFECT_RAISE_ALL_STATS_HIT,0,True,Zapdos; Rotom,2,15,0.133,True,False
Engine,Electric,TutorMoves,MOVE_OUTRAGE,Outrage,Dragon,Physical,120,100,10,MOVE_EFFECT_CONTINUE_AND_CONFUSE_SELF,0,True,Ampharos,1,15,0.067,True,False
Engine,Electric,TutorMoves,MOVE_PAIN_SPLIT,Pain Split,Normal,Status,0,0,20,MOVE_EFFECT_AVERAGE_HP,0,True,Rotom,1,15,0.067,True,False
Engine,Electric,TutorMoves,MOVE_POLTERGEIST,Poltergeist,Ghost,Physical,110,90,5,MOVE_EFFECT_POLTERGEIST,0,True,Rotom,1,15,0.067,False,False
Engine,Electric,TutorMoves,MOVE_PSYCH_UP,Psych Up,Normal,Status,0,0,10,MOVE_EFFECT_COPY_STAT_CHANGES,0,True,Raikou,1,15,0.067,False,False
Engine,Electric,TutorMoves,MOVE_RECYCLE,Recycle,Normal,Status,0,0,10,MOVE_EFFECT_RECYCLE,0,True,Magnezone,1,15,0.067,False,False
Engine,Electric,TutorMoves,MOVE_RISING_VOLTAGE,Rising Voltage,Electric,Special,70,100,20,MOVE_EFFECT_HIT,0,True,Raichu; Electivire; Jolteon; Lanturn; Manectric; Luxray; Magnezone; Zapdos; Raikou; Rotom,10,15,0.667,False,True
Engine,Electric,TutorMoves,MOVE_ROLLOUT,Rollout,Rock,Physical,30,90,20,MOVE_EFFECT_DOUBLE_POWER_EACH_TURN_LOCK_INTO,0,True,Raichu; Electrode; Magnezone; Plusle; Minun; Pachirisu,6,15,0.4,True,True
Engine,Electric,TutorMoves,MOVE_ROOST,Roost,Flying,Status,0,0,5,MOVE_EFFECT_HEAL_HALF_REMOVE_FLYING_TYPE,0,True,Zapdos,1,15,0.067,False,False
Engine,Electric,TutorMoves,MOVE_SEED_BOMB,Seed Bomb,Grass,Physical,80,100,15,MOVE_EFFECT_HIT,0,True,Pachirisu,1,15,0.067,True,False
Engine,Electric,TutorMoves,MOVE_SEISMIC_TOSS,Seismic Toss,Fighting,Physical,1,100,20,MOVE_EFFECT_LEVEL_DAMAGE_FLAT,0,True,Raichu; Ampharos; Plusle; Minun,4,15,0.267,False,False
Engine,Electric,TutorMoves,MOVE_SELF_DESTRUCT,Self-Destruct,Normal,Physical,200,100,5,MOVE_EFFECT_HALVE_DEFENSE,0,True,Electrode,1,15,0.067,False,False
Engine,Electric,TutorMoves,MOVE_SHOCK_WAVE,Shock Wave,Electric,Special,60,0,20,MOVE_EFFECT_BYPASS_ACCURACY,0,True,Raichu; Electrode; Electivire; Jolteon; Ampharos; Lanturn; Manectric; Luxray; Magnezone; Zapdos; Raikou; Rotom; Plusle; Minun; Pachirisu,15,15,1.0,False,True
Engine,Electric,TutorMoves,MOVE_SIGNAL_BEAM,Signal Beam,Bug,Special,75,100,15,MOVE_EFFECT_CONFUSE_HIT,0,True,Raichu; Electrode; Electivire; Jolteon; Ampharos; Lanturn; Manectric; Luxray; Magnezone; Zapdos; Raikou; Rotom; Plusle; Minun,14,15,0.933,True,True
Engine,Electric,TutorMoves,MOVE_SKY_ATTACK,Sky Attack,Flying,Physical,140,90,5,MOVE_EFFECT_CHARGE_TURN_HIGH_CRIT_FLINCH,0,True,Zapdos,1,15,0.067,True,False
Engine,Electric,TutorMoves,MOVE_SLEEP_TALK,Sleep Talk,Normal,Status,0,0,10,MOVE_EFFECT_USE_RANDOM_LEARNED_MOVE_SLEEP,0,True,Raichu; Electrode; Electivire; Jolteon; Ampharos; Lanturn; Manectric; Luxray; Magnezone; Zapdos; Raikou; Rotom; Plusle; Minun; Pachirisu,15,15,1.0,False,True
Engine,Electric,TutorMoves,MOVE_SNATCH,Snatch,Dark,Status,0,0,10,MOVE_EFFECT_STEAL_STATUS_MOVE,4,True,Rotom,1,15,0.067,False,False
Engine,Electric,TutorMoves,MOVE_SNORE,Snore,Normal,Special,50,100,15,MOVE_EFFECT_DAMAGE_WHILE_ASLEEP,0,True,Raichu; Electrode; Electivire; Jolteon; Ampharos; Lanturn; Manectric; Luxray; Magnezone; Zapdos; Raikou; Rotom; Plusle; Minun; Pachirisu,15,15,1.0,True,True
Engine,Electric,TutorMoves,MOVE_SPITE,Spite,Ghost,Status,0,100,10,MOVE_EFFECT_DECREASE_LAST_MOVE_PP,0,True,Rotom,1,15,0.067,True,False
Engine,Electric,TutorMoves,MOVE_STEEL_BEAM,Steel Beam,Steel,Special,140,95,5,MOVE_EFFECT_STEEL_BEAM,0,True,Magnezone,1,15,0.067,False,False
Engine,Electric,TutorMoves,MOVE_STEEL_ROLLER,Steel Roller,Steel,Physical,130,100,5,MOVE_EFFECT_END_TERRAIN,0,True,Magnezone,1,15,0.067,False,False
Engine,Electric,TutorMoves,MOVE_STOMPING_TANTRUM,StompingTantrum,Ground,Physical,75,100,10,MOVE_EFFECT_HIT,0,True,Electivire,1,15,0.067,False,False
Engine,Electric,TutorMoves,MOVE_SUBSTITUTE,Substitute,Normal,Status,0,0,10,MOVE_EFFECT_SET_SUBSTITUTE,0,True,Raichu; Electrode; Jolteon; Ampharos; Lanturn; Manectric; Zapdos; Raikou; Plusle; Minun,10,15,0.667,False,True
Engine,Electric,TutorMoves,MOVE_SUCKER_PUNCH,Sucker Punch,Dark,Physical,70,100,5,MOVE_EFFECT_HIT_FIRST_IF_TARGET_ATTACKING,1,True,Electrode; Lanturn; Rotom,3,15,0.2,True,False
Engine,Electric,TutorMoves,MOVE_SUPERPOWER,Superpower,Fighting,Physical,120,100,5,MOVE_EFFECT_USER_ATK_DEF_DOWN_HIT,0,True,Luxray,1,15,0.067,True,False
Engine,Electric,TutorMoves,MOVE_SUPER_FANG,Super Fang,Normal,Physical,1,90,10,MOVE_EFFECT_HALVE_HP,0,True,Pachirisu,1,15,0.067,True,False
Engine,Electric,TutorMoves,MOVE_SWAGGER,Swagger,Normal,Status,0,85,15,MOVE_EFFECT_ATK_UP_2_STATUS_CONFUSION,0,True,Raichu; Electrode; Jolteon; Ampharos; Lanturn; Manectric; Zapdos; Raikou; Plusle; Minun,10,15,0.667,False,True
Engine,Electric,TutorMoves,MOVE_SWIFT,Swift,Normal,Special,60,0,20,MOVE_EFFECT_BYPASS_ACCURACY,0,True,Raichu; Electrode; Electivire; Jolteon; Ampharos; Manectric; Luxray; Magnezone; Zapdos; Raikou; Rotom; Plusle; Minun; Pachirisu,14,15,0.933,True,True
Engine,Electric,TutorMoves,MOVE_TAILWIND,Tailwind,Flying,Status,0,0,15,MOVE_EFFECT_DOUBLE_SPEED_3_TURNS,0,True,Zapdos,1,15,0.067,True,False
Engine,Electric,TutorMoves,MOVE_TELEKINESIS,Telekinesis,Psychic,Status,0,0,15,MOVE_EFFECT_HIT,0,True,Electrode; Rotom,2,15,0.133,False,False
Engine,Electric,TutorMoves,MOVE_THROAT_CHOP,Throat Chop,Dark,Physical,80,100,15,MOVE_EFFECT_THROAT_CHOP,0,True,Luxray; Raikou,2,15,0.133,False,False
Engine,Electric,TutorMoves,MOVE_THUNDERBOLT,Thunderbolt,Electric,Special,90,100,15,MOVE_EFFECT_PARALYZE_HIT,0,True,Raichu; Electrode; Jolteon; Ampharos; Lanturn; Zapdos; Raikou,7,15,0.467,False,True
Engine,Electric,TutorMoves,MOVE_THUNDER_PUNCH,Thunder Punch,Electric,Physical,75,100,15,MOVE_EFFECT_PARALYZE_HIT,0,True,Raichu; Electivire; Ampharos; Plusle; Minun; Pachirisu,6,15,0.4,True,True
Engine,Electric,TutorMoves,MOVE_THUNDER_WAVE,Thunder Wave,Electric,Status,0,90,20,MOVE_EFFECT_STATUS_PARALYZE,0,True,Raichu; Electrode; Jolteon; Ampharos; Lanturn; Manectric; Zapdos; Raikou; Plusle; Minun,10,15,0.667,False,True
Engine,Electric,TutorMoves,MOVE_TRICK,Trick,Psychic,Status,0,100,10,MOVE_EFFECT_SWITCH_HELD_ITEMS,0,True,Rotom,1,15,0.067,True,False
Engine,Electric,TutorMoves,MOVE_TWISTER,Twister,Dragon,Special,40,100,20,MOVE_EFFECT_FLINCH_DOUBLE_DAMAGE_FLY_OR_BOUNCE,0,True,Zapdos,1,15,0.067,True,False
Engine,Electric,TutorMoves,MOVE_UPROAR,Uproar,Normal,Special,90,100,10,MOVE_EFFECT_UPROAR,0,True,Manectric; Rotom; Plusle; Minun; Pachirisu,5,15,0.333,True,True
Engine,Electric,TutorMoves,MOVE_WATER_PULSE,Water Pulse,Water,Special,60,100,20,MOVE_EFFECT_CONFUSE_HIT,0,True,Lanturn,1,15,0.067,False,False
Engine,Fighting,MachineMoves,MOVE_ACID_SPRAY,Acid Spray,Poison,Special,40,100,20,MOVE_EFFECT_LOWER_SP_DEF_2_HIT,0,True,Toxicroak,1,13,0.077,False,False
Engine,Fighting,MachineMoves,MOVE_ACROBATICS,Acrobatics,Flying,Physical,55,100,15,MOVE_EFFECT_DOUBLE_POWER_WITHOUT_ITEM,0,True,Primeape; Infernape; Blaziken,3,13,0.231,False,False
Engine,Fighting,MachineMoves,MOVE_AERIAL_ACE,Aerial Ace,Flying,Physical,60,0,20,MOVE_EFFECT_BYPASS_ACCURACY,0,True,Primeape; Heracross; Medicham; Breloom; Gallade; Lucario; Infernape; Blaziken; Toxicroak,9,13,0.692,True,True
Engine,Fighting,MachineMoves,MOVE_AGILITY,Agility,Psychic,Status,0,0,30,MOVE_EFFECT_SPEED_UP_2,0,True,Hitmonchan; Gallade; Lucario; Infernape; Blaziken,5,13,0.385,True,True
Engine,Fighting,MachineMoves,MOVE_AIR_SLASH,Air Slash,Flying,Special,75,95,15,MOVE_EFFECT_FLINCH_HIT,0,True,Gallade,1,13,0.077,False,False
Engine,Fighting,MachineMoves,MOVE_ALLURING_VOICE,Alluring Voice,Fairy,Special,80,100,10,MOVE_EFFECT_HIT,0,True,Gallade,1,13,0.077,True,False
Engine,Fighting,MachineMoves,MOVE_ALLY_SWITCH,Ally Switch,Psychic,Status,0,0,15,MOVE_EFFECT_HIT,2,True,Gallade,1,13,0.077,True,False
Engine,Fighting,MachineMoves,MOVE_AMNESIA,Amnesia,Psychic,Status,0,0,20,MOVE_EFFECT_SP_DEF_UP_2,0,True,Poliwrath,1,13,0.077,True,False
Engine,Fighting,MachineMoves,MOVE_ASSURANCE,Assurance,Dark,Physical,60,100,10,MOVE_EFFECT_DOUBLE_POWER_IF_TARGET_HIT,0,True,Machamp; Heracross; Blaziken; Toxicroak,4,13,0.308,False,False
Engine,Fighting,MachineMoves,MOVE_ATTRACT,Attract,Normal,Status,0,100,15,MOVE_EFFECT_INFATUATE,0,True,Machamp; Primeape; Hitmonchan; Heracross; Hariyama; Medicham; Breloom; Gallade; Lucario; Infernape; Blaziken; Poliwrath; Toxicroak,13,13,1.0,True,True
Engine,Fighting,MachineMoves,MOVE_AURA_SPHERE,Aura Sphere,Fighting,Special,80,0,20,MOVE_EFFECT_BYPASS_ACCURACY,0,True,Hitmonchan; Medicham; Gallade; Lucario; Infernape; Blaziken,6,13,0.462,True,True
Engine,Fighting,MachineMoves,MOVE_BATON_PASS,Baton Pass,Normal,Status,0,0,40,MOVE_EFFECT_PASS_STATS_AND_STATUS,0,True,Hitmonchan; Medicham; Blaziken; Poliwrath; Toxicroak,5,13,0.385,True,True
Engine,Fighting,MachineMoves,MOVE_BIDE,Bide,Normal,Physical,1,0,10,MOVE_EFFECT_BIDE,1,True,Machamp; Primeape; Hitmonchan; Poliwrath,4,13,0.308,False,False
Engine,Fighting,MachineMoves,MOVE_BLAST_BURN,Blast Burn,Fire,Special,150,90,5,MOVE_EFFECT_RECHARGE_AFTER,0,True,Infernape; Blaziken,2,13,0.154,True,False
Engine,Fighting,MachineMoves,MOVE_BLAZE_KICK,Blaze Kick,Fire,Physical,85,90,10,MOVE_EFFECT_HIGH_CRITICAL_BURN_HIT,0,True,Lucario; Blaziken,2,13,0.154,True,False
Engine,Fighting,MachineMoves,MOVE_BLIZZARD,Blizzard,Ice,Special,110,70,5,MOVE_EFFECT_BLIZZARD,0,True,Poliwrath,1,13,0.077,True,False
Engine,Fighting,MachineMoves,MOVE_BODY_PRESS,Body Press,Fighting,Physical,80,100,10,MOVE_EFFECT_HIT,0,True,Hariyama,1,13,0.077,True,True
Engine,Fighting,MachineMoves,MOVE_BODY_SLAM,Body Slam,Normal,Physical,85,100,15,MOVE_EFFECT_PARALYZE_HIT,0,True,Machamp; Primeape; Hitmonchan; Heracross; Hariyama; Medicham; Breloom; Gallade; Lucario; Infernape; Blaziken; Poliwrath,12,13,0.923,True,True
Engine,Fighting,MachineMoves,MOVE_BOUNCE,Bounce,Flying,Physical,85,85,5,MOVE_EFFECT_BOUNCE,0,True,Blaziken; Toxicroak,2,13,0.154,False,False
Engine,Fighting,MachineMoves,MOVE_BRAVE_BIRD,Brave Bird,Flying,Physical,120,100,15,MOVE_EFFECT_RECOIL_THIRD,0,True,Blaziken,1,13,0.077,True,False
Engine,Fighting,MachineMoves,MOVE_BRICK_BREAK,Brick Break,Fighting,Physical,75,100,15,MOVE_EFFECT_REMOVE_SCREENS,0,True,Machamp; Primeape; Hitmonchan; Heracross; Hariyama; Medicham; Breloom; Gallade; Lucario; Infernape; Blaziken; Poliwrath; Toxicroak,13,13,1.0,True,True
Engine,Fighting,MachineMoves,MOVE_BRINE,Brine,Water,Special,65,100,10,MOVE_EFFECT_DOUBLE_POWER_WHEN_BELOW_HALF,0,True,Hariyama,1,13,0.077,True,False
Engine,Fighting,MachineMoves,MOVE_BRUTAL_SWING,Brutal Swing,Dark,Physical,60,100,20,MOVE_EFFECT_HIT,0,True,Heracross,1,13,0.077,False,False
Engine,Fighting,MachineMoves,MOVE_BUBBLE_BEAM,Bubble Beam,Water,Special,65,100,20,MOVE_EFFECT_LOWER_SPEED_HIT,0,True,Poliwrath,1,13,0.077,False,False
Engine,Fighting,MachineMoves,MOVE_BUG_BITE,Bug Bite,Bug,Physical,60,100,20,MOVE_EFFECT_EAT_BERRY,0,True,Heracross,1,13,0.077,True,False
Engine,Fighting,MachineMoves,MOVE_BUG_BUZZ,Bug Buzz,Bug,Special,90,100,10,MOVE_EFFECT_LOWER_SP_DEF_HIT,0,True,Heracross,1,13,0.077,True,False
Engine,Fighting,MachineMoves,MOVE_BULK_UP,Bulk Up,Fighting,Status,0,0,20,MOVE_EFFECT_ATK_DEF_UP,0,True,Machamp; Primeape; Hitmonchan; Heracross; Hariyama; Medicham; Breloom; Gallade; Lucario; Infernape; Blaziken; Poliwrath; Toxicroak,13,13,1.0,True,True
Engine,Fighting,MachineMoves,MOVE_BULLDOZE,Bulldoze,Ground,Physical,60,100,20,MOVE_EFFECT_LOWER_SPEED_HIT,0,True,Machamp; Primeape; Hitmonchan; Heracross; Hariyama; Breloom; Gallade; Lucario; Infernape; Blaziken; Poliwrath; Toxicroak,12,13,0.923,False,True
Engine,Fighting,MachineMoves,MOVE_BULLET_SEED,Bullet Seed,Grass,Physical,25,100,30,MOVE_EFFECT_MULTI_HIT,0,True,Heracross; Breloom,2,13,0.154,True,False
Engine,Fighting,MachineMoves,MOVE_BURNING_JEALOUSY,BurningJealousy,Fire,Special,70,100,5,MOVE_EFFECT_BURN_HIT,0,True,Infernape,1,13,0.077,True,False
Engine,Fighting,MachineMoves,MOVE_CALM_MIND,Calm Mind,Psychic,Status,0,0,20,MOVE_EFFECT_SP_ATK_SP_DEF_UP,0,True,Medicham; Gallade; Lucario; Infernape,4,13,0.308,True,False
Engine,Fighting,MachineMoves,MOVE_CAPTIVATE,Captivate,Normal,Status,0,100,20,MOVE_EFFECT_SP_ATK_DOWN_2_OPPOSITE_GENDER,0,True,Machamp; Primeape; Hitmonchan; Heracross; Hariyama; Medicham; Breloom; Gallade; Lucario; Infernape; Blaziken; Poliwrath; Toxicroak,13,13,1.0,True,True
Engine,Fighting,MachineMoves,MOVE_CHARGE_BEAM,Charge Beam,Electric,Special,50,90,10,MOVE_EFFECT_RAISE_SP_ATK_HIT,0,True,Gallade,1,13,0.077,True,False
Engine,Fighting,MachineMoves,MOVE_CHARM,Charm,Fairy,Status,0,100,20,MOVE_EFFECT_ATK_DOWN_2,0,True,Breloom; Gallade,2,13,0.154,False,False
Engine,Fighting,MachineMoves,MOVE_CHILLING_WATER,Chilling Water,Water,Special,50,100,20,MOVE_EFFECT_LOWER_ATTACK_HIT,0,True,Hariyama; Poliwrath; Toxicroak,3,13,0.231,False,False
Engine,Fighting,MachineMoves,MOVE_CLOSE_COMBAT,Close Combat,Fighting,Physical,120,100,5,MOVE_EFFECT_USER_DEF_SP_DEF_DOWN_HIT,0,True,Machamp; Primeape; Hitmonchan; Heracross; Hariyama; Medicham; Breloom; Gallade; Lucario; Infernape; Blaziken; Poliwrath; Toxicroak,13,13,1.0,True,True
Engine,Fighting,MachineMoves,MOVE_COACHING,Coaching,Fighting,Status,0,0,10,MOVE_EFFECT_COACHING,0,True,Hitmonchan; Heracross; Hariyama; Gallade; Lucario; Infernape; Blaziken; Poliwrath; Toxicroak,9,13,0.692,True,True
Engine,Fighting,MachineMoves,MOVE_CONFIDE,Confide,Normal,Status,0,0,20,MOVE_EFFECT_HIT,0,True,Machamp; Primeape; Hitmonchan; Heracross; Hariyama; Medicham; Breloom; Gallade; Lucario; Infernape; Blaziken; Poliwrath; Toxicroak,13,13,1.0,True,True
Engine,Fighting,MachineMoves,MOVE_CONFUSE_RAY,Confuse Ray,Ghost,Status,0,100,10,MOVE_EFFECT_STATUS_CONFUSE,0,True,Gallade,1,13,0.077,False,False
Engine,Fighting,MachineMoves,MOVE_COUNTER,Counter,Fighting,Physical,1,100,20,MOVE_EFFECT_COUNTER,-5,True,Machamp; Primeape; Hitmonchan; Poliwrath,4,13,0.308,False,True
Engine,Fighting,MachineMoves,MOVE_CROSS_POISON,Cross Poison,Poison,Physical,70,100,20,MOVE_EFFECT_HIGH_CRITICAL_POISON_HIT,0,True,Machamp; Toxicroak,2,13,0.154,False,False
Engine,Fighting,MachineMoves,MOVE_CRUNCH,Crunch,Dark,Physical,80,100,15,MOVE_EFFECT_LOWER_DEFENSE_HIT,0,True,Lucario,1,13,0.077,True,False
Engine,Fighting,MachineMoves,MOVE_CURSE,Curse,Ghost,Status,0,0,10,MOVE_EFFECT_CURSE,0,True,Machamp; Primeape; Hitmonchan; Heracross; Hariyama; Blaziken; Poliwrath,7,13,0.538,True,True
Engine,Fighting,MachineMoves,MOVE_CUT,Cut,Normal,Physical,50,95,30,MOVE_EFFECT_HIT,0,True,Heracross; Breloom; Gallade; Infernape; Blaziken; Toxicroak,6,13,0.462,True,True
Engine,Fighting,MachineMoves,MOVE_DARKEST_LARIAT,Darkest Lariat,Dark,Physical,85,100,10,MOVE_EFFECT_HIT,0,True,Machamp; Poliwrath,2,13,0.154,True,False
Engine,Fighting,MachineMoves,MOVE_DARK_PULSE,Dark Pulse,Dark,Special,80,100,15,MOVE_EFFECT_FLINCH_HIT,0,True,Lucario; Toxicroak,2,13,0.154,True,False
Engine,Fighting,MachineMoves,MOVE_DAZZLING_GLEAM,Dazzling Gleam,Fairy,Special,80,100,10,MOVE_EFFECT_HIT,0,True,Gallade,1,13,0.077,True,False
Engine,Fighting,MachineMoves,MOVE_DEFENSE_CURL,Defense Curl,Normal,Status,0,0,40,MOVE_EFFECT_DEF_UP_DOUBLE_ROLLOUT_POWER,0,True,Primeape; Poliwrath,2,13,0.154,False,False
Engine,Fighting,MachineMoves,MOVE_DETECT,Detect,Fighting,Status,0,0,5,MOVE_EFFECT_PROTECT,4,True,Machamp; Primeape; Hitmonchan; Heracross; Poliwrath,5,13,0.385,False,True
Engine,Fighting,MachineMoves,MOVE_DIG,Dig,Ground,Physical,80,100,10,MOVE_EFFECT_DIG,0,True,Machamp; Primeape; Heracross; Hariyama; Breloom; Lucario; Infernape; Blaziken; Poliwrath; Toxicroak,10,13,0.769,True,True
Engine,Fighting,MachineMoves,MOVE_DISARMING_VOICE,Disarming Voice,Fairy,Special,40,0,15,MOVE_EFFECT_BYPASS_ACCURACY,0,True,Gallade,1,13,0.077,False,False
Engine,Fighting,MachineMoves,MOVE_DIVE,Dive,Water,Physical,80,100,10,MOVE_EFFECT_DIVE,0,True,Poliwrath,1,13,0.077,True,False
Engine,Fighting,MachineMoves,MOVE_DOUBLE_EDGE,Double-Edge,Normal,Physical,120,100,15,MOVE_EFFECT_RECOIL_THIRD,0,True,Machamp; Primeape; Hitmonchan; Heracross; Hariyama; Infernape; Blaziken; Poliwrath,8,13,0.615,True,True
Engine,Fighting,MachineMoves,MOVE_DOUBLE_TEAM,Double Team,Normal,Status,0,0,15,MOVE_EFFECT_EVA_UP,0,True,Machamp; Primeape; Hitmonchan; Heracross; Hariyama; Medicham; Breloom; Gallade; Lucario; Infernape; Blaziken; Poliwrath; Toxicroak,13,13,1.0,True,True
Engine,Fighting,MachineMoves,MOVE_DRAGON_PULSE,Dragon Pulse,Dragon,Special,85,100,10,MOVE_EFFECT_HIT,0,True,Lucario,1,13,0.077,True,False
Engine,Fighting,MachineMoves,MOVE_DRAINING_KISS,Draining Kiss,Fairy,Special,50,100,10,MOVE_EFFECT_RECOVER_THREE_QUARTERS_DAMAGE_DEALT,0,True,Gallade,1,13,0.077,False,False
Engine,Fighting,MachineMoves,MOVE_DRAIN_PUNCH,Drain Punch,Fighting,Physical,75,100,10,MOVE_EFFECT_RECOVER_HALF_DAMAGE_DEALT,0,True,Primeape; Hitmonchan; Hariyama; Medicham; Breloom; Gallade; Lucario; Infernape; Poliwrath; Toxicroak,10,13,0.769,True,True
Engine,Fighting,MachineMoves,MOVE_DREAM_EATER,Dream Eater,Psychic,Special,100,100,15,MOVE_EFFECT_RECOVER_DAMAGE_SLEEP,0,True,Medicham; Gallade,2,13,0.154,True,False
Engine,Fighting,MachineMoves,MOVE_DYNAMIC_PUNCH,Dynamic Punch,Fighting,Physical,100,50,5,MOVE_EFFECT_CONFUSE_HIT,0,True,Machamp; Primeape; Hitmonchan; Poliwrath,4,13,0.308,False,True
Engine,Fighting,MachineMoves,MOVE_EARTHQUAKE,Earthquake,Ground,Physical,100,100,10,MOVE_EFFECT_DOUBLE_DAMAGE_DIG,0,True,Machamp; Primeape; Hitmonchan; Heracross; Hariyama; Gallade; Lucario; Infernape; Blaziken; Poliwrath; Toxicroak,11,13,0.846,True,True
Engine,Fighting,MachineMoves,MOVE_EARTH_POWER,Earth Power,Ground,Special,90,100,10,MOVE_EFFECT_LOWER_SP_DEF_HIT,0,True,Poliwrath,1,13,0.077,True,False
Engine,Fighting,MachineMoves,MOVE_ECHOED_VOICE,Echoed Voice,Normal,Special,40,100,15,MOVE_EFFECT_HIT,0,True,Gallade; Blaziken,2,13,0.154,False,False
Engine,Fighting,MachineMoves,MOVE_EMBARGO,Embargo,Dark,Status,0,100,15,MOVE_EFFECT_PREVENT_ITEM_USE,0,True,Toxicroak,1,13,0.077,True,False
Engine,Fighting,MachineMoves,MOVE_ENCORE,Encore,Normal,Status,0,100,5,MOVE_EFFECT_ENCORE,0,True,Machamp; Primeape; Hitmonchan; Gallade; Infernape; Poliwrath; Toxicroak,7,13,0.538,True,True
Engine,Fighting,MachineMoves,MOVE_ENDEAVOR,Endeavor,Normal,Physical,1,100,5,MOVE_EFFECT_SET_HP_EQUAL_TO_USER,0,True,Primeape; Hitmonchan; Heracross; Infernape; Poliwrath,5,13,0.385,True,True
Engine,Fighting,MachineMoves,MOVE_ENDURE,Endure,Normal,Status,0,0,10,MOVE_EFFECT_SURVIVE_WITH_1_HP,4,True,Machamp; Primeape; Hitmonchan; Heracross; Hariyama; Medicham; Breloom; Gallade; Lucario; Infernape; Blaziken; Poliwrath; Toxicroak,13,13,1.0,True,True
Engine,Fighting,MachineMoves,MOVE_ENERGY_BALL,Energy Ball,Grass,Special,90,100,10,MOVE_EFFECT_LOWER_SP_DEF_HIT,0,True,Medicham; Breloom; Gallade,3,13,0.231,True,False
Engine,Fighting,MachineMoves,MOVE_EXPANDING_FORCE,Expanding Force,Psychic,Special,80,100,10,MOVE_EFFECT_HIT,0,True,Medicham; Gallade,2,13,0.154,True,False
Engine,Fighting,MachineMoves,MOVE_FACADE,Facade,Normal,Physical,70,100,20,MOVE_EFFECT_DOUBLE_POWER_WHEN_STATUSED,0,True,Machamp; Primeape; Hitmonchan; Heracross; Hariyama; Medicham; Breloom; Gallade; Lucario; Infernape; Blaziken; Poliwrath; Toxicroak,13,13,1.0,True,True
Engine,Fighting,MachineMoves,MOVE_FAKE_TEARS,Fake Tears,Dark,Status,0,100,20,MOVE_EFFECT_SP_DEF_DOWN_2,0,True,Breloom; Infernape,2,13,0.154,False,False
Engine,Fighting,MachineMoves,MOVE_FALSE_SWIPE,False Swipe,Normal,Physical,40,100,40,MOVE_EFFECT_LEAVE_WITH_1_HP,0,True,Heracross; Breloom; Gallade,3,13,0.231,True,False
Engine,Fighting,MachineMoves,MOVE_FEATHER_DANCE,Feather Dance,Flying,Status,0,100,15,MOVE_EFFECT_ATK_DOWN_2,0,True,Blaziken,1,13,0.077,True,False
Engine,Fighting,MachineMoves,MOVE_FIRE_BLAST,Fire Blast,Fire,Special,110,85,5,MOVE_EFFECT_BURN_HIT,0,True,Machamp; Infernape; Blaziken,3,13,0.231,True,False
Engine,Fighting,MachineMoves,MOVE_FIRE_PLEDGE,Fire Pledge,Fire,Special,80,100,10,MOVE_EFFECT_HIT,0,True,Infernape; Blaziken,2,13,0.154,True,False
Engine,Fighting,MachineMoves,MOVE_FIRE_PUNCH,Fire Punch,Fire,Physical,75,100,15,MOVE_EFFECT_BURN_HIT,0,True,Machamp; Primeape; Hitmonchan; Hariyama; Medicham; Gallade; Infernape; Blaziken,8,13,0.615,False,True
Engine,Fighting,MachineMoves,MOVE_FIRE_SPIN,Fire Spin,Fire,Special,35,85,15,MOVE_EFFECT_BIND_HIT,0,True,Infernape; Blaziken,2,13,0.154,False,False
Engine,Fighting,MachineMoves,MOVE_FISSURE,Fissure,Ground,Physical,1,30,5,MOVE_EFFECT_ONE_HIT_KO,0,True,Machamp; Poliwrath,2,13,0.154,False,False
Engine,Fighting,MachineMoves,MOVE_FLAMETHROWER,Flamethrower,Fire,Special,90,100,15,MOVE_EFFECT_BURN_HIT,0,True,Machamp; Infernape; Blaziken,3,13,0.231,True,False
Engine,Fighting,MachineMoves,MOVE_FLAME_CHARGE,Flame Charge,Fire,Physical,50,100,20,MOVE_EFFECT_RAISE_SPEED_HIT,0,True,Infernape; Blaziken,2,13,0.154,False,False
Engine,Fighting,MachineMoves,MOVE_FLARE_BLITZ,Flare Blitz,Fire,Physical,120,100,15,MOVE_EFFECT_RECOIL_BURN_HIT,0,True,Infernape; Blaziken,2,13,0.154,True,False
Engine,Fighting,MachineMoves,MOVE_FLASH,Flash,Normal,Status,0,100,20,MOVE_EFFECT_ACC_DOWN,0,True,Medicham; Breloom; Gallade,3,13,0.231,True,False
Engine,Fighting,MachineMoves,MOVE_FLASH_CANNON,Flash Cannon,Steel,Special,80,100,10,MOVE_EFFECT_LOWER_SP_DEF_HIT,0,True,Lucario,1,13,0.077,True,False
Engine,Fighting,MachineMoves,MOVE_FLING,Fling,Dark,Physical,1,100,10,MOVE_EFFECT_FLING,0,True,Machamp; Primeape; Hitmonchan; Heracross; Hariyama; Medicham; Breloom; Gallade; Lucario; Infernape; Blaziken; Poliwrath; Toxicroak,13,13,1.0,True,True
Engine,Fighting,MachineMoves,MOVE_FOCUS_BLAST,Focus Blast,Fighting,Special,120,70,5,MOVE_EFFECT_LOWER_SP_DEF_HIT,0,True,Machamp; Primeape; Hitmonchan; Heracross; Hariyama; Medicham; Breloom; Gallade; Lucario; Infernape; Blaziken; Poliwrath; Toxicroak,13,13,1.0,True,True
Engine,Fighting,MachineMoves,MOVE_FOCUS_ENERGY,Focus Energy,Normal,Status,0,0,30,MOVE_EFFECT_CRIT_UP_2,0,True,Machamp; Hitmonchan; Lucario; Blaziken,4,13,0.308,True,False
Engine,Fighting,MachineMoves,MOVE_FOCUS_PUNCH,Focus Punch,Fighting,Physical,150,100,20,MOVE_EFFECT_HIT_LAST_WHIFF_IF_HIT,-3,True,Machamp; Primeape; Hitmonchan; Heracross; Hariyama; Medicham; Breloom; Gallade; Lucario; Infernape; Blaziken; Poliwrath; Toxicroak,13,13,1.0,True,True
Engine,Fighting,MachineMoves,MOVE_FOUL_PLAY,Foul Play,Dark,Physical,95,100,15,MOVE_EFFECT_HIT,0,True,Toxicroak,1,13,0.077,True,False
Engine,Fighting,MachineMoves,MOVE_FRUSTRATION,Frustration,Normal,Physical,1,100,20,MOVE_EFFECT_POWER_BASED_ON_LOW_FRIENDSHIP,0,True,Machamp; Primeape; Hitmonchan; Heracross; Hariyama; Medicham; Breloom; Gallade; Lucario; Infernape; Blaziken; Poliwrath; Toxicroak,13,13,1.0,True,True
Engine,Fighting,MachineMoves,MOVE_FURY_CUTTER,Fury Cutter,Bug,Physical,40,95,20,MOVE_EFFECT_DOUBLE_POWER_EACH_TURN,0,True,Heracross,1,13,0.077,False,False
Engine,Fighting,MachineMoves,MOVE_FUTURE_SIGHT,Future Sight,Psychic,Special,120,100,10,MOVE_EFFECT_HIT_IN_3_TURNS,0,True,Gallade,1,13,0.077,True,False
Engine,Fighting,MachineMoves,MOVE_GIGA_DRAIN,Giga Drain,Grass,Special,75,100,10,MOVE_EFFECT_RECOVER_HALF_DAMAGE_DEALT,0,True,Breloom,1,13,0.077,True,False
Engine,Fighting,MachineMoves,MOVE_GIGA_IMPACT,Giga Impact,Normal,Physical,150,90,5,MOVE_EFFECT_RECHARGE_AFTER,0,True,Machamp; Primeape; Hitmonchan; Heracross; Hariyama; Medicham; Breloom; Gallade; Lucario; Infernape; Blaziken; Poliwrath; Toxicroak,13,13,1.0,True,True
Engine,Fighting,MachineMoves,MOVE_GRASSY_TERRAIN,Grassy Terrain,Grass,Status,0,0,10,MOVE_EFFECT_APPLY_TERRAINS,0,True,Breloom,1,13,0.077,True,False
Engine,Fighting,MachineMoves,MOVE_GRASS_KNOT,Grass Knot,Grass,Special,1,100,20,MOVE_EFFECT_INCREASE_POWER_WITH_WEIGHT,0,True,Medicham; Breloom; Gallade; Infernape,4,13,0.308,True,False
Engine,Fighting,MachineMoves,MOVE_GRAVITY,Gravity,Psychic,Status,0,0,5,MOVE_EFFECT_GRAVITY,0,True,Medicham,1,13,0.077,True,False
Engine,Fighting,MachineMoves,MOVE_GUNK_SHOT,Gunk Shot,Poison,Physical,120,80,5,MOVE_EFFECT_POISON_HIT,0,True,Primeape; Breloom; Infernape; Toxicroak,4,13,0.308,True,False
Engine,Fighting,MachineMoves,MOVE_HAIL,Hail,Ice,Status,0,0,10,MOVE_EFFECT_WEATHER_HAIL,0,True,Poliwrath,1,13,0.077,True,False
Engine,Fighting,MachineMoves,MOVE_HAZE,Haze,Ice,Status,0,0,30,MOVE_EFFECT_RESET_STAT_CHANGES,0,True,Poliwrath,1,13,0.077,True,False
Engine,Fighting,MachineMoves,MOVE_HEADBUTT,Headbutt,Normal,Physical,70,100,15,MOVE_EFFECT_FLINCH_HIT,0,True,Machamp; Primeape; Hitmonchan; Heracross; Poliwrath,5,13,0.385,False,True
Engine,Fighting,MachineMoves,MOVE_HEAT_CRASH,Heat Crash,Fire,Physical,1,100,10,MOVE_EFFECT_HEAVY_SLAM,0,True,Blaziken,1,13,0.077,True,False
Engine,Fighting,MachineMoves,MOVE_HEAT_WAVE,Heat Wave,Fire,Special,95,90,10,MOVE_EFFECT_BURN_HIT,0,True,Infernape; Blaziken,2,13,0.154,True,False
Engine,Fighting,MachineMoves,MOVE_HEAVY_SLAM,Heavy Slam,Steel,Physical,1,100,10,MOVE_EFFECT_HEAVY_SLAM,0,True,Machamp; Hariyama,2,13,0.154,True,False
Engine,Fighting,MachineMoves,MOVE_HELPING_HAND,Helping Hand,Normal,Status,0,0,20,MOVE_EFFECT_BOOST_ALLY_POWER_BY_50_PERCENT,5,True,Machamp; Primeape; Hitmonchan; Heracross; Hariyama; Medicham; Breloom; Gallade; Lucario; Infernape; Blaziken; Poliwrath; Toxicroak,13,13,1.0,True,True
Engine,Fighting,MachineMoves,MOVE_HEX,Hex,Ghost,Special,65,100,10,MOVE_EFFECT_DOUBLE_DAMAGE_ON_STATUS,0,True,Gallade,1,13,0.077,False,False
Engine,Fighting,MachineMoves,MOVE_HIDDEN_POWER,Hidden Power,Normal,Special,60,100,15,MOVE_EFFECT_RANDOM_TYPE_BASED_ON_IVS,0,True,Machamp; Primeape; Hitmonchan; Heracross; Hariyama; Medicham; Breloom; Gallade; Lucario; Infernape; Blaziken; Poliwrath; Toxicroak,13,13,1.0,True,True
Engine,Fighting,MachineMoves,MOVE_HIGH_HORSEPOWER,High Horsepower,Ground,Physical,95,95,10,MOVE_EFFECT_HIT,0,True,Machamp; Heracross; Poliwrath,3,13,0.231,True,False
Engine,Fighting,MachineMoves,MOVE_HONE_CLAWS,Hone Claws,Dark,Status,0,0,15,MOVE_EFFECT_ATK_ACC_UP,0,True,Primeape; Lucario; Infernape; Blaziken,4,13,0.308,False,False
Engine,Fighting,MachineMoves,MOVE_HYDRO_PUMP,Hydro Pump,Water,Special,110,80,5,MOVE_EFFECT_HIT,0,True,Poliwrath,1,13,0.077,True,False
Engine,Fighting,MachineMoves,MOVE_HYPER_BEAM,Hyper Beam,Normal,Special,150,90,5,MOVE_EFFECT_RECHARGE_AFTER,0,True,Machamp; Primeape; Heracross; Hariyama; Medicham; Breloom; Gallade; Lucario; Infernape; Blaziken; Poliwrath; Toxicroak,12,13,0.923,True,True
Engine,Fighting,MachineMoves,MOVE_HYPER_VOICE,Hyper Voice,Normal,Special,90,100,10,MOVE_EFFECT_HIT,0,True,Gallade,1,13,0.077,True,False
Engine,Fighting,MachineMoves,MOVE_ICE_BEAM,Ice Beam,Ice,Special,90,100,10,MOVE_EFFECT_FREEZE_HIT,0,True,Poliwrath,1,13,0.077,True,False
Engine,Fighting,MachineMoves,MOVE_ICE_PUNCH,Ice Punch,Ice,Physical,75,100,15,MOVE_EFFECT_FREEZE_HIT,0,True,Machamp; Primeape; Hitmonchan; Hariyama; Medicham; Gallade; Lucario; Poliwrath; Toxicroak,9,13,0.692,False,True
Engine,Fighting,MachineMoves,MOVE_ICY_WIND,Icy Wind,Ice,Special,55,95,15,MOVE_EFFECT_LOWER_SPEED_HIT,0,True,Gallade; Poliwrath; Toxicroak,3,13,0.231,False,False
Engine,Fighting,MachineMoves,MOVE_IMPRISON,Imprison,Psychic,Status,0,0,10,MOVE_EFFECT_MAKE_SHARED_MOVES_UNUSEABLE,0,True,Medicham; Gallade,2,13,0.154,False,False
Engine,Fighting,MachineMoves,MOVE_INCINERATE,Incinerate,Fire,Special,60,100,15,MOVE_EFFECT_INCINERATE,0,True,Machamp; Infernape; Blaziken,3,13,0.231,False,False
Engine,Fighting,MachineMoves,MOVE_IRON_DEFENSE,Iron Defense,Steel,Status,0,0,15,MOVE_EFFECT_DEF_UP_2,0,True,Heracross; Lucario,2,13,0.154,True,False
Engine,Fighting,MachineMoves,MOVE_IRON_HEAD,Iron Head,Steel,Physical,80,100,15,MOVE_EFFECT_FLINCH_HIT,0,True,Hariyama,1,13,0.077,True,False
Engine,Fighting,MachineMoves,MOVE_IRON_TAIL,Iron Tail,Steel,Physical,100,75,15,MOVE_EFFECT_LOWER_DEFENSE_HIT,0,True,Primeape; Breloom; Lucario; Infernape,4,13,0.308,True,False
Engine,Fighting,MachineMoves,MOVE_KNOCK_OFF,Knock Off,Dark,Physical,65,100,20,MOVE_EFFECT_REMOVE_HELD_ITEM,0,True,Hitmonchan; Heracross; Hariyama; Gallade; Infernape; Blaziken; Poliwrath; Toxicroak,8,13,0.615,True,True
Engine,Fighting,MachineMoves,MOVE_LASH_OUT,Lash Out,Dark,Physical,75,100,5,MOVE_EFFECT_HIT,0,True,Primeape; Hariyama; Infernape; Toxicroak,4,13,0.308,True,False
Engine,Fighting,MachineMoves,MOVE_LEAF_BLADE,Leaf Blade,Grass,Physical,90,100,15,MOVE_EFFECT_HIGH_CRITICAL,0,True,Gallade,1,13,0.077,True,False
Engine,Fighting,MachineMoves,MOVE_LEAF_STORM,Leaf Storm,Grass,Special,130,90,5,MOVE_EFFECT_USER_SP_ATK_DOWN_2,0,True,Breloom,1,13,0.077,True,False
Engine,Fighting,MachineMoves,MOVE_LIGHT_SCREEN,Light Screen,Psychic,Status,0,0,30,MOVE_EFFECT_SET_LIGHT_SCREEN,0,True,Machamp; Medicham; Gallade,3,13,0.231,True,False
Engine,Fighting,MachineMoves,MOVE_LIQUIDATION,Liquidation,Water,Physical,85,100,10,MOVE_EFFECT_LOWER_DEFENSE_HIT,0,True,Poliwrath,1,13,0.077,True,False
Engine,Fighting,MachineMoves,MOVE_LOW_KICK,Low Kick,Fighting,Physical,1,100,20,MOVE_EFFECT_INCREASE_POWER_WITH_WEIGHT,0,True,Machamp; Primeape; Hitmonchan; Heracross; Hariyama; Medicham; Breloom; Gallade; Lucario; Infernape; Blaziken; Poliwrath; Toxicroak,13,13,1.0,True,True
Engine,Fighting,MachineMoves,MOVE_LOW_SWEEP,Low Sweep,Fighting,Physical,65,100,20,MOVE_EFFECT_LOWER_SPEED_HIT,0,True,Machamp; Primeape; Hitmonchan; Hariyama; Medicham; Breloom; Gallade; Lucario; Infernape; Blaziken; Poliwrath; Toxicroak,12,13,0.923,False,True
Engine,Fighting,MachineMoves,MOVE_LUNGE,Lunge,Bug,Physical,80,100,15,MOVE_EFFECT_LOWER_ATTACK_HIT,0,True,Heracross,1,13,0.077,True,False
Engine,Fighting,MachineMoves,MOVE_MAGICAL_LEAF,Magical Leaf,Grass,Special,60,0,20,MOVE_EFFECT_BYPASS_ACCURACY,0,True,Breloom; Gallade,2,13,0.154,False,False
Engine,Fighting,MachineMoves,MOVE_MAGIC_ROOM,Magic Room,Psychic,Status,0,0,10,MOVE_EFFECT_MAGIC_ROOM,0,True,Gallade,1,13,0.077,False,False
Engine,Fighting,MachineMoves,MOVE_MEGAHORN,Megahorn,Bug,Physical,120,85,10,MOVE_EFFECT_HIT,0,True,Heracross,1,13,0.077,True,False
Engine,Fighting,MachineMoves,MOVE_MEGA_KICK,Mega Kick,Normal,Physical,120,75,5,MOVE_EFFECT_HIT,0,True,Machamp; Primeape; Hitmonchan; Gallade; Lucario; Blaziken; Poliwrath; Toxicroak,8,13,0.615,False,True
Engine,Fighting,MachineMoves,MOVE_MEGA_PUNCH,Mega Punch,Normal,Physical,80,85,20,MOVE_EFFECT_HIT,0,True,Machamp; Primeape; Hitmonchan; Gallade; Lucario; Blaziken; Poliwrath; Toxicroak,8,13,0.615,True,True
Engine,Fighting,MachineMoves,MOVE_METAL_CLAW,Metal Claw,Steel,Physical,50,95,35,MOVE_EFFECT_RAISE_ATTACK_HIT,0,True,Lucario,1,13,0.077,False,False
Engine,Fighting,MachineMoves,MOVE_METAL_SOUND,Metal Sound,Steel,Status,0,85,40,MOVE_EFFECT_SP_DEF_DOWN_2,0,True,Lucario,1,13,0.077,True,False
Engine,Fighting,MachineMoves,MOVE_METRONOME,Metronome,Normal,Status,0,0,10,MOVE_EFFECT_CALL_RANDOM_MOVE,0,True,Machamp; Primeape; Hitmonchan; Hariyama; Medicham; Lucario; Infernape; Poliwrath,8,13,0.615,True,True
Engine,Fighting,MachineMoves,MOVE_MIMIC,Mimic,Normal,Status,0,0,10,MOVE_EFFECT_COPY_MOVE_FOR_BATTLE,0,True,Machamp; Primeape; Hitmonchan; Poliwrath,4,13,0.308,False,False
Engine,Fighting,MachineMoves,MOVE_MISTY_TERRAIN,Misty Terrain,Fairy,Status,0,0,10,MOVE_EFFECT_APPLY_TERRAINS,0,True,Gallade,1,13,0.077,True,False
Engine,Fighting,MachineMoves,MOVE_MUDDY_WATER,Muddy Water,Water,Special,90,85,10,MOVE_EFFECT_LOWER_ACCURACY_HIT,0,True,Poliwrath,1,13,0.077,True,False
Engine,Fighting,MachineMoves,MOVE_MUD_SHOT,Mud Shot,Ground,Special,55,95,15,MOVE_EFFECT_LOWER_SPEED_HIT,0,True,Hariyama; Breloom; Poliwrath; Toxicroak,4,13,0.308,False,False
Engine,Fighting,MachineMoves,MOVE_MUD_SLAP,Mud-Slap,Ground,Special,20,100,10,MOVE_EFFECT_LOWER_ACCURACY_HIT,0,True,Machamp; Primeape; Hitmonchan; Hariyama; Breloom; Infernape; Blaziken; Poliwrath; Toxicroak,9,13,0.692,False,True
Engine,Fighting,MachineMoves,MOVE_NASTY_PLOT,Nasty Plot,Dark,Status,0,0,20,MOVE_EFFECT_SP_ATK_UP_2,0,True,Lucario; Infernape; Toxicroak,3,13,0.231,True,False
Engine,Fighting,MachineMoves,MOVE_NATURAL_GIFT,Natural Gift,Normal,Physical,1,100,15,MOVE_EFFECT_NATURAL_GIFT,0,True,Machamp; Primeape; Hitmonchan; Heracross; Hariyama; Medicham; Breloom; Gallade; Lucario; Infernape; Blaziken; Poliwrath; Toxicroak,13,13,1.0,True,True
Engine,Fighting,MachineMoves,MOVE_NIGHT_SHADE,Night Shade,Ghost,Special,1,100,15,MOVE_EFFECT_LEVEL_DAMAGE_FLAT,0,True,Medicham; Gallade,2,13,0.154,False,False
Engine,Fighting,MachineMoves,MOVE_OUTRAGE,Outrage,Dragon,Physical,120,100,10,MOVE_EFFECT_CONTINUE_AND_CONFUSE_SELF,0,True,Primeape,1,13,0.077,True,False
Engine,Fighting,MachineMoves,MOVE_OVERHEAT,Overheat,Fire,Special,130,90,5,MOVE_EFFECT_USER_SP_ATK_DOWN_2,0,True,Primeape; Infernape; Blaziken,3,13,0.231,True,False
Engine,Fighting,MachineMoves,MOVE_PAIN_SPLIT,Pain Split,Normal,Status,0,0,20,MOVE_EFFECT_AVERAGE_HP,0,True,Medicham; Gallade,2,13,0.154,True,False
Engine,Fighting,MachineMoves,MOVE_PAYBACK,Payback,Dark,Physical,50,100,10,MOVE_EFFECT_DOUBLE_POWER_IF_HIT,0,True,Machamp; Primeape; Hariyama; Lucario; Poliwrath; Toxicroak,6,13,0.462,True,True
Engine,Fighting,MachineMoves,MOVE_PAY_DAY,Pay Day,Normal,Physical,40,100,20,MOVE_EFFECT_INCREASE_PRIZE_MONEY,0,True,Primeape,1,13,0.077,False,False
Engine,Fighting,MachineMoves,MOVE_PIN_MISSILE,Pin Missile,Bug,Physical,25,95,20,MOVE_EFFECT_MULTI_HIT,0,True,Heracross,1,13,0.077,False,False
Engine,Fighting,MachineMoves,MOVE_POISON_JAB,Poison Jab,Poison,Physical,80,100,20,MOVE_EFFECT_POISON_HIT,0,True,Machamp; Primeape; Hitmonchan; Hariyama; Medicham; Breloom; Gallade; Lucario; Infernape; Blaziken; Poliwrath; Toxicroak,12,13,0.923,True,True
Engine,Fighting,MachineMoves,MOVE_POUNCE,Pounce,Bug,Physical,50,100,20,MOVE_EFFECT_LOWER_SPEED_HIT,0,True,Heracross; Breloom,2,13,0.154,False,False
Engine,Fighting,MachineMoves,MOVE_POWER_UP_PUNCH,Power-Up Punch,Fighting,Physical,40,100,20,MOVE_EFFECT_RAISE_ATTACK_HIT,0,True,Machamp; Primeape; Hitmonchan; Hariyama; Medicham; Breloom; Gallade; Lucario; Infernape; Blaziken; Poliwrath; Toxicroak,12,13,0.923,False,True
Engine,Fighting,MachineMoves,MOVE_PROTECT,Protect,Normal,Status,0,0,10,MOVE_EFFECT_PROTECT,4,True,Machamp; Primeape; Hitmonchan; Heracross; Hariyama; Medicham; Breloom; Gallade; Lucario; Infernape; Blaziken; Poliwrath; Toxicroak,13,13,1.0,True,True
Engine,Fighting,MachineMoves,MOVE_PSYBEAM,Psybeam,Psychic,Special,65,100,20,MOVE_EFFECT_CONFUSE_HIT,0,True,Medicham; Gallade,2,13,0.154,False,False
Engine,Fighting,MachineMoves,MOVE_PSYCHIC,Psychic,Psychic,Special,90,100,10,MOVE_EFFECT_LOWER_SP_DEF_HIT,0,True,Medicham; Gallade; Lucario; Poliwrath,4,13,0.308,True,False
Engine,Fighting,MachineMoves,MOVE_PSYCHIC_TERRAIN,Psychic Terrain,Psychic,Status,0,0,10,MOVE_EFFECT_APPLY_TERRAINS,0,True,Medicham; Gallade,2,13,0.154,True,False
Engine,Fighting,MachineMoves,MOVE_PSYCHO_CUT,Psycho Cut,Psychic,Physical,70,100,20,MOVE_EFFECT_HIGH_CRITICAL,0,True,Gallade,1,13,0.077,False,False
Engine,Fighting,MachineMoves,MOVE_PSYCH_UP,Psych Up,Normal,Status,0,0,10,MOVE_EFFECT_COPY_STAT_CHANGES,0,True,Primeape; Medicham; Gallade; Lucario; Infernape; Poliwrath,6,13,0.462,True,True
Engine,Fighting,MachineMoves,MOVE_PSYSHOCK,Psyshock,Psychic,Special,80,100,10,MOVE_EFFECT_HIT,0,True,Medicham; Gallade,2,13,0.154,True,False
Engine,Fighting,MachineMoves,MOVE_PSYWAVE,Psywave,Psychic,Special,1,100,15,MOVE_EFFECT_RANDOM_DAMAGE_1_TO_150_LEVEL,0,True,Poliwrath,1,13,0.077,False,False
Engine,Fighting,MachineMoves,MOVE_RAGE,Rage,Normal,Physical,20,100,20,MOVE_EFFECT_RAISE_ATK_WHEN_HIT,0,True,Machamp; Primeape; Hitmonchan; Poliwrath,4,13,0.308,False,False
Engine,Fighting,MachineMoves,MOVE_RAIN_DANCE,Rain Dance,Water,Status,0,0,5,MOVE_EFFECT_WEATHER_RAIN,0,True,Machamp; Primeape; Hitmonchan; Heracross; Hariyama; Medicham; Breloom; Gallade; Lucario; Poliwrath; Toxicroak,11,13,0.846,True,True
Engine,Fighting,MachineMoves,MOVE_RECYCLE,Recycle,Normal,Status,0,0,10,MOVE_EFFECT_RECYCLE,0,True,Medicham; Gallade,2,13,0.154,True,False
Engine,Fighting,MachineMoves,MOVE_REFLECT,Reflect,Psychic,Status,0,0,20,MOVE_EFFECT_SET_REFLECT,0,True,Medicham; Gallade,2,13,0.154,True,False
Engine,Fighting,MachineMoves,MOVE_REST,Rest,Psychic,Status,0,0,5,MOVE_EFFECT_RECOVER_HEALTH_AND_SLEEP,0,True,Machamp; Primeape; Hitmonchan; Heracross; Hariyama; Medicham; Breloom; Gallade; Lucario; Infernape; Blaziken; Poliwrath; Toxicroak,13,13,1.0,True,True
Engine,Fighting,MachineMoves,MOVE_RETALIATE,Retaliate,Normal,Physical,70,100,5,MOVE_EFFECT_HIT,0,True,Machamp; Primeape; Hitmonchan; Heracross; Hariyama; Medicham; Breloom; Gallade; Lucario; Infernape; Toxicroak,11,13,0.846,False,True
Engine,Fighting,MachineMoves,MOVE_RETURN,Return,Normal,Physical,1,100,20,MOVE_EFFECT_POWER_BASED_ON_FRIENDSHIP,0,True,Machamp; Primeape; Hitmonchan; Heracross; Hariyama; Medicham; Breloom; Gallade; Lucario; Infernape; Blaziken; Poliwrath; Toxicroak,13,13,1.0,True,True
Engine,Fighting,MachineMoves,MOVE_REVENGE,Revenge,Fighting,Physical,60,100,10,MOVE_EFFECT_DOUBLE_DAMAGE_IF_HIT,-4,True,Machamp; Hitmonchan; Heracross; Gallade; Lucario; Blaziken; Toxicroak,7,13,0.538,False,True
Engine,Fighting,MachineMoves,MOVE_REVERSAL,Reversal,Fighting,Physical,1,100,15,MOVE_EFFECT_INCREASE_POWER_WITH_LESS_HP,0,True,Machamp; Primeape; Hitmonchan; Heracross; Hariyama; Medicham; Breloom; Gallade; Lucario; Infernape; Blaziken; Poliwrath; Toxicroak,13,13,1.0,True,True
Engine,Fighting,MachineMoves,MOVE_ROAR,Roar,Normal,Status,0,0,20,MOVE_EFFECT_FORCE_SWITCH,-6,True,Lucario; Infernape; Blaziken,3,13,0.231,True,False
Engine,Fighting,MachineMoves,MOVE_ROCK_BLAST,Rock Blast,Rock,Physical,25,90,10,MOVE_EFFECT_MULTI_HIT,0,True,Machamp; Heracross,2,13,0.154,False,False
Engine,Fighting,MachineMoves,MOVE_ROCK_CLIMB,Rock Climb,Normal,Physical,90,85,20,MOVE_EFFECT_CONFUSE_HIT,0,True,Machamp; Primeape; Hitmonchan; Hariyama; Lucario; Infernape; Blaziken; Poliwrath; Toxicroak,9,13,0.692,True,True
Engine,Fighting,MachineMoves,MOVE_ROCK_SLIDE,Rock Slide,Rock,Physical,75,90,10,MOVE_EFFECT_FLINCH_HIT,0,True,Machamp; Primeape; Hitmonchan; Heracross; Hariyama; Medicham; Breloom; Gallade; Lucario; Infernape; Blaziken; Poliwrath; Toxicroak,13,13,1.0,True,True
Engine,Fighting,MachineMoves,MOVE_ROCK_SMASH,Rock Smash,Fighting,Physical,40,100,15,MOVE_EFFECT_LOWER_DEFENSE_HIT,0,True,Machamp; Primeape; Hitmonchan; Heracross; Hariyama; Medicham; Breloom; Gallade; Lucario; Infernape; Blaziken; Poliwrath; Toxicroak,13,13,1.0,True,True
Engine,Fighting,MachineMoves,MOVE_ROCK_TOMB,Rock Tomb,Rock,Physical,60,95,15,MOVE_EFFECT_LOWER_SPEED_HIT,0,True,Machamp; Primeape; Hitmonchan; Heracross; Hariyama; Medicham; Breloom; Gallade; Lucario; Infernape; Blaziken; Poliwrath; Toxicroak,13,13,1.0,True,True
Engine,Fighting,MachineMoves,MOVE_ROUND,Round,Normal,Special,60,100,15,MOVE_EFFECT_HIT,0,True,Machamp; Primeape; Hitmonchan; Heracross; Hariyama; Medicham; Breloom; Gallade; Lucario; Infernape; Blaziken; Poliwrath; Toxicroak,13,13,1.0,False,True
Engine,Fighting,MachineMoves,MOVE_SAFEGUARD,Safeguard,Normal,Status,0,0,25,MOVE_EFFECT_PREVENT_STATUS,0,True,Breloom; Gallade,2,13,0.154,True,False
Engine,Fighting,MachineMoves,MOVE_SCALD,Scald,Water,Special,80,100,15,MOVE_EFFECT_THAW_AND_BURN_HIT,0,True,Poliwrath,1,13,0.077,True,False
Engine,Fighting,MachineMoves,MOVE_SCARY_FACE,Scary Face,Normal,Status,0,100,10,MOVE_EFFECT_SPEED_DOWN_2,0,True,Machamp; Primeape; Hitmonchan; Hariyama; Lucario; Infernape; Poliwrath; Toxicroak,8,13,0.615,False,True
Engine,Fighting,MachineMoves,MOVE_SCORCHING_SANDS,Scorching Sands,Ground,Special,70,100,10,MOVE_EFFECT_BURN_HIT,0,True,Infernape; Blaziken,2,13,0.154,True,False
Engine,Fighting,MachineMoves,MOVE_SCREECH,Screech,Normal,Status,0,85,40,MOVE_EFFECT_DEF_DOWN_2,0,True,Lucario; Toxicroak,2,13,0.154,False,False
Engine,Fighting,MachineMoves,MOVE_SECRET_POWER,Secret Power,Normal,Physical,70,100,20,MOVE_EFFECT_SECRET_POWER,0,True,Machamp; Primeape; Hitmonchan; Heracross; Hariyama; Medicham; Breloom; Gallade; Lucario; Infernape; Blaziken; Poliwrath; Toxicroak,13,13,1.0,True,True
Engine,Fighting,MachineMoves,MOVE_SEED_BOMB,Seed Bomb,Grass,Physical,80,100,15,MOVE_EFFECT_HIT,0,True,Primeape; Breloom,2,13,0.154,True,False
Engine,Fighting,MachineMoves,MOVE_SEISMIC_TOSS,Seismic Toss,Fighting,Physical,1,100,20,MOVE_EFFECT_LEVEL_DAMAGE_FLAT,0,True,Machamp; Primeape; Hitmonchan; Poliwrath,4,13,0.308,False,True
Engine,Fighting,MachineMoves,MOVE_SHADOW_BALL,Shadow Ball,Ghost,Special,80,100,15,MOVE_EFFECT_LOWER_SP_DEF_HIT,0,True,Medicham; Gallade; Lucario; Toxicroak,4,13,0.308,True,False
Engine,Fighting,MachineMoves,MOVE_SHADOW_CLAW,Shadow Claw,Ghost,Physical,70,100,15,MOVE_EFFECT_HIGH_CRITICAL,0,True,Primeape; Heracross; Gallade; Lucario; Infernape; Blaziken; Toxicroak,7,13,0.538,True,True
Engine,Fighting,MachineMoves,MOVE_SHOCK_WAVE,Shock Wave,Electric,Special,60,0,20,MOVE_EFFECT_BYPASS_ACCURACY,0,True,Gallade,1,13,0.077,True,False
Engine,Fighting,MachineMoves,MOVE_SKILL_SWAP,Skill Swap,Psychic,Status,0,0,10,MOVE_EFFECT_SWITCH_ABILITIES,0,True,Medicham; Gallade,2,13,0.154,True,False
Engine,Fighting,MachineMoves,MOVE_SKITTER_SMACK,Skitter Smack,Bug,Physical,70,90,10,MOVE_EFFECT_LOWER_SP_ATK_HIT,0,True,Heracross,1,13,0.077,True,False
Engine,Fighting,MachineMoves,MOVE_SKULL_BASH,Skull Bash,Normal,Physical,130,100,10,MOVE_EFFECT_CHARGE_TURN_DEF_UP,0,True,Machamp; Primeape; Hitmonchan; Poliwrath,4,13,0.308,False,False
Engine,Fighting,MachineMoves,MOVE_SLEEP_TALK,Sleep Talk,Normal,Status,0,0,10,MOVE_EFFECT_USE_RANDOM_LEARNED_MOVE_SLEEP,0,True,Machamp; Primeape; Hitmonchan; Heracross; Hariyama; Medicham; Breloom; Gallade; Lucario; Infernape; Blaziken; Poliwrath; Toxicroak,13,13,1.0,True,True
Engine,Fighting,MachineMoves,MOVE_SLUDGE_BOMB,Sludge Bomb,Poison,Special,90,100,10,MOVE_EFFECT_POISON_HIT,0,True,Breloom; Toxicroak,2,13,0.154,True,False
Engine,Fighting,MachineMoves,MOVE_SLUDGE_WAVE,Sludge Wave,Poison,Special,95,100,10,MOVE_EFFECT_POISON_HIT,0,True,Toxicroak,1,13,0.077,True,False
Engine,Fighting,MachineMoves,MOVE_SMACK_DOWN,Smack Down,Rock,Physical,50,100,15,MOVE_EFFECT_SMACK_DOWN,0,True,Machamp; Primeape; Heracross; Hariyama; Infernape,5,13,0.385,True,True
Engine,Fighting,MachineMoves,MOVE_SMART_STRIKE,Smart Strike,Steel,Physical,70,0,10,MOVE_EFFECT_BYPASS_ACCURACY,0,True,Heracross,1,13,0.077,False,False
Engine,Fighting,MachineMoves,MOVE_SNATCH,Snatch,Dark,Status,0,0,10,MOVE_EFFECT_STEAL_STATUS_MOVE,4,True,Breloom; Gallade; Toxicroak,3,13,0.231,True,False
Engine,Fighting,MachineMoves,MOVE_SNORE,Snore,Normal,Special,50,100,15,MOVE_EFFECT_DAMAGE_WHILE_ASLEEP,0,True,Machamp; Primeape; Hitmonchan; Heracross; Gallade; Lucario; Blaziken; Poliwrath; Toxicroak,9,13,0.692,False,True
Engine,Fighting,MachineMoves,MOVE_SOLAR_BEAM,Solar Beam,Grass,Special,120,100,10,MOVE_EFFECT_CHARGE_TURN_SUN_SKIPS,0,True,Breloom; Infernape; Blaziken,3,13,0.231,True,False
Engine,Fighting,MachineMoves,MOVE_SOLAR_BLADE,Solar Blade,Grass,Physical,125,100,10,MOVE_EFFECT_CHARGE_TURN_SUN_SKIPS,0,True,Gallade,1,13,0.077,True,False
Engine,Fighting,MachineMoves,MOVE_SPIKES,Spikes,Ground,Status,0,0,20,MOVE_EFFECT_SET_SPIKES,0,True,Heracross,1,13,0.077,True,False
Engine,Fighting,MachineMoves,MOVE_SPITE,Spite,Ghost,Status,0,100,10,MOVE_EFFECT_DECREASE_LAST_MOVE_PP,0,True,Primeape; Toxicroak,2,13,0.154,True,False
Engine,Fighting,MachineMoves,MOVE_STEALTH_ROCK,Stealth Rock,Rock,Status,0,0,20,MOVE_EFFECT_STEALTH_ROCK,0,True,Primeape; Infernape,2,13,0.154,True,False
Engine,Fighting,MachineMoves,MOVE_STEEL_BEAM,Steel Beam,Steel,Special,140,95,5,MOVE_EFFECT_STEEL_BEAM,0,True,Lucario,1,13,0.077,True,False
Engine,Fighting,MachineMoves,MOVE_STOMPING_TANTRUM,StompingTantrum,Ground,Physical,75,100,10,MOVE_EFFECT_HIT,0,True,Machamp; Primeape; Hariyama,3,13,0.231,False,False
Engine,Fighting,MachineMoves,MOVE_STONE_EDGE,Stone Edge,Rock,Physical,100,80,5,MOVE_EFFECT_HIGH_CRITICAL,0,True,Machamp; Primeape; Hitmonchan; Heracross; Hariyama; Breloom; Gallade; Lucario; Infernape; Blaziken; Toxicroak,11,13,0.846,True,True
Engine,Fighting,MachineMoves,MOVE_STORED_POWER,Stored Power,Psychic,Special,20,100,10,MOVE_EFFECT_HIT,0,True,Medicham; Gallade,2,13,0.154,True,False
Engine,Fighting,MachineMoves,MOVE_STRENGTH,Strength,Normal,Physical,80,100,15,MOVE_EFFECT_HIT,0,True,Machamp; Primeape; Hitmonchan; Heracross; Hariyama; Medicham; Breloom; Gallade; Lucario; Infernape; Blaziken; Poliwrath; Toxicroak,13,13,1.0,True,True
Engine,Fighting,MachineMoves,MOVE_STRUGGLE_BUG,Struggle Bug,Bug,Special,50,100,20,MOVE_EFFECT_LOWER_SP_ATK_HIT,0,True,Heracross,1,13,0.077,False,False
Engine,Fighting,MachineMoves,MOVE_SUBMISSION,Submission,Fighting,Physical,80,80,20,MOVE_EFFECT_RECOIL_QUARTER,0,True,Machamp; Primeape; Hitmonchan; Poliwrath,4,13,0.308,False,True
Engine,Fighting,MachineMoves,MOVE_SUBSTITUTE,Substitute,Normal,Status,0,0,10,MOVE_EFFECT_SET_SUBSTITUTE,0,True,Machamp; Primeape; Hitmonchan; Heracross; Hariyama; Medicham; Breloom; Gallade; Lucario; Infernape; Blaziken; Poliwrath; Toxicroak,13,13,1.0,True,True
Engine,Fighting,MachineMoves,MOVE_SUNNY_DAY,Sunny Day,Fire,Status,0,0,5,MOVE_EFFECT_WEATHER_SUN,0,True,Machamp; Primeape; Hitmonchan; Heracross; Hariyama; Medicham; Breloom; Gallade; Lucario; Infernape; Blaziken; Toxicroak,12,13,0.923,True,True
Engine,Fighting,MachineMoves,MOVE_SUPERPOWER,Superpower,Fighting,Physical,120,100,5,MOVE_EFFECT_USER_ATK_DEF_DOWN_HIT,0,True,Machamp; Blaziken; Poliwrath,3,13,0.231,True,True
Engine,Fighting,MachineMoves,MOVE_SUPER_FANG,Super Fang,Normal,Physical,1,90,10,MOVE_EFFECT_HALVE_HP,0,True,Toxicroak,1,13,0.077,True,False
Engine,Fighting,MachineMoves,MOVE_SURF,Surf,Water,Special,90,100,15,MOVE_EFFECT_DOUBLE_DAMAGE_DIVE,0,True,Hariyama; Poliwrath,2,13,0.154,True,False
Engine,Fighting,MachineMoves,MOVE_SWAGGER,Swagger,Normal,Status,0,85,15,MOVE_EFFECT_ATK_UP_2_STATUS_CONFUSION,0,True,Machamp; Primeape; Hitmonchan; Heracross; Hariyama; Medicham; Breloom; Gallade; Lucario; Infernape; Blaziken; Poliwrath; Toxicroak,13,13,1.0,True,True
Engine,Fighting,MachineMoves,MOVE_SWIFT,Swift,Normal,Special,60,0,20,MOVE_EFFECT_BYPASS_ACCURACY,0,True,Primeape; Hitmonchan; Hariyama; Medicham; Breloom; Gallade; Lucario; Infernape; Blaziken; Poliwrath,10,13,0.769,False,True
Engine,Fighting,MachineMoves,MOVE_SWORDS_DANCE,Swords Dance,Normal,Status,0,0,20,MOVE_EFFECT_ATK_UP_2,0,True,Hitmonchan; Heracross; Breloom; Gallade; Lucario; Infernape; Blaziken; Toxicroak,8,13,0.615,True,True
Engine,Fighting,MachineMoves,MOVE_TAKE_DOWN,Take Down,Normal,Physical,90,85,20,MOVE_EFFECT_RECOIL_QUARTER,0,True,Machamp; Primeape; Hitmonchan; Heracross; Hariyama; Medicham; Breloom; Gallade; Lucario; Infernape; Blaziken; Poliwrath; Toxicroak,13,13,1.0,False,True
Engine,Fighting,MachineMoves,MOVE_TAUNT,Taunt,Dark,Status,0,100,20,MOVE_EFFECT_TAUNT,0,True,Primeape; Hitmonchan; Hariyama; Medicham; Gallade; Infernape; Poliwrath; Toxicroak,8,13,0.615,True,True
Engine,Fighting,MachineMoves,MOVE_TELEKINESIS,Telekinesis,Psychic,Status,0,0,15,MOVE_EFFECT_HIT,0,True,Medicham; Gallade,2,13,0.154,False,False
Engine,Fighting,MachineMoves,MOVE_TEMPER_FLARE,Temper Flare,Fire,Physical,75,100,10,MOVE_EFFECT_HIT,0,True,Infernape; Blaziken,2,13,0.154,True,False
Engine,Fighting,MachineMoves,MOVE_TERA_BLAST,Tera Blast,Normal,Special,80,100,10,MOVE_EFFECT_HIT,0,True,Primeape; Hitmonchan; Heracross; Hariyama; Medicham; Breloom; Gallade; Lucario; Infernape; Blaziken; Poliwrath; Toxicroak,12,13,0.923,True,True
Engine,Fighting,MachineMoves,MOVE_THIEF,Thief,Dark,Physical,60,100,25,MOVE_EFFECT_STEAL_HELD_ITEM,0,True,Machamp; Primeape; Hitmonchan; Heracross; Hariyama; Medicham; Gallade; Infernape; Blaziken; Poliwrath; Toxicroak,11,13,0.846,True,True
Engine,Fighting,MachineMoves,MOVE_THROAT_CHOP,Throat Chop,Dark,Physical,80,100,15,MOVE_EFFECT_THROAT_CHOP,0,True,Machamp; Primeape; Hitmonchan; Heracross; Hariyama; Gallade; Infernape; Poliwrath; Toxicroak,9,13,0.692,True,True
Engine,Fighting,MachineMoves,MOVE_THUNDER,Thunder,Electric,Special,110,70,10,MOVE_EFFECT_THUNDER,0,True,Primeape,1,13,0.077,True,False
Engine,Fighting,MachineMoves,MOVE_THUNDERBOLT,Thunderbolt,Electric,Special,90,100,15,MOVE_EFFECT_PARALYZE_HIT,0,True,Primeape; Gallade,2,13,0.154,True,False
Engine,Fighting,MachineMoves,MOVE_THUNDER_PUNCH,Thunder Punch,Electric,Physical,75,100,15,MOVE_EFFECT_PARALYZE_HIT,0,True,Machamp; Primeape; Hitmonchan; Hariyama; Medicham; Breloom; Gallade; Lucario; Infernape; Blaziken; Toxicroak,11,13,0.846,False,True
Engine,Fighting,MachineMoves,MOVE_THUNDER_WAVE,Thunder Wave,Electric,Status,0,90,20,MOVE_EFFECT_STATUS_PARALYZE,0,True,Gallade,1,13,0.077,True,False
Engine,Fighting,MachineMoves,MOVE_TORMENT,Torment,Dark,Status,0,100,15,MOVE_EFFECT_TORMENT,0,True,Gallade; Infernape; Toxicroak,3,13,0.231,True,False
Engine,Fighting,MachineMoves,MOVE_TOXIC,Toxic,Poison,Status,0,90,10,MOVE_EFFECT_STATUS_BADLY_POISON,0,True,Machamp; Primeape; Hitmonchan; Heracross; Hariyama; Medicham; Breloom; Gallade; Lucario; Infernape; Blaziken; Poliwrath; Toxicroak,13,13,1.0,True,True
Engine,Fighting,MachineMoves,MOVE_TRAILBLAZE,Trailblaze,Grass,Physical,50,100,20,MOVE_EFFECT_RAISE_SPEED_HIT,0,True,Hitmonchan; Heracross; Medicham; Lucario,4,13,0.308,False,False
Engine,Fighting,MachineMoves,MOVE_TRICK,Trick,Psychic,Status,0,100,10,MOVE_EFFECT_SWITCH_HELD_ITEMS,0,True,Medicham; Gallade,2,13,0.154,True,False
Engine,Fighting,MachineMoves,MOVE_TRICK_ROOM,Trick Room,Psychic,Status,0,0,5,MOVE_EFFECT_TRICK_ROOM,-7,True,Medicham; Gallade,2,13,0.154,True,False
Engine,Fighting,MachineMoves,MOVE_TRIPLE_AXEL,Triple Axel,Ice,Physical,20,90,10,MOVE_EFFECT_HIT_THREE_TIMES_INCREMENT_BASE_POWER_20,0,True,Gallade,1,13,0.077,True,False
Engine,Fighting,MachineMoves,MOVE_UPPER_HAND,Upper Hand,Fighting,Physical,65,100,15,MOVE_EFFECT_HIT,3,True,Hitmonchan; Heracross; Hariyama; Medicham; Gallade; Lucario; Infernape; Blaziken; Poliwrath; Toxicroak,10,13,0.769,True,True
Engine,Fighting,MachineMoves,MOVE_UPROAR,Uproar,Normal,Special,90,100,10,MOVE_EFFECT_UPROAR,0,True,Primeape; Hitmonchan; Infernape; Blaziken,4,13,0.308,True,False
Engine,Fighting,MachineMoves,MOVE_U_TURN,U-turn,Bug,Physical,70,100,20,MOVE_EFFECT_SWITCH_HIT,0,True,Primeape; Infernape; Blaziken,3,13,0.231,True,False
Engine,Fighting,MachineMoves,MOVE_VACUUM_WAVE,Vacuum Wave,Fighting,Special,40,100,30,MOVE_EFFECT_PRIORITY_1,1,True,Primeape; Hitmonchan; Heracross; Hariyama; Medicham; Gallade; Lucario; Infernape; Blaziken; Poliwrath; Toxicroak,11,13,0.846,True,True
Engine,Fighting,MachineMoves,MOVE_VENOM_DRENCH,Venom Drench,Poison,Status,0,100,20,MOVE_EFFECT_VENOM_DRENCH,0,True,Toxicroak,1,13,0.077,True,False
Engine,Fighting,MachineMoves,MOVE_VENOSHOCK,Venoshock,Poison,Special,65,100,10,MOVE_EFFECT_DOUBLE_POWER_ON_POISONED,0,True,Heracross; Breloom; Toxicroak,3,13,0.231,False,False
Engine,Fighting,MachineMoves,MOVE_WATERFALL,Waterfall,Water,Physical,80,100,15,MOVE_EFFECT_FLINCH_HIT,0,True,Poliwrath,1,13,0.077,True,False
Engine,Fighting,MachineMoves,MOVE_WATER_GUN,Water Gun,Water,Special,40,100,25,MOVE_EFFECT_HIT,0,True,Poliwrath,1,13,0.077,False,False
Engine,Fighting,MachineMoves,MOVE_WATER_PULSE,Water Pulse,Water,Special,60,100,20,MOVE_EFFECT_CONFUSE_HIT,0,True,Lucario; Poliwrath,2,13,0.154,True,False
Engine,Fighting,MachineMoves,MOVE_WEATHER_BALL,Weather Ball,Normal,Special,50,100,10,MOVE_EFFECT_CHANGE_TYPE_WITH_WEATHER,0,True,Poliwrath,1,13,0.077,True,False
Engine,Fighting,MachineMoves,MOVE_WHIRLPOOL,Whirlpool,Water,Special,35,85,15,MOVE_EFFECT_WHIRLPOOL,0,True,Hariyama; Poliwrath,2,13,0.154,True,False
Engine,Fighting,MachineMoves,MOVE_WILL_O_WISP,Will-O-Wisp,Fire,Status,0,85,15,MOVE_EFFECT_STATUS_BURN,0,True,Gallade; Infernape; Blaziken,3,13,0.231,True,False
Engine,Fighting,MachineMoves,MOVE_WONDER_ROOM,Wonder Room,Psychic,Status,0,0,10,MOVE_EFFECT_HIT,0,True,Gallade,1,13,0.077,False,False
Engine,Fighting,MachineMoves,MOVE_WORK_UP,Work Up,Normal,Status,0,0,30,MOVE_EFFECT_ATK_SP_ATK_UP,0,True,Machamp; Primeape; Hitmonchan; Heracross; Hariyama; Medicham; Breloom; Gallade; Lucario; Infernape; Blaziken; Poliwrath; Toxicroak,13,13,1.0,True,True
Engine,Fighting,MachineMoves,MOVE_X_SCISSOR,X-Scissor,Bug,Physical,80,100,15,MOVE_EFFECT_HIT,0,True,Gallade; Toxicroak,2,13,0.154,True,False
Engine,Fighting,MachineMoves,MOVE_ZEN_HEADBUTT,Zen Headbutt,Psychic,Physical,80,90,15,MOVE_EFFECT_FLINCH_HIT,0,True,Hariyama; Medicham; Breloom; Gallade; Lucario; Infernape,6,13,0.462,True,True
Engine,Fighting,TutorMoves,MOVE_ALLY_SWITCH,Ally Switch,Psychic,Status,0,0,15,MOVE_EFFECT_HIT,2,True,Gallade,1,13,0.077,False,False
Engine,Fighting,TutorMoves,MOVE_BLAST_BURN,Blast Burn,Fire,Special,150,90,5,MOVE_EFFECT_RECHARGE_AFTER,0,True,Infernape; Blaziken,2,13,0.154,False,False
Engine,Fighting,TutorMoves,MOVE_BODY_SLAM,Body Slam,Normal,Physical,85,100,15,MOVE_EFFECT_PARALYZE_HIT,0,True,Machamp; Primeape; Hitmonchan; Heracross; Hariyama; Medicham; Breloom; Blaziken; Poliwrath,9,13,0.692,False,True
Engine,Fighting,TutorMoves,MOVE_BOUNCE,Bounce,Flying,Physical,85,85,5,MOVE_EFFECT_BOUNCE,0,True,Blaziken; Toxicroak,2,13,0.154,True,False
Engine,Fighting,TutorMoves,MOVE_BUG_BITE,Bug Bite,Bug,Physical,60,100,20,MOVE_EFFECT_EAT_BERRY,0,True,Heracross,1,13,0.077,True,False
Engine,Fighting,TutorMoves,MOVE_COACHING,Coaching,Fighting,Status,0,0,10,MOVE_EFFECT_COACHING,0,True,Machamp; Hitmonchan; Heracross; Gallade; Lucario; Blaziken; Poliwrath; Toxicroak,8,13,0.615,False,True
Engine,Fighting,TutorMoves,MOVE_CORROSIVE_GAS,Corrosive Gas,Poison,Status,0,100,40,MOVE_EFFECT_HIT,0,True,Toxicroak,1,13,0.077,False,False
Engine,Fighting,TutorMoves,MOVE_COUNTER,Counter,Fighting,Physical,1,100,20,MOVE_EFFECT_COUNTER,-5,True,Machamp; Primeape; Hitmonchan; Heracross; Hariyama; Medicham; Breloom; Blaziken; Poliwrath,9,13,0.692,False,True
Engine,Fighting,TutorMoves,MOVE_COVET,Covet,Normal,Physical,60,100,25,MOVE_EFFECT_STEAL_HELD_ITEM,0,True,Primeape; Hitmonchan; Infernape,3,13,0.231,False,False
Engine,Fighting,TutorMoves,MOVE_DARK_PULSE,Dark Pulse,Dark,Special,80,100,15,MOVE_EFFECT_FLINCH_HIT,0,True,Lucario; Toxicroak,2,13,0.154,False,False
Engine,Fighting,TutorMoves,MOVE_DEFENSE_CURL,Defense Curl,Normal,Status,0,0,40,MOVE_EFFECT_DEF_UP_DOUBLE_ROLLOUT_POWER,0,True,Primeape; Poliwrath,2,13,0.154,False,False
Engine,Fighting,TutorMoves,MOVE_DEFOG,Defog,Flying,Status,0,0,15,MOVE_EFFECT_REMOVE_HAZARDS_SCREENS_EVA_DOWN,0,True,Blaziken,1,13,0.077,False,False
Engine,Fighting,TutorMoves,MOVE_DIVE,Dive,Water,Physical,80,100,10,MOVE_EFFECT_DIVE,0,True,Poliwrath,1,13,0.077,True,False
Engine,Fighting,TutorMoves,MOVE_DOUBLE_EDGE,Double-Edge,Normal,Physical,120,100,15,MOVE_EFFECT_RECOIL_THIRD,0,True,Machamp; Primeape; Hitmonchan; Heracross; Hariyama; Medicham; Breloom; Blaziken; Poliwrath,9,13,0.692,False,True
Engine,Fighting,TutorMoves,MOVE_DRAGON_PULSE,Dragon Pulse,Dragon,Special,85,100,10,MOVE_EFFECT_HIT,0,True,Lucario,1,13,0.077,False,False
Engine,Fighting,TutorMoves,MOVE_DRAIN_PUNCH,Drain Punch,Fighting,Physical,75,100,10,MOVE_EFFECT_RECOVER_HALF_DAMAGE_DEALT,0,True,Hitmonchan; Medicham; Breloom; Gallade; Lucario; Toxicroak,6,13,0.462,False,True
Engine,Fighting,TutorMoves,MOVE_DREAM_EATER,Dream Eater,Psychic,Special,100,100,15,MOVE_EFFECT_RECOVER_DAMAGE_SLEEP,0,True,Medicham,1,13,0.077,False,False
Engine,Fighting,TutorMoves,MOVE_DUAL_CHOP,Dual Chop,Dragon,Physical,40,90,15,MOVE_EFFECT_HIT_TWICE,0,True,Machamp; Primeape; Gallade; Lucario; Infernape; Blaziken; Poliwrath; Toxicroak,8,13,0.615,False,True
Engine,Fighting,TutorMoves,MOVE_DYNAMIC_PUNCH,Dynamic Punch,Fighting,Physical,100,50,5,MOVE_EFFECT_CONFUSE_HIT,0,True,Machamp; Primeape; Hitmonchan; Hariyama; Medicham; Breloom; Blaziken; Poliwrath,8,13,0.615,False,True
Engine,Fighting,TutorMoves,MOVE_ENDEAVOR,Endeavor,Normal,Physical,1,100,5,MOVE_EFFECT_SET_HP_EQUAL_TO_USER,0,True,Primeape; Infernape; Poliwrath,3,13,0.231,True,False
Engine,Fighting,TutorMoves,MOVE_ENDURE,Endure,Normal,Status,0,0,10,MOVE_EFFECT_SURVIVE_WITH_1_HP,4,True,Machamp; Primeape; Hitmonchan; Heracross; Hariyama; Medicham; Breloom; Blaziken; Poliwrath,9,13,0.692,False,True
Engine,Fighting,TutorMoves,MOVE_EXPANDING_FORCE,Expanding Force,Psychic,Special,80,100,10,MOVE_EFFECT_HIT,0,True,Gallade,1,13,0.077,False,False
Engine,Fighting,TutorMoves,MOVE_FIRE_PLEDGE,Fire Pledge,Fire,Special,80,100,10,MOVE_EFFECT_HIT,0,True,Infernape; Blaziken,2,13,0.154,False,False
Engine,Fighting,TutorMoves,MOVE_FIRE_PUNCH,Fire Punch,Fire,Physical,75,100,15,MOVE_EFFECT_BURN_HIT,0,True,Machamp; Primeape; Hitmonchan; Hariyama; Medicham; Gallade; Infernape; Blaziken,8,13,0.615,True,True
Engine,Fighting,TutorMoves,MOVE_FLAMETHROWER,Flamethrower,Fire,Special,90,100,15,MOVE_EFFECT_BURN_HIT,0,True,Machamp,1,13,0.077,False,False
Engine,Fighting,TutorMoves,MOVE_FOCUS_PUNCH,Focus Punch,Fighting,Physical,150,100,20,MOVE_EFFECT_HIT_LAST_WHIFF_IF_HIT,-3,True,Machamp; Primeape; Hitmonchan; Heracross; Hariyama; Medicham; Breloom; Gallade; Lucario; Infernape; Blaziken; Poliwrath; Toxicroak,13,13,1.0,False,True
Engine,Fighting,TutorMoves,MOVE_FOUL_PLAY,Foul Play,Dark,Physical,95,100,15,MOVE_EFFECT_HIT,0,True,Toxicroak,1,13,0.077,False,False
Engine,Fighting,TutorMoves,MOVE_FURY_CUTTER,Fury Cutter,Bug,Physical,40,95,20,MOVE_EFFECT_DOUBLE_POWER_EACH_TURN,0,True,Heracross; Breloom; Gallade; Lucario; Blaziken; Toxicroak,6,13,0.462,True,True
Engine,Fighting,TutorMoves,MOVE_GIGA_DRAIN,Giga Drain,Grass,Special,75,100,10,MOVE_EFFECT_RECOVER_HALF_DAMAGE_DEALT,0,True,Breloom,1,13,0.077,False,False
Engine,Fighting,TutorMoves,MOVE_GRAVITY,Gravity,Psychic,Status,0,0,5,MOVE_EFFECT_GRAVITY,0,True,Medicham,1,13,0.077,True,False
Engine,Fighting,TutorMoves,MOVE_GUNK_SHOT,Gunk Shot,Poison,Physical,120,80,5,MOVE_EFFECT_POISON_HIT,0,True,Primeape; Infernape; Toxicroak,3,13,0.231,True,False
Engine,Fighting,TutorMoves,MOVE_HEADBUTT,Headbutt,Normal,Physical,70,100,15,MOVE_EFFECT_FLINCH_HIT,0,True,Machamp; Primeape; Hitmonchan; Heracross; Hariyama; Medicham; Breloom; Gallade; Lucario; Infernape; Blaziken; Poliwrath; Toxicroak,13,13,1.0,True,True
Engine,Fighting,TutorMoves,MOVE_HEAT_WAVE,Heat Wave,Fire,Special,95,90,10,MOVE_EFFECT_BURN_HIT,0,True,Infernape; Blaziken,2,13,0.154,True,False
Engine,Fighting,TutorMoves,MOVE_HELPING_HAND,Helping Hand,Normal,Status,0,0,20,MOVE_EFFECT_BOOST_ALLY_POWER_BY_50_PERCENT,5,True,Machamp; Primeape; Hitmonchan; Heracross; Hariyama; Medicham; Breloom; Gallade; Lucario; Infernape; Blaziken; Poliwrath; Toxicroak,13,13,1.0,True,True
Engine,Fighting,TutorMoves,MOVE_HYPER_VOICE,Hyper Voice,Normal,Special,90,100,10,MOVE_EFFECT_HIT,0,True,Gallade,1,13,0.077,False,False
Engine,Fighting,TutorMoves,MOVE_ICE_BEAM,Ice Beam,Ice,Special,90,100,10,MOVE_EFFECT_FREEZE_HIT,0,True,Poliwrath,1,13,0.077,False,False
Engine,Fighting,TutorMoves,MOVE_ICE_PUNCH,Ice Punch,Ice,Physical,75,100,15,MOVE_EFFECT_FREEZE_HIT,0,True,Machamp; Primeape; Hitmonchan; Hariyama; Medicham; Gallade; Lucario; Poliwrath; Toxicroak,9,13,0.692,True,True
Engine,Fighting,TutorMoves,MOVE_ICY_WIND,Icy Wind,Ice,Special,55,95,15,MOVE_EFFECT_LOWER_SPEED_HIT,0,True,Poliwrath; Toxicroak,2,13,0.154,True,False
Engine,Fighting,TutorMoves,MOVE_IRON_DEFENSE,Iron Defense,Steel,Status,0,0,15,MOVE_EFFECT_DEF_UP_2,0,True,Heracross; Lucario,2,13,0.154,True,False
Engine,Fighting,TutorMoves,MOVE_IRON_HEAD,Iron Head,Steel,Physical,80,100,15,MOVE_EFFECT_FLINCH_HIT,0,True,Hariyama,1,13,0.077,True,False
Engine,Fighting,TutorMoves,MOVE_IRON_TAIL,Iron Tail,Steel,Physical,100,75,15,MOVE_EFFECT_LOWER_DEFENSE_HIT,0,True,Primeape; Breloom; Lucario; Infernape,4,13,0.308,False,False
Engine,Fighting,TutorMoves,MOVE_KNOCK_OFF,Knock Off,Dark,Physical,65,100,20,MOVE_EFFECT_REMOVE_HELD_ITEM,0,True,Machamp; Heracross; Hariyama; Gallade; Blaziken; Toxicroak,6,13,0.462,True,True
Engine,Fighting,TutorMoves,MOVE_LASER_FOCUS,Laser Focus,Normal,Status,0,0,30,MOVE_EFFECT_LASER_FOCUS,0,True,Hitmonchan; Medicham; Breloom; Gallade; Lucario; Infernape; Blaziken,7,13,0.538,False,True
Engine,Fighting,TutorMoves,MOVE_LASH_OUT,Lash Out,Dark,Physical,75,100,5,MOVE_EFFECT_HIT,0,True,Toxicroak,1,13,0.077,False,False
Engine,Fighting,TutorMoves,MOVE_LAST_RESORT,Last Resort,Normal,Physical,140,100,5,MOVE_EFFECT_FAIL_IF_NOT_USED_ALL_OTHER_MOVES,0,True,Blaziken,1,13,0.077,True,False
Engine,Fighting,TutorMoves,MOVE_LOW_KICK,Low Kick,Fighting,Physical,1,100,20,MOVE_EFFECT_INCREASE_POWER_WITH_WEIGHT,0,True,Machamp; Primeape; Hitmonchan; Heracross; Hariyama; Medicham; Gallade; Lucario; Infernape; Blaziken; Toxicroak,11,13,0.846,True,True
Engine,Fighting,TutorMoves,MOVE_MAGIC_COAT,Magic Coat,Psychic,Status,0,0,15,MOVE_EFFECT_MAGIC_COAT,4,True,Medicham; Gallade,2,13,0.154,True,False
Engine,Fighting,TutorMoves,MOVE_MAGIC_ROOM,Magic Room,Psychic,Status,0,0,10,MOVE_EFFECT_MAGIC_ROOM,0,True,Gallade,1,13,0.077,False,False
Engine,Fighting,TutorMoves,MOVE_MAGNET_RISE,Magnet Rise,Electric,Status,0,0,10,MOVE_EFFECT_GIVE_GROUND_IMMUNITY,0,True,Lucario,1,13,0.077,True,False
Engine,Fighting,TutorMoves,MOVE_MEGA_KICK,Mega Kick,Normal,Physical,120,75,5,MOVE_EFFECT_HIT,0,True,Machamp; Primeape; Hitmonchan; Hariyama; Medicham; Breloom; Blaziken; Poliwrath,8,13,0.615,False,True
Engine,Fighting,TutorMoves,MOVE_MEGA_PUNCH,Mega Punch,Normal,Physical,80,85,20,MOVE_EFFECT_HIT,0,True,Machamp; Primeape; Hitmonchan; Hariyama; Medicham; Breloom; Blaziken; Poliwrath,8,13,0.615,False,True
Engine,Fighting,TutorMoves,MOVE_METRONOME,Metronome,Normal,Status,0,0,10,MOVE_EFFECT_CALL_RANDOM_MOVE,0,True,Machamp; Primeape; Hitmonchan; Hariyama; Medicham; Poliwrath,6,13,0.462,False,True
Engine,Fighting,TutorMoves,MOVE_MIMIC,Mimic,Normal,Status,0,0,10,MOVE_EFFECT_COPY_MOVE_FOR_BATTLE,0,True,Machamp; Primeape; Hitmonchan; Heracross; Hariyama; Medicham; Breloom; Blaziken; Poliwrath,9,13,0.692,False,True
Engine,Fighting,TutorMoves,MOVE_MUD_SLAP,Mud-Slap,Ground,Special,20,100,10,MOVE_EFFECT_LOWER_ACCURACY_HIT,0,True,Machamp; Primeape; Hitmonchan; Hariyama; Medicham; Breloom; Gallade; Lucario; Infernape; Blaziken; Poliwrath; Toxicroak,12,13,0.923,True,True
Engine,Fighting,TutorMoves,MOVE_OUTRAGE,Outrage,Dragon,Physical,120,100,10,MOVE_EFFECT_CONTINUE_AND_CONFUSE_SELF,0,True,Primeape,1,13,0.077,True,False
Engine,Fighting,TutorMoves,MOVE_PAIN_SPLIT,Pain Split,Normal,Status,0,0,20,MOVE_EFFECT_AVERAGE_HP,0,True,Medicham; Gallade,2,13,0.154,True,False
Engine,Fighting,TutorMoves,MOVE_PSYCH_UP,Psych Up,Normal,Status,0,0,10,MOVE_EFFECT_COPY_STAT_CHANGES,0,True,Primeape; Medicham,2,13,0.154,False,False
Engine,Fighting,TutorMoves,MOVE_RECYCLE,Recycle,Normal,Status,0,0,10,MOVE_EFFECT_RECYCLE,0,True,Medicham; Gallade,2,13,0.154,False,False
Engine,Fighting,TutorMoves,MOVE_ROCK_SLIDE,Rock Slide,Rock,Physical,75,90,10,MOVE_EFFECT_FLINCH_HIT,0,True,Machamp; Primeape; Hitmonchan; Heracross; Hariyama; Medicham; Blaziken,7,13,0.538,False,True
Engine,Fighting,TutorMoves,MOVE_ROLE_PLAY,Role Play,Psychic,Status,0,0,10,MOVE_EFFECT_COPY_ABILITY,0,True,Machamp; Primeape; Hitmonchan; Hariyama; Medicham; Lucario; Infernape; Blaziken; Toxicroak,9,13,0.692,True,True
Engine,Fighting,TutorMoves,MOVE_ROLLOUT,Rollout,Rock,Physical,30,90,20,MOVE_EFFECT_DOUBLE_POWER_EACH_TURN_LOCK_INTO,0,True,Infernape,1,13,0.077,True,False
Engine,Fighting,TutorMoves,MOVE_SCORCHING_SANDS,Scorching Sands,Ground,Special,70,100,10,MOVE_EFFECT_BURN_HIT,0,True,Blaziken,1,13,0.077,False,False
Engine,Fighting,TutorMoves,MOVE_SEED_BOMB,Seed Bomb,Grass,Physical,80,100,15,MOVE_EFFECT_HIT,0,True,Primeape; Breloom,2,13,0.154,True,False
Engine,Fighting,TutorMoves,MOVE_SEISMIC_TOSS,Seismic Toss,Fighting,Physical,1,100,20,MOVE_EFFECT_LEVEL_DAMAGE_FLAT,0,True,Machamp; Primeape; Hitmonchan; Heracross; Hariyama; Medicham; Breloom; Blaziken; Poliwrath,9,13,0.692,False,True
Engine,Fighting,TutorMoves,MOVE_SHOCK_WAVE,Shock Wave,Electric,Special,60,0,20,MOVE_EFFECT_BYPASS_ACCURACY,0,True,Gallade,1,13,0.077,False,False
Engine,Fighting,TutorMoves,MOVE_SIGNAL_BEAM,Signal Beam,Bug,Special,75,100,15,MOVE_EFFECT_CONFUSE_HIT,0,True,Medicham; Gallade,2,13,0.154,True,False
Engine,Fighting,TutorMoves,MOVE_SKILL_SWAP,Skill Swap,Psychic,Status,0,0,10,MOVE_EFFECT_SWITCH_ABILITIES,0,True,Gallade,1,13,0.077,False,False
Engine,Fighting,TutorMoves,MOVE_SLEEP_TALK,Sleep Talk,Normal,Status,0,0,10,MOVE_EFFECT_USE_RANDOM_LEARNED_MOVE_SLEEP,0,True,Machamp; Primeape; Hitmonchan; Heracross; Hariyama; Medicham; Breloom; Gallade; Lucario; Infernape; Blaziken; Poliwrath; Toxicroak,13,13,1.0,False,True
Engine,Fighting,TutorMoves,MOVE_SNATCH,Snatch,Dark,Status,0,0,10,MOVE_EFFECT_STEAL_STATUS_MOVE,4,True,Breloom; Gallade; Toxicroak,3,13,0.231,False,False
Engine,Fighting,TutorMoves,MOVE_SNORE,Snore,Normal,Special,50,100,15,MOVE_EFFECT_DAMAGE_WHILE_ASLEEP,0,True,Machamp; Primeape; Hitmonchan; Heracross; Hariyama; Medicham; Breloom; Gallade; Lucario; Infernape; Blaziken; Poliwrath; Toxicroak,13,13,1.0,True,True
Engine,Fighting,TutorMoves,MOVE_SPITE,Spite,Ghost,Status,0,100,10,MOVE_EFFECT_DECREASE_LAST_MOVE_PP,0,True,Primeape; Toxicroak,2,13,0.154,True,False
Engine,Fighting,TutorMoves,MOVE_STEALTH_ROCK,Stealth Rock,Rock,Status,0,0,20,MOVE_EFFECT_STEALTH_ROCK,0,True,Infernape,1,13,0.077,False,False
Engine,Fighting,TutorMoves,MOVE_STEEL_BEAM,Steel Beam,Steel,Special,140,95,5,MOVE_EFFECT_STEEL_BEAM,0,True,Lucario,1,13,0.077,False,False
Engine,Fighting,TutorMoves,MOVE_STOMPING_TANTRUM,StompingTantrum,Ground,Physical,75,100,10,MOVE_EFFECT_HIT,0,True,Machamp; Primeape; Hariyama,3,13,0.231,False,False
Engine,Fighting,TutorMoves,MOVE_SUBSTITUTE,Substitute,Normal,Status,0,0,10,MOVE_EFFECT_SET_SUBSTITUTE,0,True,Machamp; Primeape; Hitmonchan; Heracross; Hariyama; Medicham; Breloom; Blaziken; Poliwrath,9,13,0.692,False,True
Engine,Fighting,TutorMoves,MOVE_SUCKER_PUNCH,Sucker Punch,Dark,Physical,70,100,5,MOVE_EFFECT_HIT_FIRST_IF_TARGET_ATTACKING,1,True,Toxicroak,1,13,0.077,True,False
Engine,Fighting,TutorMoves,MOVE_SUPERPOWER,Superpower,Fighting,Physical,120,100,5,MOVE_EFFECT_USER_ATK_DEF_DOWN_HIT,0,True,Machamp; Hariyama; Breloom; Blaziken,4,13,0.308,True,True
Engine,Fighting,TutorMoves,MOVE_SUPER_FANG,Super Fang,Normal,Physical,1,90,10,MOVE_EFFECT_HALVE_HP,0,True,Toxicroak,1,13,0.077,True,False
Engine,Fighting,TutorMoves,MOVE_SWAGGER,Swagger,Normal,Status,0,85,15,MOVE_EFFECT_ATK_UP_2_STATUS_CONFUSION,0,True,Machamp; Primeape; Hitmonchan; Heracross; Hariyama; Medicham; Breloom; Blaziken; Poliwrath,9,13,0.692,False,True
Engine,Fighting,TutorMoves,MOVE_SWIFT,Swift,Normal,Special,60,0,20,MOVE_EFFECT_BYPASS_ACCURACY,0,True,Primeape; Hitmonchan; Medicham; Gallade; Lucario; Infernape; Blaziken,7,13,0.538,True,True
Engine,Fighting,TutorMoves,MOVE_SWORDS_DANCE,Swords Dance,Normal,Status,0,0,20,MOVE_EFFECT_ATK_UP_2,0,True,Heracross; Breloom; Blaziken,3,13,0.231,False,False
Engine,Fighting,TutorMoves,MOVE_SYNTHESIS,Synthesis,Grass,Status,0,0,5,MOVE_EFFECT_HEAL_HALF_DIFFERENT_IN_WEATHER,0,True,Breloom,1,13,0.077,True,False
Engine,Fighting,TutorMoves,MOVE_TELEKINESIS,Telekinesis,Psychic,Status,0,0,15,MOVE_EFFECT_HIT,0,True,Medicham; Gallade,2,13,0.154,False,False
Engine,Fighting,TutorMoves,MOVE_TERRAIN_PULSE,Terrain Pulse,Normal,Special,50,100,10,MOVE_EFFECT_HIT,0,True,Lucario,1,13,0.077,False,False
Engine,Fighting,TutorMoves,MOVE_THROAT_CHOP,Throat Chop,Dark,Physical,80,100,15,MOVE_EFFECT_THROAT_CHOP,0,True,Machamp; Primeape; Hitmonchan; Heracross; Hariyama; Gallade; Poliwrath; Toxicroak,8,13,0.615,False,True
Engine,Fighting,TutorMoves,MOVE_THUNDERBOLT,Thunderbolt,Electric,Special,90,100,15,MOVE_EFFECT_PARALYZE_HIT,0,True,Primeape,1,13,0.077,False,False
Engine,Fighting,TutorMoves,MOVE_THUNDER_PUNCH,Thunder Punch,Electric,Physical,75,100,15,MOVE_EFFECT_PARALYZE_HIT,0,True,Machamp; Primeape; Hitmonchan; Hariyama; Medicham; Breloom; Gallade; Lucario; Infernape; Blaziken; Toxicroak,11,13,0.846,True,True
Engine,Fighting,TutorMoves,MOVE_TRICK,Trick,Psychic,Status,0,100,10,MOVE_EFFECT_SWITCH_HELD_ITEMS,0,True,Medicham; Gallade,2,13,0.154,True,False
Engine,Fighting,TutorMoves,MOVE_TRIPLE_AXEL,Triple Axel,Ice,Physical,20,90,10,MOVE_EFFECT_HIT_THREE_TIMES_INCREMENT_BASE_POWER_20,0,True,Gallade,1,13,0.077,False,False
Engine,Fighting,TutorMoves,MOVE_UPROAR,Uproar,Normal,Special,90,100,10,MOVE_EFFECT_UPROAR,0,True,Primeape,1,13,0.077,True,False
Engine,Fighting,TutorMoves,MOVE_VACUUM_WAVE,Vacuum Wave,Fighting,Special,40,100,30,MOVE_EFFECT_PRIORITY_1,1,True,Machamp; Primeape; Hitmonchan; Heracross; Hariyama; Medicham; Breloom; Gallade; Lucario; Infernape; Blaziken; Poliwrath; Toxicroak,13,13,1.0,True,True
Engine,Fighting,TutorMoves,MOVE_WATER_PULSE,Water Pulse,Water,Special,60,100,20,MOVE_EFFECT_CONFUSE_HIT,0,True,Lucario; Poliwrath,2,13,0.154,False,False
Engine,Fighting,TutorMoves,MOVE_WONDER_ROOM,Wonder Room,Psychic,Status,0,0,10,MOVE_EFFECT_HIT,0,True,Gallade,1,13,0.077,False,False
Engine,Fighting,TutorMoves,MOVE_WORRY_SEED,Worry Seed,Grass,Status,0,100,10,MOVE_EFFECT_SET_ABILITY_TO_INSOMNIA,0,True,Breloom,1,13,0.077,True,False
Engine,Fighting,TutorMoves,MOVE_ZEN_HEADBUTT,Zen Headbutt,Psychic,Physical,80,90,15,MOVE_EFFECT_FLINCH_HIT,0,True,Medicham; Gallade; Lucario,3,13,0.231,True,False
Engine,Fire,MachineMoves,MOVE_ACID_SPRAY,Acid Spray,Poison,Special,40,100,20,MOVE_EFFECT_LOWER_SP_DEF_2_HIT,0,True,Magmortar,1,15,0.067,False,False
Engine,Fire,MachineMoves,MOVE_ACROBATICS,Acrobatics,Flying,Physical,55,100,15,MOVE_EFFECT_DOUBLE_POWER_WITHOUT_ITEM,0,True,Charizard; Moltres; Blaziken; Infernape,4,15,0.267,False,False
Engine,Fire,MachineMoves,MOVE_AERIAL_ACE,Aerial Ace,Flying,Physical,60,0,20,MOVE_EFFECT_BYPASS_ACCURACY,0,True,Charizard; Arcanine; Moltres; Typhlosion; Blaziken; Infernape,6,15,0.4,True,True
Engine,Fire,MachineMoves,MOVE_AGILITY,Agility,Psychic,Status,0,0,30,MOVE_EFFECT_SPEED_UP_2,0,True,Ninetales; Arcanine; Rapidash; Moltres; Entei; Blaziken; Infernape,7,15,0.467,True,True
Engine,Fire,MachineMoves,MOVE_AIR_CUTTER,Air Cutter,Flying,Special,60,95,25,MOVE_EFFECT_HIGH_CRITICAL,0,True,Charizard; Moltres,2,15,0.133,False,False
Engine,Fire,MachineMoves,MOVE_AIR_SLASH,Air Slash,Flying,Special,75,95,15,MOVE_EFFECT_FLINCH_HIT,0,True,Charizard; Moltres,2,15,0.133,False,False
Engine,Fire,MachineMoves,MOVE_ALLURING_VOICE,Alluring Voice,Fairy,Special,80,100,10,MOVE_EFFECT_HIT,0,True,Flareon,1,15,0.067,True,False
Engine,Fire,MachineMoves,MOVE_ALLY_SWITCH,Ally Switch,Psychic,Status,0,0,15,MOVE_EFFECT_HIT,2,True,Rapidash,1,15,0.067,True,False
Engine,Fire,MachineMoves,MOVE_AMNESIA,Amnesia,Psychic,Status,0,0,20,MOVE_EFFECT_SP_DEF_UP_2,0,True,Camerupt; Torkoal,2,15,0.133,True,False
Engine,Fire,MachineMoves,MOVE_ASSURANCE,Assurance,Dark,Physical,60,100,10,MOVE_EFFECT_DOUBLE_POWER_IF_TARGET_HIT,0,True,Blaziken,1,15,0.067,False,False
Engine,Fire,MachineMoves,MOVE_ATTRACT,Attract,Normal,Status,0,100,15,MOVE_EFFECT_INFATUATE,0,True,Charizard; Ninetales; Arcanine; Rapidash; Magmortar; Flareon; Typhlosion; Houndoom; Blaziken; Camerupt; Torkoal; Infernape; Heatran,13,15,0.867,True,True
Engine,Fire,MachineMoves,MOVE_AURA_SPHERE,Aura Sphere,Fighting,Special,80,0,20,MOVE_EFFECT_BYPASS_ACCURACY,0,True,Blaziken; Infernape,2,15,0.133,True,False
Engine,Fire,MachineMoves,MOVE_BATON_PASS,Baton Pass,Normal,Status,0,0,40,MOVE_EFFECT_PASS_STATS_AND_STATUS,0,True,Ninetales; Rapidash; Flareon; Blaziken,4,15,0.267,True,False
Engine,Fire,MachineMoves,MOVE_BEAT_UP,Beat Up,Dark,Physical,1,100,10,MOVE_EFFECT_BEAT_UP,0,True,Charizard,1,15,0.067,False,False
Engine,Fire,MachineMoves,MOVE_BIDE,Bide,Normal,Physical,1,0,10,MOVE_EFFECT_BIDE,1,True,Charizard; Ninetales; Arcanine; Rapidash; Flareon; Moltres,6,15,0.4,False,True
Engine,Fire,MachineMoves,MOVE_BLAST_BURN,Blast Burn,Fire,Special,150,90,5,MOVE_EFFECT_RECHARGE_AFTER,0,True,Charizard; Typhlosion; Blaziken; Infernape,4,15,0.267,True,True
Engine,Fire,MachineMoves,MOVE_BLAZE_KICK,Blaze Kick,Fire,Physical,85,90,10,MOVE_EFFECT_HIGH_CRITICAL_BURN_HIT,0,True,Charizard; Blaziken,2,15,0.133,True,True
Engine,Fire,MachineMoves,MOVE_BODY_PRESS,Body Press,Fighting,Physical,80,100,10,MOVE_EFFECT_HIT,0,True,Camerupt; Torkoal; Heatran,3,15,0.2,True,False
Engine,Fire,MachineMoves,MOVE_BODY_SLAM,Body Slam,Normal,Physical,85,100,15,MOVE_EFFECT_PARALYZE_HIT,0,True,Charizard; Ninetales; Arcanine; Rapidash; Magmortar; Flareon; Typhlosion; Houndoom; Entei; Blaziken; Camerupt; Torkoal; Infernape; Heatran,14,15,0.933,True,True
Engine,Fire,MachineMoves,MOVE_BOUNCE,Bounce,Flying,Physical,85,85,5,MOVE_EFFECT_BOUNCE,0,True,Rapidash; Blaziken,2,15,0.133,False,False
Engine,Fire,MachineMoves,MOVE_BRAVE_BIRD,Brave Bird,Flying,Physical,120,100,15,MOVE_EFFECT_RECOIL_THIRD,0,True,Moltres; Blaziken,2,15,0.133,True,False
Engine,Fire,MachineMoves,MOVE_BREAKING_SWIPE,Breaking Swipe,Dragon,Physical,60,100,15,MOVE_EFFECT_LOWER_ATTACK_HIT,0,True,Charizard,1,15,0.067,True,False
Engine,Fire,MachineMoves,MOVE_BRICK_BREAK,Brick Break,Fighting,Physical,75,100,15,MOVE_EFFECT_REMOVE_SCREENS,0,True,Charizard; Magmortar; Typhlosion; Blaziken; Infernape,5,15,0.333,True,True
Engine,Fire,MachineMoves,MOVE_BRUTAL_SWING,Brutal Swing,Dark,Physical,60,100,20,MOVE_EFFECT_HIT,0,True,Charizard,1,15,0.067,False,False
Engine,Fire,MachineMoves,MOVE_BULK_UP,Bulk Up,Fighting,Status,0,0,20,MOVE_EFFECT_ATK_DEF_UP,0,True,Blaziken; Infernape,2,15,0.133,True,False
Engine,Fire,MachineMoves,MOVE_BULLDOZE,Bulldoze,Ground,Physical,60,100,20,MOVE_EFFECT_LOWER_SPEED_HIT,0,True,Charizard; Arcanine; Magmortar; Typhlosion; Entei; Blaziken; Camerupt; Torkoal; Infernape; Heatran,10,15,0.667,False,True
Engine,Fire,MachineMoves,MOVE_BURNING_JEALOUSY,BurningJealousy,Fire,Special,70,100,5,MOVE_EFFECT_BURN_HIT,0,True,Ninetales; Magmortar; Flareon; Moltres; Typhlosion; Houndoom; Torkoal; Infernape; Heatran,9,15,0.6,True,True
Engine,Fire,MachineMoves,MOVE_CALM_MIND,Calm Mind,Psychic,Status,0,0,20,MOVE_EFFECT_SP_ATK_SP_DEF_UP,0,True,Ninetales; Flareon; Typhlosion; Entei; Infernape,5,15,0.333,True,True
Engine,Fire,MachineMoves,MOVE_CAPTIVATE,Captivate,Normal,Status,0,100,20,MOVE_EFFECT_SP_ATK_DOWN_2_OPPOSITE_GENDER,0,True,Charizard; Ninetales; Arcanine; Rapidash; Magmortar; Flareon; Typhlosion; Houndoom; Blaziken; Camerupt; Torkoal; Infernape; Heatran,13,15,0.867,True,True
Engine,Fire,MachineMoves,MOVE_CHARM,Charm,Fairy,Status,0,100,20,MOVE_EFFECT_ATK_DOWN_2,0,True,Ninetales; Arcanine; Rapidash; Flareon; Camerupt,5,15,0.333,False,True
Engine,Fire,MachineMoves,MOVE_CLOSE_COMBAT,Close Combat,Fighting,Physical,120,100,5,MOVE_EFFECT_USER_DEF_SP_DEF_DOWN_HIT,0,True,Arcanine; Blaziken; Infernape,3,15,0.2,True,False
Engine,Fire,MachineMoves,MOVE_COACHING,Coaching,Fighting,Status,0,0,10,MOVE_EFFECT_COACHING,0,True,Blaziken; Infernape,2,15,0.133,True,False
Engine,Fire,MachineMoves,MOVE_CONFIDE,Confide,Normal,Status,0,0,20,MOVE_EFFECT_HIT,0,True,Charizard; Ninetales; Arcanine; Rapidash; Magmortar; Flareon; Moltres; Typhlosion; Houndoom; Entei; Blaziken; Camerupt; Torkoal; Infernape; Heatran,15,15,1.0,True,True
Engine,Fire,MachineMoves,MOVE_CONFUSE_RAY,Confuse Ray,Ghost,Status,0,100,10,MOVE_EFFECT_STATUS_CONFUSE,0,True,Ninetales; Magmortar; Typhlosion,3,15,0.2,False,False
Engine,Fire,MachineMoves,MOVE_COUNTER,Counter,Fighting,Physical,1,100,20,MOVE_EFFECT_COUNTER,-5,True,Charizard,1,15,0.067,False,False
Engine,Fire,MachineMoves,MOVE_CRUNCH,Crunch,Dark,Physical,80,100,15,MOVE_EFFECT_LOWER_DEFENSE_HIT,0,True,Charizard; Arcanine; Houndoom; Entei; Heatran,5,15,0.333,True,True
Engine,Fire,MachineMoves,MOVE_CURSE,Curse,Ghost,Status,0,0,10,MOVE_EFFECT_CURSE,0,True,Charizard; Ninetales; Arcanine; Rapidash; Magmortar; Flareon; Moltres; Typhlosion; Houndoom; Entei; Blaziken; Camerupt; Torkoal,13,15,0.867,True,True
Engine,Fire,MachineMoves,MOVE_CUT,Cut,Normal,Physical,50,95,30,MOVE_EFFECT_HIT,0,True,Charizard; Typhlosion; Entei; Blaziken; Infernape,5,15,0.333,True,True
Engine,Fire,MachineMoves,MOVE_DARK_PULSE,Dark Pulse,Dark,Special,80,100,15,MOVE_EFFECT_FLINCH_HIT,0,True,Ninetales; Houndoom; Heatran,3,15,0.2,True,False
Engine,Fire,MachineMoves,MOVE_DEFENSE_CURL,Defense Curl,Normal,Status,0,0,40,MOVE_EFFECT_DEF_UP_DOUBLE_ROLLOUT_POWER,0,True,Charizard; Typhlosion,2,15,0.133,False,False
Engine,Fire,MachineMoves,MOVE_DEFOG,Defog,Flying,Status,0,0,15,MOVE_EFFECT_REMOVE_HAZARDS_SCREENS_EVA_DOWN,0,True,Charizard; Moltres,2,15,0.133,False,False
Engine,Fire,MachineMoves,MOVE_DETECT,Detect,Fighting,Status,0,0,5,MOVE_EFFECT_PROTECT,4,True,Flareon; Moltres; Typhlosion; Houndoom; Entei,5,15,0.333,False,True
Engine,Fire,MachineMoves,MOVE_DIG,Dig,Ground,Physical,80,100,10,MOVE_EFFECT_DIG,0,True,Charizard; Ninetales; Arcanine; Flareon; Typhlosion; Entei; Blaziken; Camerupt; Infernape; Heatran,10,15,0.667,True,True
Engine,Fire,MachineMoves,MOVE_DOUBLE_EDGE,Double-Edge,Normal,Physical,120,100,15,MOVE_EFFECT_RECOIL_THIRD,0,True,Charizard; Ninetales; Arcanine; Rapidash; Magmortar; Flareon; Moltres; Typhlosion; Houndoom; Entei; Blaziken; Camerupt; Torkoal; Infernape,14,15,0.933,True,True
Engine,Fire,MachineMoves,MOVE_DOUBLE_TEAM,Double Team,Normal,Status,0,0,15,MOVE_EFFECT_EVA_UP,0,True,Charizard; Ninetales; Arcanine; Rapidash; Magmortar; Flareon; Moltres; Typhlosion; Houndoom; Entei; Blaziken; Camerupt; Torkoal; Infernape; Heatran,15,15,1.0,True,True
Engine,Fire,MachineMoves,MOVE_DRAGON_BREATH,Dragon Breath,Dragon,Special,60,100,20,MOVE_EFFECT_PARALYZE_HIT,0,True,Charizard; Arcanine,2,15,0.133,False,False
Engine,Fire,MachineMoves,MOVE_DRAGON_CHEER,Dragon Cheer,Dragon,Status,0,0,15,MOVE_EFFECT_HIT,0,True,Charizard,1,15,0.067,True,False
Engine,Fire,MachineMoves,MOVE_DRAGON_CLAW,Dragon Claw,Dragon,Physical,80,100,15,MOVE_EFFECT_HIT,0,True,Charizard,1,15,0.067,True,False
Engine,Fire,MachineMoves,MOVE_DRAGON_DANCE,Dragon Dance,Dragon,Status,0,0,20,MOVE_EFFECT_ATK_SPEED_UP,0,True,Charizard,1,15,0.067,True,False
Engine,Fire,MachineMoves,MOVE_DRAGON_PULSE,Dragon Pulse,Dragon,Special,85,100,10,MOVE_EFFECT_HIT,0,True,Charizard; Arcanine; Heatran,3,15,0.2,True,False
Engine,Fire,MachineMoves,MOVE_DRAGON_RAGE,Dragon Rage,Dragon,Special,1,100,10,MOVE_EFFECT_40_DAMAGE_FLAT,0,True,Charizard; Arcanine,2,15,0.133,False,False
Engine,Fire,MachineMoves,MOVE_DRAGON_TAIL,Dragon Tail,Dragon,Physical,60,90,10,MOVE_EFFECT_FORCE_SWITCH_HIT,-6,True,Charizard,1,15,0.067,False,False
Engine,Fire,MachineMoves,MOVE_DRAIN_PUNCH,Drain Punch,Fighting,Physical,75,100,10,MOVE_EFFECT_RECOVER_HALF_DAMAGE_DEALT,0,True,Infernape,1,15,0.067,True,False
Engine,Fire,MachineMoves,MOVE_DREAM_EATER,Dream Eater,Psychic,Special,100,100,15,MOVE_EFFECT_RECOVER_DAMAGE_SLEEP,0,True,Ninetales; Houndoom,2,15,0.133,True,False
Engine,Fire,MachineMoves,MOVE_DRILL_RUN,Drill Run,Ground,Physical,80,95,10,MOVE_EFFECT_HIGH_CRITICAL,0,True,Rapidash,1,15,0.067,True,False
Engine,Fire,MachineMoves,MOVE_DUAL_WINGBEAT,Dual Wingbeat,Flying,Physical,40,90,10,MOVE_EFFECT_HIT_TWICE,0,True,Moltres,1,15,0.067,True,False
Engine,Fire,MachineMoves,MOVE_DYNAMIC_PUNCH,Dynamic Punch,Fighting,Physical,100,50,5,MOVE_EFFECT_CONFUSE_HIT,0,True,Charizard; Typhlosion,2,15,0.133,False,False
Engine,Fire,MachineMoves,MOVE_EARTHQUAKE,Earthquake,Ground,Physical,100,100,10,MOVE_EFFECT_DOUBLE_DAMAGE_DIG,0,True,Charizard; Magmortar; Typhlosion; Blaziken; Camerupt; Torkoal; Infernape; Heatran,8,15,0.533,True,True
Engine,Fire,MachineMoves,MOVE_EARTH_POWER,Earth Power,Ground,Special,90,100,10,MOVE_EFFECT_LOWER_SP_DEF_HIT,0,True,Camerupt; Torkoal; Heatran,3,15,0.2,True,False
Engine,Fire,MachineMoves,MOVE_ECHOED_VOICE,Echoed Voice,Normal,Special,40,100,15,MOVE_EFFECT_HIT,0,True,Charizard; Rapidash; Flareon; Blaziken; Camerupt,5,15,0.333,False,True
Engine,Fire,MachineMoves,MOVE_EMBARGO,Embargo,Dark,Status,0,100,15,MOVE_EFFECT_PREVENT_ITEM_USE,0,True,Houndoom,1,15,0.067,True,False
Engine,Fire,MachineMoves,MOVE_ENCORE,Encore,Normal,Status,0,100,5,MOVE_EFFECT_ENCORE,0,True,Ninetales; Infernape,2,15,0.133,True,False
Engine,Fire,MachineMoves,MOVE_ENDEAVOR,Endeavor,Normal,Physical,1,100,5,MOVE_EFFECT_SET_HP_EQUAL_TO_USER,0,True,Flareon; Typhlosion; Houndoom; Camerupt; Infernape,5,15,0.333,True,True
Engine,Fire,MachineMoves,MOVE_ENDURE,Endure,Normal,Status,0,0,10,MOVE_EFFECT_SURVIVE_WITH_1_HP,4,True,Charizard; Ninetales; Arcanine; Rapidash; Magmortar; Flareon; Moltres; Typhlosion; Houndoom; Entei; Blaziken; Camerupt; Torkoal; Infernape; Heatran,15,15,1.0,True,True
Engine,Fire,MachineMoves,MOVE_ENERGY_BALL,Energy Ball,Grass,Special,90,100,10,MOVE_EFFECT_LOWER_SP_DEF_HIT,0,True,Ninetales,1,15,0.067,True,False
Engine,Fire,MachineMoves,MOVE_EXPLOSION,Explosion,Normal,Physical,250,100,5,MOVE_EFFECT_HALVE_DEFENSE,0,True,Camerupt; Torkoal; Heatran,3,15,0.2,True,False
Engine,Fire,MachineMoves,MOVE_FACADE,Facade,Normal,Physical,70,100,20,MOVE_EFFECT_DOUBLE_POWER_WHEN_STATUSED,0,True,Charizard; Ninetales; Arcanine; Rapidash; Magmortar; Flareon; Moltres; Typhlosion; Houndoom; Entei; Blaziken; Camerupt; Torkoal; Infernape; Heatran,15,15,1.0,True,True
Engine,Fire,MachineMoves,MOVE_FAKE_TEARS,Fake Tears,Dark,Status,0,100,20,MOVE_EFFECT_SP_DEF_DOWN_2,0,True,Ninetales; Flareon; Infernape,3,15,0.2,False,False
Engine,Fire,MachineMoves,MOVE_FALSE_SWIPE,False Swipe,Normal,Physical,40,100,40,MOVE_EFFECT_LEAVE_WITH_1_HP,0,True,Charizard,1,15,0.067,True,False
Engine,Fire,MachineMoves,MOVE_FEATHER_DANCE,Feather Dance,Flying,Status,0,100,15,MOVE_EFFECT_ATK_DOWN_2,0,True,Blaziken,1,15,0.067,True,False
Engine,Fire,MachineMoves,MOVE_FIRE_BLAST,Fire Blast,Fire,Special,110,85,5,MOVE_EFFECT_BURN_HIT,0,True,Charizard; Ninetales; Arcanine; Rapidash; Magmortar; Flareon; Moltres; Typhlosion; Houndoom; Entei; Blaziken; Camerupt; Torkoal; Infernape; Heatran,15,15,1.0,True,True
Engine,Fire,MachineMoves,MOVE_FIRE_FANG,Fire Fang,Fire,Physical,65,95,15,MOVE_EFFECT_FLINCH_BURN_HIT,0,True,Charizard; Arcanine; Flareon; Typhlosion; Houndoom; Entei; Heatran,7,15,0.467,False,True
Engine,Fire,MachineMoves,MOVE_FIRE_PLEDGE,Fire Pledge,Fire,Special,80,100,10,MOVE_EFFECT_HIT,0,True,Charizard; Typhlosion; Blaziken; Infernape,4,15,0.267,True,True
Engine,Fire,MachineMoves,MOVE_FIRE_PUNCH,Fire Punch,Fire,Physical,75,100,15,MOVE_EFFECT_BURN_HIT,0,True,Charizard; Magmortar; Typhlosion; Blaziken; Infernape,5,15,0.333,False,True
Engine,Fire,MachineMoves,MOVE_FIRE_SPIN,Fire Spin,Fire,Special,35,85,15,MOVE_EFFECT_BIND_HIT,0,True,Charizard; Ninetales; Arcanine; Rapidash; Magmortar; Flareon; Moltres; Typhlosion; Houndoom; Entei; Blaziken; Camerupt; Torkoal; Infernape; Heatran,15,15,1.0,False,True
Engine,Fire,MachineMoves,MOVE_FISSURE,Fissure,Ground,Physical,1,30,5,MOVE_EFFECT_ONE_HIT_KO,0,True,Charizard,1,15,0.067,False,False
Engine,Fire,MachineMoves,MOVE_FLAMETHROWER,Flamethrower,Fire,Special,90,100,15,MOVE_EFFECT_BURN_HIT,0,True,Charizard; Ninetales; Arcanine; Rapidash; Magmortar; Flareon; Moltres; Typhlosion; Houndoom; Entei; Blaziken; Camerupt; Torkoal; Infernape; Heatran,15,15,1.0,True,True
Engine,Fire,MachineMoves,MOVE_FLAME_CHARGE,Flame Charge,Fire,Physical,50,100,20,MOVE_EFFECT_RAISE_SPEED_HIT,0,True,Charizard; Ninetales; Arcanine; Rapidash; Magmortar; Flareon; Moltres; Typhlosion; Houndoom; Entei; Blaziken; Camerupt; Torkoal; Infernape; Heatran,15,15,1.0,False,True
Engine,Fire,MachineMoves,MOVE_FLARE_BLITZ,Flare Blitz,Fire,Physical,120,100,15,MOVE_EFFECT_RECOIL_BURN_HIT,0,True,Charizard; Ninetales; Arcanine; Rapidash; Magmortar; Flareon; Moltres; Typhlosion; Houndoom; Entei; Blaziken; Camerupt; Torkoal; Infernape; Heatran,15,15,1.0,True,True
Engine,Fire,MachineMoves,MOVE_FLASH,Flash,Normal,Status,0,100,20,MOVE_EFFECT_ACC_DOWN,0,True,Entei,1,15,0.067,True,False
Engine,Fire,MachineMoves,MOVE_FLASH_CANNON,Flash Cannon,Steel,Special,80,100,10,MOVE_EFFECT_LOWER_SP_DEF_HIT,0,True,Camerupt; Heatran,2,15,0.133,True,False
Engine,Fire,MachineMoves,MOVE_FLING,Fling,Dark,Physical,1,100,10,MOVE_EFFECT_FLING,0,True,Charizard; Magmortar; Typhlosion; Blaziken; Infernape,5,15,0.333,True,True
Engine,Fire,MachineMoves,MOVE_FLY,Fly,Flying,Physical,90,95,15,MOVE_EFFECT_FLY,0,True,Charizard; Moltres,2,15,0.133,True,False
Engine,Fire,MachineMoves,MOVE_FOCUS_BLAST,Focus Blast,Fighting,Special,120,70,5,MOVE_EFFECT_LOWER_SP_DEF_HIT,0,True,Charizard; Magmortar; Typhlosion; Blaziken; Infernape,5,15,0.333,True,True
Engine,Fire,MachineMoves,MOVE_FOCUS_ENERGY,Focus Energy,Normal,Status,0,0,30,MOVE_EFFECT_CRIT_UP_2,0,True,Magmortar; Flareon; Blaziken,3,15,0.2,True,False
Engine,Fire,MachineMoves,MOVE_FOCUS_PUNCH,Focus Punch,Fighting,Physical,150,100,20,MOVE_EFFECT_HIT_LAST_WHIFF_IF_HIT,-3,True,Charizard; Magmortar; Typhlosion; Blaziken; Infernape,5,15,0.333,True,True
Engine,Fire,MachineMoves,MOVE_FOUL_PLAY,Foul Play,Dark,Physical,95,100,15,MOVE_EFFECT_HIT,0,True,Ninetales; Houndoom,2,15,0.133,True,False
Engine,Fire,MachineMoves,MOVE_FRUSTRATION,Frustration,Normal,Physical,1,100,20,MOVE_EFFECT_POWER_BASED_ON_LOW_FRIENDSHIP,0,True,Charizard; Ninetales; Arcanine; Rapidash; Magmortar; Flareon; Moltres; Typhlosion; Houndoom; Entei; Blaziken; Camerupt; Torkoal; Infernape; Heatran,15,15,1.0,True,True
Engine,Fire,MachineMoves,MOVE_FURY_CUTTER,Fury Cutter,Bug,Physical,40,95,20,MOVE_EFFECT_DOUBLE_POWER_EACH_TURN,0,True,Charizard; Typhlosion,2,15,0.133,False,False
Engine,Fire,MachineMoves,MOVE_GIGA_IMPACT,Giga Impact,Normal,Physical,150,90,5,MOVE_EFFECT_RECHARGE_AFTER,0,True,Charizard; Ninetales; Arcanine; Rapidash; Magmortar; Flareon; Moltres; Typhlosion; Houndoom; Entei; Blaziken; Camerupt; Torkoal; Infernape; Heatran,15,15,1.0,True,True
Engine,Fire,MachineMoves,MOVE_GRASS_KNOT,Grass Knot,Grass,Special,1,100,20,MOVE_EFFECT_INCREASE_POWER_WITH_WEIGHT,0,True,Infernape,1,15,0.067,True,False
Engine,Fire,MachineMoves,MOVE_GUNK_SHOT,Gunk Shot,Poison,Physical,120,80,5,MOVE_EFFECT_POISON_HIT,0,True,Infernape,1,15,0.067,True,False
Engine,Fire,MachineMoves,MOVE_GYRO_BALL,Gyro Ball,Steel,Physical,1,100,5,MOVE_EFFECT_POWER_BASED_ON_LOW_SPEED,0,True,Typhlosion; Torkoal,2,15,0.133,True,False
Engine,Fire,MachineMoves,MOVE_HARD_PRESS,Hard Press,Steel,Physical,0,100,10,MOVE_EFFECT_HIT,0,True,Heatran,1,15,0.067,True,False
Engine,Fire,MachineMoves,MOVE_HEADBUTT,Headbutt,Normal,Physical,70,100,15,MOVE_EFFECT_FLINCH_HIT,0,True,Charizard; Ninetales; Arcanine; Rapidash; Flareon; Moltres; Typhlosion; Houndoom; Entei,9,15,0.6,False,True
Engine,Fire,MachineMoves,MOVE_HEAT_CRASH,Heat Crash,Fire,Physical,1,100,10,MOVE_EFFECT_HEAVY_SLAM,0,True,Charizard; Arcanine; Magmortar; Blaziken; Camerupt; Torkoal; Heatran,7,15,0.467,True,True
Engine,Fire,MachineMoves,MOVE_HEAT_WAVE,Heat Wave,Fire,Special,95,90,10,MOVE_EFFECT_BURN_HIT,0,True,Charizard; Ninetales; Arcanine; Rapidash; Magmortar; Flareon; Moltres; Typhlosion; Houndoom; Entei; Blaziken; Camerupt; Torkoal; Infernape; Heatran,15,15,1.0,True,True
Engine,Fire,MachineMoves,MOVE_HEAVY_SLAM,Heavy Slam,Steel,Physical,1,100,10,MOVE_EFFECT_HEAVY_SLAM,0,True,Camerupt; Torkoal; Heatran,3,15,0.2,True,False
Engine,Fire,MachineMoves,MOVE_HELPING_HAND,Helping Hand,Normal,Status,0,0,20,MOVE_EFFECT_BOOST_ALLY_POWER_BY_50_PERCENT,5,True,Charizard; Ninetales; Arcanine; Magmortar; Flareon; Moltres; Typhlosion; Houndoom; Entei; Blaziken; Camerupt; Torkoal; Infernape,13,15,0.867,True,True
Engine,Fire,MachineMoves,MOVE_HEX,Hex,Ghost,Special,65,100,10,MOVE_EFFECT_DOUBLE_DAMAGE_ON_STATUS,0,True,Ninetales; Typhlosion,2,15,0.133,False,False
Engine,Fire,MachineMoves,MOVE_HIDDEN_POWER,Hidden Power,Normal,Special,60,100,15,MOVE_EFFECT_RANDOM_TYPE_BASED_ON_IVS,0,True,Charizard; Ninetales; Arcanine; Rapidash; Magmortar; Flareon; Moltres; Typhlosion; Houndoom; Entei; Blaziken; Camerupt; Torkoal; Infernape; Heatran,15,15,1.0,True,True
Engine,Fire,MachineMoves,MOVE_HIGH_HORSEPOWER,High Horsepower,Ground,Physical,95,95,10,MOVE_EFFECT_HIT,0,True,Rapidash; Camerupt,2,15,0.133,True,False
Engine,Fire,MachineMoves,MOVE_HONE_CLAWS,Hone Claws,Dark,Status,0,0,15,MOVE_EFFECT_ATK_ACC_UP,0,True,Charizard; Blaziken; Infernape,3,15,0.2,False,False
Engine,Fire,MachineMoves,MOVE_HORN_DRILL,Horn Drill,Normal,Physical,1,30,5,MOVE_EFFECT_ONE_HIT_KO,0,True,Rapidash,1,15,0.067,False,False
Engine,Fire,MachineMoves,MOVE_HURRICANE,Hurricane,Flying,Special,110,70,10,MOVE_EFFECT_HURRICANE,0,True,Charizard; Moltres,2,15,0.133,True,False
Engine,Fire,MachineMoves,MOVE_HYPER_BEAM,Hyper Beam,Normal,Special,150,90,5,MOVE_EFFECT_RECHARGE_AFTER,0,True,Charizard; Ninetales; Arcanine; Rapidash; Magmortar; Flareon; Moltres; Typhlosion; Houndoom; Entei; Blaziken; Camerupt; Torkoal; Infernape; Heatran,15,15,1.0,True,True
Engine,Fire,MachineMoves,MOVE_HYPER_VOICE,Hyper Voice,Normal,Special,90,100,10,MOVE_EFFECT_HIT,0,True,Arcanine; Magmortar; Flareon; Houndoom,4,15,0.267,True,False
Engine,Fire,MachineMoves,MOVE_IMPRISON,Imprison,Psychic,Status,0,0,10,MOVE_EFFECT_MAKE_SHARED_MOVES_UNUSEABLE,0,True,Ninetales,1,15,0.067,False,False
Engine,Fire,MachineMoves,MOVE_INCINERATE,Incinerate,Fire,Special,60,100,15,MOVE_EFFECT_INCINERATE,0,True,Charizard; Ninetales; Arcanine; Rapidash; Magmortar; Flareon; Moltres; Typhlosion; Houndoom; Entei; Blaziken; Camerupt; Torkoal; Infernape; Heatran,15,15,1.0,False,True
Engine,Fire,MachineMoves,MOVE_IRON_DEFENSE,Iron Defense,Steel,Status,0,0,15,MOVE_EFFECT_DEF_UP_2,0,True,Torkoal; Heatran,2,15,0.133,True,False
Engine,Fire,MachineMoves,MOVE_IRON_HEAD,Iron Head,Steel,Physical,80,100,15,MOVE_EFFECT_FLINCH_HIT,0,True,Arcanine; Typhlosion; Entei; Camerupt; Heatran,5,15,0.333,True,True
Engine,Fire,MachineMoves,MOVE_IRON_TAIL,Iron Tail,Steel,Physical,100,75,15,MOVE_EFFECT_LOWER_DEFENSE_HIT,0,True,Charizard; Ninetales; Arcanine; Rapidash; Magmortar; Flareon; Typhlosion; Houndoom; Entei; Torkoal; Infernape,11,15,0.733,True,True
Engine,Fire,MachineMoves,MOVE_KNOCK_OFF,Knock Off,Dark,Physical,65,100,20,MOVE_EFFECT_REMOVE_HELD_ITEM,0,True,Magmortar; Blaziken; Infernape,3,15,0.2,True,False
Engine,Fire,MachineMoves,MOVE_LASH_OUT,Lash Out,Dark,Physical,75,100,5,MOVE_EFFECT_HIT,0,True,Houndoom; Camerupt; Infernape,3,15,0.2,True,False
Engine,Fire,MachineMoves,MOVE_LOW_KICK,Low Kick,Fighting,Physical,1,100,20,MOVE_EFFECT_INCREASE_POWER_WITH_WEIGHT,0,True,Rapidash; Magmortar; Typhlosion; Blaziken; Infernape,5,15,0.333,True,True
Engine,Fire,MachineMoves,MOVE_LOW_SWEEP,Low Sweep,Fighting,Physical,65,100,20,MOVE_EFFECT_LOWER_SPEED_HIT,0,True,Magmortar; Blaziken; Infernape,3,15,0.2,False,False
Engine,Fire,MachineMoves,MOVE_LUNGE,Lunge,Bug,Physical,80,100,15,MOVE_EFFECT_LOWER_ATTACK_HIT,0,True,Heatran,1,15,0.067,True,False
Engine,Fire,MachineMoves,MOVE_MEGAHORN,Megahorn,Bug,Physical,120,85,10,MOVE_EFFECT_HIT,0,True,Rapidash,1,15,0.067,True,False
Engine,Fire,MachineMoves,MOVE_MEGA_KICK,Mega Kick,Normal,Physical,120,75,5,MOVE_EFFECT_HIT,0,True,Charizard; Magmortar; Blaziken,3,15,0.2,False,False
Engine,Fire,MachineMoves,MOVE_MEGA_PUNCH,Mega Punch,Normal,Physical,80,85,20,MOVE_EFFECT_HIT,0,True,Charizard; Magmortar; Blaziken,3,15,0.2,True,False
Engine,Fire,MachineMoves,MOVE_METAL_CLAW,Metal Claw,Steel,Physical,50,95,35,MOVE_EFFECT_RAISE_ATTACK_HIT,0,True,Heatran,1,15,0.067,False,False
Engine,Fire,MachineMoves,MOVE_METAL_SOUND,Metal Sound,Steel,Status,0,85,40,MOVE_EFFECT_SP_DEF_DOWN_2,0,True,Heatran,1,15,0.067,True,False
Engine,Fire,MachineMoves,MOVE_METRONOME,Metronome,Normal,Status,0,0,10,MOVE_EFFECT_CALL_RANDOM_MOVE,0,True,Magmortar; Infernape,2,15,0.133,True,False
Engine,Fire,MachineMoves,MOVE_MIMIC,Mimic,Normal,Status,0,0,10,MOVE_EFFECT_COPY_MOVE_FOR_BATTLE,0,True,Charizard; Ninetales; Arcanine; Rapidash; Flareon; Moltres,6,15,0.4,False,True
Engine,Fire,MachineMoves,MOVE_MUD_SHOT,Mud Shot,Ground,Special,55,95,15,MOVE_EFFECT_LOWER_SPEED_HIT,0,True,Houndoom; Camerupt,2,15,0.133,False,False
Engine,Fire,MachineMoves,MOVE_MUD_SLAP,Mud-Slap,Ground,Special,20,100,10,MOVE_EFFECT_LOWER_ACCURACY_HIT,0,True,Charizard; Flareon; Moltres; Typhlosion; Houndoom; Entei; Blaziken; Camerupt; Infernape,9,15,0.6,False,True
Engine,Fire,MachineMoves,MOVE_MYSTICAL_FIRE,Mystical Fire,Fire,Special,75,100,10,MOVE_EFFECT_LOWER_SP_ATK_HIT,0,True,Charizard; Ninetales; Rapidash; Magmortar; Flareon; Moltres,6,15,0.4,False,True
Engine,Fire,MachineMoves,MOVE_NASTY_PLOT,Nasty Plot,Dark,Status,0,0,20,MOVE_EFFECT_SP_ATK_UP_2,0,True,Ninetales; Houndoom; Infernape,3,15,0.2,True,False
Engine,Fire,MachineMoves,MOVE_NATURAL_GIFT,Natural Gift,Normal,Physical,1,100,15,MOVE_EFFECT_NATURAL_GIFT,0,True,Charizard; Ninetales; Arcanine; Rapidash; Magmortar; Flareon; Moltres; Typhlosion; Houndoom; Entei; Blaziken; Camerupt; Torkoal; Infernape; Heatran,15,15,1.0,True,True
Engine,Fire,MachineMoves,MOVE_NATURE_POWER,Nature Power,Normal,Status,0,0,20,MOVE_EFFECT_NATURE_POWER,0,True,Typhlosion; Camerupt; Torkoal; Heatran,4,15,0.267,False,False
Engine,Fire,MachineMoves,MOVE_NIGHTMARE,Nightmare,Ghost,Status,0,100,15,MOVE_EFFECT_STATUS_NIGHTMARE,0,True,Houndoom,1,15,0.067,False,False
Engine,Fire,MachineMoves,MOVE_NIGHT_SHADE,Night Shade,Ghost,Special,1,100,15,MOVE_EFFECT_LEVEL_DAMAGE_FLAT,0,True,Ninetales; Typhlosion,2,15,0.133,False,False
Engine,Fire,MachineMoves,MOVE_OUTRAGE,Outrage,Dragon,Physical,120,100,10,MOVE_EFFECT_CONTINUE_AND_CONFUSE_SELF,0,True,Charizard; Arcanine,2,15,0.133,True,False
Engine,Fire,MachineMoves,MOVE_OVERHEAT,Overheat,Fire,Special,130,90,5,MOVE_EFFECT_USER_SP_ATK_DOWN_2,0,True,Charizard; Ninetales; Arcanine; Rapidash; Magmortar; Flareon; Moltres; Typhlosion; Houndoom; Entei; Blaziken; Camerupt; Torkoal; Infernape; Heatran,15,15,1.0,True,True
Engine,Fire,MachineMoves,MOVE_PAIN_SPLIT,Pain Split,Normal,Status,0,0,20,MOVE_EFFECT_AVERAGE_HP,0,True,Ninetales; Houndoom,2,15,0.133,True,False
Engine,Fire,MachineMoves,MOVE_PAYBACK,Payback,Dark,Physical,50,100,10,MOVE_EFFECT_DOUBLE_POWER_IF_HIT,0,True,Ninetales; Houndoom; Heatran,3,15,0.2,True,False
Engine,Fire,MachineMoves,MOVE_PAY_DAY,Pay Day,Normal,Physical,40,100,20,MOVE_EFFECT_INCREASE_PRIZE_MONEY,0,True,Rapidash; Flareon,2,15,0.133,False,False
Engine,Fire,MachineMoves,MOVE_PLAY_ROUGH,Play Rough,Fairy,Physical,90,90,10,MOVE_EFFECT_LOWER_ATTACK_HIT,0,True,Arcanine; Rapidash; Typhlosion,3,15,0.2,True,False
Engine,Fire,MachineMoves,MOVE_PLUCK,Pluck,Flying,Physical,60,100,20,MOVE_EFFECT_EAT_BERRY,0,True,Moltres,1,15,0.067,True,False
Engine,Fire,MachineMoves,MOVE_POISON_JAB,Poison Jab,Poison,Physical,80,100,20,MOVE_EFFECT_POISON_HIT,0,True,Rapidash; Magmortar; Blaziken; Infernape,4,15,0.267,True,False
Engine,Fire,MachineMoves,MOVE_POLTERGEIST,Poltergeist,Ghost,Physical,110,90,5,MOVE_EFFECT_POLTERGEIST,0,True,Typhlosion,1,15,0.067,True,False
Engine,Fire,MachineMoves,MOVE_POUNCE,Pounce,Bug,Physical,50,100,20,MOVE_EFFECT_LOWER_SPEED_HIT,0,True,Heatran,1,15,0.067,False,False
Engine,Fire,MachineMoves,MOVE_POWER_GEM,Power Gem,Rock,Special,80,100,20,MOVE_EFFECT_HIT,0,True,Heatran,1,15,0.067,True,False
Engine,Fire,MachineMoves,MOVE_POWER_SWAP,Power Swap,Psychic,Status,0,0,10,MOVE_EFFECT_SWAP_ATK_SP_ATK_STAT_CHANGES,0,True,Ninetales; Magmortar,2,15,0.133,False,False
Engine,Fire,MachineMoves,MOVE_POWER_UP_PUNCH,Power-Up Punch,Fighting,Physical,40,100,20,MOVE_EFFECT_RAISE_ATTACK_HIT,0,True,Charizard; Magmortar; Typhlosion; Blaziken; Infernape,5,15,0.333,False,True
Engine,Fire,MachineMoves,MOVE_PROTECT,Protect,Normal,Status,0,0,10,MOVE_EFFECT_PROTECT,4,True,Charizard; Ninetales; Arcanine; Rapidash; Magmortar; Flareon; Moltres; Typhlosion; Houndoom; Entei; Blaziken; Camerupt; Torkoal; Infernape; Heatran,15,15,1.0,True,True
Engine,Fire,MachineMoves,MOVE_PSYCHIC,Psychic,Psychic,Special,90,100,10,MOVE_EFFECT_LOWER_SP_DEF_HIT,0,True,Magmortar,1,15,0.067,True,False
Engine,Fire,MachineMoves,MOVE_PSYCHIC_FANGS,Psychic Fangs,Psychic,Physical,85,100,10,MOVE_EFFECT_REMOVE_SCREENS,0,True,Arcanine; Houndoom,2,15,0.133,True,False
Engine,Fire,MachineMoves,MOVE_PSYCH_UP,Psych Up,Normal,Status,0,0,10,MOVE_EFFECT_COPY_STAT_CHANGES,0,True,Ninetales; Entei; Infernape,3,15,0.2,True,False
Engine,Fire,MachineMoves,MOVE_PSYSHOCK,Psyshock,Psychic,Special,80,100,10,MOVE_EFFECT_HIT,0,True,Ninetales,1,15,0.067,True,False
Engine,Fire,MachineMoves,MOVE_QUASH,Quash,Dark,Status,0,100,15,MOVE_EFFECT_QUASH,0,True,Entei,1,15,0.067,False,False
Engine,Fire,MachineMoves,MOVE_RAGE,Rage,Normal,Physical,20,100,20,MOVE_EFFECT_RAISE_ATK_WHEN_HIT,0,True,Charizard; Ninetales; Arcanine; Rapidash; Flareon; Moltres,6,15,0.4,False,True
Engine,Fire,MachineMoves,MOVE_RAIN_DANCE,Rain Dance,Water,Status,0,0,5,MOVE_EFFECT_WEATHER_RAIN,0,True,Flareon; Moltres; Houndoom; Entei; Camerupt,5,15,0.333,True,True
Engine,Fire,MachineMoves,MOVE_RAZOR_WIND,Razor Wind,Normal,Special,80,100,10,MOVE_EFFECT_CHARGE_TURN_HIGH_CRIT,0,True,Moltres,1,15,0.067,False,False
Engine,Fire,MachineMoves,MOVE_REFLECT,Reflect,Psychic,Status,0,0,20,MOVE_EFFECT_SET_REFLECT,0,True,Charizard; Ninetales; Arcanine; Rapidash; Flareon; Moltres; Entei,7,15,0.467,True,True
Engine,Fire,MachineMoves,MOVE_REST,Rest,Psychic,Status,0,0,5,MOVE_EFFECT_RECOVER_HEALTH_AND_SLEEP,0,True,Charizard; Ninetales; Arcanine; Rapidash; Magmortar; Flareon; Moltres; Typhlosion; Houndoom; Entei; Blaziken; Camerupt; Torkoal; Infernape; Heatran,15,15,1.0,True,True
Engine,Fire,MachineMoves,MOVE_RETALIATE,Retaliate,Normal,Physical,70,100,5,MOVE_EFFECT_HIT,0,True,Arcanine; Flareon; Houndoom; Infernape,4,15,0.267,False,False
Engine,Fire,MachineMoves,MOVE_RETURN,Return,Normal,Physical,1,100,20,MOVE_EFFECT_POWER_BASED_ON_FRIENDSHIP,0,True,Charizard; Ninetales; Arcanine; Rapidash; Magmortar; Flareon; Moltres; Typhlosion; Houndoom; Entei; Blaziken; Camerupt; Torkoal; Infernape; Heatran,15,15,1.0,True,True
Engine,Fire,MachineMoves,MOVE_REVENGE,Revenge,Fighting,Physical,60,100,10,MOVE_EFFECT_DOUBLE_DAMAGE_IF_HIT,-4,True,Blaziken,1,15,0.067,False,False
Engine,Fire,MachineMoves,MOVE_REVERSAL,Reversal,Fighting,Physical,1,100,15,MOVE_EFFECT_INCREASE_POWER_WITH_LESS_HP,0,True,Arcanine; Typhlosion; Houndoom; Entei; Blaziken; Infernape,6,15,0.4,True,True
Engine,Fire,MachineMoves,MOVE_ROAR,Roar,Normal,Status,0,0,20,MOVE_EFFECT_FORCE_SWITCH,-6,True,Charizard; Ninetales; Arcanine; Magmortar; Flareon; Moltres; Typhlosion; Houndoom; Entei; Blaziken; Camerupt; Infernape; Heatran,13,15,0.867,True,True
Engine,Fire,MachineMoves,MOVE_ROCK_BLAST,Rock Blast,Rock,Physical,25,90,10,MOVE_EFFECT_MULTI_HIT,0,True,Heatran,1,15,0.067,False,False
Engine,Fire,MachineMoves,MOVE_ROCK_CLIMB,Rock Climb,Normal,Physical,90,85,20,MOVE_EFFECT_CONFUSE_HIT,0,True,Arcanine; Magmortar; Typhlosion; Entei; Blaziken; Infernape; Heatran,7,15,0.467,True,True
Engine,Fire,MachineMoves,MOVE_ROCK_POLISH,Rock Polish,Rock,Status,0,0,20,MOVE_EFFECT_SPEED_UP_2,0,True,Camerupt,1,15,0.067,True,False
Engine,Fire,MachineMoves,MOVE_ROCK_SLIDE,Rock Slide,Rock,Physical,75,90,10,MOVE_EFFECT_FLINCH_HIT,0,True,Charizard; Magmortar; Typhlosion; Blaziken; Camerupt; Torkoal; Infernape; Heatran,8,15,0.533,True,True
Engine,Fire,MachineMoves,MOVE_ROCK_SMASH,Rock Smash,Fighting,Physical,40,100,15,MOVE_EFFECT_LOWER_DEFENSE_HIT,0,True,Charizard; Arcanine; Magmortar; Flareon; Moltres; Typhlosion; Houndoom; Entei; Blaziken; Camerupt; Torkoal; Infernape; Heatran,13,15,0.867,True,True
Engine,Fire,MachineMoves,MOVE_ROCK_TOMB,Rock Tomb,Rock,Physical,60,95,15,MOVE_EFFECT_LOWER_SPEED_HIT,0,True,Charizard; Magmortar; Typhlosion; Blaziken; Camerupt; Torkoal; Infernape; Heatran,8,15,0.533,True,True
Engine,Fire,MachineMoves,MOVE_ROLLOUT,Rollout,Rock,Physical,30,90,20,MOVE_EFFECT_DOUBLE_POWER_EACH_TURN_LOCK_INTO,0,True,Typhlosion,1,15,0.067,False,False
Engine,Fire,MachineMoves,MOVE_ROOST,Roost,Flying,Status,0,0,5,MOVE_EFFECT_HEAL_HALF_REMOVE_FLYING_TYPE,0,True,Charizard; Moltres,2,15,0.133,True,False
Engine,Fire,MachineMoves,MOVE_ROUND,Round,Normal,Special,60,100,15,MOVE_EFFECT_HIT,0,True,Charizard; Ninetales; Arcanine; Rapidash; Magmortar; Flareon; Moltres; Typhlosion; Houndoom; Entei; Blaziken; Camerupt; Torkoal; Infernape; Heatran,15,15,1.0,False,True
Engine,Fire,MachineMoves,MOVE_SAFEGUARD,Safeguard,Normal,Status,0,0,25,MOVE_EFFECT_PREVENT_STATUS,0,True,Ninetales; Arcanine; Moltres,3,15,0.2,True,False
Engine,Fire,MachineMoves,MOVE_SANDSTORM,Sandstorm,Rock,Status,0,0,10,MOVE_EFFECT_WEATHER_SANDSTORM,0,True,Charizard; Moltres; Entei; Camerupt; Torkoal; Heatran,6,15,0.4,True,True
Engine,Fire,MachineMoves,MOVE_SCARY_FACE,Scary Face,Normal,Status,0,100,10,MOVE_EFFECT_SPEED_DOWN_2,0,True,Charizard; Arcanine; Magmortar; Flareon; Houndoom; Entei; Camerupt; Infernape; Heatran,9,15,0.6,False,True
Engine,Fire,MachineMoves,MOVE_SCORCHING_SANDS,Scorching Sands,Ground,Special,70,100,10,MOVE_EFFECT_BURN_HIT,0,True,Charizard; Ninetales; Arcanine; Magmortar; Flareon; Moltres; Typhlosion; Entei; Blaziken; Camerupt; Torkoal; Infernape; Heatran,13,15,0.867,True,True
Engine,Fire,MachineMoves,MOVE_SCREECH,Screech,Normal,Status,0,85,40,MOVE_EFFECT_DEF_DOWN_2,0,True,Magmortar,1,15,0.067,False,False
Engine,Fire,MachineMoves,MOVE_SECRET_POWER,Secret Power,Normal,Physical,70,100,20,MOVE_EFFECT_SECRET_POWER,0,True,Charizard; Ninetales; Arcanine; Rapidash; Magmortar; Flareon; Moltres; Typhlosion; Houndoom; Entei; Blaziken; Camerupt; Torkoal; Infernape; Heatran,15,15,1.0,True,True
Engine,Fire,MachineMoves,MOVE_SEISMIC_TOSS,Seismic Toss,Fighting,Physical,1,100,20,MOVE_EFFECT_LEVEL_DAMAGE_FLAT,0,True,Charizard,1,15,0.067,False,False
Engine,Fire,MachineMoves,MOVE_SELF_DESTRUCT,Self-Destruct,Normal,Physical,200,100,5,MOVE_EFFECT_HALVE_DEFENSE,0,True,Torkoal; Heatran,2,15,0.133,False,False
Engine,Fire,MachineMoves,MOVE_SHADOW_BALL,Shadow Ball,Ghost,Special,80,100,15,MOVE_EFFECT_LOWER_SP_DEF_HIT,0,True,Ninetales; Flareon; Typhlosion; Houndoom; Entei,5,15,0.333,True,True
Engine,Fire,MachineMoves,MOVE_SHADOW_CLAW,Shadow Claw,Ghost,Physical,70,100,15,MOVE_EFFECT_HIGH_CRITICAL,0,True,Charizard; Typhlosion; Blaziken; Infernape,4,15,0.267,True,False
Engine,Fire,MachineMoves,MOVE_SKULL_BASH,Skull Bash,Normal,Physical,130,100,10,MOVE_EFFECT_CHARGE_TURN_DEF_UP,0,True,Charizard; Ninetales; Arcanine; Rapidash; Flareon,5,15,0.333,False,True
Engine,Fire,MachineMoves,MOVE_SKY_ATTACK,Sky Attack,Flying,Physical,140,90,5,MOVE_EFFECT_CHARGE_TURN_HIGH_CRIT_FLINCH,0,True,Moltres,1,15,0.067,False,False
Engine,Fire,MachineMoves,MOVE_SKY_DROP,Sky Drop,Flying,Physical,60,100,10,MOVE_EFFECT_HIT,0,True,Charizard; Moltres,2,15,0.133,False,False
Engine,Fire,MachineMoves,MOVE_SLEEP_TALK,Sleep Talk,Normal,Status,0,0,10,MOVE_EFFECT_USE_RANDOM_LEARNED_MOVE_SLEEP,0,True,Charizard; Ninetales; Arcanine; Rapidash; Magmortar; Flareon; Moltres; Typhlosion; Houndoom; Entei; Blaziken; Camerupt; Torkoal; Infernape; Heatran,15,15,1.0,True,True
Engine,Fire,MachineMoves,MOVE_SLUDGE_BOMB,Sludge Bomb,Poison,Special,90,100,10,MOVE_EFFECT_POISON_HIT,0,True,Houndoom; Torkoal,2,15,0.133,True,False
Engine,Fire,MachineMoves,MOVE_SMACK_DOWN,Smack Down,Rock,Physical,50,100,15,MOVE_EFFECT_SMACK_DOWN,0,True,Camerupt; Infernape,2,15,0.133,True,False
Engine,Fire,MachineMoves,MOVE_SMART_STRIKE,Smart Strike,Steel,Physical,70,0,10,MOVE_EFFECT_BYPASS_ACCURACY,0,True,Rapidash,1,15,0.067,False,False
Engine,Fire,MachineMoves,MOVE_SNARL,Snarl,Dark,Special,55,95,15,MOVE_EFFECT_LOWER_SP_ATK_HIT,0,True,Ninetales; Arcanine; Houndoom; Entei,4,15,0.267,False,False
Engine,Fire,MachineMoves,MOVE_SNATCH,Snatch,Dark,Status,0,0,10,MOVE_EFFECT_STEAL_STATUS_MOVE,4,True,Houndoom,1,15,0.067,True,False
Engine,Fire,MachineMoves,MOVE_SNORE,Snore,Normal,Special,50,100,15,MOVE_EFFECT_DAMAGE_WHILE_ASLEEP,0,True,Charizard; Ninetales; Arcanine; Rapidash; Magmortar; Flareon; Moltres; Typhlosion; Houndoom; Entei; Blaziken; Torkoal; Heatran,13,15,0.867,False,True
Engine,Fire,MachineMoves,MOVE_SOLAR_BEAM,Solar Beam,Grass,Special,120,100,10,MOVE_EFFECT_CHARGE_TURN_SUN_SKIPS,0,True,Charizard; Ninetales; Arcanine; Rapidash; Magmortar; Moltres; Typhlosion; Houndoom; Entei; Blaziken; Camerupt; Torkoal; Infernape; Heatran,14,15,0.933,True,True
Engine,Fire,MachineMoves,MOVE_SOLAR_BLADE,Solar Blade,Grass,Physical,125,100,10,MOVE_EFFECT_CHARGE_TURN_SUN_SKIPS,0,True,Rapidash,1,15,0.067,True,False
Engine,Fire,MachineMoves,MOVE_SPITE,Spite,Ghost,Status,0,100,10,MOVE_EFFECT_DECREASE_LAST_MOVE_PP,0,True,Ninetales; Typhlosion; Houndoom,3,15,0.2,True,False
Engine,Fire,MachineMoves,MOVE_STEALTH_ROCK,Stealth Rock,Rock,Status,0,0,20,MOVE_EFFECT_STEALTH_ROCK,0,True,Camerupt; Torkoal; Infernape; Heatran,4,15,0.267,True,False
Engine,Fire,MachineMoves,MOVE_STEEL_BEAM,Steel Beam,Steel,Special,140,95,5,MOVE_EFFECT_STEEL_BEAM,0,True,Heatran,1,15,0.067,True,False
Engine,Fire,MachineMoves,MOVE_STEEL_WING,Steel Wing,Steel,Physical,70,90,25,MOVE_EFFECT_RAISE_DEF_HIT,0,True,Charizard; Moltres,2,15,0.133,True,False
Engine,Fire,MachineMoves,MOVE_STOMPING_TANTRUM,StompingTantrum,Ground,Physical,75,100,10,MOVE_EFFECT_HIT,0,True,Magmortar; Typhlosion; Entei; Camerupt; Torkoal; Heatran,6,15,0.4,False,True
Engine,Fire,MachineMoves,MOVE_STONE_EDGE,Stone Edge,Rock,Physical,100,80,5,MOVE_EFFECT_HIGH_CRITICAL,0,True,Entei; Blaziken; Camerupt; Torkoal; Infernape; Heatran,6,15,0.4,True,True
Engine,Fire,MachineMoves,MOVE_STORED_POWER,Stored Power,Psychic,Special,20,100,10,MOVE_EFFECT_HIT,0,True,Ninetales; Flareon,2,15,0.133,True,False
Engine,Fire,MachineMoves,MOVE_STRENGTH,Strength,Normal,Physical,80,100,15,MOVE_EFFECT_HIT,0,True,Charizard; Arcanine; Rapidash; Magmortar; Flareon; Typhlosion; Houndoom; Entei; Blaziken; Camerupt; Torkoal; Infernape; Heatran,13,15,0.867,True,True
Engine,Fire,MachineMoves,MOVE_SUBMISSION,Submission,Fighting,Physical,80,80,20,MOVE_EFFECT_RECOIL_QUARTER,0,True,Charizard,1,15,0.067,False,False
Engine,Fire,MachineMoves,MOVE_SUBSTITUTE,Substitute,Normal,Status,0,0,10,MOVE_EFFECT_SET_SUBSTITUTE,0,True,Charizard; Ninetales; Arcanine; Rapidash; Magmortar; Flareon; Moltres; Typhlosion; Houndoom; Entei; Blaziken; Camerupt; Torkoal; Infernape; Heatran,15,15,1.0,True,True
Engine,Fire,MachineMoves,MOVE_SUNNY_DAY,Sunny Day,Fire,Status,0,0,5,MOVE_EFFECT_WEATHER_SUN,0,True,Charizard; Ninetales; Arcanine; Rapidash; Magmortar; Flareon; Moltres; Typhlosion; Houndoom; Entei; Blaziken; Camerupt; Torkoal; Infernape; Heatran,15,15,1.0,True,True
Engine,Fire,MachineMoves,MOVE_SUPERPOWER,Superpower,Fighting,Physical,120,100,5,MOVE_EFFECT_USER_ATK_DEF_DOWN_HIT,0,True,Arcanine; Flareon; Blaziken; Torkoal,4,15,0.267,True,False
Engine,Fire,MachineMoves,MOVE_SUPER_FANG,Super Fang,Normal,Physical,1,90,10,MOVE_EFFECT_HALVE_HP,0,True,Houndoom,1,15,0.067,True,False
Engine,Fire,MachineMoves,MOVE_SWAGGER,Swagger,Normal,Status,0,85,15,MOVE_EFFECT_ATK_UP_2_STATUS_CONFUSION,0,True,Charizard; Ninetales; Arcanine; Rapidash; Magmortar; Flareon; Moltres; Typhlosion; Houndoom; Entei; Blaziken; Camerupt; Torkoal; Infernape; Heatran,15,15,1.0,True,True
Engine,Fire,MachineMoves,MOVE_SWIFT,Swift,Normal,Special,60,0,20,MOVE_EFFECT_BYPASS_ACCURACY,0,True,Charizard; Ninetales; Arcanine; Rapidash; Flareon; Moltres; Typhlosion; Houndoom; Entei; Blaziken; Infernape,11,15,0.733,False,True
Engine,Fire,MachineMoves,MOVE_SWORDS_DANCE,Swords Dance,Normal,Status,0,0,20,MOVE_EFFECT_ATK_UP_2,0,True,Charizard; Rapidash; Blaziken; Infernape,4,15,0.267,True,False
Engine,Fire,MachineMoves,MOVE_TAILWIND,Tailwind,Flying,Status,0,0,15,MOVE_EFFECT_DOUBLE_SPEED_3_TURNS,0,True,Moltres,1,15,0.067,True,False
Engine,Fire,MachineMoves,MOVE_TAIL_SLAP,Tail Slap,Normal,Physical,25,85,10,MOVE_EFFECT_MULTI_HIT,0,True,Ninetales,1,15,0.067,False,False
Engine,Fire,MachineMoves,MOVE_TAKE_DOWN,Take Down,Normal,Physical,90,85,20,MOVE_EFFECT_RECOIL_QUARTER,0,True,Charizard; Ninetales; Arcanine; Rapidash; Magmortar; Flareon; Moltres; Typhlosion; Houndoom; Entei; Blaziken; Camerupt; Torkoal; Infernape; Heatran,15,15,1.0,False,True
Engine,Fire,MachineMoves,MOVE_TAUNT,Taunt,Dark,Status,0,100,20,MOVE_EFFECT_TAUNT,0,True,Magmortar; Houndoom; Infernape; Heatran,4,15,0.267,True,False
Engine,Fire,MachineMoves,MOVE_TELEPORT,Teleport,Psychic,Status,0,0,20,MOVE_EFFECT_FLEE_FROM_WILD_BATTLE,-6,True,Arcanine,1,15,0.067,False,False
Engine,Fire,MachineMoves,MOVE_TEMPER_FLARE,Temper Flare,Fire,Physical,75,100,10,MOVE_EFFECT_HIT,0,True,Charizard; Arcanine; Magmortar; Flareon; Moltres; Typhlosion; Houndoom; Blaziken; Camerupt; Torkoal; Infernape,11,15,0.733,True,True
Engine,Fire,MachineMoves,MOVE_TERA_BLAST,Tera Blast,Normal,Special,80,100,10,MOVE_EFFECT_HIT,0,True,Charizard; Ninetales; Arcanine; Magmortar; Flareon; Moltres; Typhlosion; Houndoom; Entei; Blaziken; Camerupt; Torkoal; Infernape; Heatran,14,15,0.933,True,True
Engine,Fire,MachineMoves,MOVE_THIEF,Thief,Dark,Physical,60,100,25,MOVE_EFFECT_STEAL_HELD_ITEM,0,True,Arcanine; Magmortar; Houndoom; Blaziken; Infernape,5,15,0.333,True,True
Engine,Fire,MachineMoves,MOVE_THROAT_CHOP,Throat Chop,Dark,Physical,80,100,15,MOVE_EFFECT_THROAT_CHOP,0,True,Rapidash; Typhlosion; Houndoom; Infernape,4,15,0.267,True,False
Engine,Fire,MachineMoves,MOVE_THUNDERBOLT,Thunderbolt,Electric,Special,90,100,15,MOVE_EFFECT_PARALYZE_HIT,0,True,Magmortar,1,15,0.067,True,False
Engine,Fire,MachineMoves,MOVE_THUNDER_FANG,Thunder Fang,Electric,Physical,65,95,15,MOVE_EFFECT_FLINCH_PARALYZE_HIT,0,True,Arcanine; Houndoom,2,15,0.133,False,False
Engine,Fire,MachineMoves,MOVE_THUNDER_PUNCH,Thunder Punch,Electric,Physical,75,100,15,MOVE_EFFECT_PARALYZE_HIT,0,True,Charizard; Magmortar; Typhlosion; Blaziken; Infernape,5,15,0.333,False,True
Engine,Fire,MachineMoves,MOVE_TORMENT,Torment,Dark,Status,0,100,15,MOVE_EFFECT_TORMENT,0,True,Magmortar; Houndoom; Infernape; Heatran,4,15,0.267,True,False
Engine,Fire,MachineMoves,MOVE_TOXIC,Toxic,Poison,Status,0,90,10,MOVE_EFFECT_STATUS_BADLY_POISON,0,True,Charizard; Ninetales; Arcanine; Rapidash; Magmortar; Flareon; Moltres; Typhlosion; Houndoom; Entei; Blaziken; Camerupt; Torkoal; Infernape; Heatran,15,15,1.0,True,True
Engine,Fire,MachineMoves,MOVE_TRAILBLAZE,Trailblaze,Grass,Physical,50,100,20,MOVE_EFFECT_RAISE_SPEED_HIT,0,True,Flareon; Houndoom; Entei; Camerupt,4,15,0.267,False,False
Engine,Fire,MachineMoves,MOVE_UPPER_HAND,Upper Hand,Fighting,Physical,65,100,15,MOVE_EFFECT_HIT,3,True,Blaziken; Infernape,2,15,0.133,True,False
Engine,Fire,MachineMoves,MOVE_UPROAR,Uproar,Normal,Special,90,100,10,MOVE_EFFECT_UPROAR,0,True,Magmortar; Blaziken; Infernape; Heatran,4,15,0.267,True,False
Engine,Fire,MachineMoves,MOVE_U_TURN,U-turn,Bug,Physical,70,100,20,MOVE_EFFECT_SWITCH_HIT,0,True,Moltres; Blaziken; Infernape,3,15,0.2,True,False
Engine,Fire,MachineMoves,MOVE_VACUUM_WAVE,Vacuum Wave,Fighting,Special,40,100,30,MOVE_EFFECT_PRIORITY_1,1,True,Blaziken; Infernape,2,15,0.133,True,False
Engine,Fire,MachineMoves,MOVE_WEATHER_BALL,Weather Ball,Normal,Special,50,100,10,MOVE_EFFECT_CHANGE_TYPE_WITH_WEATHER,0,True,Charizard; Ninetales; Magmortar; Flareon; Moltres; Entei; Torkoal,7,15,0.467,True,True
Engine,Fire,MachineMoves,MOVE_WHIRLWIND,Whirlwind,Normal,Status,0,0,20,MOVE_EFFECT_FORCE_SWITCH,-6,True,Moltres,1,15,0.067,False,False
Engine,Fire,MachineMoves,MOVE_WILD_CHARGE,Wild Charge,Electric,Physical,90,100,15,MOVE_EFFECT_RECOIL_THIRD,0,True,Arcanine; Rapidash; Typhlosion,3,15,0.2,True,False
Engine,Fire,MachineMoves,MOVE_WILL_O_WISP,Will-O-Wisp,Fire,Status,0,85,15,MOVE_EFFECT_STATUS_BURN,0,True,Charizard; Ninetales; Arcanine; Rapidash; Magmortar; Flareon; Moltres; Typhlosion; Houndoom; Entei; Blaziken; Camerupt; Torkoal; Infernape; Heatran,15,15,1.0,True,True
Engine,Fire,MachineMoves,MOVE_WORK_UP,Work Up,Normal,Status,0,0,30,MOVE_EFFECT_ATK_SP_ATK_UP,0,True,Charizard; Flareon; Typhlosion; Blaziken; Infernape,5,15,0.333,True,True
Engine,Fire,MachineMoves,MOVE_ZAP_CANNON,Zap Cannon,Electric,Special,120,50,5,MOVE_EFFECT_PARALYZE_HIT,0,True,Flareon,1,15,0.067,False,False
Engine,Fire,MachineMoves,MOVE_ZEN_HEADBUTT,Zen Headbutt,Psychic,Physical,80,90,15,MOVE_EFFECT_FLINCH_HIT,0,True,Ninetales; Typhlosion; Camerupt; Torkoal; Infernape,5,15,0.333,True,True
Engine,Fire,TutorMoves,MOVE_AFTER_YOU,After You,Normal,Status,0,0,15,MOVE_EFFECT_AFTER_YOU,0,True,Camerupt; Torkoal,2,15,0.133,False,False
Engine,Fire,TutorMoves,MOVE_AIR_CUTTER,Air Cutter,Flying,Special,60,95,25,MOVE_EFFECT_HIGH_CRITICAL,0,True,Charizard; Moltres,2,15,0.133,True,False
Engine,Fire,TutorMoves,MOVE_ALLY_SWITCH,Ally Switch,Psychic,Status,0,0,15,MOVE_EFFECT_HIT,2,True,Rapidash,1,15,0.067,False,False
Engine,Fire,TutorMoves,MOVE_ANCIENT_POWER,Ancient Power,Rock,Special,60,100,5,MOVE_EFFECT_RAISE_ALL_STATS_HIT,0,True,Moltres; Heatran,2,15,0.133,True,False
Engine,Fire,TutorMoves,MOVE_BLAST_BURN,Blast Burn,Fire,Special,150,90,5,MOVE_EFFECT_RECHARGE_AFTER,0,True,Charizard; Typhlosion; Blaziken; Infernape,4,15,0.267,False,True
Engine,Fire,TutorMoves,MOVE_BODY_SLAM,Body Slam,Normal,Physical,85,100,15,MOVE_EFFECT_PARALYZE_HIT,0,True,Charizard; Ninetales; Arcanine; Rapidash; Flareon; Typhlosion; Houndoom; Entei; Blaziken; Camerupt; Torkoal,11,15,0.733,False,True
Engine,Fire,TutorMoves,MOVE_BOUNCE,Bounce,Flying,Physical,85,85,5,MOVE_EFFECT_BOUNCE,0,True,Rapidash; Blaziken,2,15,0.133,True,False
Engine,Fire,TutorMoves,MOVE_BUG_BITE,Bug Bite,Bug,Physical,60,100,20,MOVE_EFFECT_EAT_BERRY,0,True,Heatran,1,15,0.067,True,False
Engine,Fire,TutorMoves,MOVE_BURNING_JEALOUSY,BurningJealousy,Fire,Special,70,100,5,MOVE_EFFECT_BURN_HIT,0,True,Ninetales; Magmortar; Flareon; Moltres; Torkoal; Heatran,6,15,0.4,False,True
Engine,Fire,TutorMoves,MOVE_COACHING,Coaching,Fighting,Status,0,0,10,MOVE_EFFECT_COACHING,0,True,Blaziken,1,15,0.067,False,False
Engine,Fire,TutorMoves,MOVE_COUNTER,Counter,Fighting,Physical,1,100,20,MOVE_EFFECT_COUNTER,-5,True,Charizard; Typhlosion; Houndoom; Blaziken,4,15,0.267,False,False
Engine,Fire,TutorMoves,MOVE_COVET,Covet,Normal,Physical,60,100,25,MOVE_EFFECT_STEAL_HELD_ITEM,0,True,Ninetales; Arcanine; Magmortar; Flareon; Typhlosion; Infernape,6,15,0.4,False,True
Engine,Fire,TutorMoves,MOVE_DARK_PULSE,Dark Pulse,Dark,Special,80,100,15,MOVE_EFFECT_FLINCH_HIT,0,True,Ninetales; Houndoom; Heatran,3,15,0.2,False,False
Engine,Fire,TutorMoves,MOVE_DEFENSE_CURL,Defense Curl,Normal,Status,0,0,40,MOVE_EFFECT_DEF_UP_DOUBLE_ROLLOUT_POWER,0,True,Charizard; Typhlosion; Camerupt,3,15,0.2,False,False
Engine,Fire,TutorMoves,MOVE_DEFOG,Defog,Flying,Status,0,0,15,MOVE_EFFECT_REMOVE_HAZARDS_SCREENS_EVA_DOWN,0,True,Charizard; Moltres; Blaziken,3,15,0.2,False,False
Engine,Fire,TutorMoves,MOVE_DOUBLE_EDGE,Double-Edge,Normal,Physical,120,100,15,MOVE_EFFECT_RECOIL_THIRD,0,True,Charizard; Ninetales; Arcanine; Rapidash; Flareon; Moltres; Typhlosion; Houndoom; Entei; Blaziken; Camerupt; Torkoal,12,15,0.8,False,True
Engine,Fire,TutorMoves,MOVE_DRAGON_PULSE,Dragon Pulse,Dragon,Special,85,100,10,MOVE_EFFECT_HIT,0,True,Charizard; Arcanine; Heatran,3,15,0.2,False,False
Engine,Fire,TutorMoves,MOVE_DREAM_EATER,Dream Eater,Psychic,Special,100,100,15,MOVE_EFFECT_RECOVER_DAMAGE_SLEEP,0,True,Houndoom,1,15,0.067,False,False
Engine,Fire,TutorMoves,MOVE_DRILL_RUN,Drill Run,Ground,Physical,80,95,10,MOVE_EFFECT_HIGH_CRITICAL,0,True,Rapidash,1,15,0.067,False,False
Engine,Fire,TutorMoves,MOVE_DUAL_CHOP,Dual Chop,Dragon,Physical,40,90,15,MOVE_EFFECT_HIT_TWICE,0,True,Magmortar; Blaziken; Infernape,3,15,0.2,False,False
Engine,Fire,TutorMoves,MOVE_DUAL_WINGBEAT,Dual Wingbeat,Flying,Physical,40,90,10,MOVE_EFFECT_HIT_TWICE,0,True,Charizard; Moltres,2,15,0.133,False,False
Engine,Fire,TutorMoves,MOVE_DYNAMIC_PUNCH,Dynamic Punch,Fighting,Physical,100,50,5,MOVE_EFFECT_CONFUSE_HIT,0,True,Charizard; Typhlosion; Blaziken,3,15,0.2,False,False
Engine,Fire,TutorMoves,MOVE_EARTH_POWER,Earth Power,Ground,Special,90,100,10,MOVE_EFFECT_LOWER_SP_DEF_HIT,0,True,Camerupt; Torkoal; Heatran,3,15,0.2,True,False
Engine,Fire,TutorMoves,MOVE_ENDEAVOR,Endeavor,Normal,Physical,1,100,5,MOVE_EFFECT_SET_HP_EQUAL_TO_USER,0,True,Infernape,1,15,0.067,True,False
Engine,Fire,TutorMoves,MOVE_ENDURE,Endure,Normal,Status,0,0,10,MOVE_EFFECT_SURVIVE_WITH_1_HP,4,True,Charizard; Ninetales; Arcanine; Rapidash; Flareon; Moltres; Typhlosion; Houndoom; Entei; Blaziken; Camerupt; Torkoal,12,15,0.8,False,True
Engine,Fire,TutorMoves,MOVE_EXPLOSION,Explosion,Normal,Physical,250,100,5,MOVE_EFFECT_HALVE_DEFENSE,0,True,Camerupt; Torkoal,2,15,0.133,False,False
Engine,Fire,TutorMoves,MOVE_FIRE_PLEDGE,Fire Pledge,Fire,Special,80,100,10,MOVE_EFFECT_HIT,0,True,Charizard; Typhlosion; Blaziken; Infernape,4,15,0.267,False,True
Engine,Fire,TutorMoves,MOVE_FIRE_PUNCH,Fire Punch,Fire,Physical,75,100,15,MOVE_EFFECT_BURN_HIT,0,True,Charizard; Magmortar; Typhlosion; Blaziken; Infernape,5,15,0.333,True,True
Engine,Fire,TutorMoves,MOVE_FLAMETHROWER,Flamethrower,Fire,Special,90,100,15,MOVE_EFFECT_BURN_HIT,0,True,Charizard; Ninetales; Arcanine; Rapidash; Flareon; Moltres; Typhlosion; Houndoom; Entei,9,15,0.6,False,True
Engine,Fire,TutorMoves,MOVE_FOCUS_PUNCH,Focus Punch,Fighting,Physical,150,100,20,MOVE_EFFECT_HIT_LAST_WHIFF_IF_HIT,-3,True,Charizard; Magmortar; Typhlosion; Blaziken; Infernape,5,15,0.333,False,True
Engine,Fire,TutorMoves,MOVE_FOUL_PLAY,Foul Play,Dark,Physical,95,100,15,MOVE_EFFECT_HIT,0,True,Ninetales; Houndoom,2,15,0.133,False,False
Engine,Fire,TutorMoves,MOVE_FURY_CUTTER,Fury Cutter,Bug,Physical,40,95,20,MOVE_EFFECT_DOUBLE_POWER_EACH_TURN,0,True,Charizard; Typhlosion; Blaziken,3,15,0.2,True,False
Engine,Fire,TutorMoves,MOVE_GUNK_SHOT,Gunk Shot,Poison,Physical,120,80,5,MOVE_EFFECT_POISON_HIT,0,True,Infernape,1,15,0.067,True,False
Engine,Fire,TutorMoves,MOVE_HEADBUTT,Headbutt,Normal,Physical,70,100,15,MOVE_EFFECT_FLINCH_HIT,0,True,Charizard; Ninetales; Arcanine; Rapidash; Magmortar; Flareon; Typhlosion; Houndoom; Entei; Blaziken; Camerupt; Torkoal; Infernape; Heatran,14,15,0.933,True,True
Engine,Fire,TutorMoves,MOVE_HEAL_BELL,Heal Bell,Normal,Status,0,0,5,MOVE_EFFECT_CURE_PARTY_STATUS,0,True,Flareon,1,15,0.067,True,False
Engine,Fire,TutorMoves,MOVE_HEAT_WAVE,Heat Wave,Fire,Special,95,90,10,MOVE_EFFECT_BURN_HIT,0,True,Charizard; Ninetales; Arcanine; Rapidash; Magmortar; Flareon; Moltres; Typhlosion; Houndoom; Entei; Blaziken; Camerupt; Torkoal; Infernape; Heatran,15,15,1.0,True,True
Engine,Fire,TutorMoves,MOVE_HELPING_HAND,Helping Hand,Normal,Status,0,0,20,MOVE_EFFECT_BOOST_ALLY_POWER_BY_50_PERCENT,5,True,Arcanine; Magmortar; Flareon; Blaziken; Infernape,5,15,0.333,True,True
Engine,Fire,TutorMoves,MOVE_HYPER_VOICE,Hyper Voice,Normal,Special,90,100,10,MOVE_EFFECT_HIT,0,True,Flareon; Houndoom,2,15,0.133,False,False
Engine,Fire,TutorMoves,MOVE_IRON_DEFENSE,Iron Defense,Steel,Status,0,0,15,MOVE_EFFECT_DEF_UP_2,0,True,Torkoal; Heatran,2,15,0.133,True,False
Engine,Fire,TutorMoves,MOVE_IRON_HEAD,Iron Head,Steel,Physical,80,100,15,MOVE_EFFECT_FLINCH_HIT,0,True,Arcanine; Entei; Camerupt; Heatran,4,15,0.267,True,False
Engine,Fire,TutorMoves,MOVE_IRON_TAIL,Iron Tail,Steel,Physical,100,75,15,MOVE_EFFECT_LOWER_DEFENSE_HIT,0,True,Charizard; Ninetales; Arcanine; Rapidash; Magmortar; Flareon; Houndoom; Entei; Torkoal; Infernape,10,15,0.667,False,True
Engine,Fire,TutorMoves,MOVE_KNOCK_OFF,Knock Off,Dark,Physical,65,100,20,MOVE_EFFECT_REMOVE_HELD_ITEM,0,True,Blaziken,1,15,0.067,True,False
Engine,Fire,TutorMoves,MOVE_LASER_FOCUS,Laser Focus,Normal,Status,0,0,30,MOVE_EFFECT_LASER_FOCUS,0,True,Ninetales; Arcanine; Flareon; Moltres; Typhlosion; Houndoom; Entei; Blaziken; Infernape,9,15,0.6,False,True
Engine,Fire,TutorMoves,MOVE_LAST_RESORT,Last Resort,Normal,Physical,140,100,5,MOVE_EFFECT_FAIL_IF_NOT_USED_ALL_OTHER_MOVES,0,True,Flareon; Blaziken,2,15,0.133,True,False
Engine,Fire,TutorMoves,MOVE_LOW_KICK,Low Kick,Fighting,Physical,1,100,20,MOVE_EFFECT_INCREASE_POWER_WITH_WEIGHT,0,True,Rapidash; Magmortar; Typhlosion; Blaziken; Infernape,5,15,0.333,True,True
Engine,Fire,TutorMoves,MOVE_MEGA_KICK,Mega Kick,Normal,Physical,120,75,5,MOVE_EFFECT_HIT,0,True,Charizard; Typhlosion; Blaziken,3,15,0.2,False,False
Engine,Fire,TutorMoves,MOVE_MEGA_PUNCH,Mega Punch,Normal,Physical,80,85,20,MOVE_EFFECT_HIT,0,True,Charizard; Typhlosion; Blaziken,3,15,0.2,False,False
Engine,Fire,TutorMoves,MOVE_MIMIC,Mimic,Normal,Status,0,0,10,MOVE_EFFECT_COPY_MOVE_FOR_BATTLE,0,True,Charizard; Ninetales; Arcanine; Rapidash; Flareon; Moltres; Typhlosion; Houndoom; Entei; Blaziken; Camerupt; Torkoal,12,15,0.8,False,True
Engine,Fire,TutorMoves,MOVE_MUD_SLAP,Mud-Slap,Ground,Special,20,100,10,MOVE_EFFECT_LOWER_ACCURACY_HIT,0,True,Charizard; Arcanine; Magmortar; Flareon; Moltres; Typhlosion; Houndoom; Entei; Blaziken; Camerupt; Torkoal; Infernape; Heatran,13,15,0.867,True,True
Engine,Fire,TutorMoves,MOVE_NIGHTMARE,Nightmare,Ghost,Status,0,100,15,MOVE_EFFECT_STATUS_NIGHTMARE,0,True,Houndoom,1,15,0.067,False,False
Engine,Fire,TutorMoves,MOVE_OMINOUS_WIND,Ominous Wind,Ghost,Special,60,100,5,MOVE_EFFECT_RAISE_ALL_STATS_HIT,0,True,Charizard; Ninetales; Moltres,3,15,0.2,True,False
Engine,Fire,TutorMoves,MOVE_OUTRAGE,Outrage,Dragon,Physical,120,100,10,MOVE_EFFECT_CONTINUE_AND_CONFUSE_SELF,0,True,Charizard; Arcanine,2,15,0.133,True,False
Engine,Fire,TutorMoves,MOVE_PAIN_SPLIT,Pain Split,Normal,Status,0,0,20,MOVE_EFFECT_AVERAGE_HP,0,True,Ninetales,1,15,0.067,True,False
Engine,Fire,TutorMoves,MOVE_PSYCH_UP,Psych Up,Normal,Status,0,0,10,MOVE_EFFECT_COPY_STAT_CHANGES,0,True,Entei,1,15,0.067,False,False
Engine,Fire,TutorMoves,MOVE_ROCK_SLIDE,Rock Slide,Rock,Physical,75,90,10,MOVE_EFFECT_FLINCH_HIT,0,True,Charizard; Typhlosion; Blaziken; Camerupt; Torkoal,5,15,0.333,False,True
Engine,Fire,TutorMoves,MOVE_ROLE_PLAY,Role Play,Psychic,Status,0,0,10,MOVE_EFFECT_COPY_ABILITY,0,True,Ninetales; Houndoom; Blaziken; Infernape,4,15,0.267,True,False
Engine,Fire,TutorMoves,MOVE_ROLLOUT,Rollout,Rock,Physical,30,90,20,MOVE_EFFECT_DOUBLE_POWER_EACH_TURN_LOCK_INTO,0,True,Typhlosion; Camerupt; Torkoal; Infernape,4,15,0.267,True,False
Engine,Fire,TutorMoves,MOVE_ROOST,Roost,Flying,Status,0,0,5,MOVE_EFFECT_HEAL_HALF_REMOVE_FLYING_TYPE,0,True,Charizard; Moltres,2,15,0.133,False,False
Engine,Fire,TutorMoves,MOVE_SCALE_SHOT,Scale Shot,Dragon,Physical,25,90,20,MOVE_EFFECT_MULTI_HIT,0,True,Charizard,1,15,0.067,False,False
Engine,Fire,TutorMoves,MOVE_SCORCHING_SANDS,Scorching Sands,Ground,Special,70,100,10,MOVE_EFFECT_BURN_HIT,0,True,Charizard; Ninetales; Arcanine; Rapidash; Magmortar; Flareon; Moltres; Entei; Blaziken; Torkoal; Heatran,11,15,0.733,False,True
Engine,Fire,TutorMoves,MOVE_SEISMIC_TOSS,Seismic Toss,Fighting,Physical,1,100,20,MOVE_EFFECT_LEVEL_DAMAGE_FLAT,0,True,Charizard; Typhlosion; Blaziken,3,15,0.2,False,False
Engine,Fire,TutorMoves,MOVE_SELF_DESTRUCT,Self-Destruct,Normal,Physical,200,100,5,MOVE_EFFECT_HALVE_DEFENSE,0,True,Camerupt; Torkoal,2,15,0.133,False,False
Engine,Fire,TutorMoves,MOVE_SKY_ATTACK,Sky Attack,Flying,Physical,140,90,5,MOVE_EFFECT_CHARGE_TURN_HIGH_CRIT_FLINCH,0,True,Moltres,1,15,0.067,True,False
Engine,Fire,TutorMoves,MOVE_SLEEP_TALK,Sleep Talk,Normal,Status,0,0,10,MOVE_EFFECT_USE_RANDOM_LEARNED_MOVE_SLEEP,0,True,Charizard; Ninetales; Arcanine; Rapidash; Magmortar; Flareon; Moltres; Typhlosion; Houndoom; Entei; Blaziken; Camerupt; Torkoal; Infernape; Heatran,15,15,1.0,False,True
Engine,Fire,TutorMoves,MOVE_SNATCH,Snatch,Dark,Status,0,0,10,MOVE_EFFECT_STEAL_STATUS_MOVE,4,True,Houndoom,1,15,0.067,False,False
Engine,Fire,TutorMoves,MOVE_SNORE,Snore,Normal,Special,50,100,15,MOVE_EFFECT_DAMAGE_WHILE_ASLEEP,0,True,Charizard; Ninetales; Arcanine; Rapidash; Magmortar; Flareon; Moltres; Typhlosion; Houndoom; Entei; Blaziken; Camerupt; Torkoal; Infernape; Heatran,15,15,1.0,True,True
Engine,Fire,TutorMoves,MOVE_SPITE,Spite,Ghost,Status,0,100,10,MOVE_EFFECT_DECREASE_LAST_MOVE_PP,0,True,Ninetales; Houndoom,2,15,0.133,True,False
Engine,Fire,TutorMoves,MOVE_STEALTH_ROCK,Stealth Rock,Rock,Status,0,0,20,MOVE_EFFECT_STEALTH_ROCK,0,True,Camerupt; Torkoal; Infernape; Heatran,4,15,0.267,False,False
Engine,Fire,TutorMoves,MOVE_STEEL_BEAM,Steel Beam,Steel,Special,140,95,5,MOVE_EFFECT_STEEL_BEAM,0,True,Heatran,1,15,0.067,False,False
Engine,Fire,TutorMoves,MOVE_STEEL_ROLLER,Steel Roller,Steel,Physical,130,100,5,MOVE_EFFECT_END_TERRAIN,0,True,Heatran,1,15,0.067,False,False
Engine,Fire,TutorMoves,MOVE_STOMPING_TANTRUM,StompingTantrum,Ground,Physical,75,100,10,MOVE_EFFECT_HIT,0,True,Magmortar; Typhlosion; Entei; Camerupt; Torkoal; Heatran,6,15,0.4,False,True
Engine,Fire,TutorMoves,MOVE_SUBSTITUTE,Substitute,Normal,Status,0,0,10,MOVE_EFFECT_SET_SUBSTITUTE,0,True,Charizard; Ninetales; Arcanine; Rapidash; Flareon; Moltres; Typhlosion; Houndoom; Entei; Blaziken; Camerupt; Torkoal,12,15,0.8,False,True
Engine,Fire,TutorMoves,MOVE_SUCKER_PUNCH,Sucker Punch,Dark,Physical,70,100,5,MOVE_EFFECT_HIT_FIRST_IF_TARGET_ATTACKING,1,True,Houndoom,1,15,0.067,True,False
Engine,Fire,TutorMoves,MOVE_SUPERPOWER,Superpower,Fighting,Physical,120,100,5,MOVE_EFFECT_USER_ATK_DEF_DOWN_HIT,0,True,Flareon; Blaziken; Torkoal,3,15,0.2,True,False
Engine,Fire,TutorMoves,MOVE_SUPER_FANG,Super Fang,Normal,Physical,1,90,10,MOVE_EFFECT_HALVE_HP,0,True,Houndoom,1,15,0.067,True,False
Engine,Fire,TutorMoves,MOVE_SWAGGER,Swagger,Normal,Status,0,85,15,MOVE_EFFECT_ATK_UP_2_STATUS_CONFUSION,0,True,Charizard; Ninetales; Arcanine; Rapidash; Flareon; Moltres; Typhlosion; Houndoom; Entei; Blaziken; Camerupt; Torkoal,12,15,0.8,False,True
Engine,Fire,TutorMoves,MOVE_SWIFT,Swift,Normal,Special,60,0,20,MOVE_EFFECT_BYPASS_ACCURACY,0,True,Charizard; Ninetales; Arcanine; Rapidash; Flareon; Moltres; Typhlosion; Houndoom; Entei; Blaziken; Infernape,11,15,0.733,True,True
Engine,Fire,TutorMoves,MOVE_SWORDS_DANCE,Swords Dance,Normal,Status,0,0,20,MOVE_EFFECT_ATK_UP_2,0,True,Charizard; Blaziken,2,15,0.133,False,False
Engine,Fire,TutorMoves,MOVE_TAILWIND,Tailwind,Flying,Status,0,0,15,MOVE_EFFECT_DOUBLE_SPEED_3_TURNS,0,True,Charizard; Moltres,2,15,0.133,True,False
Engine,Fire,TutorMoves,MOVE_THROAT_CHOP,Throat Chop,Dark,Physical,80,100,15,MOVE_EFFECT_THROAT_CHOP,0,True,Rapidash; Typhlosion; Houndoom,3,15,0.2,False,False
Engine,Fire,TutorMoves,MOVE_THUNDER_PUNCH,Thunder Punch,Electric,Physical,75,100,15,MOVE_EFFECT_PARALYZE_HIT,0,True,Charizard; Magmortar; Typhlosion; Blaziken; Infernape,5,15,0.333,True,True
Engine,Fire,TutorMoves,MOVE_TWISTER,Twister,Dragon,Special,40,100,20,MOVE_EFFECT_FLINCH_DOUBLE_DAMAGE_FLY_OR_BOUNCE,0,True,Charizard; Moltres,2,15,0.133,True,False
Engine,Fire,TutorMoves,MOVE_UPROAR,Uproar,Normal,Special,90,100,10,MOVE_EFFECT_UPROAR,0,True,Houndoom; Heatran,2,15,0.133,True,False
Engine,Fire,TutorMoves,MOVE_VACUUM_WAVE,Vacuum Wave,Fighting,Special,40,100,30,MOVE_EFFECT_PRIORITY_1,1,True,Blaziken; Infernape,2,15,0.133,True,False
Engine,Fire,TutorMoves,MOVE_ZEN_HEADBUTT,Zen Headbutt,Psychic,Physical,80,90,15,MOVE_EFFECT_FLINCH_HIT,0,True,Ninetales,1,15,0.067,True,False
Engine,Ice,MachineMoves,MOVE_AERIAL_ACE,Aerial Ace,Flying,Physical,60,0,20,MOVE_EFFECT_BYPASS_ACCURACY,0,True,Articuno; Weavile,2,10,0.2,True,False
Engine,Ice,MachineMoves,MOVE_AGILITY,Agility,Psychic,Status,0,0,30,MOVE_EFFECT_SPEED_UP_2,0,True,Articuno; Weavile,2,10,0.2,True,False
Engine,Ice,MachineMoves,MOVE_AIR_CUTTER,Air Cutter,Flying,Special,60,95,25,MOVE_EFFECT_HIGH_CRITICAL,0,True,Articuno,1,10,0.1,False,False
Engine,Ice,MachineMoves,MOVE_AIR_SLASH,Air Slash,Flying,Special,75,95,15,MOVE_EFFECT_FLINCH_HIT,0,True,Articuno,1,10,0.1,False,False
Engine,Ice,MachineMoves,MOVE_ALLURING_VOICE,Alluring Voice,Fairy,Special,80,100,10,MOVE_EFFECT_HIT,0,True,Dewgong; Lapras,2,10,0.2,True,False
Engine,Ice,MachineMoves,MOVE_ALLY_SWITCH,Ally Switch,Psychic,Status,0,0,15,MOVE_EFFECT_HIT,2,True,Jynx,1,10,0.1,True,False
Engine,Ice,MachineMoves,MOVE_AMNESIA,Amnesia,Psychic,Status,0,0,20,MOVE_EFFECT_SP_DEF_UP_2,0,True,Mamoswine,1,10,0.1,True,False
Engine,Ice,MachineMoves,MOVE_ASSURANCE,Assurance,Dark,Physical,60,100,10,MOVE_EFFECT_DOUBLE_POWER_IF_TARGET_HIT,0,True,Weavile,1,10,0.1,False,False
Engine,Ice,MachineMoves,MOVE_ATTRACT,Attract,Normal,Status,0,100,15,MOVE_EFFECT_INFATUATE,0,True,Dewgong; Cloyster; Jynx; Lapras; Walrein; Glalie; Weavile; Mamoswine; Abomasnow,9,10,0.9,True,True
Engine,Ice,MachineMoves,MOVE_AURORA_VEIL,Aurora Veil,Ice,Status,0,0,20,MOVE_EFFECT_SET_AURORA_VEIL,0,True,Jynx; Articuno,2,10,0.2,False,True
Engine,Ice,MachineMoves,MOVE_AVALANCHE,Avalanche,Ice,Physical,60,100,10,MOVE_EFFECT_DOUBLE_DAMAGE_IF_HIT,-4,True,Dewgong; Cloyster; Jynx; Lapras; Articuno; Walrein; Glalie; Weavile; Mamoswine; Abomasnow,10,10,1.0,True,True
Engine,Ice,MachineMoves,MOVE_BATON_PASS,Baton Pass,Normal,Status,0,0,40,MOVE_EFFECT_PASS_STATS_AND_STATUS,0,True,Weavile,1,10,0.1,True,False
Engine,Ice,MachineMoves,MOVE_BEAT_UP,Beat Up,Dark,Physical,1,100,10,MOVE_EFFECT_BEAT_UP,0,True,Weavile,1,10,0.1,False,False
Engine,Ice,MachineMoves,MOVE_BIDE,Bide,Normal,Physical,1,0,10,MOVE_EFFECT_BIDE,1,True,Dewgong; Cloyster; Jynx; Lapras; Articuno,5,10,0.5,False,True
Engine,Ice,MachineMoves,MOVE_BLIZZARD,Blizzard,Ice,Special,110,70,5,MOVE_EFFECT_BLIZZARD,0,True,Dewgong; Cloyster; Jynx; Lapras; Articuno; Walrein; Glalie; Weavile; Mamoswine; Abomasnow,10,10,1.0,True,True
Engine,Ice,MachineMoves,MOVE_BODY_PRESS,Body Press,Fighting,Physical,80,100,10,MOVE_EFFECT_HIT,0,True,Lapras; Walrein; Mamoswine; Abomasnow,4,10,0.4,True,True
Engine,Ice,MachineMoves,MOVE_BODY_SLAM,Body Slam,Normal,Physical,85,100,15,MOVE_EFFECT_PARALYZE_HIT,0,True,Dewgong; Cloyster; Jynx; Lapras; Walrein; Glalie; Mamoswine; Abomasnow,8,10,0.8,True,True
Engine,Ice,MachineMoves,MOVE_BRAVE_BIRD,Brave Bird,Flying,Physical,120,100,15,MOVE_EFFECT_RECOIL_THIRD,0,True,Articuno,1,10,0.1,True,False
Engine,Ice,MachineMoves,MOVE_BRICK_BREAK,Brick Break,Fighting,Physical,75,100,15,MOVE_EFFECT_REMOVE_SCREENS,0,True,Jynx; Weavile; Abomasnow,3,10,0.3,True,False
Engine,Ice,MachineMoves,MOVE_BRINE,Brine,Water,Special,65,100,10,MOVE_EFFECT_DOUBLE_POWER_WHEN_BELOW_HALF,0,True,Dewgong; Cloyster; Lapras; Walrein,4,10,0.4,True,True
Engine,Ice,MachineMoves,MOVE_BUBBLE_BEAM,Bubble Beam,Water,Special,65,100,20,MOVE_EFFECT_LOWER_SPEED_HIT,0,True,Dewgong; Cloyster; Jynx; Lapras; Articuno,5,10,0.5,False,True
Engine,Ice,MachineMoves,MOVE_BULLDOZE,Bulldoze,Ground,Physical,60,100,20,MOVE_EFFECT_LOWER_SPEED_HIT,0,True,Lapras; Walrein; Glalie; Mamoswine; Abomasnow,5,10,0.5,False,True
Engine,Ice,MachineMoves,MOVE_BULLET_SEED,Bullet Seed,Grass,Physical,25,100,30,MOVE_EFFECT_MULTI_HIT,0,True,Abomasnow,1,10,0.1,True,False
Engine,Ice,MachineMoves,MOVE_CALM_MIND,Calm Mind,Psychic,Status,0,0,20,MOVE_EFFECT_SP_ATK_SP_DEF_UP,0,True,Jynx; Weavile,2,10,0.2,True,False
Engine,Ice,MachineMoves,MOVE_CAPTIVATE,Captivate,Normal,Status,0,100,20,MOVE_EFFECT_SP_ATK_DOWN_2_OPPOSITE_GENDER,0,True,Dewgong; Cloyster; Jynx; Lapras; Walrein; Glalie; Weavile; Mamoswine; Abomasnow,9,10,0.9,True,True
Engine,Ice,MachineMoves,MOVE_CHARM,Charm,Fairy,Status,0,100,20,MOVE_EFFECT_ATK_DOWN_2,0,True,Dewgong; Jynx; Lapras; Mamoswine,4,10,0.4,False,True
Engine,Ice,MachineMoves,MOVE_CHILLING_WATER,Chilling Water,Water,Special,50,100,20,MOVE_EFFECT_LOWER_ATTACK_HIT,0,True,Dewgong; Cloyster; Lapras; Glalie; Weavile; Abomasnow,6,10,0.6,False,True
Engine,Ice,MachineMoves,MOVE_CONFIDE,Confide,Normal,Status,0,0,20,MOVE_EFFECT_HIT,0,True,Dewgong; Cloyster; Jynx; Lapras; Articuno; Walrein; Glalie; Weavile; Mamoswine; Abomasnow,10,10,1.0,True,True
Engine,Ice,MachineMoves,MOVE_CONFUSE_RAY,Confuse Ray,Ghost,Status,0,100,10,MOVE_EFFECT_STATUS_CONFUSE,0,True,Lapras,1,10,0.1,False,False
Engine,Ice,MachineMoves,MOVE_COUNTER,Counter,Fighting,Physical,1,100,20,MOVE_EFFECT_COUNTER,-5,True,Jynx,1,10,0.1,False,False
Engine,Ice,MachineMoves,MOVE_CRUNCH,Crunch,Dark,Physical,80,100,15,MOVE_EFFECT_LOWER_DEFENSE_HIT,0,True,Walrein; Glalie,2,10,0.2,True,False
Engine,Ice,MachineMoves,MOVE_CURSE,Curse,Ghost,Status,0,0,10,MOVE_EFFECT_CURSE,0,True,Dewgong; Cloyster; Jynx; Lapras; Articuno; Mamoswine; Abomasnow,7,10,0.7,True,True
Engine,Ice,MachineMoves,MOVE_CUT,Cut,Normal,Physical,50,95,30,MOVE_EFFECT_HIT,0,True,Weavile,1,10,0.1,True,False
Engine,Ice,MachineMoves,MOVE_DARK_PULSE,Dark Pulse,Dark,Special,80,100,15,MOVE_EFFECT_FLINCH_HIT,0,True,Glalie; Weavile,2,10,0.2,True,False
Engine,Ice,MachineMoves,MOVE_DEFOG,Defog,Flying,Status,0,0,15,MOVE_EFFECT_REMOVE_HAZARDS_SCREENS_EVA_DOWN,0,True,Articuno,1,10,0.1,False,False
Engine,Ice,MachineMoves,MOVE_DETECT,Detect,Fighting,Status,0,0,5,MOVE_EFFECT_PROTECT,4,True,Articuno,1,10,0.1,False,False
Engine,Ice,MachineMoves,MOVE_DIG,Dig,Ground,Physical,80,100,10,MOVE_EFFECT_DIG,0,True,Weavile; Mamoswine,2,10,0.2,True,False
Engine,Ice,MachineMoves,MOVE_DISARMING_VOICE,Disarming Voice,Fairy,Special,40,0,15,MOVE_EFFECT_BYPASS_ACCURACY,0,True,Lapras,1,10,0.1,False,False
Engine,Ice,MachineMoves,MOVE_DIVE,Dive,Water,Physical,80,100,10,MOVE_EFFECT_DIVE,0,True,Dewgong; Cloyster; Lapras; Walrein,4,10,0.4,True,True
Engine,Ice,MachineMoves,MOVE_DOUBLE_EDGE,Double-Edge,Normal,Physical,120,100,15,MOVE_EFFECT_RECOIL_THIRD,0,True,Dewgong; Cloyster; Jynx; Lapras; Articuno; Mamoswine; Abomasnow,7,10,0.7,True,True
Engine,Ice,MachineMoves,MOVE_DOUBLE_TEAM,Double Team,Normal,Status,0,0,15,MOVE_EFFECT_EVA_UP,0,True,Dewgong; Cloyster; Jynx; Lapras; Articuno; Walrein; Glalie; Weavile; Mamoswine; Abomasnow,10,10,1.0,True,True
Engine,Ice,MachineMoves,MOVE_DRAGON_BREATH,Dragon Breath,Dragon,Special,60,100,20,MOVE_EFFECT_PARALYZE_HIT,0,True,Lapras,1,10,0.1,False,False
Engine,Ice,MachineMoves,MOVE_DRAGON_CHEER,Dragon Cheer,Dragon,Status,0,0,15,MOVE_EFFECT_HIT,0,True,Lapras,1,10,0.1,True,False
Engine,Ice,MachineMoves,MOVE_DRAGON_DANCE,Dragon Dance,Dragon,Status,0,0,20,MOVE_EFFECT_ATK_SPEED_UP,0,True,Lapras,1,10,0.1,True,False
Engine,Ice,MachineMoves,MOVE_DRAGON_PULSE,Dragon Pulse,Dragon,Special,85,100,10,MOVE_EFFECT_HIT,0,True,Lapras,1,10,0.1,True,False
Engine,Ice,MachineMoves,MOVE_DRAGON_RAGE,Dragon Rage,Dragon,Special,1,100,10,MOVE_EFFECT_40_DAMAGE_FLAT,0,True,Lapras,1,10,0.1,False,False
Engine,Ice,MachineMoves,MOVE_DRAINING_KISS,Draining Kiss,Fairy,Special,50,100,10,MOVE_EFFECT_RECOVER_THREE_QUARTERS_DAMAGE_DEALT,0,True,Jynx,1,10,0.1,False,False
Engine,Ice,MachineMoves,MOVE_DRAIN_PUNCH,Drain Punch,Fighting,Physical,75,100,10,MOVE_EFFECT_RECOVER_HALF_DAMAGE_DEALT,0,True,Jynx,1,10,0.1,True,False
Engine,Ice,MachineMoves,MOVE_DREAM_EATER,Dream Eater,Psychic,Special,100,100,15,MOVE_EFFECT_RECOVER_DAMAGE_SLEEP,0,True,Jynx; Lapras; Weavile,3,10,0.3,True,False
Engine,Ice,MachineMoves,MOVE_DRILL_RUN,Drill Run,Ground,Physical,80,95,10,MOVE_EFFECT_HIGH_CRITICAL,0,True,Dewgong; Cloyster; Lapras,3,10,0.3,True,False
Engine,Ice,MachineMoves,MOVE_DUAL_WINGBEAT,Dual Wingbeat,Flying,Physical,40,90,10,MOVE_EFFECT_HIT_TWICE,0,True,Articuno,1,10,0.1,True,False
Engine,Ice,MachineMoves,MOVE_DYNAMIC_PUNCH,Dynamic Punch,Fighting,Physical,100,50,5,MOVE_EFFECT_CONFUSE_HIT,0,True,Jynx,1,10,0.1,False,False
Engine,Ice,MachineMoves,MOVE_EARTHQUAKE,Earthquake,Ground,Physical,100,100,10,MOVE_EFFECT_DOUBLE_DAMAGE_DIG,0,True,Lapras; Walrein; Glalie; Mamoswine; Abomasnow,5,10,0.5,True,True
Engine,Ice,MachineMoves,MOVE_EARTH_POWER,Earth Power,Ground,Special,90,100,10,MOVE_EFFECT_LOWER_SP_DEF_HIT,0,True,Mamoswine; Abomasnow,2,10,0.2,True,False
Engine,Ice,MachineMoves,MOVE_ECHOED_VOICE,Echoed Voice,Normal,Special,40,100,15,MOVE_EFFECT_HIT,0,True,Dewgong; Jynx; Lapras; Walrein,4,10,0.4,False,True
Engine,Ice,MachineMoves,MOVE_EMBARGO,Embargo,Dark,Status,0,100,15,MOVE_EFFECT_PREVENT_ITEM_USE,0,True,Weavile,1,10,0.1,True,False
Engine,Ice,MachineMoves,MOVE_ENCORE,Encore,Normal,Status,0,100,5,MOVE_EFFECT_ENCORE,0,True,Dewgong; Jynx; Walrein,3,10,0.3,True,False
Engine,Ice,MachineMoves,MOVE_ENDEAVOR,Endeavor,Normal,Physical,1,100,5,MOVE_EFFECT_SET_HP_EQUAL_TO_USER,0,True,Dewgong; Mamoswine,2,10,0.2,True,False
Engine,Ice,MachineMoves,MOVE_ENDURE,Endure,Normal,Status,0,0,10,MOVE_EFFECT_SURVIVE_WITH_1_HP,4,True,Dewgong; Cloyster; Jynx; Lapras; Articuno; Walrein; Glalie; Weavile; Mamoswine; Abomasnow,10,10,1.0,True,True
Engine,Ice,MachineMoves,MOVE_ENERGY_BALL,Energy Ball,Grass,Special,90,100,10,MOVE_EFFECT_LOWER_SP_DEF_HIT,0,True,Jynx; Abomasnow,2,10,0.2,True,False
Engine,Ice,MachineMoves,MOVE_EXPLOSION,Explosion,Normal,Physical,250,100,5,MOVE_EFFECT_HALVE_DEFENSE,0,True,Cloyster; Glalie,2,10,0.2,True,False
Engine,Ice,MachineMoves,MOVE_FACADE,Facade,Normal,Physical,70,100,20,MOVE_EFFECT_DOUBLE_POWER_WHEN_STATUSED,0,True,Dewgong; Cloyster; Jynx; Lapras; Articuno; Walrein; Glalie; Weavile; Mamoswine; Abomasnow,10,10,1.0,True,True
Engine,Ice,MachineMoves,MOVE_FAKE_TEARS,Fake Tears,Dark,Status,0,100,20,MOVE_EFFECT_SP_DEF_DOWN_2,0,True,Jynx; Glalie; Weavile,3,10,0.3,False,False
Engine,Ice,MachineMoves,MOVE_FALSE_SWIPE,False Swipe,Normal,Physical,40,100,40,MOVE_EFFECT_LEAVE_WITH_1_HP,0,True,Weavile,1,10,0.1,True,False
Engine,Ice,MachineMoves,MOVE_FEATHER_DANCE,Feather Dance,Flying,Status,0,100,15,MOVE_EFFECT_ATK_DOWN_2,0,True,Articuno,1,10,0.1,True,False
Engine,Ice,MachineMoves,MOVE_FLASH,Flash,Normal,Status,0,100,20,MOVE_EFFECT_ACC_DOWN,0,True,Jynx; Glalie; Abomasnow,3,10,0.3,True,False
Engine,Ice,MachineMoves,MOVE_FLING,Fling,Dark,Physical,1,100,10,MOVE_EFFECT_FLING,0,True,Dewgong; Jynx; Weavile; Abomasnow,4,10,0.4,True,True
Engine,Ice,MachineMoves,MOVE_FLIP_TURN,Flip Turn,Water,Physical,60,100,20,MOVE_EFFECT_SWITCH_HIT,0,True,Dewgong,1,10,0.1,True,False
Engine,Ice,MachineMoves,MOVE_FLY,Fly,Flying,Physical,90,95,15,MOVE_EFFECT_FLY,0,True,Articuno,1,10,0.1,True,False
Engine,Ice,MachineMoves,MOVE_FOCUS_BLAST,Focus Blast,Fighting,Special,120,70,5,MOVE_EFFECT_LOWER_SP_DEF_HIT,0,True,Jynx; Weavile; Abomasnow,3,10,0.3,True,False
Engine,Ice,MachineMoves,MOVE_FOCUS_PUNCH,Focus Punch,Fighting,Physical,150,100,20,MOVE_EFFECT_HIT_LAST_WHIFF_IF_HIT,-3,True,Jynx; Weavile; Abomasnow,3,10,0.3,True,False
Engine,Ice,MachineMoves,MOVE_FOUL_PLAY,Foul Play,Dark,Physical,95,100,15,MOVE_EFFECT_HIT,0,True,Glalie; Weavile,2,10,0.2,True,False
Engine,Ice,MachineMoves,MOVE_FROST_BREATH,Frost Breath,Ice,Special,60,90,10,MOVE_EFFECT_ALWAYS_CRITICAL,0,True,Dewgong; Cloyster; Jynx; Lapras; Articuno; Walrein; Glalie; Abomasnow,8,10,0.8,False,True
Engine,Ice,MachineMoves,MOVE_FRUSTRATION,Frustration,Normal,Physical,1,100,20,MOVE_EFFECT_POWER_BASED_ON_LOW_FRIENDSHIP,0,True,Dewgong; Cloyster; Jynx; Lapras; Articuno; Walrein; Glalie; Weavile; Mamoswine; Abomasnow,10,10,1.0,True,True
Engine,Ice,MachineMoves,MOVE_FUTURE_SIGHT,Future Sight,Psychic,Special,120,100,10,MOVE_EFFECT_HIT_IN_3_TURNS,0,True,Jynx; Lapras,2,10,0.2,True,False
Engine,Ice,MachineMoves,MOVE_GIGA_DRAIN,Giga Drain,Grass,Special,75,100,10,MOVE_EFFECT_RECOVER_HALF_DAMAGE_DEALT,0,True,Abomasnow,1,10,0.1,True,False
Engine,Ice,MachineMoves,MOVE_GIGA_IMPACT,Giga Impact,Normal,Physical,150,90,5,MOVE_EFFECT_RECHARGE_AFTER,0,True,Dewgong; Cloyster; Jynx; Lapras; Articuno; Walrein; Glalie; Weavile; Mamoswine; Abomasnow,10,10,1.0,True,True
Engine,Ice,MachineMoves,MOVE_GRASSY_GLIDE,Grassy Glide,Grass,Physical,55,100,20,MOVE_EFFECT_HIT,0,True,Abomasnow,1,10,0.1,True,False
Engine,Ice,MachineMoves,MOVE_GRASS_KNOT,Grass Knot,Grass,Special,1,100,20,MOVE_EFFECT_INCREASE_POWER_WITH_WEIGHT,0,True,Jynx; Abomasnow,2,10,0.2,True,False
Engine,Ice,MachineMoves,MOVE_GYRO_BALL,Gyro Ball,Steel,Physical,1,100,5,MOVE_EFFECT_POWER_BASED_ON_LOW_SPEED,0,True,Glalie,1,10,0.1,True,False
Engine,Ice,MachineMoves,MOVE_HAIL,Hail,Ice,Status,0,0,10,MOVE_EFFECT_WEATHER_HAIL,0,True,Dewgong; Cloyster; Jynx; Lapras; Articuno; Walrein; Glalie; Weavile; Mamoswine; Abomasnow,10,10,1.0,True,True
Engine,Ice,MachineMoves,MOVE_HARD_PRESS,Hard Press,Steel,Physical,0,100,10,MOVE_EFFECT_HIT,0,True,Mamoswine; Abomasnow,2,10,0.2,True,False
Engine,Ice,MachineMoves,MOVE_HAZE,Haze,Ice,Status,0,0,30,MOVE_EFFECT_RESET_STAT_CHANGES,0,True,Dewgong; Lapras; Articuno; Mamoswine,4,10,0.4,True,True
Engine,Ice,MachineMoves,MOVE_HEADBUTT,Headbutt,Normal,Physical,70,100,15,MOVE_EFFECT_FLINCH_HIT,0,True,Dewgong; Cloyster; Jynx; Lapras; Articuno,5,10,0.5,False,True
Engine,Ice,MachineMoves,MOVE_HEAVY_SLAM,Heavy Slam,Steel,Physical,1,100,10,MOVE_EFFECT_HEAVY_SLAM,0,True,Walrein; Mamoswine,2,10,0.2,True,False
Engine,Ice,MachineMoves,MOVE_HELPING_HAND,Helping Hand,Normal,Status,0,0,20,MOVE_EFFECT_BOOST_ALLY_POWER_BY_50_PERCENT,5,True,Dewgong; Cloyster; Jynx; Lapras; Articuno; Glalie; Weavile; Abomasnow,8,10,0.8,True,True
Engine,Ice,MachineMoves,MOVE_HEX,Hex,Ghost,Special,65,100,10,MOVE_EFFECT_DOUBLE_DAMAGE_ON_STATUS,0,True,Glalie,1,10,0.1,False,False
Engine,Ice,MachineMoves,MOVE_HIDDEN_POWER,Hidden Power,Normal,Special,60,100,15,MOVE_EFFECT_RANDOM_TYPE_BASED_ON_IVS,0,True,Dewgong; Cloyster; Jynx; Lapras; Articuno; Walrein; Glalie; Weavile; Mamoswine; Abomasnow,10,10,1.0,True,True
Engine,Ice,MachineMoves,MOVE_HIGH_HORSEPOWER,High Horsepower,Ground,Physical,95,95,10,MOVE_EFFECT_HIT,0,True,Mamoswine,1,10,0.1,True,False
Engine,Ice,MachineMoves,MOVE_HONE_CLAWS,Hone Claws,Dark,Status,0,0,15,MOVE_EFFECT_ATK_ACC_UP,0,True,Weavile,1,10,0.1,False,False
Engine,Ice,MachineMoves,MOVE_HORN_DRILL,Horn Drill,Normal,Physical,1,30,5,MOVE_EFFECT_ONE_HIT_KO,0,True,Dewgong; Lapras,2,10,0.2,False,False
Engine,Ice,MachineMoves,MOVE_HURRICANE,Hurricane,Flying,Special,110,70,10,MOVE_EFFECT_HURRICANE,0,True,Articuno,1,10,0.1,True,False
Engine,Ice,MachineMoves,MOVE_HYDRO_PUMP,Hydro Pump,Water,Special,110,80,5,MOVE_EFFECT_HIT,0,True,Dewgong; Cloyster; Lapras; Walrein,4,10,0.4,True,True
Engine,Ice,MachineMoves,MOVE_HYPER_BEAM,Hyper Beam,Normal,Special,150,90,5,MOVE_EFFECT_RECHARGE_AFTER,0,True,Dewgong; Cloyster; Jynx; Lapras; Articuno; Walrein; Glalie; Weavile; Mamoswine; Abomasnow,10,10,1.0,True,True
Engine,Ice,MachineMoves,MOVE_HYPER_VOICE,Hyper Voice,Normal,Special,90,100,10,MOVE_EFFECT_HIT,0,True,Jynx; Lapras,2,10,0.2,True,False
Engine,Ice,MachineMoves,MOVE_ICE_BEAM,Ice Beam,Ice,Special,90,100,10,MOVE_EFFECT_FREEZE_HIT,0,True,Dewgong; Cloyster; Jynx; Lapras; Articuno; Walrein; Glalie; Weavile; Mamoswine; Abomasnow,10,10,1.0,True,True
Engine,Ice,MachineMoves,MOVE_ICE_FANG,Ice Fang,Ice,Physical,65,95,15,MOVE_EFFECT_FLINCH_FREEZE_HIT,0,True,Walrein; Glalie; Mamoswine,3,10,0.3,False,True
Engine,Ice,MachineMoves,MOVE_ICE_PUNCH,Ice Punch,Ice,Physical,75,100,15,MOVE_EFFECT_FREEZE_HIT,0,True,Jynx; Weavile; Abomasnow,3,10,0.3,False,True
Engine,Ice,MachineMoves,MOVE_ICE_SPINNER,Ice Spinner,Ice,Physical,80,100,15,MOVE_EFFECT_END_TERRAIN,0,True,Dewgong; Cloyster; Articuno; Glalie; Weavile; Abomasnow,6,10,0.6,True,True
Engine,Ice,MachineMoves,MOVE_ICICLE_SPEAR,Icicle Spear,Ice,Physical,25,100,30,MOVE_EFFECT_MULTI_HIT,0,True,Dewgong; Cloyster; Jynx; Lapras; Articuno; Walrein; Glalie; Weavile; Mamoswine; Abomasnow,10,10,1.0,True,True
Engine,Ice,MachineMoves,MOVE_ICY_WIND,Icy Wind,Ice,Special,55,95,15,MOVE_EFFECT_LOWER_SPEED_HIT,0,True,Dewgong; Cloyster; Jynx; Lapras; Articuno; Walrein; Glalie; Weavile; Mamoswine; Abomasnow,10,10,1.0,False,True
Engine,Ice,MachineMoves,MOVE_IRON_DEFENSE,Iron Defense,Steel,Status,0,0,15,MOVE_EFFECT_DEF_UP_2,0,True,Cloyster,1,10,0.1,True,False
Engine,Ice,MachineMoves,MOVE_IRON_HEAD,Iron Head,Steel,Physical,80,100,15,MOVE_EFFECT_FLINCH_HIT,0,True,Lapras; Walrein; Glalie; Mamoswine,4,10,0.4,True,True
Engine,Ice,MachineMoves,MOVE_IRON_TAIL,Iron Tail,Steel,Physical,100,75,15,MOVE_EFFECT_LOWER_DEFENSE_HIT,0,True,Dewgong; Lapras; Walrein; Weavile; Abomasnow,5,10,0.5,True,True
Engine,Ice,MachineMoves,MOVE_KNOCK_OFF,Knock Off,Dark,Physical,65,100,20,MOVE_EFFECT_REMOVE_HELD_ITEM,0,True,Dewgong; Weavile; Mamoswine,3,10,0.3,True,False
Engine,Ice,MachineMoves,MOVE_LASH_OUT,Lash Out,Dark,Physical,75,100,5,MOVE_EFFECT_HIT,0,True,Weavile,1,10,0.1,True,False
Engine,Ice,MachineMoves,MOVE_LEAF_STORM,Leaf Storm,Grass,Special,130,90,5,MOVE_EFFECT_USER_SP_ATK_DOWN_2,0,True,Abomasnow,1,10,0.1,True,False
Engine,Ice,MachineMoves,MOVE_LIGHT_SCREEN,Light Screen,Psychic,Status,0,0,30,MOVE_EFFECT_SET_LIGHT_SCREEN,0,True,Cloyster; Jynx; Articuno; Glalie; Mamoswine; Abomasnow,6,10,0.6,True,True
Engine,Ice,MachineMoves,MOVE_LIQUIDATION,Liquidation,Water,Physical,85,100,10,MOVE_EFFECT_LOWER_DEFENSE_HIT,0,True,Dewgong; Cloyster; Lapras; Walrein,4,10,0.4,True,True
Engine,Ice,MachineMoves,MOVE_LOW_KICK,Low Kick,Fighting,Physical,1,100,20,MOVE_EFFECT_INCREASE_POWER_WITH_WEIGHT,0,True,Weavile; Abomasnow,2,10,0.2,True,False
Engine,Ice,MachineMoves,MOVE_LOW_SWEEP,Low Sweep,Fighting,Physical,65,100,20,MOVE_EFFECT_LOWER_SPEED_HIT,0,True,Weavile,1,10,0.1,False,False
Engine,Ice,MachineMoves,MOVE_MAGICAL_LEAF,Magical Leaf,Grass,Special,60,0,20,MOVE_EFFECT_BYPASS_ACCURACY,0,True,Abomasnow,1,10,0.1,False,False
Engine,Ice,MachineMoves,MOVE_MAGIC_ROOM,Magic Room,Psychic,Status,0,0,10,MOVE_EFFECT_MAGIC_ROOM,0,True,Jynx,1,10,0.1,False,False
Engine,Ice,MachineMoves,MOVE_MEGAHORN,Megahorn,Bug,Physical,120,85,10,MOVE_EFFECT_HIT,0,True,Dewgong; Lapras,2,10,0.2,True,False
Engine,Ice,MachineMoves,MOVE_MEGA_KICK,Mega Kick,Normal,Physical,120,75,5,MOVE_EFFECT_HIT,0,True,Jynx; Weavile; Abomasnow,3,10,0.3,False,False
Engine,Ice,MachineMoves,MOVE_MEGA_PUNCH,Mega Punch,Normal,Physical,80,85,20,MOVE_EFFECT_HIT,0,True,Jynx; Weavile; Abomasnow,3,10,0.3,True,False
Engine,Ice,MachineMoves,MOVE_METAL_CLAW,Metal Claw,Steel,Physical,50,95,35,MOVE_EFFECT_RAISE_ATTACK_HIT,0,True,Weavile,1,10,0.1,False,False
Engine,Ice,MachineMoves,MOVE_METRONOME,Metronome,Normal,Status,0,0,10,MOVE_EFFECT_CALL_RANDOM_MOVE,0,True,Jynx; Weavile,2,10,0.2,True,False
Engine,Ice,MachineMoves,MOVE_MIMIC,Mimic,Normal,Status,0,0,10,MOVE_EFFECT_COPY_MOVE_FOR_BATTLE,0,True,Dewgong; Cloyster; Jynx; Lapras; Articuno,5,10,0.5,False,True
Engine,Ice,MachineMoves,MOVE_MUDDY_WATER,Muddy Water,Water,Special,90,85,10,MOVE_EFFECT_LOWER_ACCURACY_HIT,0,True,Dewgong; Lapras,2,10,0.2,True,False
Engine,Ice,MachineMoves,MOVE_MUD_SHOT,Mud Shot,Ground,Special,55,95,15,MOVE_EFFECT_LOWER_SPEED_HIT,0,True,Cloyster; Mamoswine,2,10,0.2,False,False
Engine,Ice,MachineMoves,MOVE_MUD_SLAP,Mud-Slap,Ground,Special,20,100,10,MOVE_EFFECT_LOWER_ACCURACY_HIT,0,True,Jynx; Articuno; Mamoswine; Abomasnow,4,10,0.4,False,True
Engine,Ice,MachineMoves,MOVE_NASTY_PLOT,Nasty Plot,Dark,Status,0,0,20,MOVE_EFFECT_SP_ATK_UP_2,0,True,Jynx; Weavile,2,10,0.2,True,False
Engine,Ice,MachineMoves,MOVE_NATURAL_GIFT,Natural Gift,Normal,Physical,1,100,15,MOVE_EFFECT_NATURAL_GIFT,0,True,Dewgong; Cloyster; Jynx; Lapras; Articuno; Walrein; Glalie; Weavile; Mamoswine; Abomasnow,10,10,1.0,True,True
Engine,Ice,MachineMoves,MOVE_NIGHTMARE,Nightmare,Ghost,Status,0,100,15,MOVE_EFFECT_STATUS_NIGHTMARE,0,True,Jynx; Lapras,2,10,0.2,False,False
Engine,Ice,MachineMoves,MOVE_OUTRAGE,Outrage,Dragon,Physical,120,100,10,MOVE_EFFECT_CONTINUE_AND_CONFUSE_SELF,0,True,Lapras; Abomasnow,2,10,0.2,True,False
Engine,Ice,MachineMoves,MOVE_PAYBACK,Payback,Dark,Physical,50,100,10,MOVE_EFFECT_DOUBLE_POWER_IF_HIT,0,True,Cloyster; Jynx; Glalie; Weavile,4,10,0.4,True,True
Engine,Ice,MachineMoves,MOVE_PAY_DAY,Pay Day,Normal,Physical,40,100,20,MOVE_EFFECT_INCREASE_PRIZE_MONEY,0,True,Dewgong,1,10,0.1,False,False
Engine,Ice,MachineMoves,MOVE_PIN_MISSILE,Pin Missile,Bug,Physical,25,95,20,MOVE_EFFECT_MULTI_HIT,0,True,Cloyster,1,10,0.1,False,False
Engine,Ice,MachineMoves,MOVE_PLAY_ROUGH,Play Rough,Fairy,Physical,90,90,10,MOVE_EFFECT_LOWER_ATTACK_HIT,0,True,Dewgong,1,10,0.1,True,False
Engine,Ice,MachineMoves,MOVE_PLUCK,Pluck,Flying,Physical,60,100,20,MOVE_EFFECT_EAT_BERRY,0,True,Articuno,1,10,0.1,True,False
Engine,Ice,MachineMoves,MOVE_POISON_JAB,Poison Jab,Poison,Physical,80,100,20,MOVE_EFFECT_POISON_HIT,0,True,Cloyster; Weavile,2,10,0.2,True,False
Engine,Ice,MachineMoves,MOVE_POWER_UP_PUNCH,Power-Up Punch,Fighting,Physical,40,100,20,MOVE_EFFECT_RAISE_ATTACK_HIT,0,True,Jynx; Weavile,2,10,0.2,False,False
Engine,Ice,MachineMoves,MOVE_PROTECT,Protect,Normal,Status,0,0,10,MOVE_EFFECT_PROTECT,4,True,Dewgong; Cloyster; Jynx; Lapras; Articuno; Walrein; Glalie; Weavile; Mamoswine; Abomasnow,10,10,1.0,True,True
Engine,Ice,MachineMoves,MOVE_PSYCHIC,Psychic,Psychic,Special,90,100,10,MOVE_EFFECT_LOWER_SP_DEF_HIT,0,True,Jynx; Lapras,2,10,0.2,True,False
Engine,Ice,MachineMoves,MOVE_PSYCHIC_NOISE,Psychic Noise,Psychic,Special,75,100,10,MOVE_EFFECT_PREVENT_HEALING_HIT,0,True,Lapras,1,10,0.1,True,False
Engine,Ice,MachineMoves,MOVE_PSYCHIC_TERRAIN,Psychic Terrain,Psychic,Status,0,0,10,MOVE_EFFECT_APPLY_TERRAINS,0,True,Jynx,1,10,0.1,True,False
Engine,Ice,MachineMoves,MOVE_PSYCHO_CUT,Psycho Cut,Psychic,Physical,70,100,20,MOVE_EFFECT_HIGH_CRITICAL,0,True,Jynx; Weavile,2,10,0.2,False,False
Engine,Ice,MachineMoves,MOVE_PSYCH_UP,Psych Up,Normal,Status,0,0,10,MOVE_EFFECT_COPY_STAT_CHANGES,0,True,Jynx; Weavile,2,10,0.2,True,False
Engine,Ice,MachineMoves,MOVE_PSYSHOCK,Psyshock,Psychic,Special,80,100,10,MOVE_EFFECT_HIT,0,True,Jynx,1,10,0.1,True,False
Engine,Ice,MachineMoves,MOVE_PSYWAVE,Psywave,Psychic,Special,1,100,15,MOVE_EFFECT_RANDOM_DAMAGE_1_TO_150_LEVEL,0,True,Jynx; Lapras,2,10,0.2,False,False
Engine,Ice,MachineMoves,MOVE_RAGE,Rage,Normal,Physical,20,100,20,MOVE_EFFECT_RAISE_ATK_WHEN_HIT,0,True,Dewgong; Cloyster; Jynx; Lapras; Articuno,5,10,0.5,False,True
Engine,Ice,MachineMoves,MOVE_RAIN_DANCE,Rain Dance,Water,Status,0,0,5,MOVE_EFFECT_WEATHER_RAIN,0,True,Dewgong; Cloyster; Jynx; Lapras; Articuno; Walrein; Glalie; Weavile; Mamoswine; Abomasnow,10,10,1.0,True,True
Engine,Ice,MachineMoves,MOVE_RAZOR_SHELL,Razor Shell,Water,Physical,75,95,10,MOVE_EFFECT_LOWER_DEFENSE_HIT,0,True,Cloyster,1,10,0.1,False,False
Engine,Ice,MachineMoves,MOVE_RAZOR_WIND,Razor Wind,Normal,Special,80,100,10,MOVE_EFFECT_CHARGE_TURN_HIGH_CRIT,0,True,Articuno,1,10,0.1,False,False
Engine,Ice,MachineMoves,MOVE_RECYCLE,Recycle,Normal,Status,0,0,10,MOVE_EFFECT_RECYCLE,0,True,Jynx,1,10,0.1,True,False
Engine,Ice,MachineMoves,MOVE_REFLECT,Reflect,Psychic,Status,0,0,20,MOVE_EFFECT_SET_REFLECT,0,True,Cloyster; Jynx; Lapras; Articuno; Weavile; Mamoswine,6,10,0.6,True,True
Engine,Ice,MachineMoves,MOVE_REST,Rest,Psychic,Status,0,0,5,MOVE_EFFECT_RECOVER_HEALTH_AND_SLEEP,0,True,Dewgong; Cloyster; Jynx; Lapras; Articuno; Walrein; Glalie; Weavile; Mamoswine; Abomasnow,10,10,1.0,True,True
Engine,Ice,MachineMoves,MOVE_RETALIATE,Retaliate,Normal,Physical,70,100,5,MOVE_EFFECT_HIT,0,True,Weavile,1,10,0.1,False,False
Engine,Ice,MachineMoves,MOVE_RETURN,Return,Normal,Physical,1,100,20,MOVE_EFFECT_POWER_BASED_ON_FRIENDSHIP,0,True,Dewgong; Cloyster; Jynx; Lapras; Articuno; Walrein; Glalie; Weavile; Mamoswine; Abomasnow,10,10,1.0,True,True
Engine,Ice,MachineMoves,MOVE_REVENGE,Revenge,Fighting,Physical,60,100,10,MOVE_EFFECT_DOUBLE_DAMAGE_IF_HIT,-4,True,Weavile,1,10,0.1,False,False
Engine,Ice,MachineMoves,MOVE_REVERSAL,Reversal,Fighting,Physical,1,100,15,MOVE_EFFECT_INCREASE_POWER_WITH_LESS_HP,0,True,Mamoswine,1,10,0.1,True,False
Engine,Ice,MachineMoves,MOVE_ROAR,Roar,Normal,Status,0,0,20,MOVE_EFFECT_FORCE_SWITCH,-6,True,Lapras; Articuno; Walrein; Mamoswine,4,10,0.4,True,True
Engine,Ice,MachineMoves,MOVE_ROCK_BLAST,Rock Blast,Rock,Physical,25,90,10,MOVE_EFFECT_MULTI_HIT,0,True,Cloyster; Mamoswine,2,10,0.2,False,False
Engine,Ice,MachineMoves,MOVE_ROCK_CLIMB,Rock Climb,Normal,Physical,90,85,20,MOVE_EFFECT_CONFUSE_HIT,0,True,Mamoswine; Abomasnow,2,10,0.2,True,False
Engine,Ice,MachineMoves,MOVE_ROCK_SLIDE,Rock Slide,Rock,Physical,75,90,10,MOVE_EFFECT_FLINCH_HIT,0,True,Walrein; Mamoswine; Abomasnow,3,10,0.3,True,False
Engine,Ice,MachineMoves,MOVE_ROCK_SMASH,Rock Smash,Fighting,Physical,40,100,15,MOVE_EFFECT_LOWER_DEFENSE_HIT,0,True,Lapras; Articuno; Walrein; Weavile; Mamoswine; Abomasnow,6,10,0.6,True,True
Engine,Ice,MachineMoves,MOVE_ROCK_TOMB,Rock Tomb,Rock,Physical,60,95,15,MOVE_EFFECT_LOWER_SPEED_HIT,0,True,Walrein; Mamoswine; Abomasnow,3,10,0.3,True,False
Engine,Ice,MachineMoves,MOVE_ROOST,Roost,Flying,Status,0,0,5,MOVE_EFFECT_HEAL_HALF_REMOVE_FLYING_TYPE,0,True,Articuno,1,10,0.1,True,False
Engine,Ice,MachineMoves,MOVE_ROUND,Round,Normal,Special,60,100,15,MOVE_EFFECT_HIT,0,True,Dewgong; Cloyster; Jynx; Lapras; Articuno; Walrein; Glalie; Weavile; Mamoswine; Abomasnow,10,10,1.0,False,True
Engine,Ice,MachineMoves,MOVE_SAFEGUARD,Safeguard,Normal,Status,0,0,25,MOVE_EFFECT_PREVENT_STATUS,0,True,Dewgong; Lapras; Glalie; Abomasnow,4,10,0.4,True,True
Engine,Ice,MachineMoves,MOVE_SANDSTORM,Sandstorm,Rock,Status,0,0,10,MOVE_EFFECT_WEATHER_SANDSTORM,0,True,Articuno; Mamoswine,2,10,0.2,True,False
Engine,Ice,MachineMoves,MOVE_SAND_TOMB,Sand Tomb,Ground,Physical,35,85,15,MOVE_EFFECT_BIND_HIT,0,True,Mamoswine,1,10,0.1,True,False
Engine,Ice,MachineMoves,MOVE_SCARY_FACE,Scary Face,Normal,Status,0,100,10,MOVE_EFFECT_SPEED_DOWN_2,0,True,Cloyster; Glalie; Weavile; Mamoswine; Abomasnow,5,10,0.5,False,True
Engine,Ice,MachineMoves,MOVE_SCREECH,Screech,Normal,Status,0,85,40,MOVE_EFFECT_DEF_DOWN_2,0,True,Cloyster; Weavile,2,10,0.2,False,False
Engine,Ice,MachineMoves,MOVE_SECRET_POWER,Secret Power,Normal,Physical,70,100,20,MOVE_EFFECT_SECRET_POWER,0,True,Dewgong; Cloyster; Jynx; Lapras; Articuno; Walrein; Glalie; Weavile; Mamoswine; Abomasnow,10,10,1.0,True,True
Engine,Ice,MachineMoves,MOVE_SEED_BOMB,Seed Bomb,Grass,Physical,80,100,15,MOVE_EFFECT_HIT,0,True,Abomasnow,1,10,0.1,True,False
Engine,Ice,MachineMoves,MOVE_SEISMIC_TOSS,Seismic Toss,Fighting,Physical,1,100,20,MOVE_EFFECT_LEVEL_DAMAGE_FLAT,0,True,Jynx,1,10,0.1,False,False
Engine,Ice,MachineMoves,MOVE_SELF_DESTRUCT,Self-Destruct,Normal,Physical,200,100,5,MOVE_EFFECT_HALVE_DEFENSE,0,True,Cloyster; Glalie,2,10,0.2,False,False
Engine,Ice,MachineMoves,MOVE_SHADOW_BALL,Shadow Ball,Ghost,Special,80,100,15,MOVE_EFFECT_LOWER_SP_DEF_HIT,0,True,Jynx; Glalie; Weavile; Abomasnow,4,10,0.4,True,True
Engine,Ice,MachineMoves,MOVE_SHADOW_CLAW,Shadow Claw,Ghost,Physical,70,100,15,MOVE_EFFECT_HIGH_CRITICAL,0,True,Weavile,1,10,0.1,True,False
Engine,Ice,MachineMoves,MOVE_SHOCK_WAVE,Shock Wave,Electric,Special,60,0,20,MOVE_EFFECT_BYPASS_ACCURACY,0,True,Lapras,1,10,0.1,True,False
Engine,Ice,MachineMoves,MOVE_SKILL_SWAP,Skill Swap,Psychic,Status,0,0,10,MOVE_EFFECT_SWITCH_ABILITIES,0,True,Jynx,1,10,0.1,True,False
Engine,Ice,MachineMoves,MOVE_SKULL_BASH,Skull Bash,Normal,Physical,130,100,10,MOVE_EFFECT_CHARGE_TURN_DEF_UP,0,True,Dewgong; Jynx; Lapras,3,10,0.3,False,False
Engine,Ice,MachineMoves,MOVE_SKY_ATTACK,Sky Attack,Flying,Physical,140,90,5,MOVE_EFFECT_CHARGE_TURN_HIGH_CRIT_FLINCH,0,True,Articuno,1,10,0.1,False,False
Engine,Ice,MachineMoves,MOVE_SKY_DROP,Sky Drop,Flying,Physical,60,100,10,MOVE_EFFECT_HIT,0,True,Articuno,1,10,0.1,False,False
Engine,Ice,MachineMoves,MOVE_SLEEP_TALK,Sleep Talk,Normal,Status,0,0,10,MOVE_EFFECT_USE_RANDOM_LEARNED_MOVE_SLEEP,0,True,Dewgong; Cloyster; Jynx; Lapras; Articuno; Walrein; Glalie; Weavile; Mamoswine; Abomasnow,10,10,1.0,True,True
Engine,Ice,MachineMoves,MOVE_SMACK_DOWN,Smack Down,Rock,Physical,50,100,15,MOVE_EFFECT_SMACK_DOWN,0,True,Mamoswine,1,10,0.1,True,False
Engine,Ice,MachineMoves,MOVE_SMART_STRIKE,Smart Strike,Steel,Physical,70,0,10,MOVE_EFFECT_BYPASS_ACCURACY,0,True,Dewgong; Cloyster; Lapras,3,10,0.3,False,False
Engine,Ice,MachineMoves,MOVE_SNARL,Snarl,Dark,Special,55,95,15,MOVE_EFFECT_LOWER_SP_ATK_HIT,0,True,Weavile,1,10,0.1,False,False
Engine,Ice,MachineMoves,MOVE_SNATCH,Snatch,Dark,Status,0,0,10,MOVE_EFFECT_STEAL_STATUS_MOVE,4,True,Weavile,1,10,0.1,True,False
Engine,Ice,MachineMoves,MOVE_SNORE,Snore,Normal,Special,50,100,15,MOVE_EFFECT_DAMAGE_WHILE_ASLEEP,0,True,Dewgong; Cloyster; Jynx; Lapras; Articuno; Walrein; Glalie; Weavile; Mamoswine; Abomasnow,10,10,1.0,False,True
Engine,Ice,MachineMoves,MOVE_SNOWSCAPE,Snowscape,Ice,Status,0,0,10,MOVE_EFFECT_WEATHER_SNOW,0,True,Dewgong; Cloyster; Lapras; Articuno; Glalie; Weavile; Mamoswine; Abomasnow,8,10,0.8,False,True
Engine,Ice,MachineMoves,MOVE_SOLAR_BEAM,Solar Beam,Grass,Special,120,100,10,MOVE_EFFECT_CHARGE_TURN_SUN_SKIPS,0,True,Lapras; Abomasnow,2,10,0.2,True,False
Engine,Ice,MachineMoves,MOVE_SPIKES,Spikes,Ground,Status,0,0,20,MOVE_EFFECT_SET_SPIKES,0,True,Cloyster; Glalie,2,10,0.2,True,False
Engine,Ice,MachineMoves,MOVE_SPITE,Spite,Ghost,Status,0,100,10,MOVE_EFFECT_DECREASE_LAST_MOVE_PP,0,True,Glalie; Weavile,2,10,0.2,True,False
Engine,Ice,MachineMoves,MOVE_STEALTH_ROCK,Stealth Rock,Rock,Status,0,0,20,MOVE_EFFECT_STEALTH_ROCK,0,True,Mamoswine,1,10,0.1,True,False
Engine,Ice,MachineMoves,MOVE_STEEL_WING,Steel Wing,Steel,Physical,70,90,25,MOVE_EFFECT_RAISE_DEF_HIT,0,True,Articuno,1,10,0.1,True,False
Engine,Ice,MachineMoves,MOVE_STOMPING_TANTRUM,StompingTantrum,Ground,Physical,75,100,10,MOVE_EFFECT_HIT,0,True,Walrein; Mamoswine; Abomasnow,3,10,0.3,False,False
Engine,Ice,MachineMoves,MOVE_STONE_EDGE,Stone Edge,Rock,Physical,100,80,5,MOVE_EFFECT_HIGH_CRITICAL,0,True,Mamoswine,1,10,0.1,True,False
Engine,Ice,MachineMoves,MOVE_STORED_POWER,Stored Power,Psychic,Special,20,100,10,MOVE_EFFECT_HIT,0,True,Jynx,1,10,0.1,True,False
Engine,Ice,MachineMoves,MOVE_STRENGTH,Strength,Normal,Physical,80,100,15,MOVE_EFFECT_HIT,0,True,Dewgong; Lapras; Walrein; Weavile; Mamoswine; Abomasnow,6,10,0.6,True,True
Engine,Ice,MachineMoves,MOVE_SUBMISSION,Submission,Fighting,Physical,80,80,20,MOVE_EFFECT_RECOIL_QUARTER,0,True,Jynx,1,10,0.1,False,False
Engine,Ice,MachineMoves,MOVE_SUBSTITUTE,Substitute,Normal,Status,0,0,10,MOVE_EFFECT_SET_SUBSTITUTE,0,True,Dewgong; Cloyster; Jynx; Lapras; Articuno; Walrein; Glalie; Weavile; Mamoswine; Abomasnow,10,10,1.0,True,True
Engine,Ice,MachineMoves,MOVE_SUNNY_DAY,Sunny Day,Fire,Status,0,0,5,MOVE_EFFECT_WEATHER_SUN,0,True,Articuno; Weavile,2,10,0.2,True,False
Engine,Ice,MachineMoves,MOVE_SUPERPOWER,Superpower,Fighting,Physical,120,100,5,MOVE_EFFECT_USER_ATK_DEF_DOWN_HIT,0,True,Mamoswine,1,10,0.1,True,False
Engine,Ice,MachineMoves,MOVE_SURF,Surf,Water,Special,90,100,15,MOVE_EFFECT_DOUBLE_DAMAGE_DIVE,0,True,Dewgong; Cloyster; Lapras; Walrein; Weavile,5,10,0.5,True,True
Engine,Ice,MachineMoves,MOVE_SWAGGER,Swagger,Normal,Status,0,85,15,MOVE_EFFECT_ATK_UP_2_STATUS_CONFUSION,0,True,Dewgong; Cloyster; Jynx; Lapras; Articuno; Walrein; Glalie; Weavile; Mamoswine; Abomasnow,10,10,1.0,True,True
Engine,Ice,MachineMoves,MOVE_SWEET_SCENT,Sweet Scent,Normal,Status,0,100,20,MOVE_EFFECT_EVA_DOWN_2,0,True,Jynx,1,10,0.1,False,False
Engine,Ice,MachineMoves,MOVE_SWIFT,Swift,Normal,Special,60,0,20,MOVE_EFFECT_BYPASS_ACCURACY,0,True,Cloyster; Articuno; Weavile,3,10,0.3,False,False
Engine,Ice,MachineMoves,MOVE_SWORDS_DANCE,Swords Dance,Normal,Status,0,0,20,MOVE_EFFECT_ATK_UP_2,0,True,Walrein; Weavile; Abomasnow,3,10,0.3,True,False
Engine,Ice,MachineMoves,MOVE_TAILWIND,Tailwind,Flying,Status,0,0,15,MOVE_EFFECT_DOUBLE_SPEED_3_TURNS,0,True,Articuno,1,10,0.1,True,False
Engine,Ice,MachineMoves,MOVE_TAKE_DOWN,Take Down,Normal,Physical,90,85,20,MOVE_EFFECT_RECOIL_QUARTER,0,True,Dewgong; Cloyster; Jynx; Lapras; Articuno; Glalie; Weavile; Mamoswine; Abomasnow,9,10,0.9,False,True
Engine,Ice,MachineMoves,MOVE_TAUNT,Taunt,Dark,Status,0,100,20,MOVE_EFFECT_TAUNT,0,True,Jynx; Glalie; Weavile,3,10,0.3,True,False
Engine,Ice,MachineMoves,MOVE_TELEKINESIS,Telekinesis,Psychic,Status,0,0,15,MOVE_EFFECT_HIT,0,True,Jynx,1,10,0.1,False,False
Engine,Ice,MachineMoves,MOVE_TELEPORT,Teleport,Psychic,Status,0,0,20,MOVE_EFFECT_FLEE_FROM_WILD_BATTLE,-6,True,Cloyster; Jynx,2,10,0.2,False,False
Engine,Ice,MachineMoves,MOVE_TERA_BLAST,Tera Blast,Normal,Special,80,100,10,MOVE_EFFECT_HIT,0,True,Dewgong; Cloyster; Lapras; Articuno; Glalie; Weavile; Mamoswine; Abomasnow,8,10,0.8,True,True
Engine,Ice,MachineMoves,MOVE_THIEF,Thief,Dark,Physical,60,100,25,MOVE_EFFECT_STEAL_HELD_ITEM,0,True,Dewgong; Jynx; Weavile,3,10,0.3,True,False
Engine,Ice,MachineMoves,MOVE_THROAT_CHOP,Throat Chop,Dark,Physical,80,100,15,MOVE_EFFECT_THROAT_CHOP,0,True,Weavile; Mamoswine,2,10,0.2,True,False
Engine,Ice,MachineMoves,MOVE_THUNDER,Thunder,Electric,Special,110,70,10,MOVE_EFFECT_THUNDER,0,True,Lapras,1,10,0.1,True,False
Engine,Ice,MachineMoves,MOVE_THUNDERBOLT,Thunderbolt,Electric,Special,90,100,15,MOVE_EFFECT_PARALYZE_HIT,0,True,Lapras,1,10,0.1,True,False
Engine,Ice,MachineMoves,MOVE_TORMENT,Torment,Dark,Status,0,100,15,MOVE_EFFECT_TORMENT,0,True,Cloyster; Jynx; Glalie; Weavile,4,10,0.4,True,True
Engine,Ice,MachineMoves,MOVE_TOXIC,Toxic,Poison,Status,0,90,10,MOVE_EFFECT_STATUS_BADLY_POISON,0,True,Dewgong; Cloyster; Jynx; Lapras; Articuno; Walrein; Glalie; Weavile; Mamoswine; Abomasnow,10,10,1.0,True,True
Engine,Ice,MachineMoves,MOVE_TOXIC_SPIKES,Toxic Spikes,Poison,Status,0,0,20,MOVE_EFFECT_TOXIC_SPIKES,0,True,Cloyster,1,10,0.1,True,False
Engine,Ice,MachineMoves,MOVE_TRAILBLAZE,Trailblaze,Grass,Physical,50,100,20,MOVE_EFFECT_RAISE_SPEED_HIT,0,True,Glalie; Weavile; Mamoswine; Abomasnow,4,10,0.4,False,True
Engine,Ice,MachineMoves,MOVE_TRICK,Trick,Psychic,Status,0,100,10,MOVE_EFFECT_SWITCH_HELD_ITEMS,0,True,Jynx,1,10,0.1,True,False
Engine,Ice,MachineMoves,MOVE_TRICK_ROOM,Trick Room,Psychic,Status,0,0,5,MOVE_EFFECT_TRICK_ROOM,-7,True,Jynx,1,10,0.1,True,False
Engine,Ice,MachineMoves,MOVE_TRIPLE_AXEL,Triple Axel,Ice,Physical,20,90,10,MOVE_EFFECT_HIT_THREE_TIMES_INCREMENT_BASE_POWER_20,0,True,Dewgong; Articuno; Weavile,3,10,0.3,True,True
Engine,Ice,MachineMoves,MOVE_TRI_ATTACK,Tri Attack,Normal,Special,80,100,10,MOVE_EFFECT_RANDOM_PRIMARY_STATUS_HIT,0,True,Cloyster,1,10,0.1,True,False
Engine,Ice,MachineMoves,MOVE_UPPER_HAND,Upper Hand,Fighting,Physical,65,100,15,MOVE_EFFECT_HIT,3,True,Weavile,1,10,0.1,True,False
Engine,Ice,MachineMoves,MOVE_UPROAR,Uproar,Normal,Special,90,100,10,MOVE_EFFECT_UPROAR,0,True,Dewgong; Jynx,2,10,0.2,True,False
Engine,Ice,MachineMoves,MOVE_U_TURN,U-turn,Bug,Physical,70,100,20,MOVE_EFFECT_SWITCH_HIT,0,True,Articuno,1,10,0.1,True,False
Engine,Ice,MachineMoves,MOVE_WATERFALL,Waterfall,Water,Physical,80,100,15,MOVE_EFFECT_FLINCH_HIT,0,True,Dewgong; Cloyster; Lapras; Walrein,4,10,0.4,True,True
Engine,Ice,MachineMoves,MOVE_WATER_GUN,Water Gun,Water,Special,40,100,25,MOVE_EFFECT_HIT,0,True,Dewgong; Cloyster; Jynx; Lapras; Articuno,5,10,0.5,False,True
Engine,Ice,MachineMoves,MOVE_WATER_PULSE,Water Pulse,Water,Special,60,100,20,MOVE_EFFECT_CONFUSE_HIT,0,True,Dewgong; Cloyster; Jynx; Lapras; Articuno; Walrein; Glalie; Weavile; Abomasnow,9,10,0.9,True,True
Engine,Ice,MachineMoves,MOVE_WEATHER_BALL,Weather Ball,Normal,Special,50,100,10,MOVE_EFFECT_CHANGE_TYPE_WITH_WEATHER,0,True,Dewgong; Cloyster; Lapras; Articuno; Glalie; Abomasnow,6,10,0.6,True,True
Engine,Ice,MachineMoves,MOVE_WHIRLPOOL,Whirlpool,Water,Special,35,85,15,MOVE_EFFECT_WHIRLPOOL,0,True,Dewgong; Cloyster; Lapras; Walrein; Weavile,5,10,0.5,True,True
Engine,Ice,MachineMoves,MOVE_WHIRLWIND,Whirlwind,Normal,Status,0,0,20,MOVE_EFFECT_FORCE_SWITCH,-6,True,Articuno,1,10,0.1,False,False
Engine,Ice,MachineMoves,MOVE_WONDER_ROOM,Wonder Room,Psychic,Status,0,0,10,MOVE_EFFECT_HIT,0,True,Jynx,1,10,0.1,False,False
Engine,Ice,MachineMoves,MOVE_X_SCISSOR,X-Scissor,Bug,Physical,80,100,15,MOVE_EFFECT_HIT,0,True,Weavile,1,10,0.1,True,False
Engine,Ice,MachineMoves,MOVE_ZAP_CANNON,Zap Cannon,Electric,Special,120,50,5,MOVE_EFFECT_PARALYZE_HIT,0,True,Lapras,1,10,0.1,False,False
Engine,Ice,MachineMoves,MOVE_ZEN_HEADBUTT,Zen Headbutt,Psychic,Physical,80,90,15,MOVE_EFFECT_FLINCH_HIT,0,True,Jynx; Lapras,2,10,0.2,True,False
Engine,Ice,TutorMoves,MOVE_AIR_CUTTER,Air Cutter,Flying,Special,60,95,25,MOVE_EFFECT_HIGH_CRITICAL,0,True,Articuno,1,10,0.1,True,False
Engine,Ice,TutorMoves,MOVE_ALLY_SWITCH,Ally Switch,Psychic,Status,0,0,15,MOVE_EFFECT_HIT,2,True,Jynx,1,10,0.1,False,False
Engine,Ice,TutorMoves,MOVE_ANCIENT_POWER,Ancient Power,Rock,Special,60,100,5,MOVE_EFFECT_RAISE_ALL_STATS_HIT,0,True,Lapras; Articuno; Mamoswine,3,10,0.3,True,False
Engine,Ice,TutorMoves,MOVE_AQUA_TAIL,Aqua Tail,Water,Physical,90,90,10,MOVE_EFFECT_HIT,0,True,Dewgong; Lapras; Walrein,3,10,0.3,True,False
Engine,Ice,TutorMoves,MOVE_BLOCK,Block,Normal,Status,0,0,5,MOVE_EFFECT_PREVENT_ESCAPE,0,True,Lapras; Walrein; Glalie; Mamoswine; Abomasnow,5,10,0.5,True,True
Engine,Ice,TutorMoves,MOVE_BODY_SLAM,Body Slam,Normal,Physical,85,100,15,MOVE_EFFECT_PARALYZE_HIT,0,True,Dewgong; Jynx; Lapras; Walrein; Glalie,5,10,0.5,False,True
Engine,Ice,TutorMoves,MOVE_COUNTER,Counter,Fighting,Physical,1,100,20,MOVE_EFFECT_COUNTER,-5,True,Jynx,1,10,0.1,False,False
Engine,Ice,TutorMoves,MOVE_COVET,Covet,Normal,Physical,60,100,25,MOVE_EFFECT_STEAL_HELD_ITEM,0,True,Jynx,1,10,0.1,False,False
Engine,Ice,TutorMoves,MOVE_DARK_PULSE,Dark Pulse,Dark,Special,80,100,15,MOVE_EFFECT_FLINCH_HIT,0,True,Glalie; Weavile,2,10,0.2,False,False
Engine,Ice,TutorMoves,MOVE_DEFENSE_CURL,Defense Curl,Normal,Status,0,0,40,MOVE_EFFECT_DEF_UP_DOUBLE_ROLLOUT_POWER,0,True,Walrein; Glalie,2,10,0.2,False,False
Engine,Ice,TutorMoves,MOVE_DEFOG,Defog,Flying,Status,0,0,15,MOVE_EFFECT_REMOVE_HAZARDS_SCREENS_EVA_DOWN,0,True,Articuno,1,10,0.1,False,False
Engine,Ice,TutorMoves,MOVE_DIVE,Dive,Water,Physical,80,100,10,MOVE_EFFECT_DIVE,0,True,Dewgong; Cloyster; Lapras; Walrein,4,10,0.4,True,True
Engine,Ice,TutorMoves,MOVE_DOUBLE_EDGE,Double-Edge,Normal,Physical,120,100,15,MOVE_EFFECT_RECOIL_THIRD,0,True,Dewgong; Cloyster; Jynx; Lapras; Articuno; Walrein; Glalie,7,10,0.7,False,True
Engine,Ice,TutorMoves,MOVE_DRAGON_PULSE,Dragon Pulse,Dragon,Special,85,100,10,MOVE_EFFECT_HIT,0,True,Lapras,1,10,0.1,False,False
Engine,Ice,TutorMoves,MOVE_DRAIN_PUNCH,Drain Punch,Fighting,Physical,75,100,10,MOVE_EFFECT_RECOVER_HALF_DAMAGE_DEALT,0,True,Jynx,1,10,0.1,False,False
Engine,Ice,TutorMoves,MOVE_DREAM_EATER,Dream Eater,Psychic,Special,100,100,15,MOVE_EFFECT_RECOVER_DAMAGE_SLEEP,0,True,Jynx; Lapras,2,10,0.2,False,False
Engine,Ice,TutorMoves,MOVE_DRILL_RUN,Drill Run,Ground,Physical,80,95,10,MOVE_EFFECT_HIGH_CRITICAL,0,True,Dewgong; Lapras,2,10,0.2,False,False
Engine,Ice,TutorMoves,MOVE_DUAL_WINGBEAT,Dual Wingbeat,Flying,Physical,40,90,10,MOVE_EFFECT_HIT_TWICE,0,True,Articuno,1,10,0.1,False,False
Engine,Ice,TutorMoves,MOVE_DYNAMIC_PUNCH,Dynamic Punch,Fighting,Physical,100,50,5,MOVE_EFFECT_CONFUSE_HIT,0,True,Jynx,1,10,0.1,False,False
Engine,Ice,TutorMoves,MOVE_EARTH_POWER,Earth Power,Ground,Special,90,100,10,MOVE_EFFECT_LOWER_SP_DEF_HIT,0,True,Mamoswine,1,10,0.1,True,False
Engine,Ice,TutorMoves,MOVE_ENDEAVOR,Endeavor,Normal,Physical,1,100,5,MOVE_EFFECT_SET_HP_EQUAL_TO_USER,0,True,Mamoswine,1,10,0.1,True,False
Engine,Ice,TutorMoves,MOVE_ENDURE,Endure,Normal,Status,0,0,10,MOVE_EFFECT_SURVIVE_WITH_1_HP,4,True,Dewgong; Cloyster; Jynx; Lapras; Articuno; Walrein; Glalie,7,10,0.7,False,True
Engine,Ice,TutorMoves,MOVE_EXPANDING_FORCE,Expanding Force,Psychic,Special,80,100,10,MOVE_EFFECT_HIT,0,True,Jynx,1,10,0.1,False,False
Engine,Ice,TutorMoves,MOVE_EXPLOSION,Explosion,Normal,Physical,250,100,5,MOVE_EFFECT_HALVE_DEFENSE,0,True,Cloyster; Glalie,2,10,0.2,False,False
Engine,Ice,TutorMoves,MOVE_FOCUS_PUNCH,Focus Punch,Fighting,Physical,150,100,20,MOVE_EFFECT_HIT_LAST_WHIFF_IF_HIT,-3,True,Jynx; Weavile; Abomasnow,3,10,0.3,False,False
Engine,Ice,TutorMoves,MOVE_FOUL_PLAY,Foul Play,Dark,Physical,95,100,15,MOVE_EFFECT_HIT,0,True,Weavile,1,10,0.1,False,False
Engine,Ice,TutorMoves,MOVE_FURY_CUTTER,Fury Cutter,Bug,Physical,40,95,20,MOVE_EFFECT_DOUBLE_POWER_EACH_TURN,0,True,Walrein; Weavile; Mamoswine,3,10,0.3,True,False
Engine,Ice,TutorMoves,MOVE_GIGA_DRAIN,Giga Drain,Grass,Special,75,100,10,MOVE_EFFECT_RECOVER_HALF_DAMAGE_DEALT,0,True,Abomasnow,1,10,0.1,False,False
Engine,Ice,TutorMoves,MOVE_GRASSY_GLIDE,Grassy Glide,Grass,Physical,55,100,20,MOVE_EFFECT_HIT,0,True,Abomasnow,1,10,0.1,False,False
Engine,Ice,TutorMoves,MOVE_HEADBUTT,Headbutt,Normal,Physical,70,100,15,MOVE_EFFECT_FLINCH_HIT,0,True,Dewgong; Jynx; Lapras; Walrein; Glalie; Weavile; Mamoswine; Abomasnow,8,10,0.8,True,True
Engine,Ice,TutorMoves,MOVE_HEAL_BELL,Heal Bell,Normal,Status,0,0,5,MOVE_EFFECT_CURE_PARTY_STATUS,0,True,Jynx; Lapras,2,10,0.2,True,False
Engine,Ice,TutorMoves,MOVE_HELPING_HAND,Helping Hand,Normal,Status,0,0,20,MOVE_EFFECT_BOOST_ALLY_POWER_BY_50_PERCENT,5,True,Jynx,1,10,0.1,True,False
Engine,Ice,TutorMoves,MOVE_HYPER_VOICE,Hyper Voice,Normal,Special,90,100,10,MOVE_EFFECT_HIT,0,True,Jynx; Lapras,2,10,0.2,False,False
Engine,Ice,TutorMoves,MOVE_ICE_BEAM,Ice Beam,Ice,Special,90,100,10,MOVE_EFFECT_FREEZE_HIT,0,True,Dewgong; Cloyster; Jynx; Lapras; Articuno,5,10,0.5,False,True
Engine,Ice,TutorMoves,MOVE_ICE_PUNCH,Ice Punch,Ice,Physical,75,100,15,MOVE_EFFECT_FREEZE_HIT,0,True,Jynx; Weavile; Abomasnow,3,10,0.3,True,True
Engine,Ice,TutorMoves,MOVE_ICY_WIND,Icy Wind,Ice,Special,55,95,15,MOVE_EFFECT_LOWER_SPEED_HIT,0,True,Dewgong; Cloyster; Jynx; Lapras; Articuno; Walrein; Glalie; Weavile; Mamoswine; Abomasnow,10,10,1.0,True,True
Engine,Ice,TutorMoves,MOVE_IRON_DEFENSE,Iron Defense,Steel,Status,0,0,15,MOVE_EFFECT_DEF_UP_2,0,True,Cloyster,1,10,0.1,True,False
Engine,Ice,TutorMoves,MOVE_IRON_HEAD,Iron Head,Steel,Physical,80,100,15,MOVE_EFFECT_FLINCH_HIT,0,True,Lapras; Walrein; Glalie; Mamoswine,4,10,0.4,True,True
Engine,Ice,TutorMoves,MOVE_IRON_TAIL,Iron Tail,Steel,Physical,100,75,15,MOVE_EFFECT_LOWER_DEFENSE_HIT,0,True,Dewgong; Lapras; Walrein; Weavile; Abomasnow,5,10,0.5,False,True
Engine,Ice,TutorMoves,MOVE_KNOCK_OFF,Knock Off,Dark,Physical,65,100,20,MOVE_EFFECT_REMOVE_HELD_ITEM,0,True,Weavile; Mamoswine,2,10,0.2,True,False
Engine,Ice,TutorMoves,MOVE_LASER_FOCUS,Laser Focus,Normal,Status,0,0,30,MOVE_EFFECT_LASER_FOCUS,0,True,Articuno; Glalie; Weavile,3,10,0.3,False,False
Engine,Ice,TutorMoves,MOVE_LASH_OUT,Lash Out,Dark,Physical,75,100,5,MOVE_EFFECT_HIT,0,True,Weavile,1,10,0.1,False,False
Engine,Ice,TutorMoves,MOVE_LIQUIDATION,Liquidation,Water,Physical,85,100,10,MOVE_EFFECT_LOWER_DEFENSE_HIT,0,True,Dewgong; Cloyster,2,10,0.2,False,False
Engine,Ice,TutorMoves,MOVE_LOW_KICK,Low Kick,Fighting,Physical,1,100,20,MOVE_EFFECT_INCREASE_POWER_WITH_WEIGHT,0,True,Weavile,1,10,0.1,True,False
Engine,Ice,TutorMoves,MOVE_MAGIC_COAT,Magic Coat,Psychic,Status,0,0,15,MOVE_EFFECT_MAGIC_COAT,4,True,Jynx,1,10,0.1,True,False
Engine,Ice,TutorMoves,MOVE_MAGIC_ROOM,Magic Room,Psychic,Status,0,0,10,MOVE_EFFECT_MAGIC_ROOM,0,True,Jynx,1,10,0.1,False,False
Engine,Ice,TutorMoves,MOVE_MEGA_KICK,Mega Kick,Normal,Physical,120,75,5,MOVE_EFFECT_HIT,0,True,Jynx,1,10,0.1,False,False
Engine,Ice,TutorMoves,MOVE_MEGA_PUNCH,Mega Punch,Normal,Physical,80,85,20,MOVE_EFFECT_HIT,0,True,Jynx,1,10,0.1,False,False
Engine,Ice,TutorMoves,MOVE_METRONOME,Metronome,Normal,Status,0,0,10,MOVE_EFFECT_CALL_RANDOM_MOVE,0,True,Jynx,1,10,0.1,False,False
Engine,Ice,TutorMoves,MOVE_MIMIC,Mimic,Normal,Status,0,0,10,MOVE_EFFECT_COPY_MOVE_FOR_BATTLE,0,True,Dewgong; Cloyster; Jynx; Lapras; Articuno; Walrein; Glalie,7,10,0.7,False,True
Engine,Ice,TutorMoves,MOVE_MUD_SLAP,Mud-Slap,Ground,Special,20,100,10,MOVE_EFFECT_LOWER_ACCURACY_HIT,0,True,Jynx; Articuno; Walrein; Weavile; Mamoswine; Abomasnow,6,10,0.6,True,True
Engine,Ice,TutorMoves,MOVE_NIGHTMARE,Nightmare,Ghost,Status,0,100,15,MOVE_EFFECT_STATUS_NIGHTMARE,0,True,Jynx; Lapras,2,10,0.2,False,False
Engine,Ice,TutorMoves,MOVE_OMINOUS_WIND,Ominous Wind,Ghost,Special,60,100,5,MOVE_EFFECT_RAISE_ALL_STATS_HIT,0,True,Articuno,1,10,0.1,True,False
Engine,Ice,TutorMoves,MOVE_OUTRAGE,Outrage,Dragon,Physical,120,100,10,MOVE_EFFECT_CONTINUE_AND_CONFUSE_SELF,0,True,Lapras; Abomasnow,2,10,0.2,True,False
Engine,Ice,TutorMoves,MOVE_PSYCH_UP,Psych Up,Normal,Status,0,0,10,MOVE_EFFECT_COPY_STAT_CHANGES,0,True,Jynx,1,10,0.1,False,False
Engine,Ice,TutorMoves,MOVE_RECYCLE,Recycle,Normal,Status,0,0,10,MOVE_EFFECT_RECYCLE,0,True,Jynx,1,10,0.1,False,False
Engine,Ice,TutorMoves,MOVE_ROCK_SLIDE,Rock Slide,Rock,Physical,75,90,10,MOVE_EFFECT_FLINCH_HIT,0,True,Walrein,1,10,0.1,False,False
Engine,Ice,TutorMoves,MOVE_ROLE_PLAY,Role Play,Psychic,Status,0,0,10,MOVE_EFFECT_COPY_ABILITY,0,True,Jynx; Abomasnow,2,10,0.2,True,False
Engine,Ice,TutorMoves,MOVE_ROLLOUT,Rollout,Rock,Physical,30,90,20,MOVE_EFFECT_DOUBLE_POWER_EACH_TURN_LOCK_INTO,0,True,Walrein; Glalie,2,10,0.2,True,False
Engine,Ice,TutorMoves,MOVE_ROOST,Roost,Flying,Status,0,0,5,MOVE_EFFECT_HEAL_HALF_REMOVE_FLYING_TYPE,0,True,Articuno,1,10,0.1,False,False
Engine,Ice,TutorMoves,MOVE_SEED_BOMB,Seed Bomb,Grass,Physical,80,100,15,MOVE_EFFECT_HIT,0,True,Abomasnow,1,10,0.1,True,False
Engine,Ice,TutorMoves,MOVE_SEISMIC_TOSS,Seismic Toss,Fighting,Physical,1,100,20,MOVE_EFFECT_LEVEL_DAMAGE_FLAT,0,True,Jynx,1,10,0.1,False,False
Engine,Ice,TutorMoves,MOVE_SELF_DESTRUCT,Self-Destruct,Normal,Physical,200,100,5,MOVE_EFFECT_HALVE_DEFENSE,0,True,Cloyster; Glalie,2,10,0.2,False,False
Engine,Ice,TutorMoves,MOVE_SHOCK_WAVE,Shock Wave,Electric,Special,60,0,20,MOVE_EFFECT_BYPASS_ACCURACY,0,True,Lapras,1,10,0.1,False,False
Engine,Ice,TutorMoves,MOVE_SIGNAL_BEAM,Signal Beam,Bug,Special,75,100,15,MOVE_EFFECT_CONFUSE_HIT,0,True,Dewgong; Cloyster; Jynx; Lapras; Articuno; Walrein; Glalie,7,10,0.7,True,True
Engine,Ice,TutorMoves,MOVE_SKILL_SWAP,Skill Swap,Psychic,Status,0,0,10,MOVE_EFFECT_SWITCH_ABILITIES,0,True,Jynx,1,10,0.1,False,False
Engine,Ice,TutorMoves,MOVE_SKY_ATTACK,Sky Attack,Flying,Physical,140,90,5,MOVE_EFFECT_CHARGE_TURN_HIGH_CRIT_FLINCH,0,True,Articuno,1,10,0.1,True,False
Engine,Ice,TutorMoves,MOVE_SLEEP_TALK,Sleep Talk,Normal,Status,0,0,10,MOVE_EFFECT_USE_RANDOM_LEARNED_MOVE_SLEEP,0,True,Dewgong; Cloyster; Jynx; Lapras; Articuno; Walrein; Glalie; Weavile; Mamoswine; Abomasnow,10,10,1.0,False,True
Engine,Ice,TutorMoves,MOVE_SNATCH,Snatch,Dark,Status,0,0,10,MOVE_EFFECT_STEAL_STATUS_MOVE,4,True,Weavile,1,10,0.1,False,False
Engine,Ice,TutorMoves,MOVE_SNORE,Snore,Normal,Special,50,100,15,MOVE_EFFECT_DAMAGE_WHILE_ASLEEP,0,True,Dewgong; Cloyster; Jynx; Lapras; Articuno; Walrein; Glalie; Weavile; Mamoswine; Abomasnow,10,10,1.0,True,True
Engine,Ice,TutorMoves,MOVE_SPITE,Spite,Ghost,Status,0,100,10,MOVE_EFFECT_DECREASE_LAST_MOVE_PP,0,True,Glalie; Weavile,2,10,0.2,True,False
Engine,Ice,TutorMoves,MOVE_STEALTH_ROCK,Stealth Rock,Rock,Status,0,0,20,MOVE_EFFECT_STEALTH_ROCK,0,True,Mamoswine,1,10,0.1,False,False
Engine,Ice,TutorMoves,MOVE_STEEL_ROLLER,Steel Roller,Steel,Physical,130,100,5,MOVE_EFFECT_END_TERRAIN,0,True,Cloyster; Walrein; Glalie,3,10,0.3,False,False
Engine,Ice,TutorMoves,MOVE_STOMPING_TANTRUM,StompingTantrum,Ground,Physical,75,100,10,MOVE_EFFECT_HIT,0,True,Walrein; Mamoswine; Abomasnow,3,10,0.3,False,False
Engine,Ice,TutorMoves,MOVE_SUBSTITUTE,Substitute,Normal,Status,0,0,10,MOVE_EFFECT_SET_SUBSTITUTE,0,True,Dewgong; Cloyster; Jynx; Lapras; Articuno; Walrein; Glalie,7,10,0.7,False,True
Engine,Ice,TutorMoves,MOVE_SUPERPOWER,Superpower,Fighting,Physical,120,100,5,MOVE_EFFECT_USER_ATK_DEF_DOWN_HIT,0,True,Mamoswine,1,10,0.1,True,False
Engine,Ice,TutorMoves,MOVE_SUPER_FANG,Super Fang,Normal,Physical,1,90,10,MOVE_EFFECT_HALVE_HP,0,True,Walrein; Glalie,2,10,0.2,True,False
Engine,Ice,TutorMoves,MOVE_SWAGGER,Swagger,Normal,Status,0,85,15,MOVE_EFFECT_ATK_UP_2_STATUS_CONFUSION,0,True,Dewgong; Cloyster; Jynx; Lapras; Articuno; Walrein; Glalie,7,10,0.7,False,True
Engine,Ice,TutorMoves,MOVE_SWIFT,Swift,Normal,Special,60,0,20,MOVE_EFFECT_BYPASS_ACCURACY,0,True,Cloyster; Articuno; Weavile,3,10,0.3,True,False
Engine,Ice,TutorMoves,MOVE_SYNTHESIS,Synthesis,Grass,Status,0,0,5,MOVE_EFFECT_HEAL_HALF_DIFFERENT_IN_WEATHER,0,True,Abomasnow,1,10,0.1,True,False
Engine,Ice,TutorMoves,MOVE_TAILWIND,Tailwind,Flying,Status,0,0,15,MOVE_EFFECT_DOUBLE_SPEED_3_TURNS,0,True,Articuno,1,10,0.1,True,False
Engine,Ice,TutorMoves,MOVE_TELEKINESIS,Telekinesis,Psychic,Status,0,0,15,MOVE_EFFECT_HIT,0,True,Jynx,1,10,0.1,False,False
Engine,Ice,TutorMoves,MOVE_THROAT_CHOP,Throat Chop,Dark,Physical,80,100,15,MOVE_EFFECT_THROAT_CHOP,0,True,Weavile,1,10,0.1,False,False
Engine,Ice,TutorMoves,MOVE_THUNDERBOLT,Thunderbolt,Electric,Special,90,100,15,MOVE_EFFECT_PARALYZE_HIT,0,True,Lapras,1,10,0.1,False,False
Engine,Ice,TutorMoves,MOVE_TRICK,Trick,Psychic,Status,0,100,10,MOVE_EFFECT_SWITCH_HELD_ITEMS,0,True,Jynx,1,10,0.1,True,False
Engine,Ice,TutorMoves,MOVE_TRIPLE_AXEL,Triple Axel,Ice,Physical,20,90,10,MOVE_EFFECT_HIT_THREE_TIMES_INCREMENT_BASE_POWER_20,0,True,Jynx; Articuno; Weavile,3,10,0.3,False,True
Engine,Ice,TutorMoves,MOVE_TWISTER,Twister,Dragon,Special,40,100,20,MOVE_EFFECT_FLINCH_DOUBLE_DAMAGE_FLY_OR_BOUNCE,0,True,Articuno,1,10,0.1,True,False
Engine,Ice,TutorMoves,MOVE_WATER_PULSE,Water Pulse,Water,Special,60,100,20,MOVE_EFFECT_CONFUSE_HIT,0,True,Dewgong; Cloyster; Jynx; Lapras; Articuno; Walrein; Glalie; Abomasnow,8,10,0.8,False,True
Engine,Ice,TutorMoves,MOVE_WONDER_ROOM,Wonder Room,Psychic,Status,0,0,10,MOVE_EFFECT_HIT,0,True,Jynx,1,10,0.1,False,False
Engine,Ice,TutorMoves,MOVE_WORRY_SEED,Worry Seed,Grass,Status,0,100,10,MOVE_EFFECT_SET_ABILITY_TO_INSOMNIA,0,True,Abomasnow,1,10,0.1,True,False
Engine,Ice,TutorMoves,MOVE_ZEN_HEADBUTT,Zen Headbutt,Psychic,Physical,80,90,15,MOVE_EFFECT_FLINCH_HIT,0,True,Jynx; Lapras,2,10,0.2,True,False
Engine,Dark,MachineMoves,MOVE_ACID_SPRAY,Acid Spray,Poison,Special,40,100,20,MOVE_EFFECT_LOWER_SP_DEF_2_HIT,0,True,Skuntank,1,15,0.067,False,False
Engine,Dark,MachineMoves,MOVE_ACROBATICS,Acrobatics,Flying,Physical,55,100,15,MOVE_EFFECT_DOUBLE_POWER_WITHOUT_ITEM,0,True,Honchkrow,1,15,0.067,False,False
Engine,Dark,MachineMoves,MOVE_AERIAL_ACE,Aerial Ace,Flying,Physical,60,0,20,MOVE_EFFECT_BYPASS_ACCURACY,0,True,Honchkrow; Tyranitar; Shiftry; Sableye; Crawdaunt; Absol; Drapion; Weavile,8,15,0.533,True,True
Engine,Dark,MachineMoves,MOVE_AGILITY,Agility,Psychic,Status,0,0,30,MOVE_EFFECT_SPEED_UP_2,0,True,Sharpedo; Drapion; Weavile,3,15,0.2,True,False
Engine,Dark,MachineMoves,MOVE_AIR_CUTTER,Air Cutter,Flying,Special,60,95,25,MOVE_EFFECT_HIGH_CRITICAL,0,True,Honchkrow; Shiftry,2,15,0.133,False,False
Engine,Dark,MachineMoves,MOVE_AIR_SLASH,Air Slash,Flying,Special,75,95,15,MOVE_EFFECT_FLINCH_HIT,0,True,Honchkrow; Shiftry; Absol,3,15,0.2,False,False
Engine,Dark,MachineMoves,MOVE_ALLURING_VOICE,Alluring Voice,Fairy,Special,80,100,10,MOVE_EFFECT_HIT,0,True,Umbreon,1,15,0.067,True,False
Engine,Dark,MachineMoves,MOVE_ALLY_SWITCH,Ally Switch,Psychic,Status,0,0,15,MOVE_EFFECT_HIT,2,True,Sableye; Spiritomb,2,15,0.133,True,False
Engine,Dark,MachineMoves,MOVE_AMNESIA,Amnesia,Psychic,Status,0,0,20,MOVE_EFFECT_SP_DEF_UP_2,0,True,Shiftry,1,15,0.067,True,False
Engine,Dark,MachineMoves,MOVE_ASSURANCE,Assurance,Dark,Physical,60,100,10,MOVE_EFFECT_DOUBLE_POWER_IF_TARGET_HIT,0,True,Umbreon; Tyranitar; Shiftry; Sharpedo; Absol; Drapion; Skuntank; Weavile,8,15,0.533,False,True
Engine,Dark,MachineMoves,MOVE_ATTRACT,Attract,Normal,Status,0,100,15,MOVE_EFFECT_INFATUATE,0,True,Umbreon; Honchkrow; Houndoom; Tyranitar; Mightyena; Shiftry; Sableye; Sharpedo; Cacturne; Crawdaunt; Absol; Drapion; Skuntank; Spiritomb; Weavile,15,15,1.0,True,True
Engine,Dark,MachineMoves,MOVE_AVALANCHE,Avalanche,Ice,Physical,60,100,10,MOVE_EFFECT_DOUBLE_DAMAGE_IF_HIT,-4,True,Tyranitar; Sharpedo; Crawdaunt; Weavile,4,15,0.267,True,False
Engine,Dark,MachineMoves,MOVE_BATON_PASS,Baton Pass,Normal,Status,0,0,40,MOVE_EFFECT_PASS_STATS_AND_STATUS,0,True,Umbreon; Absol; Weavile,3,15,0.2,True,False
Engine,Dark,MachineMoves,MOVE_BEAT_UP,Beat Up,Dark,Physical,1,100,10,MOVE_EFFECT_BEAT_UP,0,True,Shiftry; Weavile,2,15,0.133,False,True
Engine,Dark,MachineMoves,MOVE_BLIZZARD,Blizzard,Ice,Special,110,70,5,MOVE_EFFECT_BLIZZARD,0,True,Tyranitar; Sharpedo; Crawdaunt; Absol; Weavile,5,15,0.333,True,True
Engine,Dark,MachineMoves,MOVE_BODY_PRESS,Body Press,Fighting,Physical,80,100,10,MOVE_EFFECT_HIT,0,True,Tyranitar,1,15,0.067,True,False
Engine,Dark,MachineMoves,MOVE_BODY_SLAM,Body Slam,Normal,Physical,85,100,15,MOVE_EFFECT_PARALYZE_HIT,0,True,Umbreon; Houndoom; Tyranitar; Mightyena; Shiftry; Sableye; Cacturne; Crawdaunt; Absol; Skuntank; Spiritomb,11,15,0.733,True,True
Engine,Dark,MachineMoves,MOVE_BOUNCE,Bounce,Flying,Physical,85,85,5,MOVE_EFFECT_BOUNCE,0,True,Shiftry; Sharpedo; Absol,3,15,0.2,False,False
Engine,Dark,MachineMoves,MOVE_BRAVE_BIRD,Brave Bird,Flying,Physical,120,100,15,MOVE_EFFECT_RECOIL_THIRD,0,True,Honchkrow,1,15,0.067,True,False
Engine,Dark,MachineMoves,MOVE_BREAKING_SWIPE,Breaking Swipe,Dragon,Physical,60,100,15,MOVE_EFFECT_LOWER_ATTACK_HIT,0,True,Tyranitar,1,15,0.067,True,False
Engine,Dark,MachineMoves,MOVE_BRICK_BREAK,Brick Break,Fighting,Physical,75,100,15,MOVE_EFFECT_REMOVE_SCREENS,0,True,Tyranitar; Shiftry; Sableye; Cacturne; Crawdaunt; Drapion; Weavile,7,15,0.467,True,True
Engine,Dark,MachineMoves,MOVE_BRINE,Brine,Water,Special,65,100,10,MOVE_EFFECT_DOUBLE_POWER_WHEN_BELOW_HALF,0,True,Sharpedo,1,15,0.067,True,False
Engine,Dark,MachineMoves,MOVE_BRUTAL_SWING,Brutal Swing,Dark,Physical,60,100,20,MOVE_EFFECT_HIT,0,True,Tyranitar; Shiftry; Absol; Drapion,4,15,0.267,False,True
Engine,Dark,MachineMoves,MOVE_BUG_BUZZ,Bug Buzz,Bug,Special,90,100,10,MOVE_EFFECT_LOWER_SP_DEF_HIT,0,True,Drapion,1,15,0.067,True,False
Engine,Dark,MachineMoves,MOVE_BULK_UP,Bulk Up,Fighting,Status,0,0,20,MOVE_EFFECT_ATK_DEF_UP,0,True,Sableye,1,15,0.067,True,False
Engine,Dark,MachineMoves,MOVE_BULLDOZE,Bulldoze,Ground,Physical,60,100,20,MOVE_EFFECT_LOWER_SPEED_HIT,0,True,Tyranitar; Sharpedo; Cacturne; Drapion,4,15,0.267,False,False
Engine,Dark,MachineMoves,MOVE_BULLET_SEED,Bullet Seed,Grass,Physical,25,100,30,MOVE_EFFECT_MULTI_HIT,0,True,Shiftry; Cacturne,2,15,0.133,True,False
Engine,Dark,MachineMoves,MOVE_BURNING_JEALOUSY,BurningJealousy,Fire,Special,70,100,5,MOVE_EFFECT_BURN_HIT,0,True,Houndoom; Skuntank; Spiritomb,3,15,0.2,True,False
Engine,Dark,MachineMoves,MOVE_CALM_MIND,Calm Mind,Psychic,Status,0,0,20,MOVE_EFFECT_SP_ATK_SP_DEF_UP,0,True,Umbreon; Honchkrow; Sableye; Absol; Spiritomb; Weavile,6,15,0.4,True,True
Engine,Dark,MachineMoves,MOVE_CAPTIVATE,Captivate,Normal,Status,0,100,20,MOVE_EFFECT_SP_ATK_DOWN_2_OPPOSITE_GENDER,0,True,Umbreon; Honchkrow; Houndoom; Tyranitar; Mightyena; Shiftry; Sableye; Sharpedo; Cacturne; Crawdaunt; Absol; Drapion; Skuntank; Spiritomb; Weavile,15,15,1.0,True,True
Engine,Dark,MachineMoves,MOVE_CHARGE_BEAM,Charge Beam,Electric,Special,50,90,10,MOVE_EFFECT_RAISE_SP_ATK_HIT,0,True,Absol,1,15,0.067,True,False
Engine,Dark,MachineMoves,MOVE_CHARM,Charm,Fairy,Status,0,100,20,MOVE_EFFECT_ATK_DOWN_2,0,True,Umbreon; Mightyena,2,15,0.133,False,False
Engine,Dark,MachineMoves,MOVE_CHILLING_WATER,Chilling Water,Water,Special,50,100,20,MOVE_EFFECT_LOWER_ATTACK_HIT,0,True,Honchkrow; Shiftry; Crawdaunt; Weavile,4,15,0.267,False,False
Engine,Dark,MachineMoves,MOVE_CLOSE_COMBAT,Close Combat,Fighting,Physical,120,100,5,MOVE_EFFECT_USER_DEF_SP_DEF_DOWN_HIT,0,True,Sharpedo; Crawdaunt; Absol,3,15,0.2,True,False
Engine,Dark,MachineMoves,MOVE_CONFIDE,Confide,Normal,Status,0,0,20,MOVE_EFFECT_HIT,0,True,Umbreon; Honchkrow; Houndoom; Tyranitar; Mightyena; Shiftry; Sableye; Sharpedo; Cacturne; Crawdaunt; Absol; Drapion; Skuntank; Spiritomb; Weavile,15,15,1.0,True,True
Engine,Dark,MachineMoves,MOVE_CONFUSE_RAY,Confuse Ray,Ghost,Status,0,100,10,MOVE_EFFECT_STATUS_CONFUSE,0,True,Umbreon; Honchkrow; Shiftry; Sableye; Spiritomb,5,15,0.333,False,True
Engine,Dark,MachineMoves,MOVE_CROSS_POISON,Cross Poison,Poison,Physical,70,100,20,MOVE_EFFECT_HIGH_CRITICAL_POISON_HIT,0,True,Drapion,1,15,0.067,False,False
Engine,Dark,MachineMoves,MOVE_CRUNCH,Crunch,Dark,Physical,80,100,15,MOVE_EFFECT_LOWER_DEFENSE_HIT,0,True,Umbreon; Houndoom; Tyranitar; Mightyena; Sharpedo; Crawdaunt; Drapion; Skuntank,8,15,0.533,True,True
Engine,Dark,MachineMoves,MOVE_CURSE,Curse,Ghost,Status,0,0,10,MOVE_EFFECT_CURSE,0,True,Umbreon; Houndoom; Tyranitar; Shiftry; Cacturne; Spiritomb,6,15,0.4,True,True
Engine,Dark,MachineMoves,MOVE_CUT,Cut,Normal,Physical,50,95,30,MOVE_EFFECT_HIT,0,True,Umbreon; Tyranitar; Shiftry; Sableye; Cacturne; Crawdaunt; Absol; Drapion; Skuntank; Weavile,10,15,0.667,True,True
Engine,Dark,MachineMoves,MOVE_DARKEST_LARIAT,Darkest Lariat,Dark,Physical,85,100,10,MOVE_EFFECT_HIT,0,True,,0,15,0.0,True,True
Engine,Dark,MachineMoves,MOVE_DARK_PULSE,Dark Pulse,Dark,Special,80,100,15,MOVE_EFFECT_FLINCH_HIT,0,True,Umbreon; Honchkrow; Houndoom; Tyranitar; Mightyena; Shiftry; Sableye; Sharpedo; Cacturne; Crawdaunt; Absol; Drapion; Skuntank; Spiritomb; Weavile,15,15,1.0,True,True
Engine,Dark,MachineMoves,MOVE_DAZZLING_GLEAM,Dazzling Gleam,Fairy,Special,80,100,10,MOVE_EFFECT_HIT,0,True,Sableye,1,15,0.067,True,False
Engine,Dark,MachineMoves,MOVE_DEFOG,Defog,Flying,Status,0,0,15,MOVE_EFFECT_REMOVE_HAZARDS_SCREENS_EVA_DOWN,0,True,Honchkrow; Shiftry; Skuntank,3,15,0.2,False,False
Engine,Dark,MachineMoves,MOVE_DETECT,Detect,Fighting,Status,0,0,5,MOVE_EFFECT_PROTECT,4,True,Umbreon; Houndoom; Tyranitar,3,15,0.2,False,False
Engine,Dark,MachineMoves,MOVE_DIG,Dig,Ground,Physical,80,100,10,MOVE_EFFECT_DIG,0,True,Umbreon; Tyranitar; Mightyena; Shiftry; Sableye; Cacturne; Crawdaunt; Drapion; Skuntank; Weavile,10,15,0.667,True,True
Engine,Dark,MachineMoves,MOVE_DIVE,Dive,Water,Physical,80,100,10,MOVE_EFFECT_DIVE,0,True,Sharpedo; Crawdaunt,2,15,0.133,True,False
Engine,Dark,MachineMoves,MOVE_DOUBLE_EDGE,Double-Edge,Normal,Physical,120,100,15,MOVE_EFFECT_RECOIL_THIRD,0,True,Umbreon; Honchkrow; Houndoom; Tyranitar; Mightyena; Shiftry; Crawdaunt; Skuntank,8,15,0.533,True,True
Engine,Dark,MachineMoves,MOVE_DOUBLE_TEAM,Double Team,Normal,Status,0,0,15,MOVE_EFFECT_EVA_UP,0,True,Umbreon; Honchkrow; Houndoom; Tyranitar; Mightyena; Shiftry; Sableye; Sharpedo; Cacturne; Crawdaunt; Absol; Drapion; Skuntank; Spiritomb; Weavile,15,15,1.0,True,True
Engine,Dark,MachineMoves,MOVE_DRAGON_BREATH,Dragon Breath,Dragon,Special,60,100,20,MOVE_EFFECT_PARALYZE_HIT,0,True,Tyranitar,1,15,0.067,False,False
Engine,Dark,MachineMoves,MOVE_DRAGON_CLAW,Dragon Claw,Dragon,Physical,80,100,15,MOVE_EFFECT_HIT,0,True,Tyranitar,1,15,0.067,True,False
Engine,Dark,MachineMoves,MOVE_DRAGON_DANCE,Dragon Dance,Dragon,Status,0,0,20,MOVE_EFFECT_ATK_SPEED_UP,0,True,Tyranitar; Crawdaunt,2,15,0.133,True,False
Engine,Dark,MachineMoves,MOVE_DRAGON_PULSE,Dragon Pulse,Dragon,Special,85,100,10,MOVE_EFFECT_HIT,0,True,Tyranitar,1,15,0.067,True,False
Engine,Dark,MachineMoves,MOVE_DRAGON_TAIL,Dragon Tail,Dragon,Physical,60,90,10,MOVE_EFFECT_FORCE_SWITCH_HIT,-6,True,Tyranitar,1,15,0.067,False,False
Engine,Dark,MachineMoves,MOVE_DRAIN_PUNCH,Drain Punch,Fighting,Physical,75,100,10,MOVE_EFFECT_RECOVER_HALF_DAMAGE_DEALT,0,True,Sableye; Cacturne,2,15,0.133,True,False
Engine,Dark,MachineMoves,MOVE_DREAM_EATER,Dream Eater,Psychic,Special,100,100,15,MOVE_EFFECT_RECOVER_DAMAGE_SLEEP,0,True,Umbreon; Honchkrow; Houndoom; Sableye; Absol; Spiritomb; Weavile,7,15,0.467,True,True
Engine,Dark,MachineMoves,MOVE_DUAL_WINGBEAT,Dual Wingbeat,Flying,Physical,40,90,10,MOVE_EFFECT_HIT_TWICE,0,True,Honchkrow,1,15,0.067,True,False
Engine,Dark,MachineMoves,MOVE_DYNAMIC_PUNCH,Dynamic Punch,Fighting,Physical,100,50,5,MOVE_EFFECT_CONFUSE_HIT,0,True,Tyranitar,1,15,0.067,False,False
Engine,Dark,MachineMoves,MOVE_EARTHQUAKE,Earthquake,Ground,Physical,100,100,10,MOVE_EFFECT_DOUBLE_DAMAGE_DIG,0,True,Tyranitar; Sharpedo; Drapion,3,15,0.2,True,False
Engine,Dark,MachineMoves,MOVE_EARTH_POWER,Earth Power,Ground,Special,90,100,10,MOVE_EFFECT_LOWER_SP_DEF_HIT,0,True,Tyranitar,1,15,0.067,True,False
Engine,Dark,MachineMoves,MOVE_ECHOED_VOICE,Echoed Voice,Normal,Special,40,100,15,MOVE_EFFECT_HIT,0,True,Umbreon; Absol,2,15,0.133,False,False
Engine,Dark,MachineMoves,MOVE_EMBARGO,Embargo,Dark,Status,0,100,15,MOVE_EFFECT_PREVENT_ITEM_USE,0,True,Honchkrow; Houndoom; Mightyena; Shiftry; Sableye; Cacturne; Spiritomb; Weavile,8,15,0.533,True,True
Engine,Dark,MachineMoves,MOVE_ENCORE,Encore,Normal,Status,0,100,5,MOVE_EFFECT_ENCORE,0,True,Sableye; Cacturne,2,15,0.133,True,False
Engine,Dark,MachineMoves,MOVE_ENDEAVOR,Endeavor,Normal,Physical,1,100,5,MOVE_EFFECT_SET_HP_EQUAL_TO_USER,0,True,Honchkrow; Houndoom; Mightyena; Shiftry; Cacturne; Crawdaunt; Skuntank,7,15,0.467,True,True
Engine,Dark,MachineMoves,MOVE_ENDURE,Endure,Normal,Status,0,0,10,MOVE_EFFECT_SURVIVE_WITH_1_HP,4,True,Umbreon; Honchkrow; Houndoom; Tyranitar; Mightyena; Shiftry; Sableye; Sharpedo; Cacturne; Crawdaunt; Absol; Drapion; Skuntank; Spiritomb; Weavile,15,15,1.0,True,True
Engine,Dark,MachineMoves,MOVE_ENERGY_BALL,Energy Ball,Grass,Special,90,100,10,MOVE_EFFECT_LOWER_SP_DEF_HIT,0,True,Shiftry; Sableye; Cacturne,3,15,0.2,True,False
Engine,Dark,MachineMoves,MOVE_EXPLOSION,Explosion,Normal,Physical,250,100,5,MOVE_EFFECT_HALVE_DEFENSE,0,True,Shiftry; Skuntank,2,15,0.133,True,False
Engine,Dark,MachineMoves,MOVE_FACADE,Facade,Normal,Physical,70,100,20,MOVE_EFFECT_DOUBLE_POWER_WHEN_STATUSED,0,True,Umbreon; Honchkrow; Houndoom; Tyranitar; Mightyena; Shiftry; Sableye; Sharpedo; Cacturne; Crawdaunt; Absol; Drapion; Skuntank; Spiritomb; Weavile,15,15,1.0,True,True
Engine,Dark,MachineMoves,MOVE_FAKE_TEARS,Fake Tears,Dark,Status,0,100,20,MOVE_EFFECT_SP_DEF_DOWN_2,0,True,Umbreon; Weavile,2,15,0.133,False,True
Engine,Dark,MachineMoves,MOVE_FALSE_SWIPE,False Swipe,Normal,Physical,40,100,40,MOVE_EFFECT_LEAVE_WITH_1_HP,0,True,Shiftry; Crawdaunt; Absol; Drapion; Weavile,5,15,0.333,True,True
Engine,Dark,MachineMoves,MOVE_FEATHER_DANCE,Feather Dance,Flying,Status,0,100,15,MOVE_EFFECT_ATK_DOWN_2,0,True,Honchkrow,1,15,0.067,True,False
Engine,Dark,MachineMoves,MOVE_FIRE_BLAST,Fire Blast,Fire,Special,110,85,5,MOVE_EFFECT_BURN_HIT,0,True,Houndoom; Tyranitar; Absol; Skuntank,4,15,0.267,True,False
Engine,Dark,MachineMoves,MOVE_FIRE_FANG,Fire Fang,Fire,Physical,65,95,15,MOVE_EFFECT_FLINCH_BURN_HIT,0,True,Houndoom; Tyranitar; Mightyena; Drapion,4,15,0.267,False,False
Engine,Dark,MachineMoves,MOVE_FIRE_PUNCH,Fire Punch,Fire,Physical,75,100,15,MOVE_EFFECT_BURN_HIT,0,True,Tyranitar; Sableye,2,15,0.133,False,False
Engine,Dark,MachineMoves,MOVE_FIRE_SPIN,Fire Spin,Fire,Special,35,85,15,MOVE_EFFECT_BIND_HIT,0,True,Houndoom; Skuntank,2,15,0.133,False,False
Engine,Dark,MachineMoves,MOVE_FLAMETHROWER,Flamethrower,Fire,Special,90,100,15,MOVE_EFFECT_BURN_HIT,0,True,Houndoom; Tyranitar; Absol; Skuntank,4,15,0.267,True,False
Engine,Dark,MachineMoves,MOVE_FLAME_CHARGE,Flame Charge,Fire,Physical,50,100,20,MOVE_EFFECT_RAISE_SPEED_HIT,0,True,Houndoom,1,15,0.067,False,False
Engine,Dark,MachineMoves,MOVE_FLARE_BLITZ,Flare Blitz,Fire,Physical,120,100,15,MOVE_EFFECT_RECOIL_BURN_HIT,0,True,Houndoom,1,15,0.067,True,False
Engine,Dark,MachineMoves,MOVE_FLASH,Flash,Normal,Status,0,100,20,MOVE_EFFECT_ACC_DOWN,0,True,Umbreon; Shiftry; Sableye; Cacturne; Absol; Drapion; Spiritomb,7,15,0.467,True,True
Engine,Dark,MachineMoves,MOVE_FLING,Fling,Dark,Physical,1,100,10,MOVE_EFFECT_FLING,0,True,Tyranitar; Shiftry; Sableye; Cacturne; Crawdaunt; Drapion; Weavile,7,15,0.467,True,True
Engine,Dark,MachineMoves,MOVE_FLY,Fly,Flying,Physical,90,95,15,MOVE_EFFECT_FLY,0,True,Honchkrow,1,15,0.067,True,False
Engine,Dark,MachineMoves,MOVE_FOCUS_BLAST,Focus Blast,Fighting,Special,120,70,5,MOVE_EFFECT_LOWER_SP_DEF_HIT,0,True,Tyranitar; Shiftry; Cacturne; Weavile,4,15,0.267,True,False
Engine,Dark,MachineMoves,MOVE_FOCUS_ENERGY,Focus Energy,Normal,Status,0,0,30,MOVE_EFFECT_CRIT_UP_2,0,True,Umbreon; Tyranitar; Sharpedo; Absol; Skuntank,5,15,0.333,True,True
Engine,Dark,MachineMoves,MOVE_FOCUS_PUNCH,Focus Punch,Fighting,Physical,150,100,20,MOVE_EFFECT_HIT_LAST_WHIFF_IF_HIT,-3,True,Tyranitar; Sableye; Cacturne; Weavile,4,15,0.267,True,False
Engine,Dark,MachineMoves,MOVE_FOUL_PLAY,Foul Play,Dark,Physical,95,100,15,MOVE_EFFECT_HIT,0,True,Umbreon; Honchkrow; Houndoom; Tyranitar; Mightyena; Shiftry; Sableye; Cacturne; Absol; Skuntank; Spiritomb; Weavile,12,15,0.8,True,True
Engine,Dark,MachineMoves,MOVE_FRUSTRATION,Frustration,Normal,Physical,1,100,20,MOVE_EFFECT_POWER_BASED_ON_LOW_FRIENDSHIP,0,True,Umbreon; Honchkrow; Houndoom; Tyranitar; Mightyena; Shiftry; Sableye; Sharpedo; Cacturne; Crawdaunt; Absol; Drapion; Skuntank; Spiritomb; Weavile,15,15,1.0,True,True
Engine,Dark,MachineMoves,MOVE_FURY_CUTTER,Fury Cutter,Bug,Physical,40,95,20,MOVE_EFFECT_DOUBLE_POWER_EACH_TURN,0,True,Tyranitar,1,15,0.067,False,False
Engine,Dark,MachineMoves,MOVE_FUTURE_SIGHT,Future Sight,Psychic,Special,120,100,10,MOVE_EFFECT_HIT_IN_3_TURNS,0,True,Absol,1,15,0.067,True,False
Engine,Dark,MachineMoves,MOVE_GIGA_DRAIN,Giga Drain,Grass,Special,75,100,10,MOVE_EFFECT_RECOVER_HALF_DAMAGE_DEALT,0,True,Shiftry; Sableye; Cacturne,3,15,0.2,True,False
Engine,Dark,MachineMoves,MOVE_GIGA_IMPACT,Giga Impact,Normal,Physical,150,90,5,MOVE_EFFECT_RECHARGE_AFTER,0,True,Umbreon; Honchkrow; Houndoom; Tyranitar; Mightyena; Shiftry; Sableye; Sharpedo; Cacturne; Crawdaunt; Absol; Drapion; Skuntank; Spiritomb; Weavile,15,15,1.0,True,True
Engine,Dark,MachineMoves,MOVE_GRASSY_GLIDE,Grassy Glide,Grass,Physical,55,100,20,MOVE_EFFECT_HIT,0,True,Shiftry; Cacturne,2,15,0.133,True,False
Engine,Dark,MachineMoves,MOVE_GRASSY_TERRAIN,Grassy Terrain,Grass,Status,0,0,10,MOVE_EFFECT_APPLY_TERRAINS,0,True,Shiftry; Cacturne,2,15,0.133,True,False
Engine,Dark,MachineMoves,MOVE_GRASS_KNOT,Grass Knot,Grass,Special,1,100,20,MOVE_EFFECT_INCREASE_POWER_WITH_WEIGHT,0,True,Shiftry; Cacturne,2,15,0.133,True,False
Engine,Dark,MachineMoves,MOVE_GRAVITY,Gravity,Psychic,Status,0,0,5,MOVE_EFFECT_GRAVITY,0,True,Sableye,1,15,0.067,True,False
Engine,Dark,MachineMoves,MOVE_GUARD_SWAP,Guard Swap,Psychic,Status,0,0,10,MOVE_EFFECT_SWAP_DEF_SP_DEF_STAT_CHANGES,0,True,Umbreon,1,15,0.067,False,False
Engine,Dark,MachineMoves,MOVE_GUNK_SHOT,Gunk Shot,Poison,Physical,120,80,5,MOVE_EFFECT_POISON_HIT,0,True,Skuntank,1,15,0.067,True,False
Engine,Dark,MachineMoves,MOVE_GYRO_BALL,Gyro Ball,Steel,Physical,1,100,5,MOVE_EFFECT_POWER_BASED_ON_LOW_SPEED,0,True,Sableye,1,15,0.067,True,False
Engine,Dark,MachineMoves,MOVE_HAIL,Hail,Ice,Status,0,0,10,MOVE_EFFECT_WEATHER_HAIL,0,True,Sharpedo; Crawdaunt; Absol; Weavile,4,15,0.267,True,False
Engine,Dark,MachineMoves,MOVE_HARD_PRESS,Hard Press,Steel,Physical,0,100,10,MOVE_EFFECT_HIT,0,True,Tyranitar; Crawdaunt,2,15,0.133,True,False
Engine,Dark,MachineMoves,MOVE_HAZE,Haze,Ice,Status,0,0,30,MOVE_EFFECT_RESET_STAT_CHANGES,0,True,Honchkrow; Skuntank,2,15,0.133,True,False
Engine,Dark,MachineMoves,MOVE_HEADBUTT,Headbutt,Normal,Physical,70,100,15,MOVE_EFFECT_FLINCH_HIT,0,True,Umbreon; Houndoom; Tyranitar,3,15,0.2,False,False
Engine,Dark,MachineMoves,MOVE_HEAT_WAVE,Heat Wave,Fire,Special,95,90,10,MOVE_EFFECT_BURN_HIT,0,True,Honchkrow; Houndoom; Shiftry,3,15,0.2,True,False
Engine,Dark,MachineMoves,MOVE_HEAVY_SLAM,Heavy Slam,Steel,Physical,1,100,10,MOVE_EFFECT_HEAVY_SLAM,0,True,Tyranitar,1,15,0.067,True,False
Engine,Dark,MachineMoves,MOVE_HELPING_HAND,Helping Hand,Normal,Status,0,0,20,MOVE_EFFECT_BOOST_ALLY_POWER_BY_50_PERCENT,5,True,Umbreon; Honchkrow; Houndoom; Tyranitar; Mightyena; Sableye; Cacturne; Skuntank; Spiritomb; Weavile,10,15,0.667,True,True
Engine,Dark,MachineMoves,MOVE_HEX,Hex,Ghost,Special,65,100,10,MOVE_EFFECT_DOUBLE_DAMAGE_ON_STATUS,0,True,Honchkrow; Shiftry; Sableye; Absol; Skuntank; Spiritomb,6,15,0.4,False,True
Engine,Dark,MachineMoves,MOVE_HIDDEN_POWER,Hidden Power,Normal,Special,60,100,15,MOVE_EFFECT_RANDOM_TYPE_BASED_ON_IVS,0,True,Umbreon; Honchkrow; Houndoom; Tyranitar; Mightyena; Shiftry; Sableye; Sharpedo; Cacturne; Crawdaunt; Absol; Drapion; Skuntank; Spiritomb; Weavile,15,15,1.0,True,True
Engine,Dark,MachineMoves,MOVE_HIGH_HORSEPOWER,High Horsepower,Ground,Physical,95,95,10,MOVE_EFFECT_HIT,0,True,Tyranitar,1,15,0.067,True,False
Engine,Dark,MachineMoves,MOVE_HONE_CLAWS,Hone Claws,Dark,Status,0,0,15,MOVE_EFFECT_ATK_ACC_UP,0,True,Tyranitar; Sableye; Crawdaunt; Absol; Drapion; Skuntank; Weavile,7,15,0.467,False,True
Engine,Dark,MachineMoves,MOVE_HURRICANE,Hurricane,Flying,Special,110,70,10,MOVE_EFFECT_HURRICANE,0,True,Honchkrow; Shiftry,2,15,0.133,True,False
Engine,Dark,MachineMoves,MOVE_HYDRO_PUMP,Hydro Pump,Water,Special,110,80,5,MOVE_EFFECT_HIT,0,True,Tyranitar; Sharpedo; Crawdaunt,3,15,0.2,True,False
Engine,Dark,MachineMoves,MOVE_HYPER_BEAM,Hyper Beam,Normal,Special,150,90,5,MOVE_EFFECT_RECHARGE_AFTER,0,True,Umbreon; Honchkrow; Houndoom; Tyranitar; Mightyena; Shiftry; Sableye; Sharpedo; Cacturne; Crawdaunt; Absol; Drapion; Skuntank; Spiritomb; Weavile,15,15,1.0,True,True
Engine,Dark,MachineMoves,MOVE_HYPER_VOICE,Hyper Voice,Normal,Special,90,100,10,MOVE_EFFECT_HIT,0,True,Umbreon; Houndoom; Mightyena,3,15,0.2,True,False
Engine,Dark,MachineMoves,MOVE_ICE_BEAM,Ice Beam,Ice,Special,90,100,10,MOVE_EFFECT_FREEZE_HIT,0,True,Tyranitar; Sharpedo; Crawdaunt; Absol; Weavile,5,15,0.333,True,True
Engine,Dark,MachineMoves,MOVE_ICE_FANG,Ice Fang,Ice,Physical,65,95,15,MOVE_EFFECT_FLINCH_FREEZE_HIT,0,True,Tyranitar; Mightyena; Sharpedo; Drapion,4,15,0.267,False,False
Engine,Dark,MachineMoves,MOVE_ICE_PUNCH,Ice Punch,Ice,Physical,75,100,15,MOVE_EFFECT_FREEZE_HIT,0,True,Tyranitar; Sableye; Weavile,3,15,0.2,False,False
Engine,Dark,MachineMoves,MOVE_ICE_SPINNER,Ice Spinner,Ice,Physical,80,100,15,MOVE_EFFECT_END_TERRAIN,0,True,Weavile,1,15,0.067,True,False
Engine,Dark,MachineMoves,MOVE_ICICLE_SPEAR,Icicle Spear,Ice,Physical,25,100,30,MOVE_EFFECT_MULTI_HIT,0,True,Weavile,1,15,0.067,True,False
Engine,Dark,MachineMoves,MOVE_ICY_WIND,Icy Wind,Ice,Special,55,95,15,MOVE_EFFECT_LOWER_SPEED_HIT,0,True,Honchkrow; Tyranitar; Shiftry; Sableye; Sharpedo; Crawdaunt; Absol; Spiritomb; Weavile,9,15,0.6,False,True
Engine,Dark,MachineMoves,MOVE_IMPRISON,Imprison,Psychic,Status,0,0,10,MOVE_EFFECT_MAKE_SHARED_MOVES_UNUSEABLE,0,True,Shiftry; Sableye; Spiritomb,3,15,0.2,False,False
Engine,Dark,MachineMoves,MOVE_INCINERATE,Incinerate,Fire,Special,60,100,15,MOVE_EFFECT_INCINERATE,0,True,Honchkrow; Houndoom; Tyranitar; Mightyena; Sableye; Absol; Skuntank,7,15,0.467,False,True
Engine,Dark,MachineMoves,MOVE_INFESTATION,Infestation,Bug,Special,20,100,20,MOVE_EFFECT_BIND_HIT,0,True,Drapion; Spiritomb,2,15,0.133,False,False
Engine,Dark,MachineMoves,MOVE_IRON_DEFENSE,Iron Defense,Steel,Status,0,0,15,MOVE_EFFECT_DEF_UP_2,0,True,Tyranitar; Crawdaunt; Drapion,3,15,0.2,True,False
Engine,Dark,MachineMoves,MOVE_IRON_HEAD,Iron Head,Steel,Physical,80,100,15,MOVE_EFFECT_FLINCH_HIT,0,True,Tyranitar,1,15,0.067,True,False
Engine,Dark,MachineMoves,MOVE_IRON_TAIL,Iron Tail,Steel,Physical,100,75,15,MOVE_EFFECT_LOWER_DEFENSE_HIT,0,True,Umbreon; Houndoom; Tyranitar; Mightyena; Absol; Drapion; Skuntank; Weavile,8,15,0.533,True,True
Engine,Dark,MachineMoves,MOVE_KNOCK_OFF,Knock Off,Dark,Physical,65,100,20,MOVE_EFFECT_REMOVE_HELD_ITEM,0,True,Tyranitar; Shiftry; Sableye; Cacturne; Crawdaunt; Skuntank; Weavile,7,15,0.467,True,True
Engine,Dark,MachineMoves,MOVE_LASH_OUT,Lash Out,Dark,Physical,75,100,5,MOVE_EFFECT_HIT,0,True,Umbreon; Honchkrow; Houndoom; Tyranitar; Mightyena; Shiftry; Sableye; Cacturne; Crawdaunt; Skuntank; Spiritomb; Weavile,12,15,0.8,True,True
Engine,Dark,MachineMoves,MOVE_LEAF_BLADE,Leaf Blade,Grass,Physical,90,100,15,MOVE_EFFECT_HIGH_CRITICAL,0,True,Shiftry,1,15,0.067,True,False
Engine,Dark,MachineMoves,MOVE_LEAF_STORM,Leaf Storm,Grass,Special,130,90,5,MOVE_EFFECT_USER_SP_ATK_DOWN_2,0,True,Shiftry; Cacturne,2,15,0.133,True,False
Engine,Dark,MachineMoves,MOVE_LEECH_LIFE,Leech Life,Bug,Physical,80,100,10,MOVE_EFFECT_RECOVER_HALF_DAMAGE_DEALT,0,True,Drapion,1,15,0.067,True,False
Engine,Dark,MachineMoves,MOVE_LIGHT_SCREEN,Light Screen,Psychic,Status,0,0,30,MOVE_EFFECT_SET_LIGHT_SCREEN,0,True,Umbreon; Sableye,2,15,0.133,True,False
Engine,Dark,MachineMoves,MOVE_LIQUIDATION,Liquidation,Water,Physical,85,100,10,MOVE_EFFECT_LOWER_DEFENSE_HIT,0,True,Sharpedo; Crawdaunt,2,15,0.133,True,False
Engine,Dark,MachineMoves,MOVE_LOW_KICK,Low Kick,Fighting,Physical,1,100,20,MOVE_EFFECT_INCREASE_POWER_WITH_WEIGHT,0,True,Tyranitar; Shiftry; Sableye; Cacturne; Weavile,5,15,0.333,True,True
Engine,Dark,MachineMoves,MOVE_LOW_SWEEP,Low Sweep,Fighting,Physical,65,100,20,MOVE_EFFECT_LOWER_SPEED_HIT,0,True,Shiftry; Sableye; Weavile,3,15,0.2,False,False
Engine,Dark,MachineMoves,MOVE_LUNGE,Lunge,Bug,Physical,80,100,15,MOVE_EFFECT_LOWER_ATTACK_HIT,0,True,Cacturne,1,15,0.067,True,False
Engine,Dark,MachineMoves,MOVE_MAGICAL_LEAF,Magical Leaf,Grass,Special,60,0,20,MOVE_EFFECT_BYPASS_ACCURACY,0,True,Shiftry; Cacturne,2,15,0.133,False,False
Engine,Dark,MachineMoves,MOVE_MEGAHORN,Megahorn,Bug,Physical,120,85,10,MOVE_EFFECT_HIT,0,True,Absol,1,15,0.067,True,False
Engine,Dark,MachineMoves,MOVE_MEGA_KICK,Mega Kick,Normal,Physical,120,75,5,MOVE_EFFECT_HIT,0,True,Tyranitar; Shiftry; Sableye; Weavile,4,15,0.267,False,False
Engine,Dark,MachineMoves,MOVE_MEGA_PUNCH,Mega Punch,Normal,Physical,80,85,20,MOVE_EFFECT_HIT,0,True,Tyranitar; Sableye; Weavile,3,15,0.2,True,False
Engine,Dark,MachineMoves,MOVE_METAL_CLAW,Metal Claw,Steel,Physical,50,95,35,MOVE_EFFECT_RAISE_ATTACK_HIT,0,True,Sableye; Crawdaunt; Weavile,3,15,0.2,False,False
Engine,Dark,MachineMoves,MOVE_METRONOME,Metronome,Normal,Status,0,0,10,MOVE_EFFECT_CALL_RANDOM_MOVE,0,True,Sableye; Weavile,2,15,0.133,True,False
Engine,Dark,MachineMoves,MOVE_MUDDY_WATER,Muddy Water,Water,Special,90,85,10,MOVE_EFFECT_LOWER_ACCURACY_HIT,0,True,Tyranitar; Crawdaunt,2,15,0.133,True,False
Engine,Dark,MachineMoves,MOVE_MUD_SHOT,Mud Shot,Ground,Special,55,95,15,MOVE_EFFECT_LOWER_SPEED_HIT,0,True,Houndoom; Tyranitar; Sableye; Crawdaunt,4,15,0.267,False,False
Engine,Dark,MachineMoves,MOVE_MUD_SLAP,Mud-Slap,Ground,Special,20,100,10,MOVE_EFFECT_LOWER_ACCURACY_HIT,0,True,Umbreon; Honchkrow; Houndoom; Tyranitar; Mightyena; Sableye,6,15,0.4,False,True
Engine,Dark,MachineMoves,MOVE_NASTY_PLOT,Nasty Plot,Dark,Status,0,0,20,MOVE_EFFECT_SP_ATK_UP_2,0,True,Honchkrow; Houndoom; Mightyena; Shiftry; Sableye; Cacturne; Crawdaunt; Skuntank; Spiritomb; Weavile,10,15,0.667,True,True
Engine,Dark,MachineMoves,MOVE_NATURAL_GIFT,Natural Gift,Normal,Physical,1,100,15,MOVE_EFFECT_NATURAL_GIFT,0,True,Umbreon; Honchkrow; Houndoom; Tyranitar; Mightyena; Shiftry; Sableye; Sharpedo; Cacturne; Crawdaunt; Absol; Drapion; Skuntank; Spiritomb; Weavile,15,15,1.0,True,True
Engine,Dark,MachineMoves,MOVE_NATURE_POWER,Nature Power,Normal,Status,0,0,20,MOVE_EFFECT_NATURE_POWER,0,True,Shiftry; Cacturne; Crawdaunt,3,15,0.2,False,False
Engine,Dark,MachineMoves,MOVE_NIGHTMARE,Nightmare,Ghost,Status,0,100,15,MOVE_EFFECT_STATUS_NIGHTMARE,0,True,Umbreon; Houndoom; Tyranitar,3,15,0.2,False,False
Engine,Dark,MachineMoves,MOVE_NIGHT_SHADE,Night Shade,Ghost,Special,1,100,15,MOVE_EFFECT_LEVEL_DAMAGE_FLAT,0,True,Honchkrow; Sableye; Spiritomb,3,15,0.2,False,False
Engine,Dark,MachineMoves,MOVE_OUTRAGE,Outrage,Dragon,Physical,120,100,10,MOVE_EFFECT_CONTINUE_AND_CONFUSE_SELF,0,True,Tyranitar,1,15,0.067,True,False
Engine,Dark,MachineMoves,MOVE_OVERHEAT,Overheat,Fire,Special,130,90,5,MOVE_EFFECT_USER_SP_ATK_DOWN_2,0,True,Houndoom,1,15,0.067,True,False
Engine,Dark,MachineMoves,MOVE_PAIN_SPLIT,Pain Split,Normal,Status,0,0,20,MOVE_EFFECT_AVERAGE_HP,0,True,Houndoom; Sableye; Spiritomb,3,15,0.2,True,False
Engine,Dark,MachineMoves,MOVE_PAYBACK,Payback,Dark,Physical,50,100,10,MOVE_EFFECT_DOUBLE_POWER_IF_HIT,0,True,Umbreon; Honchkrow; Houndoom; Tyranitar; Mightyena; Shiftry; Sableye; Sharpedo; Cacturne; Crawdaunt; Absol; Drapion; Skuntank; Spiritomb; Weavile,15,15,1.0,True,True
Engine,Dark,MachineMoves,MOVE_PAY_DAY,Pay Day,Normal,Physical,40,100,20,MOVE_EFFECT_INCREASE_PRIZE_MONEY,0,True,Umbreon,1,15,0.067,False,False
Engine,Dark,MachineMoves,MOVE_PETAL_BLIZZARD,Petal Blizzard,Grass,Physical,90,100,15,MOVE_EFFECT_HIT,0,True,Shiftry,1,15,0.067,True,False
Engine,Dark,MachineMoves,MOVE_PHANTOM_FORCE,Phantom Force,Ghost,Physical,90,100,10,MOVE_EFFECT_SHADOW_FORCE,0,True,Sableye; Spiritomb,2,15,0.133,True,False
Engine,Dark,MachineMoves,MOVE_PIN_MISSILE,Pin Missile,Bug,Physical,25,95,20,MOVE_EFFECT_MULTI_HIT,0,True,Drapion,1,15,0.067,False,False
Engine,Dark,MachineMoves,MOVE_PLAY_ROUGH,Play Rough,Fairy,Physical,90,90,10,MOVE_EFFECT_LOWER_ATTACK_HIT,0,True,Mightyena; Absol; Skuntank,3,15,0.2,True,False
Engine,Dark,MachineMoves,MOVE_PLUCK,Pluck,Flying,Physical,60,100,20,MOVE_EFFECT_EAT_BERRY,0,True,Honchkrow,1,15,0.067,True,False
Engine,Dark,MachineMoves,MOVE_POISON_JAB,Poison Jab,Poison,Physical,80,100,20,MOVE_EFFECT_POISON_HIT,0,True,Sableye; Sharpedo; Cacturne; Drapion; Skuntank; Weavile,6,15,0.4,True,True
Engine,Dark,MachineMoves,MOVE_POISON_TAIL,Poison Tail,Poison,Physical,50,100,25,MOVE_EFFECT_HIGH_CRITICAL_POISON_HIT,0,True,Skuntank,1,15,0.067,False,False
Engine,Dark,MachineMoves,MOVE_POLTERGEIST,Poltergeist,Ghost,Physical,110,90,5,MOVE_EFFECT_POLTERGEIST,0,True,Sableye; Spiritomb,2,15,0.133,True,False
Engine,Dark,MachineMoves,MOVE_POWER_GEM,Power Gem,Rock,Special,80,100,20,MOVE_EFFECT_HIT,0,True,Tyranitar; Sableye,2,15,0.133,True,False
Engine,Dark,MachineMoves,MOVE_POWER_SWAP,Power Swap,Psychic,Status,0,0,10,MOVE_EFFECT_SWAP_ATK_SP_ATK_STAT_CHANGES,0,True,Shiftry,1,15,0.067,False,False
Engine,Dark,MachineMoves,MOVE_POWER_UP_PUNCH,Power-Up Punch,Fighting,Physical,40,100,20,MOVE_EFFECT_RAISE_ATTACK_HIT,0,True,Tyranitar; Shiftry; Sableye; Cacturne; Weavile,5,15,0.333,False,True
Engine,Dark,MachineMoves,MOVE_PROTECT,Protect,Normal,Status,0,0,10,MOVE_EFFECT_PROTECT,4,True,Umbreon; Honchkrow; Houndoom; Tyranitar; Mightyena; Shiftry; Sableye; Sharpedo; Cacturne; Crawdaunt; Absol; Drapion; Skuntank; Spiritomb; Weavile,15,15,1.0,True,True
Engine,Dark,MachineMoves,MOVE_PSYBEAM,Psybeam,Psychic,Special,65,100,20,MOVE_EFFECT_CONFUSE_HIT,0,True,Sableye; Spiritomb,2,15,0.133,False,False
Engine,Dark,MachineMoves,MOVE_PSYCHIC,Psychic,Psychic,Special,90,100,10,MOVE_EFFECT_LOWER_SP_DEF_HIT,0,True,Umbreon; Honchkrow; Sableye; Spiritomb,4,15,0.267,True,False
Engine,Dark,MachineMoves,MOVE_PSYCHIC_FANGS,Psychic Fangs,Psychic,Physical,85,100,10,MOVE_EFFECT_REMOVE_SCREENS,0,True,Houndoom; Mightyena; Sharpedo,3,15,0.2,True,False
Engine,Dark,MachineMoves,MOVE_PSYCHIC_NOISE,Psychic Noise,Psychic,Special,75,100,10,MOVE_EFFECT_PREVENT_HEALING_HIT,0,True,Honchkrow,1,15,0.067,True,False
Engine,Dark,MachineMoves,MOVE_PSYCHO_CUT,Psycho Cut,Psychic,Physical,70,100,20,MOVE_EFFECT_HIGH_CRITICAL,0,True,Absol; Weavile,2,15,0.133,False,False
Engine,Dark,MachineMoves,MOVE_PSYCH_UP,Psych Up,Normal,Status,0,0,10,MOVE_EFFECT_COPY_STAT_CHANGES,0,True,Umbreon; Honchkrow; Shiftry; Sableye; Absol; Spiritomb; Weavile,7,15,0.467,True,True
Engine,Dark,MachineMoves,MOVE_PSYSHOCK,Psyshock,Psychic,Special,80,100,10,MOVE_EFFECT_HIT,0,True,Spiritomb,1,15,0.067,True,False
Engine,Dark,MachineMoves,MOVE_QUASH,Quash,Dark,Status,0,100,15,MOVE_EFFECT_QUASH,0,True,Honchkrow; Sableye; Spiritomb,3,15,0.2,False,True
Engine,Dark,MachineMoves,MOVE_RAIN_DANCE,Rain Dance,Water,Status,0,0,5,MOVE_EFFECT_WEATHER_RAIN,0,True,Umbreon; Honchkrow; Houndoom; Tyranitar; Mightyena; Shiftry; Sableye; Sharpedo; Cacturne; Crawdaunt; Absol; Drapion; Skuntank; Spiritomb; Weavile,15,15,1.0,True,True
Engine,Dark,MachineMoves,MOVE_RAZOR_SHELL,Razor Shell,Water,Physical,75,95,10,MOVE_EFFECT_LOWER_DEFENSE_HIT,0,True,Crawdaunt,1,15,0.067,False,False
Engine,Dark,MachineMoves,MOVE_REFLECT,Reflect,Psychic,Status,0,0,20,MOVE_EFFECT_SET_REFLECT,0,True,Umbreon; Sableye; Weavile,3,15,0.2,True,False
Engine,Dark,MachineMoves,MOVE_REST,Rest,Psychic,Status,0,0,5,MOVE_EFFECT_RECOVER_HEALTH_AND_SLEEP,0,True,Umbreon; Honchkrow; Houndoom; Tyranitar; Mightyena; Shiftry; Sableye; Sharpedo; Cacturne; Crawdaunt; Absol; Drapion; Skuntank; Spiritomb; Weavile,15,15,1.0,True,True
Engine,Dark,MachineMoves,MOVE_RETALIATE,Retaliate,Normal,Physical,70,100,5,MOVE_EFFECT_HIT,0,True,Umbreon; Honchkrow; Houndoom; Tyranitar; Mightyena; Shiftry; Sableye; Sharpedo; Cacturne; Crawdaunt; Absol; Drapion; Spiritomb; Weavile,14,15,0.933,False,True
Engine,Dark,MachineMoves,MOVE_RETURN,Return,Normal,Physical,1,100,20,MOVE_EFFECT_POWER_BASED_ON_FRIENDSHIP,0,True,Umbreon; Honchkrow; Houndoom; Tyranitar; Mightyena; Shiftry; Sableye; Sharpedo; Cacturne; Crawdaunt; Absol; Drapion; Skuntank; Spiritomb; Weavile,15,15,1.0,True,True
Engine,Dark,MachineMoves,MOVE_REVENGE,Revenge,Fighting,Physical,60,100,10,MOVE_EFFECT_DOUBLE_DAMAGE_IF_HIT,-4,True,Tyranitar; Shiftry; Crawdaunt; Weavile,4,15,0.267,False,False
Engine,Dark,MachineMoves,MOVE_REVERSAL,Reversal,Fighting,Physical,1,100,15,MOVE_EFFECT_INCREASE_POWER_WITH_LESS_HP,0,True,Houndoom; Shiftry,2,15,0.133,True,False
Engine,Dark,MachineMoves,MOVE_ROAR,Roar,Normal,Status,0,0,20,MOVE_EFFECT_FORCE_SWITCH,-6,True,Umbreon; Houndoom; Tyranitar; Mightyena; Sharpedo; Drapion; Skuntank,7,15,0.467,True,True
Engine,Dark,MachineMoves,MOVE_ROCK_BLAST,Rock Blast,Rock,Physical,25,90,10,MOVE_EFFECT_MULTI_HIT,0,True,Tyranitar,1,15,0.067,False,False
Engine,Dark,MachineMoves,MOVE_ROCK_CLIMB,Rock Climb,Normal,Physical,90,85,20,MOVE_EFFECT_CONFUSE_HIT,0,True,Tyranitar; Drapion,2,15,0.133,True,False
Engine,Dark,MachineMoves,MOVE_ROCK_POLISH,Rock Polish,Rock,Status,0,0,20,MOVE_EFFECT_SPEED_UP_2,0,True,Tyranitar,1,15,0.067,True,False
Engine,Dark,MachineMoves,MOVE_ROCK_SLIDE,Rock Slide,Rock,Physical,75,90,10,MOVE_EFFECT_FLINCH_HIT,0,True,Tyranitar; Shiftry; Crawdaunt; Absol; Drapion,5,15,0.333,True,True
Engine,Dark,MachineMoves,MOVE_ROCK_SMASH,Rock Smash,Fighting,Physical,40,100,15,MOVE_EFFECT_LOWER_DEFENSE_HIT,0,True,Houndoom; Tyranitar; Mightyena; Shiftry; Sableye; Sharpedo; Crawdaunt; Absol; Drapion; Skuntank; Weavile,11,15,0.733,True,True
Engine,Dark,MachineMoves,MOVE_ROCK_TOMB,Rock Tomb,Rock,Physical,60,95,15,MOVE_EFFECT_LOWER_SPEED_HIT,0,True,Tyranitar; Shiftry; Sableye; Sharpedo; Crawdaunt; Absol; Drapion; Spiritomb,8,15,0.533,True,True
Engine,Dark,MachineMoves,MOVE_ROOST,Roost,Flying,Status,0,0,5,MOVE_EFFECT_HEAL_HALF_REMOVE_FLYING_TYPE,0,True,Honchkrow,1,15,0.067,True,False
Engine,Dark,MachineMoves,MOVE_ROUND,Round,Normal,Special,60,100,15,MOVE_EFFECT_HIT,0,True,Umbreon; Honchkrow; Houndoom; Tyranitar; Mightyena; Shiftry; Sableye; Sharpedo; Cacturne; Crawdaunt; Absol; Drapion; Skuntank; Spiritomb; Weavile,15,15,1.0,False,True
Engine,Dark,MachineMoves,MOVE_SANDSTORM,Sandstorm,Rock,Status,0,0,10,MOVE_EFFECT_WEATHER_SANDSTORM,0,True,Tyranitar; Cacturne; Absol,3,15,0.2,True,False
Engine,Dark,MachineMoves,MOVE_SAND_TOMB,Sand Tomb,Ground,Physical,35,85,15,MOVE_EFFECT_BIND_HIT,0,True,Tyranitar; Drapion,2,15,0.133,True,False
Engine,Dark,MachineMoves,MOVE_SCALD,Scald,Water,Special,80,100,15,MOVE_EFFECT_THAW_AND_BURN_HIT,0,True,Sharpedo; Crawdaunt,2,15,0.133,True,False
Engine,Dark,MachineMoves,MOVE_SCARY_FACE,Scary Face,Normal,Status,0,100,10,MOVE_EFFECT_SPEED_DOWN_2,0,True,Umbreon; Honchkrow; Houndoom; Tyranitar; Mightyena; Shiftry; Sharpedo; Cacturne; Crawdaunt; Drapion; Skuntank; Spiritomb; Weavile,13,15,0.867,False,True
Engine,Dark,MachineMoves,MOVE_SCREECH,Screech,Normal,Status,0,85,40,MOVE_EFFECT_DEF_DOWN_2,0,True,Umbreon; Tyranitar; Shiftry; Sharpedo; Drapion; Skuntank; Weavile,7,15,0.467,False,True
Engine,Dark,MachineMoves,MOVE_SECRET_POWER,Secret Power,Normal,Physical,70,100,20,MOVE_EFFECT_SECRET_POWER,0,True,Umbreon; Honchkrow; Houndoom; Tyranitar; Mightyena; Shiftry; Sableye; Sharpedo; Cacturne; Crawdaunt; Absol; Drapion; Skuntank; Spiritomb; Weavile,15,15,1.0,True,True
Engine,Dark,MachineMoves,MOVE_SEED_BOMB,Seed Bomb,Grass,Physical,80,100,15,MOVE_EFFECT_HIT,0,True,Shiftry; Cacturne,2,15,0.133,True,False
Engine,Dark,MachineMoves,MOVE_SELF_DESTRUCT,Self-Destruct,Normal,Physical,200,100,5,MOVE_EFFECT_HALVE_DEFENSE,0,True,Shiftry,1,15,0.067,False,False
Engine,Dark,MachineMoves,MOVE_SHADOW_BALL,Shadow Ball,Ghost,Special,80,100,15,MOVE_EFFECT_LOWER_SP_DEF_HIT,0,True,Umbreon; Honchkrow; Houndoom; Mightyena; Shiftry; Sableye; Cacturne; Absol; Drapion; Skuntank; Spiritomb; Weavile,12,15,0.8,True,True
Engine,Dark,MachineMoves,MOVE_SHADOW_CLAW,Shadow Claw,Ghost,Physical,70,100,15,MOVE_EFFECT_HIGH_CRITICAL,0,True,Tyranitar; Sableye; Absol; Skuntank; Weavile,5,15,0.333,True,True
Engine,Dark,MachineMoves,MOVE_SHOCK_WAVE,Shock Wave,Electric,Special,60,0,20,MOVE_EFFECT_BYPASS_ACCURACY,0,True,Tyranitar; Sableye; Absol; Spiritomb,4,15,0.267,True,False
Engine,Dark,MachineMoves,MOVE_SILVER_WIND,Silver Wind,Bug,Special,60,100,5,MOVE_EFFECT_RAISE_ALL_STATS_HIT,0,True,Shiftry; Spiritomb,2,15,0.133,True,False
Engine,Dark,MachineMoves,MOVE_SKILL_SWAP,Skill Swap,Psychic,Status,0,0,10,MOVE_EFFECT_SWITCH_ABILITIES,0,True,Umbreon; Sableye; Spiritomb,3,15,0.2,True,False
Engine,Dark,MachineMoves,MOVE_SKITTER_SMACK,Skitter Smack,Bug,Physical,70,90,10,MOVE_EFFECT_LOWER_SP_ATK_HIT,0,True,Sableye; Cacturne,2,15,0.133,True,False
Engine,Dark,MachineMoves,MOVE_SLEEP_TALK,Sleep Talk,Normal,Status,0,0,10,MOVE_EFFECT_USE_RANDOM_LEARNED_MOVE_SLEEP,0,True,Umbreon; Honchkrow; Houndoom; Tyranitar; Mightyena; Shiftry; Sableye; Sharpedo; Cacturne; Crawdaunt; Absol; Drapion; Skuntank; Spiritomb; Weavile,15,15,1.0,True,True
Engine,Dark,MachineMoves,MOVE_SLUDGE_BOMB,Sludge Bomb,Poison,Special,90,100,10,MOVE_EFFECT_POISON_HIT,0,True,Houndoom; Crawdaunt; Drapion; Skuntank,4,15,0.267,True,False
Engine,Dark,MachineMoves,MOVE_SLUDGE_WAVE,Sludge Wave,Poison,Special,95,100,10,MOVE_EFFECT_POISON_HIT,0,True,Crawdaunt; Skuntank,2,15,0.133,True,False
Engine,Dark,MachineMoves,MOVE_SMACK_DOWN,Smack Down,Rock,Physical,50,100,15,MOVE_EFFECT_SMACK_DOWN,0,True,Tyranitar,1,15,0.067,True,False
Engine,Dark,MachineMoves,MOVE_SNARL,Snarl,Dark,Special,55,95,15,MOVE_EFFECT_LOWER_SP_ATK_HIT,0,True,Umbreon; Honchkrow; Houndoom; Tyranitar; Mightyena; Shiftry; Sableye; Sharpedo; Crawdaunt; Absol; Drapion; Skuntank; Spiritomb; Weavile,14,15,0.933,False,True
Engine,Dark,MachineMoves,MOVE_SNATCH,Snatch,Dark,Status,0,0,10,MOVE_EFFECT_STEAL_STATUS_MOVE,4,True,Umbreon; Honchkrow; Houndoom; Mightyena; Sableye; Absol; Skuntank; Spiritomb; Weavile,9,15,0.6,True,True
Engine,Dark,MachineMoves,MOVE_SNORE,Snore,Normal,Special,50,100,15,MOVE_EFFECT_DAMAGE_WHILE_ASLEEP,0,True,Umbreon; Houndoom; Tyranitar; Shiftry; Sableye; Sharpedo; Crawdaunt; Absol; Drapion; Skuntank; Spiritomb; Weavile,12,15,0.8,False,True
Engine,Dark,MachineMoves,MOVE_SNOWSCAPE,Snowscape,Ice,Status,0,0,10,MOVE_EFFECT_WEATHER_SNOW,0,True,Weavile,1,15,0.067,False,False
Engine,Dark,MachineMoves,MOVE_SOLAR_BEAM,Solar Beam,Grass,Special,120,100,10,MOVE_EFFECT_CHARGE_TURN_SUN_SKIPS,0,True,Houndoom; Shiftry; Cacturne,3,15,0.2,True,False
Engine,Dark,MachineMoves,MOVE_SOLAR_BLADE,Solar Blade,Grass,Physical,125,100,10,MOVE_EFFECT_CHARGE_TURN_SUN_SKIPS,0,True,Shiftry,1,15,0.067,True,False
Engine,Dark,MachineMoves,MOVE_SPIKES,Spikes,Ground,Status,0,0,20,MOVE_EFFECT_SET_SPIKES,0,True,Cacturne,1,15,0.067,True,False
Engine,Dark,MachineMoves,MOVE_SPITE,Spite,Ghost,Status,0,100,10,MOVE_EFFECT_DECREASE_LAST_MOVE_PP,0,True,Umbreon; Honchkrow; Houndoom; Tyranitar; Mightyena; Shiftry; Sableye; Cacturne; Crawdaunt; Spiritomb; Weavile,11,15,0.733,True,True
Engine,Dark,MachineMoves,MOVE_STEALTH_ROCK,Stealth Rock,Rock,Status,0,0,20,MOVE_EFFECT_STEALTH_ROCK,0,True,Tyranitar,1,15,0.067,True,False
Engine,Dark,MachineMoves,MOVE_STEEL_WING,Steel Wing,Steel,Physical,70,90,25,MOVE_EFFECT_RAISE_DEF_HIT,0,True,Honchkrow,1,15,0.067,True,False
Engine,Dark,MachineMoves,MOVE_STOMPING_TANTRUM,StompingTantrum,Ground,Physical,75,100,10,MOVE_EFFECT_HIT,0,True,Tyranitar; Cacturne; Drapion,3,15,0.2,False,False
Engine,Dark,MachineMoves,MOVE_STONE_EDGE,Stone Edge,Rock,Physical,100,80,5,MOVE_EFFECT_HIGH_CRITICAL,0,True,Tyranitar; Absol,2,15,0.133,True,False
Engine,Dark,MachineMoves,MOVE_STORED_POWER,Stored Power,Psychic,Special,20,100,10,MOVE_EFFECT_HIT,0,True,Umbreon; Spiritomb,2,15,0.133,True,False
Engine,Dark,MachineMoves,MOVE_STRENGTH,Strength,Normal,Physical,80,100,15,MOVE_EFFECT_HIT,0,True,Houndoom; Tyranitar; Mightyena; Shiftry; Sharpedo; Cacturne; Crawdaunt; Absol; Drapion; Skuntank; Weavile,11,15,0.733,True,True
Engine,Dark,MachineMoves,MOVE_STRUGGLE_BUG,Struggle Bug,Bug,Special,50,100,20,MOVE_EFFECT_LOWER_SP_ATK_HIT,0,True,Drapion,1,15,0.067,False,False
Engine,Dark,MachineMoves,MOVE_SUBSTITUTE,Substitute,Normal,Status,0,0,10,MOVE_EFFECT_SET_SUBSTITUTE,0,True,Umbreon; Honchkrow; Houndoom; Tyranitar; Mightyena; Shiftry; Sableye; Sharpedo; Cacturne; Crawdaunt; Absol; Drapion; Skuntank; Spiritomb; Weavile,15,15,1.0,True,True
Engine,Dark,MachineMoves,MOVE_SUNNY_DAY,Sunny Day,Fire,Status,0,0,5,MOVE_EFFECT_WEATHER_SUN,0,True,Umbreon; Honchkrow; Houndoom; Tyranitar; Mightyena; Shiftry; Sableye; Cacturne; Absol; Drapion; Skuntank; Spiritomb; Weavile,13,15,0.867,True,True
Engine,Dark,MachineMoves,MOVE_SUPERPOWER,Superpower,Fighting,Physical,120,100,5,MOVE_EFFECT_USER_ATK_DEF_DOWN_HIT,0,True,Tyranitar; Crawdaunt; Absol,3,15,0.2,True,False
Engine,Dark,MachineMoves,MOVE_SUPER_FANG,Super Fang,Normal,Physical,1,90,10,MOVE_EFFECT_HALVE_HP,0,True,Houndoom; Mightyena; Skuntank,3,15,0.2,True,False
Engine,Dark,MachineMoves,MOVE_SURF,Surf,Water,Special,90,100,15,MOVE_EFFECT_DOUBLE_DAMAGE_DIVE,0,True,Tyranitar; Sharpedo; Crawdaunt; Weavile,4,15,0.267,True,False
Engine,Dark,MachineMoves,MOVE_SWAGGER,Swagger,Normal,Status,0,85,15,MOVE_EFFECT_ATK_UP_2_STATUS_CONFUSION,0,True,Umbreon; Honchkrow; Houndoom; Tyranitar; Mightyena; Shiftry; Sableye; Sharpedo; Cacturne; Crawdaunt; Absol; Drapion; Skuntank; Spiritomb; Weavile,15,15,1.0,True,True
Engine,Dark,MachineMoves,MOVE_SWIFT,Swift,Normal,Special,60,0,20,MOVE_EFFECT_BYPASS_ACCURACY,0,True,Umbreon; Houndoom; Shiftry; Sharpedo; Cacturne; Crawdaunt; Absol; Skuntank; Weavile,9,15,0.6,False,True
Engine,Dark,MachineMoves,MOVE_SWORDS_DANCE,Swords Dance,Normal,Status,0,0,20,MOVE_EFFECT_ATK_UP_2,0,True,Shiftry; Cacturne; Crawdaunt; Absol; Drapion; Weavile,6,15,0.4,True,True
Engine,Dark,MachineMoves,MOVE_TAILWIND,Tailwind,Flying,Status,0,0,15,MOVE_EFFECT_DOUBLE_SPEED_3_TURNS,0,True,Honchkrow; Shiftry,2,15,0.133,True,False
Engine,Dark,MachineMoves,MOVE_TAIL_SLAP,Tail Slap,Normal,Physical,25,85,10,MOVE_EFFECT_MULTI_HIT,0,True,Skuntank,1,15,0.067,False,False
Engine,Dark,MachineMoves,MOVE_TAKE_DOWN,Take Down,Normal,Physical,90,85,20,MOVE_EFFECT_RECOIL_QUARTER,0,True,Umbreon; Honchkrow; Houndoom; Tyranitar; Mightyena; Shiftry; Sableye; Cacturne; Crawdaunt; Skuntank; Weavile,11,15,0.733,False,True
Engine,Dark,MachineMoves,MOVE_TAUNT,Taunt,Dark,Status,0,100,20,MOVE_EFFECT_TAUNT,0,True,Umbreon; Honchkrow; Houndoom; Tyranitar; Mightyena; Shiftry; Sableye; Sharpedo; Cacturne; Crawdaunt; Absol; Drapion; Skuntank; Spiritomb; Weavile,15,15,1.0,True,True
Engine,Dark,MachineMoves,MOVE_TELEKINESIS,Telekinesis,Psychic,Status,0,0,15,MOVE_EFFECT_HIT,0,True,Sableye; Spiritomb,2,15,0.133,False,False
Engine,Dark,MachineMoves,MOVE_TEMPER_FLARE,Temper Flare,Fire,Physical,75,100,10,MOVE_EFFECT_HIT,0,True,Houndoom; Skuntank,2,15,0.133,True,False
Engine,Dark,MachineMoves,MOVE_TERA_BLAST,Tera Blast,Normal,Special,80,100,10,MOVE_EFFECT_HIT,0,True,Umbreon; Honchkrow; Houndoom; Tyranitar; Mightyena; Shiftry; Sableye; Cacturne; Crawdaunt; Skuntank; Spiritomb; Weavile,12,15,0.8,True,True
Engine,Dark,MachineMoves,MOVE_THIEF,Thief,Dark,Physical,60,100,25,MOVE_EFFECT_STEAL_HELD_ITEM,0,True,Umbreon; Honchkrow; Houndoom; Mightyena; Shiftry; Sableye; Sharpedo; Cacturne; Crawdaunt; Absol; Drapion; Skuntank; Spiritomb; Weavile,14,15,0.933,True,True
Engine,Dark,MachineMoves,MOVE_THROAT_CHOP,Throat Chop,Dark,Physical,80,100,15,MOVE_EFFECT_THROAT_CHOP,0,True,Umbreon; Houndoom; Mightyena; Shiftry; Sableye; Cacturne; Absol; Drapion; Skuntank; Weavile,10,15,0.667,True,True
Engine,Dark,MachineMoves,MOVE_THUNDER,Thunder,Electric,Special,110,70,10,MOVE_EFFECT_THUNDER,0,True,Tyranitar; Absol,2,15,0.133,True,False
Engine,Dark,MachineMoves,MOVE_THUNDERBOLT,Thunderbolt,Electric,Special,90,100,15,MOVE_EFFECT_PARALYZE_HIT,0,True,Tyranitar; Absol,2,15,0.133,True,False
Engine,Dark,MachineMoves,MOVE_THUNDER_FANG,Thunder Fang,Electric,Physical,65,95,15,MOVE_EFFECT_FLINCH_PARALYZE_HIT,0,True,Houndoom; Tyranitar; Mightyena; Drapion,4,15,0.267,False,False
Engine,Dark,MachineMoves,MOVE_THUNDER_PUNCH,Thunder Punch,Electric,Physical,75,100,15,MOVE_EFFECT_PARALYZE_HIT,0,True,Tyranitar; Sableye; Cacturne,3,15,0.2,False,False
Engine,Dark,MachineMoves,MOVE_THUNDER_WAVE,Thunder Wave,Electric,Status,0,90,20,MOVE_EFFECT_STATUS_PARALYZE,0,True,Umbreon; Honchkrow; Tyranitar; Sableye; Absol,5,15,0.333,True,True
Engine,Dark,MachineMoves,MOVE_TORMENT,Torment,Dark,Status,0,100,15,MOVE_EFFECT_TORMENT,0,True,Umbreon; Honchkrow; Houndoom; Tyranitar; Mightyena; Shiftry; Sableye; Sharpedo; Absol; Drapion; Skuntank; Spiritomb; Weavile,13,15,0.867,True,True
Engine,Dark,MachineMoves,MOVE_TOXIC,Toxic,Poison,Status,0,90,10,MOVE_EFFECT_STATUS_BADLY_POISON,0,True,Umbreon; Honchkrow; Houndoom; Tyranitar; Mightyena; Shiftry; Sableye; Sharpedo; Cacturne; Crawdaunt; Absol; Drapion; Skuntank; Spiritomb; Weavile,15,15,1.0,True,True
Engine,Dark,MachineMoves,MOVE_TOXIC_SPIKES,Toxic Spikes,Poison,Status,0,0,20,MOVE_EFFECT_TOXIC_SPIKES,0,True,Shiftry; Cacturne; Drapion; Skuntank,4,15,0.267,True,False
Engine,Dark,MachineMoves,MOVE_TRAILBLAZE,Trailblaze,Grass,Physical,50,100,20,MOVE_EFFECT_RAISE_SPEED_HIT,0,True,Umbreon; Houndoom; Mightyena; Shiftry; Cacturne; Skuntank; Weavile,7,15,0.467,False,True
Engine,Dark,MachineMoves,MOVE_TRICK,Trick,Psychic,Status,0,100,10,MOVE_EFFECT_SWITCH_HELD_ITEMS,0,True,Sableye; Spiritomb,2,15,0.133,True,False
Engine,Dark,MachineMoves,MOVE_TRICK_ROOM,Trick Room,Psychic,Status,0,0,5,MOVE_EFFECT_TRICK_ROOM,-7,True,Spiritomb,1,15,0.067,True,False
Engine,Dark,MachineMoves,MOVE_TRIPLE_AXEL,Triple Axel,Ice,Physical,20,90,10,MOVE_EFFECT_HIT_THREE_TIMES_INCREMENT_BASE_POWER_20,0,True,Weavile,1,15,0.067,True,False
Engine,Dark,MachineMoves,MOVE_UPPER_HAND,Upper Hand,Fighting,Physical,65,100,15,MOVE_EFFECT_HIT,3,True,Shiftry; Weavile,2,15,0.133,True,False
Engine,Dark,MachineMoves,MOVE_UPROAR,Uproar,Normal,Special,90,100,10,MOVE_EFFECT_UPROAR,0,True,Honchkrow; Tyranitar; Mightyena; Shiftry; Sharpedo; Spiritomb,6,15,0.4,True,True
Engine,Dark,MachineMoves,MOVE_U_TURN,U-turn,Bug,Physical,70,100,20,MOVE_EFFECT_SWITCH_HIT,0,True,Honchkrow,1,15,0.067,True,False
Engine,Dark,MachineMoves,MOVE_VACUUM_WAVE,Vacuum Wave,Fighting,Special,40,100,30,MOVE_EFFECT_PRIORITY_1,1,True,Shiftry,1,15,0.067,True,False
Engine,Dark,MachineMoves,MOVE_VENOM_DRENCH,Venom Drench,Poison,Status,0,100,20,MOVE_EFFECT_VENOM_DRENCH,0,True,Drapion; Skuntank,2,15,0.133,True,False
Engine,Dark,MachineMoves,MOVE_VENOSHOCK,Venoshock,Poison,Special,65,100,10,MOVE_EFFECT_DOUBLE_POWER_ON_POISONED,0,True,Cacturne; Drapion; Skuntank,3,15,0.2,False,False
Engine,Dark,MachineMoves,MOVE_WATERFALL,Waterfall,Water,Physical,80,100,15,MOVE_EFFECT_FLINCH_HIT,0,True,Sharpedo; Crawdaunt,2,15,0.133,True,False
Engine,Dark,MachineMoves,MOVE_WATER_PULSE,Water Pulse,Water,Special,60,100,20,MOVE_EFFECT_CONFUSE_HIT,0,True,Tyranitar; Sableye; Sharpedo; Crawdaunt; Absol; Spiritomb; Weavile,7,15,0.467,True,True
Engine,Dark,MachineMoves,MOVE_WEATHER_BALL,Weather Ball,Normal,Special,50,100,10,MOVE_EFFECT_CHANGE_TYPE_WITH_WEATHER,0,True,Umbreon; Shiftry,2,15,0.133,True,False
Engine,Dark,MachineMoves,MOVE_WHIRLPOOL,Whirlpool,Water,Special,35,85,15,MOVE_EFFECT_WHIRLPOOL,0,True,Tyranitar; Sharpedo; Crawdaunt; Weavile,4,15,0.267,True,False
Engine,Dark,MachineMoves,MOVE_WILL_O_WISP,Will-O-Wisp,Fire,Status,0,85,15,MOVE_EFFECT_STATUS_BURN,0,True,Houndoom; Shiftry; Sableye; Absol; Spiritomb,5,15,0.333,True,True
Engine,Dark,MachineMoves,MOVE_WONDER_ROOM,Wonder Room,Psychic,Status,0,0,10,MOVE_EFFECT_HIT,0,True,Umbreon; Sableye; Spiritomb,3,15,0.2,False,False
Engine,Dark,MachineMoves,MOVE_WORK_UP,Work Up,Normal,Status,0,0,30,MOVE_EFFECT_ATK_SP_ATK_UP,0,True,Umbreon,1,15,0.067,True,False
Engine,Dark,MachineMoves,MOVE_X_SCISSOR,X-Scissor,Bug,Physical,80,100,15,MOVE_EFFECT_HIT,0,True,Shiftry; Sableye; Crawdaunt; Absol; Drapion; Weavile,6,15,0.4,True,True
Engine,Dark,MachineMoves,MOVE_ZAP_CANNON,Zap Cannon,Electric,Special,120,50,5,MOVE_EFFECT_PARALYZE_HIT,0,True,Umbreon,1,15,0.067,False,False
Engine,Dark,MachineMoves,MOVE_ZEN_HEADBUTT,Zen Headbutt,Psychic,Physical,80,90,15,MOVE_EFFECT_FLINCH_HIT,0,True,Sableye; Sharpedo; Cacturne; Absol,4,15,0.267,True,False
Engine,Dark,TutorMoves,MOVE_AIR_CUTTER,Air Cutter,Flying,Special,60,95,25,MOVE_EFFECT_HIGH_CRITICAL,0,True,Honchkrow; Shiftry,2,15,0.133,True,False
Engine,Dark,TutorMoves,MOVE_ALLY_SWITCH,Ally Switch,Psychic,Status,0,0,15,MOVE_EFFECT_HIT,2,True,Sableye; Spiritomb,2,15,0.133,False,False
Engine,Dark,TutorMoves,MOVE_ANCIENT_POWER,Ancient Power,Rock,Special,60,100,5,MOVE_EFFECT_RAISE_ALL_STATS_HIT,0,True,Tyranitar; Sharpedo; Crawdaunt,3,15,0.2,True,False
Engine,Dark,TutorMoves,MOVE_AQUA_TAIL,Aqua Tail,Water,Physical,90,90,10,MOVE_EFFECT_HIT,0,True,Tyranitar; Drapion,2,15,0.133,True,False
Engine,Dark,TutorMoves,MOVE_BLOCK,Block,Normal,Status,0,0,5,MOVE_EFFECT_PREVENT_ESCAPE,0,True,Tyranitar; Cacturne,2,15,0.133,True,False
Engine,Dark,TutorMoves,MOVE_BODY_SLAM,Body Slam,Normal,Physical,85,100,15,MOVE_EFFECT_PARALYZE_HIT,0,True,Umbreon; Houndoom; Tyranitar; Mightyena; Shiftry; Sableye; Cacturne; Crawdaunt; Absol,9,15,0.6,False,True
Engine,Dark,TutorMoves,MOVE_BOUNCE,Bounce,Flying,Physical,85,85,5,MOVE_EFFECT_BOUNCE,0,True,Shiftry; Sharpedo; Absol,3,15,0.2,True,False
Engine,Dark,TutorMoves,MOVE_BUG_BITE,Bug Bite,Bug,Physical,60,100,20,MOVE_EFFECT_EAT_BERRY,0,True,Drapion,1,15,0.067,True,False
Engine,Dark,TutorMoves,MOVE_BURNING_JEALOUSY,BurningJealousy,Fire,Special,70,100,5,MOVE_EFFECT_BURN_HIT,0,True,Skuntank; Spiritomb,2,15,0.133,False,False
Engine,Dark,TutorMoves,MOVE_CORROSIVE_GAS,Corrosive Gas,Poison,Status,0,100,40,MOVE_EFFECT_HIT,0,True,Skuntank,1,15,0.067,False,False
Engine,Dark,TutorMoves,MOVE_COUNTER,Counter,Fighting,Physical,1,100,20,MOVE_EFFECT_COUNTER,-5,True,Houndoom; Tyranitar; Mightyena; Sableye; Cacturne; Crawdaunt; Absol,7,15,0.467,False,True
Engine,Dark,TutorMoves,MOVE_COVET,Covet,Normal,Physical,60,100,25,MOVE_EFFECT_STEAL_HELD_ITEM,0,True,Umbreon; Mightyena,2,15,0.133,False,False
Engine,Dark,TutorMoves,MOVE_DARK_PULSE,Dark Pulse,Dark,Special,80,100,15,MOVE_EFFECT_FLINCH_HIT,0,True,Umbreon; Honchkrow; Houndoom; Tyranitar; Mightyena; Shiftry; Sableye; Sharpedo; Cacturne; Crawdaunt; Absol; Drapion; Skuntank; Spiritomb; Weavile,15,15,1.0,False,True
Engine,Dark,TutorMoves,MOVE_DEFENSE_CURL,Defense Curl,Normal,Status,0,0,40,MOVE_EFFECT_DEF_UP_DOUBLE_ROLLOUT_POWER,0,True,Shiftry,1,15,0.067,False,False
Engine,Dark,TutorMoves,MOVE_DEFOG,Defog,Flying,Status,0,0,15,MOVE_EFFECT_REMOVE_HAZARDS_SCREENS_EVA_DOWN,0,True,Honchkrow; Shiftry; Skuntank,3,15,0.2,False,False
Engine,Dark,TutorMoves,MOVE_DIVE,Dive,Water,Physical,80,100,10,MOVE_EFFECT_DIVE,0,True,Sharpedo; Crawdaunt,2,15,0.133,True,False
Engine,Dark,TutorMoves,MOVE_DOUBLE_EDGE,Double-Edge,Normal,Physical,120,100,15,MOVE_EFFECT_RECOIL_THIRD,0,True,Umbreon; Houndoom; Tyranitar; Mightyena; Shiftry; Sableye; Sharpedo; Cacturne; Crawdaunt; Absol,10,15,0.667,False,True
Engine,Dark,TutorMoves,MOVE_DRAGON_PULSE,Dragon Pulse,Dragon,Special,85,100,10,MOVE_EFFECT_HIT,0,True,Tyranitar,1,15,0.067,False,False
Engine,Dark,TutorMoves,MOVE_DRAIN_PUNCH,Drain Punch,Fighting,Physical,75,100,10,MOVE_EFFECT_RECOVER_HALF_DAMAGE_DEALT,0,True,Cacturne,1,15,0.067,False,False
Engine,Dark,TutorMoves,MOVE_DREAM_EATER,Dream Eater,Psychic,Special,100,100,15,MOVE_EFFECT_RECOVER_DAMAGE_SLEEP,0,True,Umbreon; Houndoom; Sableye; Absol,4,15,0.267,False,False
Engine,Dark,TutorMoves,MOVE_DYNAMIC_PUNCH,Dynamic Punch,Fighting,Physical,100,50,5,MOVE_EFFECT_CONFUSE_HIT,0,True,Tyranitar; Sableye; Cacturne,3,15,0.2,False,False
Engine,Dark,TutorMoves,MOVE_EARTH_POWER,Earth Power,Ground,Special,90,100,10,MOVE_EFFECT_LOWER_SP_DEF_HIT,0,True,Tyranitar,1,15,0.067,True,False
Engine,Dark,TutorMoves,MOVE_ENDEAVOR,Endeavor,Normal,Physical,1,100,5,MOVE_EFFECT_SET_HP_EQUAL_TO_USER,0,True,Crawdaunt,1,15,0.067,True,False
Engine,Dark,TutorMoves,MOVE_ENDURE,Endure,Normal,Status,0,0,10,MOVE_EFFECT_SURVIVE_WITH_1_HP,4,True,Umbreon; Houndoom; Tyranitar; Mightyena; Shiftry; Sableye; Sharpedo; Cacturne; Crawdaunt; Absol,10,15,0.667,False,True
Engine,Dark,TutorMoves,MOVE_EXPLOSION,Explosion,Normal,Physical,250,100,5,MOVE_EFFECT_HALVE_DEFENSE,0,True,Shiftry,1,15,0.067,False,False
Engine,Dark,TutorMoves,MOVE_FIRE_PUNCH,Fire Punch,Fire,Physical,75,100,15,MOVE_EFFECT_BURN_HIT,0,True,Tyranitar; Sableye,2,15,0.133,True,False
Engine,Dark,TutorMoves,MOVE_FLAMETHROWER,Flamethrower,Fire,Special,90,100,15,MOVE_EFFECT_BURN_HIT,0,True,Houndoom; Tyranitar,2,15,0.133,False,False
Engine,Dark,TutorMoves,MOVE_FLIP_TURN,Flip Turn,Water,Physical,60,100,20,MOVE_EFFECT_SWITCH_HIT,0,True,Sharpedo,1,15,0.067,False,False
Engine,Dark,TutorMoves,MOVE_FOCUS_PUNCH,Focus Punch,Fighting,Physical,150,100,20,MOVE_EFFECT_HIT_LAST_WHIFF_IF_HIT,-3,True,Tyranitar; Sableye; Cacturne; Weavile,4,15,0.267,False,False
Engine,Dark,TutorMoves,MOVE_FOUL_PLAY,Foul Play,Dark,Physical,95,100,15,MOVE_EFFECT_HIT,0,True,Umbreon; Honchkrow; Houndoom; Tyranitar; Mightyena; Shiftry; Sableye; Cacturne; Absol; Skuntank; Spiritomb; Weavile,12,15,0.8,False,True
Engine,Dark,TutorMoves,MOVE_FURY_CUTTER,Fury Cutter,Bug,Physical,40,95,20,MOVE_EFFECT_DOUBLE_POWER_EACH_TURN,0,True,Tyranitar; Shiftry; Sableye; Sharpedo; Cacturne; Crawdaunt; Absol; Drapion; Skuntank; Weavile,10,15,0.667,True,True
Engine,Dark,TutorMoves,MOVE_GIGA_DRAIN,Giga Drain,Grass,Special,75,100,10,MOVE_EFFECT_RECOVER_HALF_DAMAGE_DEALT,0,True,Shiftry; Cacturne,2,15,0.133,False,False
Engine,Dark,TutorMoves,MOVE_GRASSY_GLIDE,Grassy Glide,Grass,Physical,55,100,20,MOVE_EFFECT_HIT,0,True,Shiftry,1,15,0.067,False,False
Engine,Dark,TutorMoves,MOVE_GRAVITY,Gravity,Psychic,Status,0,0,5,MOVE_EFFECT_GRAVITY,0,True,Sableye,1,15,0.067,True,False
Engine,Dark,TutorMoves,MOVE_HEADBUTT,Headbutt,Normal,Physical,70,100,15,MOVE_EFFECT_FLINCH_HIT,0,True,Umbreon; Houndoom; Tyranitar; Mightyena; Shiftry; Sableye; Cacturne; Absol; Drapion; Skuntank; Weavile,11,15,0.733,True,True
Engine,Dark,TutorMoves,MOVE_HEAL_BELL,Heal Bell,Normal,Status,0,0,5,MOVE_EFFECT_CURE_PARTY_STATUS,0,True,Umbreon,1,15,0.067,True,False
Engine,Dark,TutorMoves,MOVE_HEAT_WAVE,Heat Wave,Fire,Special,95,90,10,MOVE_EFFECT_BURN_HIT,0,True,Honchkrow; Houndoom,2,15,0.133,True,False
Engine,Dark,TutorMoves,MOVE_HELPING_HAND,Helping Hand,Normal,Status,0,0,20,MOVE_EFFECT_BOOST_ALLY_POWER_BY_50_PERCENT,5,True,Umbreon,1,15,0.067,True,False
Engine,Dark,TutorMoves,MOVE_HYPER_VOICE,Hyper Voice,Normal,Special,90,100,10,MOVE_EFFECT_HIT,0,True,Umbreon; Houndoom; Mightyena,3,15,0.2,False,False
Engine,Dark,TutorMoves,MOVE_ICE_BEAM,Ice Beam,Ice,Special,90,100,10,MOVE_EFFECT_FREEZE_HIT,0,True,Tyranitar,1,15,0.067,False,False
Engine,Dark,TutorMoves,MOVE_ICE_PUNCH,Ice Punch,Ice,Physical,75,100,15,MOVE_EFFECT_FREEZE_HIT,0,True,Tyranitar; Sableye; Weavile,3,15,0.2,True,False
Engine,Dark,TutorMoves,MOVE_ICY_WIND,Icy Wind,Ice,Special,55,95,15,MOVE_EFFECT_LOWER_SPEED_HIT,0,True,Honchkrow; Shiftry; Sableye; Sharpedo; Crawdaunt; Absol; Spiritomb; Weavile,8,15,0.533,True,True
Engine,Dark,TutorMoves,MOVE_IRON_DEFENSE,Iron Defense,Steel,Status,0,0,15,MOVE_EFFECT_DEF_UP_2,0,True,Tyranitar; Crawdaunt,2,15,0.133,True,False
Engine,Dark,TutorMoves,MOVE_IRON_HEAD,Iron Head,Steel,Physical,80,100,15,MOVE_EFFECT_FLINCH_HIT,0,True,Tyranitar,1,15,0.067,True,False
Engine,Dark,TutorMoves,MOVE_IRON_TAIL,Iron Tail,Steel,Physical,100,75,15,MOVE_EFFECT_LOWER_DEFENSE_HIT,0,True,Umbreon; Houndoom; Tyranitar; Mightyena; Absol; Drapion; Skuntank; Weavile,8,15,0.533,False,True
Engine,Dark,TutorMoves,MOVE_KNOCK_OFF,Knock Off,Dark,Physical,65,100,20,MOVE_EFFECT_REMOVE_HELD_ITEM,0,True,Shiftry; Sableye; Crawdaunt; Absol; Drapion; Weavile,6,15,0.4,True,True
Engine,Dark,TutorMoves,MOVE_LASER_FOCUS,Laser Focus,Normal,Status,0,0,30,MOVE_EFFECT_LASER_FOCUS,0,True,Umbreon; Houndoom; Mightyena; Absol; Weavile,5,15,0.333,False,True
Engine,Dark,TutorMoves,MOVE_LASH_OUT,Lash Out,Dark,Physical,75,100,5,MOVE_EFFECT_HIT,0,True,Umbreon; Tyranitar; Shiftry; Sableye; Crawdaunt; Drapion; Skuntank; Spiritomb; Weavile,9,15,0.6,False,True
Engine,Dark,TutorMoves,MOVE_LAST_RESORT,Last Resort,Normal,Physical,140,100,5,MOVE_EFFECT_FAIL_IF_NOT_USED_ALL_OTHER_MOVES,0,True,Umbreon,1,15,0.067,True,False
Engine,Dark,TutorMoves,MOVE_LIQUIDATION,Liquidation,Water,Physical,85,100,10,MOVE_EFFECT_LOWER_DEFENSE_HIT,0,True,Sharpedo; Crawdaunt,2,15,0.133,False,False
Engine,Dark,TutorMoves,MOVE_LOW_KICK,Low Kick,Fighting,Physical,1,100,20,MOVE_EFFECT_INCREASE_POWER_WITH_WEIGHT,0,True,Tyranitar; Shiftry; Sableye; Cacturne; Weavile,5,15,0.333,True,True
Engine,Dark,TutorMoves,MOVE_MAGIC_COAT,Magic Coat,Psychic,Status,0,0,15,MOVE_EFFECT_MAGIC_COAT,4,True,Sableye; Absol,2,15,0.133,True,False
Engine,Dark,TutorMoves,MOVE_MEGA_KICK,Mega Kick,Normal,Physical,120,75,5,MOVE_EFFECT_HIT,0,True,Tyranitar; Shiftry; Sableye; Cacturne,4,15,0.267,False,False
Engine,Dark,TutorMoves,MOVE_MEGA_PUNCH,Mega Punch,Normal,Physical,80,85,20,MOVE_EFFECT_HIT,0,True,Tyranitar; Sableye; Cacturne,3,15,0.2,False,False
Engine,Dark,TutorMoves,MOVE_METRONOME,Metronome,Normal,Status,0,0,10,MOVE_EFFECT_CALL_RANDOM_MOVE,0,True,Sableye,1,15,0.067,False,False
Engine,Dark,TutorMoves,MOVE_MIMIC,Mimic,Normal,Status,0,0,10,MOVE_EFFECT_COPY_MOVE_FOR_BATTLE,0,True,Umbreon; Houndoom; Tyranitar; Mightyena; Shiftry; Sableye; Sharpedo; Cacturne; Crawdaunt; Absol,10,15,0.667,False,True
Engine,Dark,TutorMoves,MOVE_MUD_SLAP,Mud-Slap,Ground,Special,20,100,10,MOVE_EFFECT_LOWER_ACCURACY_HIT,0,True,Umbreon; Honchkrow; Houndoom; Tyranitar; Mightyena; Shiftry; Sableye; Sharpedo; Cacturne; Crawdaunt; Absol; Drapion; Skuntank; Weavile,14,15,0.933,True,True
Engine,Dark,TutorMoves,MOVE_NIGHTMARE,Nightmare,Ghost,Status,0,100,15,MOVE_EFFECT_STATUS_NIGHTMARE,0,True,Umbreon; Houndoom; Tyranitar; Sableye; Absol,5,15,0.333,False,True
Engine,Dark,TutorMoves,MOVE_OMINOUS_WIND,Ominous Wind,Ghost,Special,60,100,5,MOVE_EFFECT_RAISE_ALL_STATS_HIT,0,True,Honchkrow; Shiftry; Sableye; Spiritomb,4,15,0.267,True,False
Engine,Dark,TutorMoves,MOVE_OUTRAGE,Outrage,Dragon,Physical,120,100,10,MOVE_EFFECT_CONTINUE_AND_CONFUSE_SELF,0,True,Tyranitar,1,15,0.067,True,False
Engine,Dark,TutorMoves,MOVE_PAIN_SPLIT,Pain Split,Normal,Status,0,0,20,MOVE_EFFECT_AVERAGE_HP,0,True,Sableye; Spiritomb,2,15,0.133,True,False
Engine,Dark,TutorMoves,MOVE_POLTERGEIST,Poltergeist,Ghost,Physical,110,90,5,MOVE_EFFECT_POLTERGEIST,0,True,Sableye; Spiritomb,2,15,0.133,False,False
Engine,Dark,TutorMoves,MOVE_PSYCH_UP,Psych Up,Normal,Status,0,0,10,MOVE_EFFECT_COPY_STAT_CHANGES,0,True,Umbreon; Mightyena; Shiftry; Sableye; Absol,5,15,0.333,False,True
Engine,Dark,TutorMoves,MOVE_ROCK_SLIDE,Rock Slide,Rock,Physical,75,90,10,MOVE_EFFECT_FLINCH_HIT,0,True,Tyranitar; Absol,2,15,0.133,False,False
Engine,Dark,TutorMoves,MOVE_ROLE_PLAY,Role Play,Psychic,Status,0,0,10,MOVE_EFFECT_COPY_ABILITY,0,True,Houndoom; Sableye; Cacturne; Absol,4,15,0.267,True,False
Engine,Dark,TutorMoves,MOVE_ROLLOUT,Rollout,Rock,Physical,30,90,20,MOVE_EFFECT_DOUBLE_POWER_EACH_TURN_LOCK_INTO,0,True,Shiftry,1,15,0.067,True,False
Engine,Dark,TutorMoves,MOVE_ROOST,Roost,Flying,Status,0,0,5,MOVE_EFFECT_HEAL_HALF_REMOVE_FLYING_TYPE,0,True,Honchkrow,1,15,0.067,False,False
Engine,Dark,TutorMoves,MOVE_SCALE_SHOT,Scale Shot,Dragon,Physical,25,90,20,MOVE_EFFECT_MULTI_HIT,0,True,Sharpedo,1,15,0.067,False,False
Engine,Dark,TutorMoves,MOVE_SEED_BOMB,Seed Bomb,Grass,Physical,80,100,15,MOVE_EFFECT_HIT,0,True,Shiftry; Cacturne,2,15,0.133,True,False
Engine,Dark,TutorMoves,MOVE_SEISMIC_TOSS,Seismic Toss,Fighting,Physical,1,100,20,MOVE_EFFECT_LEVEL_DAMAGE_FLAT,0,True,Tyranitar; Sableye; Cacturne,3,15,0.2,False,False
Engine,Dark,TutorMoves,MOVE_SELF_DESTRUCT,Self-Destruct,Normal,Physical,200,100,5,MOVE_EFFECT_HALVE_DEFENSE,0,True,Shiftry,1,15,0.067,False,False
Engine,Dark,TutorMoves,MOVE_SHOCK_WAVE,Shock Wave,Electric,Special,60,0,20,MOVE_EFFECT_BYPASS_ACCURACY,0,True,Tyranitar; Sableye; Absol; Spiritomb,4,15,0.267,False,False
Engine,Dark,TutorMoves,MOVE_SIGNAL_BEAM,Signal Beam,Bug,Special,75,100,15,MOVE_EFFECT_CONFUSE_HIT,0,True,Sableye,1,15,0.067,True,False
Engine,Dark,TutorMoves,MOVE_SKITTER_SMACK,Skitter Smack,Bug,Physical,70,90,10,MOVE_EFFECT_LOWER_SP_ATK_HIT,0,True,Drapion,1,15,0.067,False,False
Engine,Dark,TutorMoves,MOVE_SKY_ATTACK,Sky Attack,Flying,Physical,140,90,5,MOVE_EFFECT_CHARGE_TURN_HIGH_CRIT_FLINCH,0,True,Honchkrow,1,15,0.067,True,False
Engine,Dark,TutorMoves,MOVE_SLEEP_TALK,Sleep Talk,Normal,Status,0,0,10,MOVE_EFFECT_USE_RANDOM_LEARNED_MOVE_SLEEP,0,True,Umbreon; Honchkrow; Houndoom; Tyranitar; Mightyena; Shiftry; Sableye; Sharpedo; Cacturne; Crawdaunt; Absol; Drapion; Skuntank; Spiritomb; Weavile,15,15,1.0,False,True
Engine,Dark,TutorMoves,MOVE_SNATCH,Snatch,Dark,Status,0,0,10,MOVE_EFFECT_STEAL_STATUS_MOVE,4,True,Umbreon; Honchkrow; Houndoom; Mightyena; Sableye; Absol; Skuntank; Spiritomb; Weavile,9,15,0.6,False,True
Engine,Dark,TutorMoves,MOVE_SNORE,Snore,Normal,Special,50,100,15,MOVE_EFFECT_DAMAGE_WHILE_ASLEEP,0,True,Umbreon; Honchkrow; Houndoom; Tyranitar; Mightyena; Shiftry; Sableye; Sharpedo; Cacturne; Crawdaunt; Absol; Drapion; Skuntank; Spiritomb; Weavile,15,15,1.0,True,True
Engine,Dark,TutorMoves,MOVE_SPITE,Spite,Ghost,Status,0,100,10,MOVE_EFFECT_DECREASE_LAST_MOVE_PP,0,True,Umbreon; Honchkrow; Houndoom; Tyranitar; Mightyena; Shiftry; Sableye; Sharpedo; Cacturne; Crawdaunt; Absol; Spiritomb; Weavile,13,15,0.867,True,True
Engine,Dark,TutorMoves,MOVE_STEALTH_ROCK,Stealth Rock,Rock,Status,0,0,20,MOVE_EFFECT_STEALTH_ROCK,0,True,Tyranitar,1,15,0.067,False,False
Engine,Dark,TutorMoves,MOVE_STOMPING_TANTRUM,StompingTantrum,Ground,Physical,75,100,10,MOVE_EFFECT_HIT,0,True,Tyranitar; Cacturne; Drapion,3,15,0.2,False,False
Engine,Dark,TutorMoves,MOVE_SUBSTITUTE,Substitute,Normal,Status,0,0,10,MOVE_EFFECT_SET_SUBSTITUTE,0,True,Umbreon; Houndoom; Tyranitar; Mightyena; Shiftry; Sableye; Sharpedo; Cacturne; Crawdaunt; Absol,10,15,0.667,False,True
Engine,Dark,TutorMoves,MOVE_SUCKER_PUNCH,Sucker Punch,Dark,Physical,70,100,5,MOVE_EFFECT_HIT_FIRST_IF_TARGET_ATTACKING,1,True,Umbreon; Honchkrow; Houndoom; Mightyena; Shiftry; Sableye; Cacturne; Absol; Skuntank; Spiritomb,10,15,0.667,True,True
Engine,Dark,TutorMoves,MOVE_SUPERPOWER,Superpower,Fighting,Physical,120,100,5,MOVE_EFFECT_USER_ATK_DEF_DOWN_HIT,0,True,Honchkrow; Tyranitar; Cacturne; Crawdaunt; Absol,5,15,0.333,True,True
Engine,Dark,TutorMoves,MOVE_SUPER_FANG,Super Fang,Normal,Physical,1,90,10,MOVE_EFFECT_HALVE_HP,0,True,Houndoom; Mightyena; Sharpedo,3,15,0.2,True,False
Engine,Dark,TutorMoves,MOVE_SWAGGER,Swagger,Normal,Status,0,85,15,MOVE_EFFECT_ATK_UP_2_STATUS_CONFUSION,0,True,Umbreon; Houndoom; Tyranitar; Mightyena; Shiftry; Sableye; Sharpedo; Cacturne; Crawdaunt; Absol,10,15,0.667,False,True
Engine,Dark,TutorMoves,MOVE_SWIFT,Swift,Normal,Special,60,0,20,MOVE_EFFECT_BYPASS_ACCURACY,0,True,Umbreon; Honchkrow; Houndoom; Shiftry; Sharpedo; Crawdaunt; Absol; Skuntank; Weavile,9,15,0.6,True,True
Engine,Dark,TutorMoves,MOVE_SWORDS_DANCE,Swords Dance,Normal,Status,0,0,20,MOVE_EFFECT_ATK_UP_2,0,True,Shiftry; Cacturne; Crawdaunt; Absol,4,15,0.267,False,False
Engine,Dark,TutorMoves,MOVE_SYNTHESIS,Synthesis,Grass,Status,0,0,5,MOVE_EFFECT_HEAL_HALF_DIFFERENT_IN_WEATHER,0,True,Shiftry; Cacturne,2,15,0.133,True,False
Engine,Dark,TutorMoves,MOVE_TAILWIND,Tailwind,Flying,Status,0,0,15,MOVE_EFFECT_DOUBLE_SPEED_3_TURNS,0,True,Honchkrow; Shiftry,2,15,0.133,True,False
Engine,Dark,TutorMoves,MOVE_TELEKINESIS,Telekinesis,Psychic,Status,0,0,15,MOVE_EFFECT_HIT,0,True,Sableye; Spiritomb,2,15,0.133,False,False
Engine,Dark,TutorMoves,MOVE_THROAT_CHOP,Throat Chop,Dark,Physical,80,100,15,MOVE_EFFECT_THROAT_CHOP,0,True,Umbreon; Houndoom; Mightyena; Shiftry; Absol; Drapion; Skuntank; Weavile,8,15,0.533,False,True
Engine,Dark,TutorMoves,MOVE_THUNDERBOLT,Thunderbolt,Electric,Special,90,100,15,MOVE_EFFECT_PARALYZE_HIT,0,True,Tyranitar,1,15,0.067,False,False
Engine,Dark,TutorMoves,MOVE_THUNDER_PUNCH,Thunder Punch,Electric,Physical,75,100,15,MOVE_EFFECT_PARALYZE_HIT,0,True,Tyranitar; Sableye; Cacturne,3,15,0.2,True,False
Engine,Dark,TutorMoves,MOVE_THUNDER_WAVE,Thunder Wave,Electric,Status,0,90,20,MOVE_EFFECT_STATUS_PARALYZE,0,True,Tyranitar; Absol,2,15,0.133,False,False
Engine,Dark,TutorMoves,MOVE_TRICK,Trick,Psychic,Status,0,100,10,MOVE_EFFECT_SWITCH_HELD_ITEMS,0,True,Sableye; Spiritomb,2,15,0.133,True,False
Engine,Dark,TutorMoves,MOVE_TRIPLE_AXEL,Triple Axel,Ice,Physical,20,90,10,MOVE_EFFECT_HIT_THREE_TIMES_INCREMENT_BASE_POWER_20,0,True,Weavile,1,15,0.067,False,False
Engine,Dark,TutorMoves,MOVE_TWISTER,Twister,Dragon,Special,40,100,20,MOVE_EFFECT_FLINCH_DOUBLE_DAMAGE_FLY_OR_BOUNCE,0,True,Honchkrow; Shiftry,2,15,0.133,True,False
Engine,Dark,TutorMoves,MOVE_UPROAR,Uproar,Normal,Special,90,100,10,MOVE_EFFECT_UPROAR,0,True,Honchkrow; Houndoom; Tyranitar; Mightyena; Sharpedo; Spiritomb,6,15,0.4,True,True
Engine,Dark,TutorMoves,MOVE_WATER_PULSE,Water Pulse,Water,Special,60,100,20,MOVE_EFFECT_CONFUSE_HIT,0,True,Tyranitar; Sableye; Sharpedo; Crawdaunt; Absol; Spiritomb,6,15,0.4,False,True
Engine,Dark,TutorMoves,MOVE_WONDER_ROOM,Wonder Room,Psychic,Status,0,0,10,MOVE_EFFECT_HIT,0,True,Umbreon; Sableye; Spiritomb,3,15,0.2,False,False
Engine,Dark,TutorMoves,MOVE_WORRY_SEED,Worry Seed,Grass,Status,0,100,10,MOVE_EFFECT_SET_ABILITY_TO_INSOMNIA,0,True,Shiftry; Cacturne,2,15,0.133,True,False
Engine,Dark,TutorMoves,MOVE_ZEN_HEADBUTT,Zen Headbutt,Psychic,Physical,80,90,15,MOVE_EFFECT_FLINCH_HIT,0,True,Sableye; Sharpedo; Absol,3,15,0.2,True,False
Engine,Ground,MachineMoves,MOVE_ACID_SPRAY,Acid Spray,Poison,Special,40,100,20,MOVE_EFFECT_LOWER_SP_DEF_2_HIT,0,True,Quagsire,1,19,0.053,False,False
Engine,Ground,MachineMoves,MOVE_ACROBATICS,Acrobatics,Flying,Physical,55,100,15,MOVE_EFFECT_DOUBLE_POWER_WITHOUT_ITEM,0,True,Gliscor,1,19,0.053,False,False
Engine,Ground,MachineMoves,MOVE_AERIAL_ACE,Aerial Ace,Flying,Physical,60,0,20,MOVE_EFFECT_BYPASS_ACCURACY,0,True,Sandslash; Dugtrio; Marowak; Flygon; Garchomp; Gliscor,6,19,0.316,True,False
Engine,Ground,MachineMoves,MOVE_AGILITY,Agility,Psychic,Status,0,0,30,MOVE_EFFECT_SPEED_UP_2,0,True,Sandslash; Dugtrio; Flygon; Gliscor,4,19,0.211,True,False
Engine,Ground,MachineMoves,MOVE_AIR_CUTTER,Air Cutter,Flying,Special,60,95,25,MOVE_EFFECT_HIGH_CRITICAL,0,True,Flygon,1,19,0.053,False,False
Engine,Ground,MachineMoves,MOVE_AIR_SLASH,Air Slash,Flying,Special,75,95,15,MOVE_EFFECT_FLINCH_HIT,0,True,Flygon,1,19,0.053,False,False
Engine,Ground,MachineMoves,MOVE_ALLURING_VOICE,Alluring Voice,Fairy,Special,80,100,10,MOVE_EFFECT_HIT,0,True,Flygon,1,19,0.053,True,False
Engine,Ground,MachineMoves,MOVE_ALLY_SWITCH,Ally Switch,Psychic,Status,0,0,15,MOVE_EFFECT_HIT,2,True,Dugtrio; Claydol,2,19,0.105,True,False
Engine,Ground,MachineMoves,MOVE_AMNESIA,Amnesia,Psychic,Status,0,0,20,MOVE_EFFECT_SP_DEF_UP_2,0,True,Sandslash; Nidoking; Quagsire; Swampert; Whiscash; Camerupt; Torterra; Hippowdon; Mamoswine,9,19,0.474,True,True
Engine,Ground,MachineMoves,MOVE_ASSURANCE,Assurance,Dark,Physical,60,100,10,MOVE_EFFECT_DOUBLE_POWER_IF_TARGET_HIT,0,True,Dugtrio,1,19,0.053,False,False
Engine,Ground,MachineMoves,MOVE_ATTRACT,Attract,Normal,Status,0,100,15,MOVE_EFFECT_INFATUATE,0,True,Sandslash; Nidoking; Dugtrio; Golem; Steelix; Marowak; Rhyperior; Donphan; Quagsire; Swampert; Flygon; Whiscash; Camerupt; Torterra; Garchomp; Hippowdon; Mamoswine; Gliscor,18,19,0.947,True,True
Engine,Ground,MachineMoves,MOVE_AVALANCHE,Avalanche,Ice,Physical,60,100,10,MOVE_EFFECT_DOUBLE_DAMAGE_IF_HIT,-4,True,Nidoking; Rhyperior; Quagsire; Swampert; Mamoswine,5,19,0.263,True,False
Engine,Ground,MachineMoves,MOVE_BATON_PASS,Baton Pass,Normal,Status,0,0,40,MOVE_EFFECT_PASS_STATS_AND_STATUS,0,True,Gliscor,1,19,0.053,True,False
Engine,Ground,MachineMoves,MOVE_BEAT_UP,Beat Up,Dark,Physical,1,100,10,MOVE_EFFECT_BEAT_UP,0,True,Nidoking; Dugtrio,2,19,0.105,False,False
Engine,Ground,MachineMoves,MOVE_BIDE,Bide,Normal,Physical,1,0,10,MOVE_EFFECT_BIDE,1,True,Sandslash; Nidoking; Dugtrio; Golem; Marowak,5,19,0.263,False,False
Engine,Ground,MachineMoves,MOVE_BLIZZARD,Blizzard,Ice,Special,110,70,5,MOVE_EFFECT_BLIZZARD,0,True,Nidoking; Marowak; Rhyperior; Quagsire; Swampert; Whiscash; Mamoswine,7,19,0.368,True,True
Engine,Ground,MachineMoves,MOVE_BODY_PRESS,Body Press,Fighting,Physical,80,100,10,MOVE_EFFECT_HIT,0,True,Nidoking; Golem; Steelix; Rhyperior; Donphan; Quagsire; Swampert; Camerupt; Claydol; Torterra; Hippowdon; Mamoswine,12,19,0.632,True,True
Engine,Ground,MachineMoves,MOVE_BODY_SLAM,Body Slam,Normal,Physical,85,100,15,MOVE_EFFECT_PARALYZE_HIT,0,True,Sandslash; Nidoking; Dugtrio; Golem; Steelix; Marowak; Rhyperior; Donphan; Quagsire; Swampert; Flygon; Whiscash; Camerupt; Torterra; Garchomp; Hippowdon; Mamoswine,17,19,0.895,True,True
Engine,Ground,MachineMoves,MOVE_BOUNCE,Bounce,Flying,Physical,85,85,5,MOVE_EFFECT_BOUNCE,0,True,Whiscash,1,19,0.053,False,False
Engine,Ground,MachineMoves,MOVE_BREAKING_SWIPE,Breaking Swipe,Dragon,Physical,60,100,15,MOVE_EFFECT_LOWER_ATTACK_HIT,0,True,Steelix; Rhyperior; Flygon; Garchomp; Gliscor,5,19,0.263,True,False
Engine,Ground,MachineMoves,MOVE_BRICK_BREAK,Brick Break,Fighting,Physical,75,100,15,MOVE_EFFECT_REMOVE_SCREENS,0,True,Sandslash; Nidoking; Golem; Marowak; Rhyperior; Quagsire; Swampert; Garchomp; Gliscor,9,19,0.474,True,True
Engine,Ground,MachineMoves,MOVE_BRUTAL_SWING,Brutal Swing,Dark,Physical,60,100,20,MOVE_EFFECT_HIT,0,True,Steelix; Marowak; Rhyperior; Donphan; Flygon; Garchomp; Gliscor,7,19,0.368,False,True
Engine,Ground,MachineMoves,MOVE_BUBBLE_BEAM,Bubble Beam,Water,Special,65,100,20,MOVE_EFFECT_LOWER_SPEED_HIT,0,True,Nidoking; Marowak,2,19,0.105,False,False
Engine,Ground,MachineMoves,MOVE_BUG_BITE,Bug Bite,Bug,Physical,60,100,20,MOVE_EFFECT_EAT_BERRY,0,True,Flygon,1,19,0.053,True,False
Engine,Ground,MachineMoves,MOVE_BUG_BUZZ,Bug Buzz,Bug,Special,90,100,10,MOVE_EFFECT_LOWER_SP_DEF_HIT,0,True,Flygon,1,19,0.053,True,False
Engine,Ground,MachineMoves,MOVE_BULK_UP,Bulk Up,Fighting,Status,0,0,20,MOVE_EFFECT_ATK_DEF_UP,0,True,Swampert,1,19,0.053,True,False
Engine,Ground,MachineMoves,MOVE_BULLDOZE,Bulldoze,Ground,Physical,60,100,20,MOVE_EFFECT_LOWER_SPEED_HIT,0,True,Sandslash; Nidoking; Dugtrio; Golem; Steelix; Marowak; Rhyperior; Donphan; Quagsire; Swampert; Flygon; Whiscash; Camerupt; Claydol; Torterra; Garchomp; Hippowdon; Mamoswine; Gliscor,19,19,1.0,False,True
Engine,Ground,MachineMoves,MOVE_BULLET_SEED,Bullet Seed,Grass,Physical,25,100,30,MOVE_EFFECT_MULTI_HIT,0,True,Torterra,1,19,0.053,True,False
Engine,Ground,MachineMoves,MOVE_CALM_MIND,Calm Mind,Psychic,Status,0,0,20,MOVE_EFFECT_SP_ATK_SP_DEF_UP,0,True,Claydol,1,19,0.053,True,False
Engine,Ground,MachineMoves,MOVE_CAPTIVATE,Captivate,Normal,Status,0,100,20,MOVE_EFFECT_SP_ATK_DOWN_2_OPPOSITE_GENDER,0,True,Sandslash; Nidoking; Dugtrio; Golem; Steelix; Marowak; Rhyperior; Donphan; Quagsire; Swampert; Flygon; Whiscash; Camerupt; Torterra; Garchomp; Hippowdon; Mamoswine; Gliscor,18,19,0.947,True,True
Engine,Ground,MachineMoves,MOVE_CHARGE_BEAM,Charge Beam,Electric,Special,50,90,10,MOVE_EFFECT_RAISE_SP_ATK_HIT,0,True,Claydol,1,19,0.053,True,False
Engine,Ground,MachineMoves,MOVE_CHARM,Charm,Fairy,Status,0,100,20,MOVE_EFFECT_ATK_DOWN_2,0,True,Dugtrio; Donphan; Camerupt; Mamoswine,4,19,0.211,False,False
Engine,Ground,MachineMoves,MOVE_CHILLING_WATER,Chilling Water,Water,Special,50,100,20,MOVE_EFFECT_LOWER_ATTACK_HIT,0,True,Quagsire; Swampert; Whiscash,3,19,0.158,False,False
Engine,Ground,MachineMoves,MOVE_CONFIDE,Confide,Normal,Status,0,0,20,MOVE_EFFECT_HIT,0,True,Sandslash; Nidoking; Dugtrio; Golem; Steelix; Marowak; Rhyperior; Donphan; Quagsire; Swampert; Flygon; Whiscash; Camerupt; Claydol; Torterra; Garchomp; Hippowdon; Mamoswine; Gliscor,19,19,1.0,True,True
Engine,Ground,MachineMoves,MOVE_COSMIC_POWER,Cosmic Power,Psychic,Status,0,0,20,MOVE_EFFECT_DEF_SP_DEF_UP,0,True,Claydol,1,19,0.053,True,False
Engine,Ground,MachineMoves,MOVE_COUNTER,Counter,Fighting,Physical,1,100,20,MOVE_EFFECT_COUNTER,-5,True,Nidoking; Golem; Marowak,3,19,0.158,False,False
Engine,Ground,MachineMoves,MOVE_CRUNCH,Crunch,Dark,Physical,80,100,15,MOVE_EFFECT_LOWER_DEFENSE_HIT,0,True,Steelix; Rhyperior; Flygon; Torterra; Garchomp; Hippowdon; Gliscor,7,19,0.368,True,True
Engine,Ground,MachineMoves,MOVE_CURSE,Curse,Ghost,Status,0,0,10,MOVE_EFFECT_CURSE,0,True,Sandslash; Nidoking; Dugtrio; Golem; Steelix; Marowak; Rhyperior; Donphan; Quagsire; Swampert; Whiscash; Camerupt; Torterra; Hippowdon; Mamoswine,15,19,0.789,True,True
Engine,Ground,MachineMoves,MOVE_CUT,Cut,Normal,Physical,50,95,30,MOVE_EFFECT_HIT,0,True,Sandslash; Nidoking; Dugtrio; Steelix; Rhyperior; Torterra; Garchomp; Gliscor,8,19,0.421,True,True
Engine,Ground,MachineMoves,MOVE_DARKEST_LARIAT,Darkest Lariat,Dark,Physical,85,100,10,MOVE_EFFECT_HIT,0,True,Swampert,1,19,0.053,True,False
Engine,Ground,MachineMoves,MOVE_DARK_PULSE,Dark Pulse,Dark,Special,80,100,15,MOVE_EFFECT_FLINCH_HIT,0,True,Steelix; Marowak; Gliscor,3,19,0.158,True,False
Engine,Ground,MachineMoves,MOVE_DAZZLING_GLEAM,Dazzling Gleam,Fairy,Special,80,100,10,MOVE_EFFECT_HIT,0,True,Claydol,1,19,0.053,True,False
Engine,Ground,MachineMoves,MOVE_DEFENSE_CURL,Defense Curl,Normal,Status,0,0,40,MOVE_EFFECT_DEF_UP_DOUBLE_ROLLOUT_POWER,0,True,Sandslash; Nidoking; Golem; Steelix; Donphan; Quagsire,6,19,0.316,False,False
Engine,Ground,MachineMoves,MOVE_DEFOG,Defog,Flying,Status,0,0,15,MOVE_EFFECT_REMOVE_HAZARDS_SCREENS_EVA_DOWN,0,True,Flygon; Gliscor,2,19,0.105,False,False
Engine,Ground,MachineMoves,MOVE_DETECT,Detect,Fighting,Status,0,0,5,MOVE_EFFECT_PROTECT,4,True,Sandslash; Nidoking; Marowak,3,19,0.158,False,False
Engine,Ground,MachineMoves,MOVE_DIG,Dig,Ground,Physical,80,100,10,MOVE_EFFECT_DIG,0,True,Sandslash; Nidoking; Dugtrio; Golem; Steelix; Marowak; Rhyperior; Donphan; Quagsire; Swampert; Flygon; Camerupt; Claydol; Garchomp; Hippowdon; Mamoswine; Gliscor,17,19,0.895,True,True
Engine,Ground,MachineMoves,MOVE_DIVE,Dive,Water,Physical,80,100,10,MOVE_EFFECT_DIVE,0,True,Quagsire; Swampert; Whiscash,3,19,0.158,True,False
Engine,Ground,MachineMoves,MOVE_DOUBLE_EDGE,Double-Edge,Normal,Physical,120,100,15,MOVE_EFFECT_RECOIL_THIRD,0,True,Sandslash; Nidoking; Dugtrio; Golem; Marowak; Rhyperior; Donphan; Quagsire; Swampert; Flygon; Whiscash; Camerupt; Torterra; Garchomp; Hippowdon; Mamoswine; Gliscor,17,19,0.895,True,True
Engine,Ground,MachineMoves,MOVE_DOUBLE_TEAM,Double Team,Normal,Status,0,0,15,MOVE_EFFECT_EVA_UP,0,True,Sandslash; Nidoking; Dugtrio; Golem; Steelix; Marowak; Rhyperior; Donphan; Quagsire; Swampert; Flygon; Whiscash; Camerupt; Claydol; Torterra; Garchomp; Hippowdon; Mamoswine; Gliscor,19,19,1.0,True,True
Engine,Ground,MachineMoves,MOVE_DRACO_METEOR,Draco Meteor,Dragon,Special,130,90,5,MOVE_EFFECT_USER_SP_ATK_DOWN_2,0,True,Flygon; Garchomp,2,19,0.105,True,False
Engine,Ground,MachineMoves,MOVE_DRAGON_BREATH,Dragon Breath,Dragon,Special,60,100,20,MOVE_EFFECT_PARALYZE_HIT,0,True,Steelix,1,19,0.053,False,False
Engine,Ground,MachineMoves,MOVE_DRAGON_CHEER,Dragon Cheer,Dragon,Status,0,0,15,MOVE_EFFECT_HIT,0,True,Flygon; Garchomp,2,19,0.105,True,False
Engine,Ground,MachineMoves,MOVE_DRAGON_CLAW,Dragon Claw,Dragon,Physical,80,100,15,MOVE_EFFECT_HIT,0,True,Flygon; Garchomp,2,19,0.105,True,False
Engine,Ground,MachineMoves,MOVE_DRAGON_DANCE,Dragon Dance,Dragon,Status,0,0,20,MOVE_EFFECT_ATK_SPEED_UP,0,True,Steelix; Flygon; Whiscash,3,19,0.158,True,False
Engine,Ground,MachineMoves,MOVE_DRAGON_PULSE,Dragon Pulse,Dragon,Special,85,100,10,MOVE_EFFECT_HIT,0,True,Nidoking; Steelix; Rhyperior; Flygon; Garchomp,5,19,0.263,True,False
Engine,Ground,MachineMoves,MOVE_DRAGON_TAIL,Dragon Tail,Dragon,Physical,60,90,10,MOVE_EFFECT_FORCE_SWITCH_HIT,-6,True,Nidoking; Steelix; Rhyperior; Flygon; Garchomp,5,19,0.263,False,False
Engine,Ground,MachineMoves,MOVE_DRAIN_PUNCH,Drain Punch,Fighting,Physical,75,100,10,MOVE_EFFECT_RECOVER_HALF_DAMAGE_DEALT,0,True,Quagsire,1,19,0.053,True,False
Engine,Ground,MachineMoves,MOVE_DREAM_EATER,Dream Eater,Psychic,Special,100,100,15,MOVE_EFFECT_RECOVER_DAMAGE_SLEEP,0,True,Marowak; Claydol,2,19,0.105,True,False
Engine,Ground,MachineMoves,MOVE_DRILL_RUN,Drill Run,Ground,Physical,80,95,10,MOVE_EFFECT_HIGH_CRITICAL,0,True,Sandslash; Nidoking; Steelix; Rhyperior; Claydol,5,19,0.263,True,True
Engine,Ground,MachineMoves,MOVE_DUAL_WINGBEAT,Dual Wingbeat,Flying,Physical,40,90,10,MOVE_EFFECT_HIT_TWICE,0,True,Flygon; Gliscor,2,19,0.105,True,False
Engine,Ground,MachineMoves,MOVE_DYNAMIC_PUNCH,Dynamic Punch,Fighting,Physical,100,50,5,MOVE_EFFECT_CONFUSE_HIT,0,True,Sandslash; Nidoking; Golem; Marowak; Quagsire,5,19,0.263,False,False
Engine,Ground,MachineMoves,MOVE_EARTHQUAKE,Earthquake,Ground,Physical,100,100,10,MOVE_EFFECT_DOUBLE_DAMAGE_DIG,0,True,Sandslash; Nidoking; Dugtrio; Golem; Steelix; Marowak; Rhyperior; Donphan; Quagsire; Swampert; Flygon; Whiscash; Camerupt; Claydol; Torterra; Garchomp; Hippowdon; Mamoswine; Gliscor,19,19,1.0,True,True
Engine,Ground,MachineMoves,MOVE_EARTH_POWER,Earth Power,Ground,Special,90,100,10,MOVE_EFFECT_LOWER_SP_DEF_HIT,0,True,Sandslash; Nidoking; Dugtrio; Golem; Steelix; Marowak; Rhyperior; Donphan; Quagsire; Swampert; Flygon; Whiscash; Camerupt; Claydol; Torterra; Garchomp; Hippowdon; Mamoswine; Gliscor,19,19,1.0,True,True
Engine,Ground,MachineMoves,MOVE_ECHOED_VOICE,Echoed Voice,Normal,Special,40,100,15,MOVE_EFFECT_HIT,0,True,Nidoking; Dugtrio; Marowak; Donphan; Swampert; Camerupt,6,19,0.316,False,False
Engine,Ground,MachineMoves,MOVE_EERIE_IMPULSE,Eerie Impulse,Electric,Status,0,100,15,MOVE_EFFECT_SP_ATK_DOWN_2,0,True,Quagsire; Claydol,2,19,0.105,True,False
Engine,Ground,MachineMoves,MOVE_ENCORE,Encore,Normal,Status,0,100,5,MOVE_EFFECT_ENCORE,0,True,Donphan; Quagsire,2,19,0.105,True,False
Engine,Ground,MachineMoves,MOVE_ENDEAVOR,Endeavor,Normal,Physical,1,100,5,MOVE_EFFECT_SET_HP_EQUAL_TO_USER,0,True,Sandslash; Dugtrio; Rhyperior; Donphan; Swampert; Camerupt; Mamoswine,7,19,0.368,True,True
Engine,Ground,MachineMoves,MOVE_ENDURE,Endure,Normal,Status,0,0,10,MOVE_EFFECT_SURVIVE_WITH_1_HP,4,True,Sandslash; Nidoking; Dugtrio; Golem; Steelix; Marowak; Rhyperior; Donphan; Quagsire; Swampert; Flygon; Whiscash; Camerupt; Claydol; Torterra; Garchomp; Hippowdon; Mamoswine; Gliscor,19,19,1.0,True,True
Engine,Ground,MachineMoves,MOVE_ENERGY_BALL,Energy Ball,Grass,Special,90,100,10,MOVE_EFFECT_LOWER_SP_DEF_HIT,0,True,Torterra,1,19,0.053,True,False
Engine,Ground,MachineMoves,MOVE_EXPLOSION,Explosion,Normal,Physical,250,100,5,MOVE_EFFECT_HALVE_DEFENSE,0,True,Golem; Steelix; Camerupt; Claydol,4,19,0.211,True,False
Engine,Ground,MachineMoves,MOVE_FACADE,Facade,Normal,Physical,70,100,20,MOVE_EFFECT_DOUBLE_POWER_WHEN_STATUSED,0,True,Sandslash; Nidoking; Dugtrio; Golem; Steelix; Marowak; Rhyperior; Donphan; Quagsire; Swampert; Flygon; Whiscash; Camerupt; Claydol; Torterra; Garchomp; Hippowdon; Mamoswine; Gliscor,19,19,1.0,True,True
Engine,Ground,MachineMoves,MOVE_FALSE_SWIPE,False Swipe,Normal,Physical,40,100,40,MOVE_EFFECT_LEAVE_WITH_1_HP,0,True,Sandslash; Marowak; Garchomp; Gliscor,4,19,0.211,True,False
Engine,Ground,MachineMoves,MOVE_FIRE_BLAST,Fire Blast,Fire,Special,110,85,5,MOVE_EFFECT_BURN_HIT,0,True,Nidoking; Golem; Marowak; Rhyperior; Flygon; Camerupt; Garchomp,7,19,0.368,True,True
Engine,Ground,MachineMoves,MOVE_FIRE_FANG,Fire Fang,Fire,Physical,65,95,15,MOVE_EFFECT_FLINCH_BURN_HIT,0,True,Steelix; Rhyperior; Donphan; Garchomp; Hippowdon; Gliscor,6,19,0.316,False,False
Engine,Ground,MachineMoves,MOVE_FIRE_PUNCH,Fire Punch,Fire,Physical,75,100,15,MOVE_EFFECT_BURN_HIT,0,True,Nidoking; Golem; Marowak; Rhyperior; Flygon,5,19,0.263,False,False
Engine,Ground,MachineMoves,MOVE_FIRE_SPIN,Fire Spin,Fire,Special,35,85,15,MOVE_EFFECT_BIND_HIT,0,True,Flygon; Camerupt,2,19,0.105,False,False
Engine,Ground,MachineMoves,MOVE_FISSURE,Fissure,Ground,Physical,1,30,5,MOVE_EFFECT_ONE_HIT_KO,0,True,Sandslash; Nidoking; Dugtrio; Golem; Marowak,5,19,0.263,False,True
Engine,Ground,MachineMoves,MOVE_FLAMETHROWER,Flamethrower,Fire,Special,90,100,15,MOVE_EFFECT_BURN_HIT,0,True,Nidoking; Golem; Marowak; Rhyperior; Flygon; Camerupt; Garchomp,7,19,0.368,True,True
Engine,Ground,MachineMoves,MOVE_FLAME_CHARGE,Flame Charge,Fire,Physical,50,100,20,MOVE_EFFECT_RAISE_SPEED_HIT,0,True,Marowak; Camerupt,2,19,0.105,False,False
Engine,Ground,MachineMoves,MOVE_FLARE_BLITZ,Flare Blitz,Fire,Physical,120,100,15,MOVE_EFFECT_RECOIL_BURN_HIT,0,True,Camerupt,1,19,0.053,True,False
Engine,Ground,MachineMoves,MOVE_FLASH,Flash,Normal,Status,0,100,20,MOVE_EFFECT_ACC_DOWN,0,True,Quagsire; Claydol; Torterra,3,19,0.158,True,False
Engine,Ground,MachineMoves,MOVE_FLASH_CANNON,Flash Cannon,Steel,Special,80,100,10,MOVE_EFFECT_LOWER_SP_DEF_HIT,0,True,Steelix; Rhyperior; Camerupt,3,19,0.158,True,False
Engine,Ground,MachineMoves,MOVE_FLING,Fling,Dark,Physical,1,100,10,MOVE_EFFECT_FLING,0,True,Sandslash; Nidoking; Golem; Marowak; Rhyperior; Quagsire; Swampert; Garchomp; Gliscor,9,19,0.474,True,True
Engine,Ground,MachineMoves,MOVE_FLIP_TURN,Flip Turn,Water,Physical,60,100,20,MOVE_EFFECT_SWITCH_HIT,0,True,Swampert,1,19,0.053,True,False
Engine,Ground,MachineMoves,MOVE_FLY,Fly,Flying,Physical,90,95,15,MOVE_EFFECT_FLY,0,True,Flygon,1,19,0.053,True,False
Engine,Ground,MachineMoves,MOVE_FOCUS_BLAST,Focus Blast,Fighting,Special,120,70,5,MOVE_EFFECT_LOWER_SP_DEF_HIT,0,True,Sandslash; Nidoking; Golem; Marowak; Rhyperior; Quagsire; Swampert,7,19,0.368,True,True
Engine,Ground,MachineMoves,MOVE_FOCUS_ENERGY,Focus Energy,Normal,Status,0,0,30,MOVE_EFFECT_CRIT_UP_2,0,True,Nidoking; Marowak; Flygon,3,19,0.158,True,False
Engine,Ground,MachineMoves,MOVE_FOCUS_PUNCH,Focus Punch,Fighting,Physical,150,100,20,MOVE_EFFECT_HIT_LAST_WHIFF_IF_HIT,-3,True,Sandslash; Nidoking; Golem; Marowak; Rhyperior; Quagsire; Swampert,7,19,0.368,True,True
Engine,Ground,MachineMoves,MOVE_FOUL_PLAY,Foul Play,Dark,Physical,95,100,15,MOVE_EFFECT_HIT,0,True,Dugtrio,1,19,0.053,True,False
Engine,Ground,MachineMoves,MOVE_FRENZY_PLANT,Frenzy Plant,Grass,Special,150,90,5,MOVE_EFFECT_RECHARGE_AFTER,0,True,Torterra,1,19,0.053,True,False
Engine,Ground,MachineMoves,MOVE_FRUSTRATION,Frustration,Normal,Physical,1,100,20,MOVE_EFFECT_POWER_BASED_ON_LOW_FRIENDSHIP,0,True,Sandslash; Nidoking; Dugtrio; Golem; Steelix; Marowak; Rhyperior; Donphan; Quagsire; Swampert; Flygon; Whiscash; Camerupt; Claydol; Torterra; Garchomp; Hippowdon; Mamoswine; Gliscor,19,19,1.0,True,True
Engine,Ground,MachineMoves,MOVE_FURY_CUTTER,Fury Cutter,Bug,Physical,40,95,20,MOVE_EFFECT_DOUBLE_POWER_EACH_TURN,0,True,Sandslash; Nidoking; Golem,3,19,0.158,False,False
Engine,Ground,MachineMoves,MOVE_FUTURE_SIGHT,Future Sight,Psychic,Special,120,100,10,MOVE_EFFECT_HIT_IN_3_TURNS,0,True,Whiscash; Claydol,2,19,0.105,True,False
Engine,Ground,MachineMoves,MOVE_GIGA_DRAIN,Giga Drain,Grass,Special,75,100,10,MOVE_EFFECT_RECOVER_HALF_DAMAGE_DEALT,0,True,Flygon; Torterra,2,19,0.105,True,False
Engine,Ground,MachineMoves,MOVE_GIGA_IMPACT,Giga Impact,Normal,Physical,150,90,5,MOVE_EFFECT_RECHARGE_AFTER,0,True,Sandslash; Nidoking; Dugtrio; Golem; Steelix; Marowak; Rhyperior; Donphan; Quagsire; Swampert; Flygon; Whiscash; Camerupt; Claydol; Torterra; Garchomp; Hippowdon; Mamoswine; Gliscor,19,19,1.0,True,True
Engine,Ground,MachineMoves,MOVE_GRASSY_GLIDE,Grassy Glide,Grass,Physical,55,100,20,MOVE_EFFECT_HIT,0,True,Torterra,1,19,0.053,True,False
Engine,Ground,MachineMoves,MOVE_GRASSY_TERRAIN,Grassy Terrain,Grass,Status,0,0,10,MOVE_EFFECT_APPLY_TERRAINS,0,True,Torterra,1,19,0.053,True,False
Engine,Ground,MachineMoves,MOVE_GRASS_KNOT,Grass Knot,Grass,Special,1,100,20,MOVE_EFFECT_INCREASE_POWER_WITH_WEIGHT,0,True,Claydol; Torterra,2,19,0.105,True,False
Engine,Ground,MachineMoves,MOVE_GRASS_PLEDGE,Grass Pledge,Grass,Special,80,100,10,MOVE_EFFECT_HIT,0,True,Torterra,1,19,0.053,True,False
Engine,Ground,MachineMoves,MOVE_GUARD_SWAP,Guard Swap,Psychic,Status,0,0,10,MOVE_EFFECT_SWAP_DEF_SP_DEF_STAT_CHANGES,0,True,Quagsire; Claydol,2,19,0.105,False,False
Engine,Ground,MachineMoves,MOVE_GUNK_SHOT,Gunk Shot,Poison,Physical,120,80,5,MOVE_EFFECT_POISON_HIT,0,True,Sandslash; Donphan; Gliscor,3,19,0.158,True,False
Engine,Ground,MachineMoves,MOVE_GYRO_BALL,Gyro Ball,Steel,Physical,1,100,5,MOVE_EFFECT_POWER_BASED_ON_LOW_SPEED,0,True,Sandslash; Golem; Steelix; Donphan; Claydol,5,19,0.263,True,False
Engine,Ground,MachineMoves,MOVE_HAIL,Hail,Ice,Status,0,0,10,MOVE_EFFECT_WEATHER_HAIL,0,True,Quagsire; Swampert; Whiscash; Mamoswine,4,19,0.211,True,False
Engine,Ground,MachineMoves,MOVE_HARD_PRESS,Hard Press,Steel,Physical,0,100,10,MOVE_EFFECT_HIT,0,True,Golem; Swampert; Torterra; Hippowdon; Mamoswine,5,19,0.263,True,False
Engine,Ground,MachineMoves,MOVE_HAZE,Haze,Ice,Status,0,0,30,MOVE_EFFECT_RESET_STAT_CHANGES,0,True,Quagsire; Mamoswine,2,19,0.105,True,False
Engine,Ground,MachineMoves,MOVE_HEADBUTT,Headbutt,Normal,Physical,70,100,15,MOVE_EFFECT_FLINCH_HIT,0,True,Sandslash; Nidoking; Dugtrio; Golem; Steelix; Marowak; Donphan; Quagsire,8,19,0.421,False,True
Engine,Ground,MachineMoves,MOVE_HEAT_CRASH,Heat Crash,Fire,Physical,1,100,10,MOVE_EFFECT_HEAVY_SLAM,0,True,Rhyperior; Camerupt,2,19,0.105,True,False
Engine,Ground,MachineMoves,MOVE_HEAT_WAVE,Heat Wave,Fire,Special,95,90,10,MOVE_EFFECT_BURN_HIT,0,True,Flygon; Camerupt,2,19,0.105,True,False
Engine,Ground,MachineMoves,MOVE_HEAVY_SLAM,Heavy Slam,Steel,Physical,1,100,10,MOVE_EFFECT_HEAVY_SLAM,0,True,Golem; Steelix; Rhyperior; Donphan; Camerupt; Torterra; Hippowdon; Mamoswine,8,19,0.421,True,True
Engine,Ground,MachineMoves,MOVE_HELPING_HAND,Helping Hand,Normal,Status,0,0,20,MOVE_EFFECT_BOOST_ALLY_POWER_BY_50_PERCENT,5,True,Nidoking; Rhyperior; Donphan; Quagsire; Swampert; Flygon; Whiscash; Camerupt; Garchomp; Hippowdon,10,19,0.526,True,True
Engine,Ground,MachineMoves,MOVE_HEX,Hex,Ghost,Special,65,100,10,MOVE_EFFECT_DOUBLE_DAMAGE_ON_STATUS,0,True,Nidoking; Claydol,2,19,0.105,False,False
Engine,Ground,MachineMoves,MOVE_HIDDEN_POWER,Hidden Power,Normal,Special,60,100,15,MOVE_EFFECT_RANDOM_TYPE_BASED_ON_IVS,0,True,Sandslash; Nidoking; Dugtrio; Golem; Steelix; Marowak; Rhyperior; Donphan; Quagsire; Swampert; Flygon; Whiscash; Camerupt; Claydol; Torterra; Garchomp; Hippowdon; Mamoswine; Gliscor,19,19,1.0,True,True
Engine,Ground,MachineMoves,MOVE_HIGH_HORSEPOWER,High Horsepower,Ground,Physical,95,95,10,MOVE_EFFECT_HIT,0,True,Sandslash; Nidoking; Dugtrio; Golem; Steelix; Rhyperior; Donphan; Quagsire; Swampert; Whiscash; Camerupt; Torterra; Hippowdon; Mamoswine; Gliscor,15,19,0.789,True,True
Engine,Ground,MachineMoves,MOVE_HONE_CLAWS,Hone Claws,Dark,Status,0,0,15,MOVE_EFFECT_ATK_ACC_UP,0,True,Sandslash; Nidoking; Dugtrio; Flygon; Garchomp; Gliscor,6,19,0.316,False,False
Engine,Ground,MachineMoves,MOVE_HORN_DRILL,Horn Drill,Normal,Physical,1,30,5,MOVE_EFFECT_ONE_HIT_KO,0,True,Nidoking,1,19,0.053,False,False
Engine,Ground,MachineMoves,MOVE_HYDRO_CANNON,Hydro Cannon,Water,Special,150,90,5,MOVE_EFFECT_RECHARGE_AFTER,0,True,Swampert,1,19,0.053,True,False
Engine,Ground,MachineMoves,MOVE_HYDRO_PUMP,Hydro Pump,Water,Special,110,80,5,MOVE_EFFECT_HIT,0,True,Rhyperior; Quagsire; Swampert; Whiscash,4,19,0.211,True,False
Engine,Ground,MachineMoves,MOVE_HYPER_BEAM,Hyper Beam,Normal,Special,150,90,5,MOVE_EFFECT_RECHARGE_AFTER,0,True,Sandslash; Nidoking; Dugtrio; Golem; Steelix; Marowak; Rhyperior; Donphan; Quagsire; Swampert; Flygon; Whiscash; Camerupt; Claydol; Torterra; Garchomp; Hippowdon; Mamoswine; Gliscor,19,19,1.0,True,True
Engine,Ground,MachineMoves,MOVE_HYPER_VOICE,Hyper Voice,Normal,Special,90,100,10,MOVE_EFFECT_HIT,0,True,Donphan; Torterra; Hippowdon,3,19,0.158,True,False
Engine,Ground,MachineMoves,MOVE_ICE_BEAM,Ice Beam,Ice,Special,90,100,10,MOVE_EFFECT_FREEZE_HIT,0,True,Nidoking; Marowak; Rhyperior; Quagsire; Swampert; Whiscash; Claydol; Mamoswine,8,19,0.421,True,True
Engine,Ground,MachineMoves,MOVE_ICE_FANG,Ice Fang,Ice,Physical,65,95,15,MOVE_EFFECT_FLINCH_FREEZE_HIT,0,True,Steelix; Rhyperior; Donphan; Hippowdon; Mamoswine; Gliscor,6,19,0.316,False,False
Engine,Ground,MachineMoves,MOVE_ICE_PUNCH,Ice Punch,Ice,Physical,75,100,15,MOVE_EFFECT_FREEZE_HIT,0,True,Nidoking; Rhyperior; Quagsire; Swampert,4,19,0.211,False,False
Engine,Ground,MachineMoves,MOVE_ICE_SPINNER,Ice Spinner,Ice,Physical,80,100,15,MOVE_EFFECT_END_TERRAIN,0,True,Donphan,1,19,0.053,True,False
Engine,Ground,MachineMoves,MOVE_ICICLE_SPEAR,Icicle Spear,Ice,Physical,25,100,30,MOVE_EFFECT_MULTI_HIT,0,True,Mamoswine,1,19,0.053,True,False
Engine,Ground,MachineMoves,MOVE_ICY_WIND,Icy Wind,Ice,Special,55,95,15,MOVE_EFFECT_LOWER_SPEED_HIT,0,True,Nidoking; Marowak; Rhyperior; Quagsire; Swampert; Whiscash; Mamoswine,7,19,0.368,False,True
Engine,Ground,MachineMoves,MOVE_IMPRISON,Imprison,Psychic,Status,0,0,10,MOVE_EFFECT_MAKE_SHARED_MOVES_UNUSEABLE,0,True,Claydol,1,19,0.053,False,False
Engine,Ground,MachineMoves,MOVE_INCINERATE,Incinerate,Fire,Special,60,100,15,MOVE_EFFECT_INCINERATE,0,True,Nidoking; Golem; Marowak; Rhyperior; Flygon; Camerupt; Garchomp,7,19,0.368,False,True
Engine,Ground,MachineMoves,MOVE_INFESTATION,Infestation,Bug,Special,20,100,20,MOVE_EFFECT_BIND_HIT,0,True,Quagsire,1,19,0.053,False,False
Engine,Ground,MachineMoves,MOVE_IRON_DEFENSE,Iron Defense,Steel,Status,0,0,15,MOVE_EFFECT_DEF_UP_2,0,True,Golem; Steelix; Marowak; Rhyperior; Donphan; Claydol; Torterra,7,19,0.368,True,True
Engine,Ground,MachineMoves,MOVE_IRON_HEAD,Iron Head,Steel,Physical,80,100,15,MOVE_EFFECT_FLINCH_HIT,0,True,Golem; Steelix; Marowak; Rhyperior; Donphan; Camerupt; Torterra; Garchomp; Hippowdon; Mamoswine,10,19,0.526,True,True
Engine,Ground,MachineMoves,MOVE_IRON_TAIL,Iron Tail,Steel,Physical,100,75,15,MOVE_EFFECT_LOWER_DEFENSE_HIT,0,True,Sandslash; Nidoking; Steelix; Marowak; Rhyperior; Donphan; Quagsire; Swampert; Flygon; Torterra; Garchomp; Hippowdon; Gliscor,13,19,0.684,True,True
Engine,Ground,MachineMoves,MOVE_KNOCK_OFF,Knock Off,Dark,Physical,65,100,20,MOVE_EFFECT_REMOVE_HELD_ITEM,0,True,Sandslash; Donphan; Swampert; Mamoswine; Gliscor,5,19,0.263,True,False
Engine,Ground,MachineMoves,MOVE_LASH_OUT,Lash Out,Dark,Physical,75,100,5,MOVE_EFFECT_HIT,0,True,Camerupt,1,19,0.053,True,False
Engine,Ground,MachineMoves,MOVE_LEAF_STORM,Leaf Storm,Grass,Special,130,90,5,MOVE_EFFECT_USER_SP_ATK_DOWN_2,0,True,Torterra,1,19,0.053,True,False
Engine,Ground,MachineMoves,MOVE_LEECH_LIFE,Leech Life,Bug,Physical,80,100,10,MOVE_EFFECT_RECOVER_HALF_DAMAGE_DEALT,0,True,Sandslash,1,19,0.053,True,False
Engine,Ground,MachineMoves,MOVE_LIGHT_SCREEN,Light Screen,Psychic,Status,0,0,30,MOVE_EFFECT_SET_LIGHT_SCREEN,0,True,Claydol; Torterra; Mamoswine,3,19,0.158,True,False
Engine,Ground,MachineMoves,MOVE_LIQUIDATION,Liquidation,Water,Physical,85,100,10,MOVE_EFFECT_LOWER_DEFENSE_HIT,0,True,Quagsire; Swampert; Whiscash; Garchomp,4,19,0.211,True,False
Engine,Ground,MachineMoves,MOVE_LOW_KICK,Low Kick,Fighting,Physical,1,100,20,MOVE_EFFECT_INCREASE_POWER_WITH_WEIGHT,0,True,Sandslash; Marowak; Swampert,3,19,0.158,True,False
Engine,Ground,MachineMoves,MOVE_LUNGE,Lunge,Bug,Physical,80,100,15,MOVE_EFFECT_LOWER_ATTACK_HIT,0,True,Gliscor,1,19,0.053,True,False
Engine,Ground,MachineMoves,MOVE_MAGICAL_LEAF,Magical Leaf,Grass,Special,60,0,20,MOVE_EFFECT_BYPASS_ACCURACY,0,True,Torterra,1,19,0.053,False,False
Engine,Ground,MachineMoves,MOVE_MEGAHORN,Megahorn,Bug,Physical,120,85,10,MOVE_EFFECT_HIT,0,True,Nidoking; Rhyperior,2,19,0.105,True,False
Engine,Ground,MachineMoves,MOVE_MEGA_KICK,Mega Kick,Normal,Physical,120,75,5,MOVE_EFFECT_HIT,0,True,Nidoking; Golem; Marowak; Rhyperior; Quagsire; Swampert; Flygon,7,19,0.368,False,True
Engine,Ground,MachineMoves,MOVE_MEGA_PUNCH,Mega Punch,Normal,Physical,80,85,20,MOVE_EFFECT_HIT,0,True,Nidoking; Golem; Marowak; Rhyperior; Quagsire; Swampert; Flygon,7,19,0.368,True,True
Engine,Ground,MachineMoves,MOVE_METAL_CLAW,Metal Claw,Steel,Physical,50,95,35,MOVE_EFFECT_RAISE_ATTACK_HIT,0,True,Sandslash; Rhyperior; Garchomp; Gliscor,4,19,0.211,False,False
Engine,Ground,MachineMoves,MOVE_METEOR_BEAM,Meteor Beam,Rock,Special,120,90,10,MOVE_EFFECT_CHARGE_TURN_SP_ATK_UP,0,True,Rhyperior,1,19,0.053,True,False
Engine,Ground,MachineMoves,MOVE_METRONOME,Metronome,Normal,Status,0,0,10,MOVE_EFFECT_CALL_RANDOM_MOVE,0,True,Golem,1,19,0.053,True,False
Engine,Ground,MachineMoves,MOVE_MIMIC,Mimic,Normal,Status,0,0,10,MOVE_EFFECT_COPY_MOVE_FOR_BATTLE,0,True,Sandslash; Nidoking; Dugtrio; Golem; Marowak,5,19,0.263,False,False
Engine,Ground,MachineMoves,MOVE_MUDDY_WATER,Muddy Water,Water,Special,90,85,10,MOVE_EFFECT_LOWER_ACCURACY_HIT,0,True,Quagsire; Swampert; Whiscash; Hippowdon,4,19,0.211,True,False
Engine,Ground,MachineMoves,MOVE_MUD_SHOT,Mud Shot,Ground,Special,55,95,15,MOVE_EFFECT_LOWER_SPEED_HIT,0,True,Sandslash; Nidoking; Dugtrio; Golem; Rhyperior; Donphan; Quagsire; Swampert; Flygon; Whiscash; Camerupt; Torterra; Garchomp; Hippowdon; Mamoswine; Gliscor,16,19,0.842,False,True
Engine,Ground,MachineMoves,MOVE_MUD_SLAP,Mud-Slap,Ground,Special,20,100,10,MOVE_EFFECT_LOWER_ACCURACY_HIT,0,True,Sandslash; Nidoking; Dugtrio; Golem; Steelix; Marowak; Rhyperior; Donphan; Quagsire; Swampert; Flygon; Whiscash; Camerupt; Torterra; Hippowdon; Mamoswine; Gliscor,17,19,0.895,False,True
Engine,Ground,MachineMoves,MOVE_NASTY_PLOT,Nasty Plot,Dark,Status,0,0,20,MOVE_EFFECT_SP_ATK_UP_2,0,True,Claydol,1,19,0.053,True,False
Engine,Ground,MachineMoves,MOVE_NATURAL_GIFT,Natural Gift,Normal,Physical,1,100,15,MOVE_EFFECT_NATURAL_GIFT,0,True,Sandslash; Nidoking; Dugtrio; Golem; Steelix; Marowak; Rhyperior; Donphan; Quagsire; Swampert; Flygon; Whiscash; Camerupt; Claydol; Torterra; Garchomp; Hippowdon; Mamoswine; Gliscor,19,19,1.0,True,True
Engine,Ground,MachineMoves,MOVE_NATURE_POWER,Nature Power,Normal,Status,0,0,20,MOVE_EFFECT_NATURE_POWER,0,True,Golem; Steelix; Camerupt; Torterra,4,19,0.211,False,False
Engine,Ground,MachineMoves,MOVE_OUTRAGE,Outrage,Dragon,Physical,120,100,10,MOVE_EFFECT_CONTINUE_AND_CONFUSE_SELF,0,True,Nidoking; Marowak; Rhyperior; Swampert; Flygon; Whiscash; Torterra; Garchomp,8,19,0.421,True,True
Engine,Ground,MachineMoves,MOVE_OVERHEAT,Overheat,Fire,Special,130,90,5,MOVE_EFFECT_USER_SP_ATK_DOWN_2,0,True,Camerupt,1,19,0.053,True,False
Engine,Ground,MachineMoves,MOVE_PAYBACK,Payback,Dark,Physical,50,100,10,MOVE_EFFECT_DOUBLE_POWER_IF_HIT,0,True,Steelix; Rhyperior; Gliscor,3,19,0.158,True,False
Engine,Ground,MachineMoves,MOVE_PAY_DAY,Pay Day,Normal,Physical,40,100,20,MOVE_EFFECT_INCREASE_PRIZE_MONEY,0,True,Nidoking; Rhyperior,2,19,0.105,False,False
Engine,Ground,MachineMoves,MOVE_PIN_MISSILE,Pin Missile,Bug,Physical,25,95,20,MOVE_EFFECT_MULTI_HIT,0,True,Sandslash,1,19,0.053,False,False
Engine,Ground,MachineMoves,MOVE_PLAY_ROUGH,Play Rough,Fairy,Physical,90,90,10,MOVE_EFFECT_LOWER_ATTACK_HIT,0,True,Donphan,1,19,0.053,True,False
Engine,Ground,MachineMoves,MOVE_POISON_JAB,Poison Jab,Poison,Physical,80,100,20,MOVE_EFFECT_POISON_HIT,0,True,Sandslash; Nidoking; Rhyperior; Donphan; Swampert; Garchomp; Gliscor,7,19,0.368,True,True
Engine,Ground,MachineMoves,MOVE_POISON_TAIL,Poison Tail,Poison,Physical,50,100,25,MOVE_EFFECT_HIGH_CRITICAL_POISON_HIT,0,True,Gliscor,1,19,0.053,False,False
Engine,Ground,MachineMoves,MOVE_POWER_GEM,Power Gem,Rock,Special,80,100,20,MOVE_EFFECT_HIT,0,True,Garchomp,1,19,0.053,True,False
Engine,Ground,MachineMoves,MOVE_POWER_SWAP,Power Swap,Psychic,Status,0,0,10,MOVE_EFFECT_SWAP_ATK_SP_ATK_STAT_CHANGES,0,True,Claydol,1,19,0.053,False,False
Engine,Ground,MachineMoves,MOVE_POWER_UP_PUNCH,Power-Up Punch,Fighting,Physical,40,100,20,MOVE_EFFECT_RAISE_ATTACK_HIT,0,True,Nidoking; Golem; Marowak; Rhyperior; Quagsire; Swampert; Flygon,7,19,0.368,False,True
Engine,Ground,MachineMoves,MOVE_PROTECT,Protect,Normal,Status,0,0,10,MOVE_EFFECT_PROTECT,4,True,Sandslash; Nidoking; Dugtrio; Golem; Steelix; Marowak; Rhyperior; Donphan; Quagsire; Swampert; Flygon; Whiscash; Camerupt; Claydol; Torterra; Garchomp; Hippowdon; Mamoswine; Gliscor,19,19,1.0,True,True
Engine,Ground,MachineMoves,MOVE_PSYCHIC,Psychic,Psychic,Special,90,100,10,MOVE_EFFECT_LOWER_SP_DEF_HIT,0,True,Claydol,1,19,0.053,True,False
Engine,Ground,MachineMoves,MOVE_PSYCHIC_FANGS,Psychic Fangs,Psychic,Physical,85,100,10,MOVE_EFFECT_REMOVE_SCREENS,0,True,Steelix; Gliscor,2,19,0.105,True,False
Engine,Ground,MachineMoves,MOVE_PSYCHIC_NOISE,Psychic Noise,Psychic,Special,75,100,10,MOVE_EFFECT_PREVENT_HEALING_HIT,0,True,Flygon,1,19,0.053,True,False
Engine,Ground,MachineMoves,MOVE_PSYCHIC_TERRAIN,Psychic Terrain,Psychic,Status,0,0,10,MOVE_EFFECT_APPLY_TERRAINS,0,True,Claydol,1,19,0.053,True,False
Engine,Ground,MachineMoves,MOVE_PSYCH_UP,Psych Up,Normal,Status,0,0,10,MOVE_EFFECT_COPY_STAT_CHANGES,0,True,Steelix; Claydol,2,19,0.105,True,False
Engine,Ground,MachineMoves,MOVE_PSYSHOCK,Psyshock,Psychic,Special,80,100,10,MOVE_EFFECT_HIT,0,True,Claydol,1,19,0.053,True,False
Engine,Ground,MachineMoves,MOVE_QUASH,Quash,Dark,Status,0,100,15,MOVE_EFFECT_QUASH,0,True,Nidoking,1,19,0.053,False,False
Engine,Ground,MachineMoves,MOVE_RAGE,Rage,Normal,Physical,20,100,20,MOVE_EFFECT_RAISE_ATK_WHEN_HIT,0,True,Sandslash; Nidoking; Dugtrio; Golem; Marowak,5,19,0.263,False,False
Engine,Ground,MachineMoves,MOVE_RAIN_DANCE,Rain Dance,Water,Status,0,0,5,MOVE_EFFECT_WEATHER_RAIN,0,True,Nidoking; Marowak; Rhyperior; Donphan; Quagsire; Swampert; Whiscash; Camerupt; Claydol; Garchomp; Mamoswine; Gliscor,12,19,0.632,True,True
Engine,Ground,MachineMoves,MOVE_RECYCLE,Recycle,Normal,Status,0,0,10,MOVE_EFFECT_RECYCLE,0,True,Claydol,1,19,0.053,True,False
Engine,Ground,MachineMoves,MOVE_REFLECT,Reflect,Psychic,Status,0,0,20,MOVE_EFFECT_SET_REFLECT,0,True,Nidoking; Claydol; Torterra; Mamoswine,4,19,0.211,True,False
Engine,Ground,MachineMoves,MOVE_REST,Rest,Psychic,Status,0,0,5,MOVE_EFFECT_RECOVER_HEALTH_AND_SLEEP,0,True,Sandslash; Nidoking; Dugtrio; Golem; Steelix; Marowak; Rhyperior; Donphan; Quagsire; Swampert; Flygon; Whiscash; Camerupt; Claydol; Torterra; Garchomp; Hippowdon; Mamoswine; Gliscor,19,19,1.0,True,True
Engine,Ground,MachineMoves,MOVE_RETALIATE,Retaliate,Normal,Physical,70,100,5,MOVE_EFFECT_HIT,0,True,Marowak,1,19,0.053,False,False
Engine,Ground,MachineMoves,MOVE_RETURN,Return,Normal,Physical,1,100,20,MOVE_EFFECT_POWER_BASED_ON_FRIENDSHIP,0,True,Sandslash; Nidoking; Dugtrio; Golem; Steelix; Marowak; Rhyperior; Donphan; Quagsire; Swampert; Flygon; Whiscash; Camerupt; Claydol; Torterra; Garchomp; Hippowdon; Mamoswine; Gliscor,19,19,1.0,True,True
Engine,Ground,MachineMoves,MOVE_REVENGE,Revenge,Fighting,Physical,60,100,10,MOVE_EFFECT_DOUBLE_DAMAGE_IF_HIT,-4,True,Hippowdon,1,19,0.053,False,False
Engine,Ground,MachineMoves,MOVE_REVERSAL,Reversal,Fighting,Physical,1,100,15,MOVE_EFFECT_INCREASE_POWER_WITH_LESS_HP,0,True,Dugtrio; Rhyperior; Mamoswine,3,19,0.158,True,False
Engine,Ground,MachineMoves,MOVE_ROAR,Roar,Normal,Status,0,0,20,MOVE_EFFECT_FORCE_SWITCH,-6,True,Nidoking; Golem; Steelix; Rhyperior; Donphan; Swampert; Camerupt; Torterra; Garchomp; Hippowdon; Mamoswine,11,19,0.579,True,True
Engine,Ground,MachineMoves,MOVE_ROCK_BLAST,Rock Blast,Rock,Physical,25,90,10,MOVE_EFFECT_MULTI_HIT,0,True,Nidoking; Dugtrio; Golem; Steelix; Rhyperior; Torterra; Mamoswine,7,19,0.368,False,True
Engine,Ground,MachineMoves,MOVE_ROCK_CLIMB,Rock Climb,Normal,Physical,90,85,20,MOVE_EFFECT_CONFUSE_HIT,0,True,Sandslash; Nidoking; Golem; Steelix; Marowak; Rhyperior; Swampert; Torterra; Garchomp; Mamoswine,10,19,0.526,True,True
Engine,Ground,MachineMoves,MOVE_ROCK_POLISH,Rock Polish,Rock,Status,0,0,20,MOVE_EFFECT_SPEED_UP_2,0,True,Golem; Steelix; Rhyperior; Donphan; Camerupt; Claydol; Torterra; Gliscor,8,19,0.421,True,True
Engine,Ground,MachineMoves,MOVE_ROCK_SLIDE,Rock Slide,Rock,Physical,75,90,10,MOVE_EFFECT_FLINCH_HIT,0,True,Sandslash; Nidoking; Dugtrio; Golem; Steelix; Marowak; Rhyperior; Donphan; Quagsire; Swampert; Flygon; Whiscash; Camerupt; Claydol; Torterra; Garchomp; Hippowdon; Mamoswine; Gliscor,19,19,1.0,True,True
Engine,Ground,MachineMoves,MOVE_ROCK_SMASH,Rock Smash,Fighting,Physical,40,100,15,MOVE_EFFECT_LOWER_DEFENSE_HIT,0,True,Sandslash; Nidoking; Dugtrio; Golem; Steelix; Marowak; Rhyperior; Donphan; Quagsire; Swampert; Flygon; Whiscash; Camerupt; Claydol; Torterra; Garchomp; Hippowdon; Mamoswine; Gliscor,19,19,1.0,True,True
Engine,Ground,MachineMoves,MOVE_ROCK_TOMB,Rock Tomb,Rock,Physical,60,95,15,MOVE_EFFECT_LOWER_SPEED_HIT,0,True,Sandslash; Nidoking; Dugtrio; Golem; Steelix; Marowak; Rhyperior; Donphan; Quagsire; Swampert; Flygon; Whiscash; Camerupt; Claydol; Torterra; Garchomp; Hippowdon; Mamoswine; Gliscor,19,19,1.0,True,True
Engine,Ground,MachineMoves,MOVE_ROLLOUT,Rollout,Rock,Physical,30,90,20,MOVE_EFFECT_DOUBLE_POWER_EACH_TURN_LOCK_INTO,0,True,Sandslash; Golem; Steelix; Donphan; Quagsire,5,19,0.263,False,False
Engine,Ground,MachineMoves,MOVE_ROOST,Roost,Flying,Status,0,0,5,MOVE_EFFECT_HEAL_HALF_REMOVE_FLYING_TYPE,0,True,Flygon; Gliscor,2,19,0.105,True,False
Engine,Ground,MachineMoves,MOVE_ROUND,Round,Normal,Special,60,100,15,MOVE_EFFECT_HIT,0,True,Sandslash; Nidoking; Dugtrio; Golem; Steelix; Marowak; Rhyperior; Donphan; Quagsire; Swampert; Flygon; Whiscash; Camerupt; Claydol; Torterra; Garchomp; Hippowdon; Mamoswine; Gliscor,19,19,1.0,False,True
Engine,Ground,MachineMoves,MOVE_SAFEGUARD,Safeguard,Normal,Status,0,0,25,MOVE_EFFECT_PREVENT_STATUS,0,True,Sandslash; Quagsire; Claydol; Torterra,4,19,0.211,True,False
Engine,Ground,MachineMoves,MOVE_SANDSTORM,Sandstorm,Rock,Status,0,0,10,MOVE_EFFECT_WEATHER_SANDSTORM,0,True,Sandslash; Nidoking; Dugtrio; Golem; Steelix; Marowak; Rhyperior; Donphan; Quagsire; Flygon; Whiscash; Camerupt; Claydol; Torterra; Garchomp; Hippowdon; Mamoswine; Gliscor,18,19,0.947,True,True
Engine,Ground,MachineMoves,MOVE_SAND_TOMB,Sand Tomb,Ground,Physical,35,85,15,MOVE_EFFECT_BIND_HIT,0,True,Sandslash; Nidoking; Dugtrio; Steelix; Donphan; Swampert; Flygon; Whiscash; Claydol; Torterra; Garchomp; Hippowdon; Mamoswine; Gliscor,14,19,0.737,True,True
Engine,Ground,MachineMoves,MOVE_SCALD,Scald,Water,Special,80,100,15,MOVE_EFFECT_THAW_AND_BURN_HIT,0,True,Quagsire; Swampert; Whiscash,3,19,0.158,True,False
Engine,Ground,MachineMoves,MOVE_SCALE_SHOT,Scale Shot,Dragon,Physical,25,90,20,MOVE_EFFECT_MULTI_HIT,0,True,Flygon; Garchomp; Gliscor,3,19,0.158,True,False
Engine,Ground,MachineMoves,MOVE_SCARY_FACE,Scary Face,Normal,Status,0,100,10,MOVE_EFFECT_SPEED_DOWN_2,0,True,Golem; Steelix; Rhyperior; Donphan; Swampert; Whiscash; Camerupt; Torterra; Garchomp; Mamoswine; Gliscor,11,19,0.579,False,True
Engine,Ground,MachineMoves,MOVE_SCORCHING_SANDS,Scorching Sands,Ground,Special,70,100,10,MOVE_EFFECT_BURN_HIT,0,True,Sandslash; Dugtrio; Rhyperior; Flygon; Camerupt; Torterra; Garchomp; Hippowdon,8,19,0.421,True,True
Engine,Ground,MachineMoves,MOVE_SCREECH,Screech,Normal,Status,0,85,40,MOVE_EFFECT_DEF_DOWN_2,0,True,Dugtrio; Steelix; Marowak; Swampert; Flygon,5,19,0.263,False,False
Engine,Ground,MachineMoves,MOVE_SECRET_POWER,Secret Power,Normal,Physical,70,100,20,MOVE_EFFECT_SECRET_POWER,0,True,Sandslash; Nidoking; Dugtrio; Golem; Steelix; Marowak; Rhyperior; Donphan; Quagsire; Swampert; Flygon; Whiscash; Camerupt; Claydol; Torterra; Garchomp; Hippowdon; Mamoswine; Gliscor,19,19,1.0,True,True
Engine,Ground,MachineMoves,MOVE_SEED_BOMB,Seed Bomb,Grass,Physical,80,100,15,MOVE_EFFECT_HIT,0,True,Donphan; Torterra,2,19,0.105,True,False
Engine,Ground,MachineMoves,MOVE_SEISMIC_TOSS,Seismic Toss,Fighting,Physical,1,100,20,MOVE_EFFECT_LEVEL_DAMAGE_FLAT,0,True,Sandslash; Nidoking; Golem; Marowak,4,19,0.211,False,False
Engine,Ground,MachineMoves,MOVE_SELF_DESTRUCT,Self-Destruct,Normal,Physical,200,100,5,MOVE_EFFECT_HALVE_DEFENSE,0,True,Golem; Steelix; Claydol,3,19,0.158,False,False
Engine,Ground,MachineMoves,MOVE_SHADOW_BALL,Shadow Ball,Ghost,Special,80,100,15,MOVE_EFFECT_LOWER_SP_DEF_HIT,0,True,Nidoking; Marowak; Claydol,3,19,0.158,True,False
Engine,Ground,MachineMoves,MOVE_SHADOW_CLAW,Shadow Claw,Ghost,Physical,70,100,15,MOVE_EFFECT_HIGH_CRITICAL,0,True,Sandslash; Nidoking; Dugtrio; Rhyperior; Garchomp,5,19,0.263,True,False
Engine,Ground,MachineMoves,MOVE_SHOCK_WAVE,Shock Wave,Electric,Special,60,0,20,MOVE_EFFECT_BYPASS_ACCURACY,0,True,Nidoking; Rhyperior,2,19,0.105,True,False
Engine,Ground,MachineMoves,MOVE_SILVER_WIND,Silver Wind,Bug,Special,60,100,5,MOVE_EFFECT_RAISE_ALL_STATS_HIT,0,True,Flygon,1,19,0.053,True,False
Engine,Ground,MachineMoves,MOVE_SKILL_SWAP,Skill Swap,Psychic,Status,0,0,10,MOVE_EFFECT_SWITCH_ABILITIES,0,True,Claydol,1,19,0.053,True,False
Engine,Ground,MachineMoves,MOVE_SKITTER_SMACK,Skitter Smack,Bug,Physical,70,90,10,MOVE_EFFECT_LOWER_SP_ATK_HIT,0,True,Gliscor,1,19,0.053,True,False
Engine,Ground,MachineMoves,MOVE_SKULL_BASH,Skull Bash,Normal,Physical,130,100,10,MOVE_EFFECT_CHARGE_TURN_DEF_UP,0,True,Sandslash; Nidoking; Marowak,3,19,0.158,False,False
Engine,Ground,MachineMoves,MOVE_SLEEP_TALK,Sleep Talk,Normal,Status,0,0,10,MOVE_EFFECT_USE_RANDOM_LEARNED_MOVE_SLEEP,0,True,Sandslash; Nidoking; Dugtrio; Golem; Steelix; Marowak; Rhyperior; Donphan; Quagsire; Swampert; Flygon; Whiscash; Camerupt; Claydol; Torterra; Garchomp; Hippowdon; Mamoswine; Gliscor,19,19,1.0,True,True
Engine,Ground,MachineMoves,MOVE_SLUDGE_BOMB,Sludge Bomb,Poison,Special,90,100,10,MOVE_EFFECT_POISON_HIT,0,True,Nidoking; Dugtrio; Quagsire; Gliscor,4,19,0.211,True,False
Engine,Ground,MachineMoves,MOVE_SLUDGE_WAVE,Sludge Wave,Poison,Special,95,100,10,MOVE_EFFECT_POISON_HIT,0,True,Nidoking; Dugtrio; Quagsire; Swampert,4,19,0.211,True,False
Engine,Ground,MachineMoves,MOVE_SMACK_DOWN,Smack Down,Rock,Physical,50,100,15,MOVE_EFFECT_SMACK_DOWN,0,True,Sandslash; Nidoking; Dugtrio; Golem; Steelix; Marowak; Rhyperior; Donphan; Swampert; Camerupt; Claydol; Torterra; Mamoswine,13,19,0.684,True,True
Engine,Ground,MachineMoves,MOVE_SMART_STRIKE,Smart Strike,Steel,Physical,70,0,10,MOVE_EFFECT_BYPASS_ACCURACY,0,True,Nidoking; Rhyperior; Donphan,3,19,0.158,False,False
Engine,Ground,MachineMoves,MOVE_SNORE,Snore,Normal,Special,50,100,15,MOVE_EFFECT_DAMAGE_WHILE_ASLEEP,0,True,Sandslash; Nidoking; Dugtrio; Golem; Steelix; Marowak; Rhyperior; Donphan; Quagsire; Swampert; Flygon; Whiscash; Claydol; Garchomp; Hippowdon; Mamoswine,16,19,0.842,False,True
Engine,Ground,MachineMoves,MOVE_SNOWSCAPE,Snowscape,Ice,Status,0,0,10,MOVE_EFFECT_WEATHER_SNOW,0,True,Quagsire; Mamoswine,2,19,0.105,False,False
Engine,Ground,MachineMoves,MOVE_SOLAR_BEAM,Solar Beam,Grass,Special,120,100,10,MOVE_EFFECT_CHARGE_TURN_SUN_SKIPS,0,True,Flygon; Camerupt; Claydol; Torterra,4,19,0.211,True,False
Engine,Ground,MachineMoves,MOVE_SPIKES,Spikes,Ground,Status,0,0,20,MOVE_EFFECT_SET_SPIKES,0,True,Sandslash; Quagsire; Whiscash; Garchomp; Gliscor,5,19,0.263,True,True
Engine,Ground,MachineMoves,MOVE_STEALTH_ROCK,Stealth Rock,Rock,Status,0,0,20,MOVE_EFFECT_STEALTH_ROCK,0,True,Sandslash; Nidoking; Dugtrio; Golem; Steelix; Marowak; Rhyperior; Donphan; Quagsire; Swampert; Flygon; Whiscash; Camerupt; Claydol; Torterra; Garchomp; Hippowdon; Mamoswine; Gliscor,19,19,1.0,True,True
Engine,Ground,MachineMoves,MOVE_STEEL_WING,Steel Wing,Steel,Physical,70,90,25,MOVE_EFFECT_RAISE_DEF_HIT,0,True,Flygon; Gliscor,2,19,0.105,True,False
Engine,Ground,MachineMoves,MOVE_STOMPING_TANTRUM,StompingTantrum,Ground,Physical,75,100,10,MOVE_EFFECT_HIT,0,True,Sandslash; Nidoking; Dugtrio; Golem; Steelix; Marowak; Rhyperior; Donphan; Quagsire; Swampert; Whiscash; Camerupt; Torterra; Garchomp; Hippowdon; Mamoswine,16,19,0.842,False,True
Engine,Ground,MachineMoves,MOVE_STONE_EDGE,Stone Edge,Rock,Physical,100,80,5,MOVE_EFFECT_HIGH_CRITICAL,0,True,Sandslash; Nidoking; Dugtrio; Golem; Steelix; Marowak; Rhyperior; Donphan; Quagsire; Swampert; Flygon; Whiscash; Camerupt; Claydol; Torterra; Garchomp; Hippowdon; Mamoswine; Gliscor,19,19,1.0,True,True
Engine,Ground,MachineMoves,MOVE_STORED_POWER,Stored Power,Psychic,Special,20,100,10,MOVE_EFFECT_HIT,0,True,Claydol,1,19,0.053,True,False
Engine,Ground,MachineMoves,MOVE_STRENGTH,Strength,Normal,Physical,80,100,15,MOVE_EFFECT_HIT,0,True,Sandslash; Nidoking; Golem; Steelix; Marowak; Rhyperior; Donphan; Quagsire; Swampert; Flygon; Whiscash; Camerupt; Claydol; Torterra; Garchomp; Hippowdon; Mamoswine; Gliscor,18,19,0.947,True,True
Engine,Ground,MachineMoves,MOVE_STRUGGLE_BUG,Struggle Bug,Bug,Special,50,100,20,MOVE_EFFECT_LOWER_SP_ATK_HIT,0,True,Flygon; Gliscor,2,19,0.105,False,False
Engine,Ground,MachineMoves,MOVE_SUBMISSION,Submission,Fighting,Physical,80,80,20,MOVE_EFFECT_RECOIL_QUARTER,0,True,Sandslash; Nidoking; Golem; Marowak,4,19,0.211,False,False
Engine,Ground,MachineMoves,MOVE_SUBSTITUTE,Substitute,Normal,Status,0,0,10,MOVE_EFFECT_SET_SUBSTITUTE,0,True,Sandslash; Nidoking; Dugtrio; Golem; Steelix; Marowak; Rhyperior; Donphan; Quagsire; Swampert; Flygon; Whiscash; Camerupt; Claydol; Torterra; Garchomp; Hippowdon; Mamoswine; Gliscor,19,19,1.0,True,True
Engine,Ground,MachineMoves,MOVE_SUNNY_DAY,Sunny Day,Fire,Status,0,0,5,MOVE_EFFECT_WEATHER_SUN,0,True,Sandslash; Nidoking; Dugtrio; Golem; Steelix; Marowak; Rhyperior; Donphan; Flygon; Whiscash; Camerupt; Claydol; Torterra; Garchomp; Hippowdon; Gliscor,16,19,0.842,True,True
Engine,Ground,MachineMoves,MOVE_SUPERCELL_SLAM,Supercell Slam,Electric,Physical,100,95,15,MOVE_EFFECT_CRASH_ON_MISS,0,True,Rhyperior,1,19,0.053,True,False
Engine,Ground,MachineMoves,MOVE_SUPERPOWER,Superpower,Fighting,Physical,120,100,5,MOVE_EFFECT_USER_ATK_DEF_DOWN_HIT,0,True,Nidoking; Golem; Rhyperior; Swampert; Flygon; Hippowdon; Mamoswine,7,19,0.368,True,True
Engine,Ground,MachineMoves,MOVE_SUPER_FANG,Super Fang,Normal,Physical,1,90,10,MOVE_EFFECT_HALVE_HP,0,True,Sandslash,1,19,0.053,True,False
Engine,Ground,MachineMoves,MOVE_SURF,Surf,Water,Special,90,100,15,MOVE_EFFECT_DOUBLE_DAMAGE_DIVE,0,True,Nidoking; Rhyperior; Quagsire; Swampert; Whiscash; Garchomp,6,19,0.316,True,False
Engine,Ground,MachineMoves,MOVE_SWAGGER,Swagger,Normal,Status,0,85,15,MOVE_EFFECT_ATK_UP_2_STATUS_CONFUSION,0,True,Sandslash; Nidoking; Dugtrio; Golem; Steelix; Marowak; Rhyperior; Donphan; Quagsire; Swampert; Flygon; Whiscash; Camerupt; Claydol; Torterra; Garchomp; Hippowdon; Mamoswine; Gliscor,19,19,1.0,True,True
Engine,Ground,MachineMoves,MOVE_SWIFT,Swift,Normal,Special,60,0,20,MOVE_EFFECT_BYPASS_ACCURACY,0,True,Sandslash; Marowak; Flygon; Whiscash; Garchomp; Gliscor,6,19,0.316,False,False
Engine,Ground,MachineMoves,MOVE_SWORDS_DANCE,Swords Dance,Normal,Status,0,0,20,MOVE_EFFECT_ATK_UP_2,0,True,Sandslash; Dugtrio; Marowak; Rhyperior; Torterra; Garchomp; Gliscor,7,19,0.368,True,True
Engine,Ground,MachineMoves,MOVE_TAILWIND,Tailwind,Flying,Status,0,0,15,MOVE_EFFECT_DOUBLE_SPEED_3_TURNS,0,True,Flygon; Gliscor,2,19,0.105,True,False
Engine,Ground,MachineMoves,MOVE_TAKE_DOWN,Take Down,Normal,Physical,90,85,20,MOVE_EFFECT_RECOIL_QUARTER,0,True,Sandslash; Nidoking; Dugtrio; Golem; Marowak; Rhyperior; Donphan; Quagsire; Swampert; Flygon; Whiscash; Camerupt; Torterra; Garchomp; Hippowdon; Mamoswine; Gliscor,17,19,0.895,False,True
Engine,Ground,MachineMoves,MOVE_TAUNT,Taunt,Dark,Status,0,100,20,MOVE_EFFECT_TAUNT,0,True,Nidoking; Steelix; Gliscor,3,19,0.158,True,False
Engine,Ground,MachineMoves,MOVE_TELEKINESIS,Telekinesis,Psychic,Status,0,0,15,MOVE_EFFECT_HIT,0,True,Claydol,1,19,0.053,False,False
Engine,Ground,MachineMoves,MOVE_TEMPER_FLARE,Temper Flare,Fire,Physical,75,100,10,MOVE_EFFECT_HIT,0,True,Rhyperior; Camerupt,2,19,0.105,True,False
Engine,Ground,MachineMoves,MOVE_TERA_BLAST,Tera Blast,Normal,Special,80,100,10,MOVE_EFFECT_HIT,0,True,Sandslash; Dugtrio; Golem; Rhyperior; Donphan; Quagsire; Swampert; Flygon; Whiscash; Camerupt; Torterra; Garchomp; Hippowdon; Mamoswine; Gliscor,15,19,0.789,True,True
Engine,Ground,MachineMoves,MOVE_THIEF,Thief,Dark,Physical,60,100,25,MOVE_EFFECT_STEAL_HELD_ITEM,0,True,Sandslash; Nidoking; Dugtrio; Marowak; Rhyperior; Donphan; Quagsire; Gliscor,8,19,0.421,True,True
Engine,Ground,MachineMoves,MOVE_THROAT_CHOP,Throat Chop,Dark,Physical,80,100,15,MOVE_EFFECT_THROAT_CHOP,0,True,Sandslash; Nidoking; Dugtrio; Marowak; Donphan; Flygon; Mamoswine; Gliscor,8,19,0.421,True,True
Engine,Ground,MachineMoves,MOVE_THUNDER,Thunder,Electric,Special,110,70,10,MOVE_EFFECT_THUNDER,0,True,Nidoking; Marowak; Rhyperior,3,19,0.158,True,False
Engine,Ground,MachineMoves,MOVE_THUNDERBOLT,Thunderbolt,Electric,Special,90,100,15,MOVE_EFFECT_PARALYZE_HIT,0,True,Nidoking; Marowak; Rhyperior,3,19,0.158,True,False
Engine,Ground,MachineMoves,MOVE_THUNDER_FANG,Thunder Fang,Electric,Physical,65,95,15,MOVE_EFFECT_FLINCH_PARALYZE_HIT,0,True,Steelix; Rhyperior; Donphan; Garchomp; Hippowdon; Gliscor,6,19,0.316,False,False
Engine,Ground,MachineMoves,MOVE_THUNDER_PUNCH,Thunder Punch,Electric,Physical,75,100,15,MOVE_EFFECT_PARALYZE_HIT,0,True,Nidoking; Golem; Marowak; Rhyperior; Flygon,5,19,0.263,False,False
Engine,Ground,MachineMoves,MOVE_TORMENT,Torment,Dark,Status,0,100,15,MOVE_EFFECT_TORMENT,0,True,Nidoking; Steelix; Gliscor,3,19,0.158,True,False
Engine,Ground,MachineMoves,MOVE_TOXIC,Toxic,Poison,Status,0,90,10,MOVE_EFFECT_STATUS_BADLY_POISON,0,True,Sandslash; Nidoking; Dugtrio; Golem; Steelix; Marowak; Rhyperior; Donphan; Quagsire; Swampert; Flygon; Whiscash; Camerupt; Claydol; Torterra; Garchomp; Hippowdon; Mamoswine; Gliscor,19,19,1.0,True,True
Engine,Ground,MachineMoves,MOVE_TOXIC_SPIKES,Toxic Spikes,Poison,Status,0,0,20,MOVE_EFFECT_TOXIC_SPIKES,0,True,Nidoking; Quagsire; Gliscor,3,19,0.158,True,False
Engine,Ground,MachineMoves,MOVE_TRAILBLAZE,Trailblaze,Grass,Physical,50,100,20,MOVE_EFFECT_RAISE_SPEED_HIT,0,True,Donphan; Quagsire; Camerupt; Torterra; Mamoswine,5,19,0.263,False,False
Engine,Ground,MachineMoves,MOVE_TRICK,Trick,Psychic,Status,0,100,10,MOVE_EFFECT_SWITCH_HELD_ITEMS,0,True,Claydol,1,19,0.053,True,False
Engine,Ground,MachineMoves,MOVE_TRICK_ROOM,Trick Room,Psychic,Status,0,0,5,MOVE_EFFECT_TRICK_ROOM,-7,True,Claydol,1,19,0.053,True,False
Engine,Ground,MachineMoves,MOVE_TRI_ATTACK,Tri Attack,Normal,Special,80,100,10,MOVE_EFFECT_RANDOM_PRIMARY_STATUS_HIT,0,True,Dugtrio,1,19,0.053,True,False
Engine,Ground,MachineMoves,MOVE_UPROAR,Uproar,Normal,Special,90,100,10,MOVE_EFFECT_UPROAR,0,True,Nidoking; Dugtrio; Marowak; Rhyperior; Swampert; Flygon; Whiscash,7,19,0.368,True,True
Engine,Ground,MachineMoves,MOVE_U_TURN,U-turn,Bug,Physical,70,100,20,MOVE_EFFECT_SWITCH_HIT,0,True,Flygon; Gliscor,2,19,0.105,True,False
Engine,Ground,MachineMoves,MOVE_VACUUM_WAVE,Vacuum Wave,Fighting,Special,40,100,30,MOVE_EFFECT_PRIORITY_1,1,True,Flygon,1,19,0.053,True,False
Engine,Ground,MachineMoves,MOVE_VENOM_DRENCH,Venom Drench,Poison,Status,0,100,20,MOVE_EFFECT_VENOM_DRENCH,0,True,Nidoking,1,19,0.053,True,False
Engine,Ground,MachineMoves,MOVE_VENOSHOCK,Venoshock,Poison,Special,65,100,10,MOVE_EFFECT_DOUBLE_POWER_ON_POISONED,0,True,Nidoking; Gliscor,2,19,0.105,False,False
Engine,Ground,MachineMoves,MOVE_WATERFALL,Waterfall,Water,Physical,80,100,15,MOVE_EFFECT_FLINCH_HIT,0,True,Quagsire; Swampert; Whiscash,3,19,0.158,True,False
Engine,Ground,MachineMoves,MOVE_WATER_GUN,Water Gun,Water,Special,40,100,25,MOVE_EFFECT_HIT,0,True,Nidoking; Marowak,2,19,0.105,False,False
Engine,Ground,MachineMoves,MOVE_WATER_PLEDGE,Water Pledge,Water,Special,80,100,10,MOVE_EFFECT_HIT,0,True,Swampert,1,19,0.053,True,False
Engine,Ground,MachineMoves,MOVE_WATER_PULSE,Water Pulse,Water,Special,60,100,20,MOVE_EFFECT_CONFUSE_HIT,0,True,Nidoking; Quagsire; Swampert; Whiscash; Hippowdon,5,19,0.263,True,False
Engine,Ground,MachineMoves,MOVE_WEATHER_BALL,Weather Ball,Normal,Special,50,100,10,MOVE_EFFECT_CHANGE_TYPE_WITH_WEATHER,0,True,Swampert; Whiscash; Hippowdon,3,19,0.158,True,False
Engine,Ground,MachineMoves,MOVE_WHIRLPOOL,Whirlpool,Water,Special,35,85,15,MOVE_EFFECT_WHIRLPOOL,0,True,Nidoking; Rhyperior; Quagsire; Swampert; Whiscash; Garchomp,6,19,0.316,True,False
Engine,Ground,MachineMoves,MOVE_WILL_O_WISP,Will-O-Wisp,Fire,Status,0,85,15,MOVE_EFFECT_STATUS_BURN,0,True,Marowak; Camerupt,2,19,0.105,True,False
Engine,Ground,MachineMoves,MOVE_WONDER_ROOM,Wonder Room,Psychic,Status,0,0,10,MOVE_EFFECT_HIT,0,True,Claydol,1,19,0.053,False,False
Engine,Ground,MachineMoves,MOVE_WORK_UP,Work Up,Normal,Status,0,0,30,MOVE_EFFECT_ATK_SP_ATK_UP,0,True,Sandslash; Dugtrio; Swampert; Torterra,4,19,0.211,True,False
Engine,Ground,MachineMoves,MOVE_X_SCISSOR,X-Scissor,Bug,Physical,80,100,15,MOVE_EFFECT_HIT,0,True,Sandslash; Gliscor,2,19,0.105,True,False
Engine,Ground,MachineMoves,MOVE_ZEN_HEADBUTT,Zen Headbutt,Psychic,Physical,80,90,15,MOVE_EFFECT_FLINCH_HIT,0,True,Whiscash; Camerupt; Claydol; Torterra,4,19,0.211,True,False
Engine,Ground,TutorMoves,MOVE_AFTER_YOU,After You,Normal,Status,0,0,15,MOVE_EFFECT_AFTER_YOU,0,True,Quagsire; Camerupt,2,19,0.105,False,False
Engine,Ground,TutorMoves,MOVE_AIR_CUTTER,Air Cutter,Flying,Special,60,95,25,MOVE_EFFECT_HIGH_CRITICAL,0,True,Flygon,1,19,0.053,True,False
Engine,Ground,TutorMoves,MOVE_ALLY_SWITCH,Ally Switch,Psychic,Status,0,0,15,MOVE_EFFECT_HIT,2,True,Marowak; Claydol,2,19,0.105,False,False
Engine,Ground,TutorMoves,MOVE_ANCIENT_POWER,Ancient Power,Rock,Special,60,100,5,MOVE_EFFECT_RAISE_ALL_STATS_HIT,0,True,Golem; Steelix; Rhyperior; Donphan; Quagsire; Swampert; Claydol; Mamoswine,8,19,0.421,True,True
Engine,Ground,TutorMoves,MOVE_AQUA_TAIL,Aqua Tail,Water,Physical,90,90,10,MOVE_EFFECT_HIT,0,True,Nidoking; Steelix; Rhyperior; Quagsire; Swampert; Whiscash; Garchomp; Gliscor,8,19,0.421,True,True
Engine,Ground,TutorMoves,MOVE_BIND,Bind,Normal,Physical,15,85,20,MOVE_EFFECT_BIND_HIT,0,True,Steelix,1,19,0.053,False,False
Engine,Ground,TutorMoves,MOVE_BLOCK,Block,Normal,Status,0,0,5,MOVE_EFFECT_PREVENT_ESCAPE,0,True,Golem; Steelix; Rhyperior; Donphan; Torterra; Mamoswine,6,19,0.316,True,False
Engine,Ground,TutorMoves,MOVE_BODY_SLAM,Body Slam,Normal,Physical,85,100,15,MOVE_EFFECT_PARALYZE_HIT,0,True,Sandslash; Nidoking; Dugtrio; Golem; Steelix; Marowak; Donphan; Quagsire; Swampert; Flygon; Camerupt,11,19,0.579,False,True
Engine,Ground,TutorMoves,MOVE_BOUNCE,Bounce,Flying,Physical,85,85,5,MOVE_EFFECT_BOUNCE,0,True,Donphan; Whiscash,2,19,0.105,True,False
Engine,Ground,TutorMoves,MOVE_BUG_BITE,Bug Bite,Bug,Physical,60,100,20,MOVE_EFFECT_EAT_BERRY,0,True,Flygon; Gliscor,2,19,0.105,True,False
Engine,Ground,TutorMoves,MOVE_COUNTER,Counter,Fighting,Physical,1,100,20,MOVE_EFFECT_COUNTER,-5,True,Sandslash; Nidoking; Golem; Marowak; Donphan; Quagsire; Swampert,7,19,0.368,False,True
Engine,Ground,TutorMoves,MOVE_COVET,Covet,Normal,Physical,60,100,25,MOVE_EFFECT_STEAL_HELD_ITEM,0,True,Sandslash,1,19,0.053,False,False
Engine,Ground,TutorMoves,MOVE_DARK_PULSE,Dark Pulse,Dark,Special,80,100,15,MOVE_EFFECT_FLINCH_HIT,0,True,Steelix; Gliscor,2,19,0.105,False,False
Engine,Ground,TutorMoves,MOVE_DEFENSE_CURL,Defense Curl,Normal,Status,0,0,40,MOVE_EFFECT_DEF_UP_DOUBLE_ROLLOUT_POWER,0,True,Sandslash; Nidoking; Golem; Steelix; Donphan; Quagsire; Swampert; Camerupt,8,19,0.421,False,True
Engine,Ground,TutorMoves,MOVE_DEFOG,Defog,Flying,Status,0,0,15,MOVE_EFFECT_REMOVE_HAZARDS_SCREENS_EVA_DOWN,0,True,Flygon; Gliscor,2,19,0.105,False,False
Engine,Ground,TutorMoves,MOVE_DIVE,Dive,Water,Physical,80,100,10,MOVE_EFFECT_DIVE,0,True,Quagsire; Swampert; Whiscash,3,19,0.158,True,False
Engine,Ground,TutorMoves,MOVE_DOUBLE_EDGE,Double-Edge,Normal,Physical,120,100,15,MOVE_EFFECT_RECOIL_THIRD,0,True,Sandslash; Nidoking; Dugtrio; Golem; Steelix; Marowak; Donphan; Quagsire; Swampert; Flygon; Whiscash; Camerupt; Claydol,13,19,0.684,False,True
Engine,Ground,TutorMoves,MOVE_DRACO_METEOR,Draco Meteor,Dragon,Special,130,90,5,MOVE_EFFECT_USER_SP_ATK_DOWN_2,0,True,Flygon; Garchomp,2,19,0.105,False,False
Engine,Ground,TutorMoves,MOVE_DRAGON_PULSE,Dragon Pulse,Dragon,Special,85,100,10,MOVE_EFFECT_HIT,0,True,Nidoking; Steelix; Rhyperior; Flygon; Garchomp,5,19,0.263,False,False
Engine,Ground,TutorMoves,MOVE_DREAM_EATER,Dream Eater,Psychic,Special,100,100,15,MOVE_EFFECT_RECOVER_DAMAGE_SLEEP,0,True,Claydol,1,19,0.053,False,False
Engine,Ground,TutorMoves,MOVE_DRILL_RUN,Drill Run,Ground,Physical,80,95,10,MOVE_EFFECT_HIGH_CRITICAL,0,True,Nidoking; Rhyperior; Claydol,3,19,0.158,False,True
Engine,Ground,TutorMoves,MOVE_DUAL_CHOP,Dual Chop,Dragon,Physical,40,90,15,MOVE_EFFECT_HIT_TWICE,0,True,Garchomp,1,19,0.053,False,False
Engine,Ground,TutorMoves,MOVE_DUAL_WINGBEAT,Dual Wingbeat,Flying,Physical,40,90,10,MOVE_EFFECT_HIT_TWICE,0,True,Flygon,1,19,0.053,False,False
Engine,Ground,TutorMoves,MOVE_DYNAMIC_PUNCH,Dynamic Punch,Fighting,Physical,100,50,5,MOVE_EFFECT_CONFUSE_HIT,0,True,Sandslash; Nidoking; Golem; Marowak; Quagsire; Swampert,6,19,0.316,False,False
Engine,Ground,TutorMoves,MOVE_EARTH_POWER,Earth Power,Ground,Special,90,100,10,MOVE_EFFECT_LOWER_SP_DEF_HIT,0,True,Sandslash; Nidoking; Dugtrio; Golem; Steelix; Marowak; Rhyperior; Donphan; Quagsire; Swampert; Flygon; Whiscash; Camerupt; Claydol; Torterra; Garchomp; Hippowdon; Mamoswine; Gliscor,19,19,1.0,True,True
Engine,Ground,TutorMoves,MOVE_ENDEAVOR,Endeavor,Normal,Physical,1,100,5,MOVE_EFFECT_SET_HP_EQUAL_TO_USER,0,True,Marowak; Rhyperior; Donphan; Swampert; Mamoswine,5,19,0.263,True,False
Engine,Ground,TutorMoves,MOVE_ENDURE,Endure,Normal,Status,0,0,10,MOVE_EFFECT_SURVIVE_WITH_1_HP,4,True,Sandslash; Nidoking; Dugtrio; Golem; Steelix; Marowak; Donphan; Quagsire; Swampert; Flygon; Whiscash; Camerupt; Claydol,13,19,0.684,False,True
Engine,Ground,TutorMoves,MOVE_EXPANDING_FORCE,Expanding Force,Psychic,Special,80,100,10,MOVE_EFFECT_HIT,0,True,Claydol,1,19,0.053,False,False
Engine,Ground,TutorMoves,MOVE_EXPLOSION,Explosion,Normal,Physical,250,100,5,MOVE_EFFECT_HALVE_DEFENSE,0,True,Golem; Steelix; Camerupt; Claydol,4,19,0.211,False,False
Engine,Ground,TutorMoves,MOVE_FIRE_PUNCH,Fire Punch,Fire,Physical,75,100,15,MOVE_EFFECT_BURN_HIT,0,True,Nidoking; Golem; Marowak; Rhyperior; Flygon,5,19,0.263,True,False
Engine,Ground,TutorMoves,MOVE_FLAMETHROWER,Flamethrower,Fire,Special,90,100,15,MOVE_EFFECT_BURN_HIT,0,True,Nidoking; Golem; Marowak,3,19,0.158,False,False
Engine,Ground,TutorMoves,MOVE_FLIP_TURN,Flip Turn,Water,Physical,60,100,20,MOVE_EFFECT_SWITCH_HIT,0,True,Swampert,1,19,0.053,False,False
Engine,Ground,TutorMoves,MOVE_FOCUS_PUNCH,Focus Punch,Fighting,Physical,150,100,20,MOVE_EFFECT_HIT_LAST_WHIFF_IF_HIT,-3,True,Sandslash; Nidoking; Golem; Marowak; Rhyperior; Quagsire; Swampert,7,19,0.368,False,True
Engine,Ground,TutorMoves,MOVE_FRENZY_PLANT,Frenzy Plant,Grass,Special,150,90,5,MOVE_EFFECT_RECHARGE_AFTER,0,True,Torterra,1,19,0.053,False,False
Engine,Ground,TutorMoves,MOVE_FURY_CUTTER,Fury Cutter,Bug,Physical,40,95,20,MOVE_EFFECT_DOUBLE_POWER_EACH_TURN,0,True,Sandslash; Nidoking; Golem; Marowak; Rhyperior; Flygon; Garchomp; Mamoswine; Gliscor,9,19,0.474,True,True
Engine,Ground,TutorMoves,MOVE_GIGA_DRAIN,Giga Drain,Grass,Special,75,100,10,MOVE_EFFECT_RECOVER_HALF_DAMAGE_DEALT,0,True,Flygon; Torterra,2,19,0.105,False,False
Engine,Ground,TutorMoves,MOVE_GRASS_PLEDGE,Grass Pledge,Grass,Special,80,100,10,MOVE_EFFECT_HIT,0,True,Torterra,1,19,0.053,False,False
Engine,Ground,TutorMoves,MOVE_GRAVITY,Gravity,Psychic,Status,0,0,5,MOVE_EFFECT_GRAVITY,0,True,Claydol,1,19,0.053,True,False
Engine,Ground,TutorMoves,MOVE_GUNK_SHOT,Gunk Shot,Poison,Physical,120,80,5,MOVE_EFFECT_POISON_HIT,0,True,Donphan,1,19,0.053,True,False
Engine,Ground,TutorMoves,MOVE_HEADBUTT,Headbutt,Normal,Physical,70,100,15,MOVE_EFFECT_FLINCH_HIT,0,True,Sandslash; Nidoking; Golem; Steelix; Marowak; Rhyperior; Donphan; Quagsire; Swampert; Flygon; Whiscash; Camerupt; Claydol; Torterra; Garchomp; Hippowdon; Mamoswine; Gliscor,18,19,0.947,True,True
Engine,Ground,TutorMoves,MOVE_HEAT_WAVE,Heat Wave,Fire,Special,95,90,10,MOVE_EFFECT_BURN_HIT,0,True,Marowak; Flygon; Camerupt,3,19,0.158,True,False
Engine,Ground,TutorMoves,MOVE_HELPING_HAND,Helping Hand,Normal,Status,0,0,20,MOVE_EFFECT_BOOST_ALLY_POWER_BY_50_PERCENT,5,True,Nidoking,1,19,0.053,True,False
Engine,Ground,TutorMoves,MOVE_HYDRO_CANNON,Hydro Cannon,Water,Special,150,90,5,MOVE_EFFECT_RECHARGE_AFTER,0,True,Swampert,1,19,0.053,False,False
Engine,Ground,TutorMoves,MOVE_HYPER_VOICE,Hyper Voice,Normal,Special,90,100,10,MOVE_EFFECT_HIT,0,True,Donphan,1,19,0.053,False,False
Engine,Ground,TutorMoves,MOVE_ICE_BEAM,Ice Beam,Ice,Special,90,100,10,MOVE_EFFECT_FREEZE_HIT,0,True,Nidoking; Marowak; Quagsire,3,19,0.158,False,False
Engine,Ground,TutorMoves,MOVE_ICE_PUNCH,Ice Punch,Ice,Physical,75,100,15,MOVE_EFFECT_FREEZE_HIT,0,True,Nidoking; Rhyperior; Quagsire; Swampert,4,19,0.211,True,False
Engine,Ground,TutorMoves,MOVE_ICY_WIND,Icy Wind,Ice,Special,55,95,15,MOVE_EFFECT_LOWER_SPEED_HIT,0,True,Nidoking; Marowak; Rhyperior; Quagsire; Swampert; Whiscash; Mamoswine,7,19,0.368,True,True
Engine,Ground,TutorMoves,MOVE_IRON_DEFENSE,Iron Defense,Steel,Status,0,0,15,MOVE_EFFECT_DEF_UP_2,0,True,Golem; Marowak; Donphan,3,19,0.158,True,False
Engine,Ground,TutorMoves,MOVE_IRON_HEAD,Iron Head,Steel,Physical,80,100,15,MOVE_EFFECT_FLINCH_HIT,0,True,Golem; Steelix; Marowak; Rhyperior; Camerupt; Torterra; Garchomp; Hippowdon; Mamoswine,9,19,0.474,True,True
Engine,Ground,TutorMoves,MOVE_IRON_TAIL,Iron Tail,Steel,Physical,100,75,15,MOVE_EFFECT_LOWER_DEFENSE_HIT,0,True,Sandslash; Nidoking; Steelix; Marowak; Rhyperior; Donphan; Quagsire; Swampert; Flygon; Torterra; Garchomp; Hippowdon; Gliscor,13,19,0.684,False,True
Engine,Ground,TutorMoves,MOVE_KNOCK_OFF,Knock Off,Dark,Physical,65,100,20,MOVE_EFFECT_REMOVE_HELD_ITEM,0,True,Sandslash; Marowak; Donphan; Mamoswine; Gliscor,5,19,0.263,True,False
Engine,Ground,TutorMoves,MOVE_LASER_FOCUS,Laser Focus,Normal,Status,0,0,30,MOVE_EFFECT_LASER_FOCUS,0,True,Marowak; Flygon; Garchomp,3,19,0.158,False,False
Engine,Ground,TutorMoves,MOVE_LAST_RESORT,Last Resort,Normal,Physical,140,100,5,MOVE_EFFECT_FAIL_IF_NOT_USED_ALL_OTHER_MOVES,0,True,Donphan,1,19,0.053,True,False
Engine,Ground,TutorMoves,MOVE_LOW_KICK,Low Kick,Fighting,Physical,1,100,20,MOVE_EFFECT_INCREASE_POWER_WITH_WEIGHT,0,True,Marowak; Swampert,2,19,0.105,True,False
Engine,Ground,TutorMoves,MOVE_MAGIC_COAT,Magic Coat,Psychic,Status,0,0,15,MOVE_EFFECT_MAGIC_COAT,4,True,Claydol,1,19,0.053,True,False
Engine,Ground,TutorMoves,MOVE_MAGNET_RISE,Magnet Rise,Electric,Status,0,0,10,MOVE_EFFECT_GIVE_GROUND_IMMUNITY,0,True,Steelix,1,19,0.053,True,False
Engine,Ground,TutorMoves,MOVE_MEGA_KICK,Mega Kick,Normal,Physical,120,75,5,MOVE_EFFECT_HIT,0,True,Nidoking; Golem; Marowak; Quagsire; Swampert,5,19,0.263,False,False
Engine,Ground,TutorMoves,MOVE_MEGA_PUNCH,Mega Punch,Normal,Physical,80,85,20,MOVE_EFFECT_HIT,0,True,Nidoking; Golem; Marowak; Quagsire; Swampert,5,19,0.263,False,False
Engine,Ground,TutorMoves,MOVE_METEOR_BEAM,Meteor Beam,Rock,Special,120,90,10,MOVE_EFFECT_CHARGE_TURN_SP_ATK_UP,0,True,Steelix; Rhyperior,2,19,0.105,False,False
Engine,Ground,TutorMoves,MOVE_METRONOME,Metronome,Normal,Status,0,0,10,MOVE_EFFECT_CALL_RANDOM_MOVE,0,True,Golem,1,19,0.053,False,False
Engine,Ground,TutorMoves,MOVE_MIMIC,Mimic,Normal,Status,0,0,10,MOVE_EFFECT_COPY_MOVE_FOR_BATTLE,0,True,Sandslash; Nidoking; Dugtrio; Golem; Steelix; Marowak; Donphan; Quagsire; Swampert; Flygon; Whiscash; Camerupt; Claydol,13,19,0.684,False,True
Engine,Ground,TutorMoves,MOVE_MUD_SLAP,Mud-Slap,Ground,Special,20,100,10,MOVE_EFFECT_LOWER_ACCURACY_HIT,0,True,Sandslash; Nidoking; Dugtrio; Golem; Steelix; Marowak; Rhyperior; Donphan; Quagsire; Swampert; Flygon; Whiscash; Camerupt; Claydol; Torterra; Garchomp; Hippowdon; Mamoswine; Gliscor,19,19,1.0,True,True
Engine,Ground,TutorMoves,MOVE_OMINOUS_WIND,Ominous Wind,Ghost,Special,60,100,5,MOVE_EFFECT_RAISE_ALL_STATS_HIT,0,True,Flygon,1,19,0.053,True,False
Engine,Ground,TutorMoves,MOVE_OUTRAGE,Outrage,Dragon,Physical,120,100,10,MOVE_EFFECT_CONTINUE_AND_CONFUSE_SELF,0,True,Nidoking; Marowak; Rhyperior; Swampert; Flygon; Torterra; Garchomp,7,19,0.368,True,True
Engine,Ground,TutorMoves,MOVE_PAIN_SPLIT,Pain Split,Normal,Status,0,0,20,MOVE_EFFECT_AVERAGE_HP,0,True,Marowak,1,19,0.053,True,False
Engine,Ground,TutorMoves,MOVE_PSYCH_UP,Psych Up,Normal,Status,0,0,10,MOVE_EFFECT_COPY_STAT_CHANGES,0,True,Claydol,1,19,0.053,False,False
Engine,Ground,TutorMoves,MOVE_RECYCLE,Recycle,Normal,Status,0,0,10,MOVE_EFFECT_RECYCLE,0,True,Claydol,1,19,0.053,False,False
Engine,Ground,TutorMoves,MOVE_ROCK_SLIDE,Rock Slide,Rock,Physical,75,90,10,MOVE_EFFECT_FLINCH_HIT,0,True,Sandslash; Nidoking; Dugtrio; Golem; Steelix; Marowak; Donphan; Swampert; Flygon; Whiscash; Camerupt; Claydol,12,19,0.632,False,True
Engine,Ground,TutorMoves,MOVE_ROLLOUT,Rollout,Rock,Physical,30,90,20,MOVE_EFFECT_DOUBLE_POWER_EACH_TURN_LOCK_INTO,0,True,Sandslash; Golem; Steelix; Rhyperior; Donphan; Quagsire; Swampert; Camerupt,8,19,0.421,True,True
Engine,Ground,TutorMoves,MOVE_ROOST,Roost,Flying,Status,0,0,5,MOVE_EFFECT_HEAL_HALF_REMOVE_FLYING_TYPE,0,True,Flygon; Gliscor,2,19,0.105,False,False
Engine,Ground,TutorMoves,MOVE_SCALE_SHOT,Scale Shot,Dragon,Physical,25,90,20,MOVE_EFFECT_MULTI_HIT,0,True,Flygon; Garchomp,2,19,0.105,False,False
Engine,Ground,TutorMoves,MOVE_SCORCHING_SANDS,Scorching Sands,Ground,Special,70,100,10,MOVE_EFFECT_BURN_HIT,0,True,Sandslash; Nidoking; Dugtrio; Steelix; Marowak; Rhyperior; Flygon; Claydol; Garchomp; Hippowdon,10,19,0.526,False,True
Engine,Ground,TutorMoves,MOVE_SEED_BOMB,Seed Bomb,Grass,Physical,80,100,15,MOVE_EFFECT_HIT,0,True,Donphan; Torterra,2,19,0.105,True,False
Engine,Ground,TutorMoves,MOVE_SEISMIC_TOSS,Seismic Toss,Fighting,Physical,1,100,20,MOVE_EFFECT_LEVEL_DAMAGE_FLAT,0,True,Sandslash; Nidoking; Golem; Marowak; Quagsire; Swampert,6,19,0.316,False,False
Engine,Ground,TutorMoves,MOVE_SELF_DESTRUCT,Self-Destruct,Normal,Physical,200,100,5,MOVE_EFFECT_HALVE_DEFENSE,0,True,Golem; Steelix; Camerupt; Claydol,4,19,0.211,False,False
Engine,Ground,TutorMoves,MOVE_SHOCK_WAVE,Shock Wave,Electric,Special,60,0,20,MOVE_EFFECT_BYPASS_ACCURACY,0,True,Nidoking; Rhyperior,2,19,0.105,False,False
Engine,Ground,TutorMoves,MOVE_SIGNAL_BEAM,Signal Beam,Bug,Special,75,100,15,MOVE_EFFECT_CONFUSE_HIT,0,True,Flygon; Claydol,2,19,0.105,True,False
Engine,Ground,TutorMoves,MOVE_SKILL_SWAP,Skill Swap,Psychic,Status,0,0,10,MOVE_EFFECT_SWITCH_ABILITIES,0,True,Claydol,1,19,0.053,False,False
Engine,Ground,TutorMoves,MOVE_SKY_ATTACK,Sky Attack,Flying,Physical,140,90,5,MOVE_EFFECT_CHARGE_TURN_HIGH_CRIT_FLINCH,0,True,Gliscor,1,19,0.053,True,False
Engine,Ground,TutorMoves,MOVE_SLEEP_TALK,Sleep Talk,Normal,Status,0,0,10,MOVE_EFFECT_USE_RANDOM_LEARNED_MOVE_SLEEP,0,True,Sandslash; Nidoking; Dugtrio; Golem; Steelix; Marowak; Rhyperior; Donphan; Quagsire; Swampert; Flygon; Whiscash; Camerupt; Claydol; Torterra; Garchomp; Hippowdon; Mamoswine; Gliscor,19,19,1.0,False,True
Engine,Ground,TutorMoves,MOVE_SNORE,Snore,Normal,Special,50,100,15,MOVE_EFFECT_DAMAGE_WHILE_ASLEEP,0,True,Sandslash; Nidoking; Dugtrio; Golem; Steelix; Marowak; Rhyperior; Donphan; Quagsire; Swampert; Flygon; Whiscash; Camerupt; Claydol; Torterra; Garchomp; Hippowdon; Mamoswine; Gliscor,19,19,1.0,True,True
Engine,Ground,TutorMoves,MOVE_SPITE,Spite,Ghost,Status,0,100,10,MOVE_EFFECT_DECREASE_LAST_MOVE_PP,0,True,Marowak; Rhyperior,2,19,0.105,True,False
Engine,Ground,TutorMoves,MOVE_STEALTH_ROCK,Stealth Rock,Rock,Status,0,0,20,MOVE_EFFECT_STEALTH_ROCK,0,True,Sandslash; Nidoking; Dugtrio; Golem; Steelix; Marowak; Rhyperior; Donphan; Swampert; Camerupt; Claydol; Torterra; Garchomp; Hippowdon; Mamoswine; Gliscor,16,19,0.842,False,True
Engine,Ground,TutorMoves,MOVE_STEEL_BEAM,Steel Beam,Steel,Special,140,95,5,MOVE_EFFECT_STEEL_BEAM,0,True,Steelix,1,19,0.053,False,False
Engine,Ground,TutorMoves,MOVE_STEEL_ROLLER,Steel Roller,Steel,Physical,130,100,5,MOVE_EFFECT_END_TERRAIN,0,True,Sandslash; Steelix,2,19,0.105,False,False
Engine,Ground,TutorMoves,MOVE_STOMPING_TANTRUM,StompingTantrum,Ground,Physical,75,100,10,MOVE_EFFECT_HIT,0,True,Sandslash; Nidoking; Dugtrio; Golem; Steelix; Marowak; Rhyperior; Donphan; Quagsire; Swampert; Whiscash; Camerupt; Torterra; Garchomp; Hippowdon; Mamoswine,16,19,0.842,False,True
Engine,Ground,TutorMoves,MOVE_SUBSTITUTE,Substitute,Normal,Status,0,0,10,MOVE_EFFECT_SET_SUBSTITUTE,0,True,Sandslash; Nidoking; Dugtrio; Golem; Steelix; Marowak; Donphan; Quagsire; Swampert; Flygon; Whiscash; Camerupt; Claydol,13,19,0.684,False,True
Engine,Ground,TutorMoves,MOVE_SUCKER_PUNCH,Sucker Punch,Dark,Physical,70,100,5,MOVE_EFFECT_HIT_FIRST_IF_TARGET_ATTACKING,1,True,Nidoking; Dugtrio; Golem,3,19,0.158,True,False
Engine,Ground,TutorMoves,MOVE_SUPERPOWER,Superpower,Fighting,Physical,120,100,5,MOVE_EFFECT_USER_ATK_DEF_DOWN_HIT,0,True,Nidoking; Golem; Rhyperior; Donphan; Swampert; Flygon; Torterra; Hippowdon; Mamoswine,9,19,0.474,True,True
Engine,Ground,TutorMoves,MOVE_SUPER_FANG,Super Fang,Normal,Physical,1,90,10,MOVE_EFFECT_HALVE_HP,0,True,Sandslash; Nidoking,2,19,0.105,True,False
Engine,Ground,TutorMoves,MOVE_SWAGGER,Swagger,Normal,Status,0,85,15,MOVE_EFFECT_ATK_UP_2_STATUS_CONFUSION,0,True,Sandslash; Nidoking; Dugtrio; Golem; Steelix; Marowak; Donphan; Quagsire; Swampert; Flygon; Whiscash; Camerupt; Claydol,13,19,0.684,False,True
Engine,Ground,TutorMoves,MOVE_SWIFT,Swift,Normal,Special,60,0,20,MOVE_EFFECT_BYPASS_ACCURACY,0,True,Sandslash; Flygon; Garchomp; Gliscor,4,19,0.211,True,False
Engine,Ground,TutorMoves,MOVE_SWORDS_DANCE,Swords Dance,Normal,Status,0,0,20,MOVE_EFFECT_ATK_UP_2,0,True,Sandslash; Marowak,2,19,0.105,False,False
Engine,Ground,TutorMoves,MOVE_SYNTHESIS,Synthesis,Grass,Status,0,0,5,MOVE_EFFECT_HEAL_HALF_DIFFERENT_IN_WEATHER,0,True,Torterra,1,19,0.053,True,False
Engine,Ground,TutorMoves,MOVE_TAILWIND,Tailwind,Flying,Status,0,0,15,MOVE_EFFECT_DOUBLE_SPEED_3_TURNS,0,True,Flygon; Gliscor,2,19,0.105,True,False
Engine,Ground,TutorMoves,MOVE_TELEKINESIS,Telekinesis,Psychic,Status,0,0,15,MOVE_EFFECT_HIT,0,True,Claydol,1,19,0.053,False,False
Engine,Ground,TutorMoves,MOVE_THROAT_CHOP,Throat Chop,Dark,Physical,80,100,15,MOVE_EFFECT_THROAT_CHOP,0,True,Nidoking; Marowak; Flygon; Gliscor,4,19,0.211,False,False
Engine,Ground,TutorMoves,MOVE_THUNDERBOLT,Thunderbolt,Electric,Special,90,100,15,MOVE_EFFECT_PARALYZE_HIT,0,True,Nidoking,1,19,0.053,False,False
Engine,Ground,TutorMoves,MOVE_THUNDER_PUNCH,Thunder Punch,Electric,Physical,75,100,15,MOVE_EFFECT_PARALYZE_HIT,0,True,Nidoking; Golem; Marowak; Rhyperior; Flygon,5,19,0.263,True,False
Engine,Ground,TutorMoves,MOVE_TRICK,Trick,Psychic,Status,0,100,10,MOVE_EFFECT_SWITCH_HELD_ITEMS,0,True,Claydol,1,19,0.053,True,False
Engine,Ground,TutorMoves,MOVE_TWISTER,Twister,Dragon,Special,40,100,20,MOVE_EFFECT_FLINCH_DOUBLE_DAMAGE_FLY_OR_BOUNCE,0,True,Steelix; Flygon; Garchomp,3,19,0.158,True,False
Engine,Ground,TutorMoves,MOVE_UPROAR,Uproar,Normal,Special,90,100,10,MOVE_EFFECT_UPROAR,0,True,Nidoking; Dugtrio; Marowak; Rhyperior; Swampert; Flygon,6,19,0.316,True,False
Engine,Ground,TutorMoves,MOVE_WATER_PLEDGE,Water Pledge,Water,Special,80,100,10,MOVE_EFFECT_HIT,0,True,Swampert,1,19,0.053,False,False
Engine,Ground,TutorMoves,MOVE_WATER_PULSE,Water Pulse,Water,Special,60,100,20,MOVE_EFFECT_CONFUSE_HIT,0,True,Nidoking; Quagsire; Swampert; Whiscash; Hippowdon,5,19,0.263,False,False
Engine,Ground,TutorMoves,MOVE_WONDER_ROOM,Wonder Room,Psychic,Status,0,0,10,MOVE_EFFECT_HIT,0,True,Claydol,1,19,0.053,False,False
Engine,Ground,TutorMoves,MOVE_WORRY_SEED,Worry Seed,Grass,Status,0,100,10,MOVE_EFFECT_SET_ABILITY_TO_INSOMNIA,0,True,Torterra,1,19,0.053,True,False
Engine,Ground,TutorMoves,MOVE_ZEN_HEADBUTT,Zen Headbutt,Psychic,Physical,80,90,15,MOVE_EFFECT_FLINCH_HIT,0,True,Whiscash; Claydol,2,19,0.105,True,False
Engine,Flying,MachineMoves,MOVE_ACROBATICS,Acrobatics,Flying,Physical,55,100,15,MOVE_EFFECT_DOUBLE_POWER_WITHOUT_ITEM,0,True,Crobat; Dodrio; Noctowl; Honchkrow; Pelipper; Staraptor; Altaria; Mantine; Gliscor,9,19,0.474,False,True
Engine,Flying,MachineMoves,MOVE_AERIAL_ACE,Aerial Ace,Flying,Physical,60,0,20,MOVE_EFFECT_BYPASS_ACCURACY,0,True,Pidgeot; Fearow; Crobat; Dodrio; Xatu; Noctowl; Honchkrow; Pelipper; Swellow; Staraptor; Togekiss; Altaria; Dragonite; Salamence; Mantine; Skarmory; Aerodactyl; Gliscor,18,19,0.947,True,True
Engine,Flying,MachineMoves,MOVE_AGILITY,Agility,Psychic,Status,0,0,30,MOVE_EFFECT_SPEED_UP_2,0,True,Crobat; Dodrio; Noctowl; Pelipper; Staraptor; Altaria; Dragonite; Mantine; Skarmory; Aerodactyl; Gliscor,11,19,0.579,True,True
Engine,Flying,MachineMoves,MOVE_AIR_CUTTER,Air Cutter,Flying,Special,60,95,25,MOVE_EFFECT_HIGH_CRITICAL,0,True,Noctowl; Honchkrow; Pelipper; Staraptor; Dragonite; Skarmory,6,19,0.316,False,True
Engine,Flying,MachineMoves,MOVE_AIR_SLASH,Air Slash,Flying,Special,75,95,15,MOVE_EFFECT_FLINCH_HIT,0,True,Crobat; Xatu; Noctowl; Honchkrow; Pelipper; Staraptor; Togekiss; Dragonite; Salamence; Mantine; Skarmory,11,19,0.579,False,True
Engine,Flying,MachineMoves,MOVE_ALLURING_VOICE,Alluring Voice,Fairy,Special,80,100,10,MOVE_EFFECT_HIT,0,True,Altaria,1,19,0.053,True,False
Engine,Flying,MachineMoves,MOVE_ALLY_SWITCH,Ally Switch,Psychic,Status,0,0,15,MOVE_EFFECT_HIT,2,True,Xatu; Togekiss,2,19,0.105,True,False
Engine,Flying,MachineMoves,MOVE_AMNESIA,Amnesia,Psychic,Status,0,0,20,MOVE_EFFECT_SP_DEF_UP_2,0,True,Noctowl; Togekiss; Mantine,3,19,0.158,True,False
Engine,Flying,MachineMoves,MOVE_ASSURANCE,Assurance,Dark,Physical,60,100,10,MOVE_EFFECT_DOUBLE_POWER_IF_TARGET_HIT,0,True,Crobat; Mantine; Skarmory; Aerodactyl,4,19,0.211,False,False
Engine,Flying,MachineMoves,MOVE_ATTRACT,Attract,Normal,Status,0,100,15,MOVE_EFFECT_INFATUATE,0,True,Pidgeot; Fearow; Crobat; Dodrio; Xatu; Noctowl; Honchkrow; Pelipper; Swellow; Staraptor; Togekiss; Altaria; Dragonite; Salamence; Gyarados; Mantine; Skarmory; Aerodactyl; Gliscor,19,19,1.0,True,True
Engine,Flying,MachineMoves,MOVE_AURA_SPHERE,Aura Sphere,Fighting,Special,80,0,20,MOVE_EFFECT_BYPASS_ACCURACY,0,True,Togekiss,1,19,0.053,True,False
Engine,Flying,MachineMoves,MOVE_AVALANCHE,Avalanche,Ice,Physical,60,100,10,MOVE_EFFECT_DOUBLE_DAMAGE_IF_HIT,-4,True,Gyarados,1,19,0.053,True,False
Engine,Flying,MachineMoves,MOVE_BATON_PASS,Baton Pass,Normal,Status,0,0,40,MOVE_EFFECT_PASS_STATS_AND_STATUS,0,True,Dodrio; Xatu; Togekiss; Gliscor,4,19,0.211,True,False
Engine,Flying,MachineMoves,MOVE_BIDE,Bide,Normal,Physical,1,0,10,MOVE_EFFECT_BIDE,1,True,Pidgeot; Fearow; Dodrio; Dragonite; Gyarados; Aerodactyl,6,19,0.316,False,False
Engine,Flying,MachineMoves,MOVE_BLIZZARD,Blizzard,Ice,Special,110,70,5,MOVE_EFFECT_BLIZZARD,0,True,Pelipper; Dragonite; Gyarados; Mantine,4,19,0.211,True,False
Engine,Flying,MachineMoves,MOVE_BODY_PRESS,Body Press,Fighting,Physical,80,100,10,MOVE_EFFECT_HIT,0,True,Dragonite; Mantine; Skarmory,3,19,0.158,True,False
Engine,Flying,MachineMoves,MOVE_BODY_SLAM,Body Slam,Normal,Physical,85,100,15,MOVE_EFFECT_PARALYZE_HIT,0,True,Dodrio; Noctowl; Pelipper; Togekiss; Altaria; Dragonite; Salamence; Gyarados; Mantine,9,19,0.474,True,True
Engine,Flying,MachineMoves,MOVE_BOUNCE,Bounce,Flying,Physical,85,85,5,MOVE_EFFECT_BOUNCE,0,True,Gyarados; Mantine,2,19,0.105,False,True
Engine,Flying,MachineMoves,MOVE_BRAVE_BIRD,Brave Bird,Flying,Physical,120,100,15,MOVE_EFFECT_RECOIL_THIRD,0,True,Crobat; Dodrio; Noctowl; Honchkrow; Pelipper; Staraptor; Altaria; Skarmory,8,19,0.421,True,True
Engine,Flying,MachineMoves,MOVE_BREAKING_SWIPE,Breaking Swipe,Dragon,Physical,60,100,15,MOVE_EFFECT_LOWER_ATTACK_HIT,0,True,Altaria; Dragonite; Salamence; Gliscor,4,19,0.211,True,False
Engine,Flying,MachineMoves,MOVE_BRICK_BREAK,Brick Break,Fighting,Physical,75,100,15,MOVE_EFFECT_REMOVE_SCREENS,0,True,Togekiss; Dragonite; Salamence; Gliscor,4,19,0.211,True,False
Engine,Flying,MachineMoves,MOVE_BRINE,Brine,Water,Special,65,100,10,MOVE_EFFECT_DOUBLE_POWER_WHEN_BELOW_HALF,0,True,Pelipper; Gyarados; Mantine,3,19,0.158,True,False
Engine,Flying,MachineMoves,MOVE_BRUTAL_SWING,Brutal Swing,Dark,Physical,60,100,20,MOVE_EFFECT_HIT,0,True,Dragonite; Salamence; Gyarados; Aerodactyl; Gliscor,5,19,0.263,False,False
Engine,Flying,MachineMoves,MOVE_BUBBLE_BEAM,Bubble Beam,Water,Special,65,100,20,MOVE_EFFECT_LOWER_SPEED_HIT,0,True,Dragonite; Gyarados,2,19,0.105,False,False
Engine,Flying,MachineMoves,MOVE_BULLDOZE,Bulldoze,Ground,Physical,60,100,20,MOVE_EFFECT_LOWER_SPEED_HIT,0,True,Altaria; Dragonite; Salamence; Gyarados; Mantine; Aerodactyl; Gliscor,7,19,0.368,False,True
Engine,Flying,MachineMoves,MOVE_BULLET_SEED,Bullet Seed,Grass,Physical,25,100,30,MOVE_EFFECT_MULTI_HIT,0,True,Mantine,1,19,0.053,True,False
Engine,Flying,MachineMoves,MOVE_CALM_MIND,Calm Mind,Psychic,Status,0,0,20,MOVE_EFFECT_SP_ATK_SP_DEF_UP,0,True,Xatu; Noctowl; Honchkrow,3,19,0.158,True,False
Engine,Flying,MachineMoves,MOVE_CAPTIVATE,Captivate,Normal,Status,0,100,20,MOVE_EFFECT_SP_ATK_DOWN_2_OPPOSITE_GENDER,0,True,Pidgeot; Fearow; Crobat; Dodrio; Xatu; Noctowl; Honchkrow; Pelipper; Swellow; Staraptor; Togekiss; Altaria; Dragonite; Salamence; Gyarados; Mantine; Skarmory; Aerodactyl; Gliscor,19,19,1.0,True,True
Engine,Flying,MachineMoves,MOVE_CHARM,Charm,Fairy,Status,0,100,20,MOVE_EFFECT_ATK_DOWN_2,0,True,Togekiss,1,19,0.053,False,False
Engine,Flying,MachineMoves,MOVE_CHILLING_WATER,Chilling Water,Water,Special,50,100,20,MOVE_EFFECT_LOWER_ATTACK_HIT,0,True,Honchkrow; Pelipper; Dragonite; Gyarados,4,19,0.211,False,False
Engine,Flying,MachineMoves,MOVE_CLOSE_COMBAT,Close Combat,Fighting,Physical,120,100,5,MOVE_EFFECT_USER_DEF_SP_DEF_DOWN_HIT,0,True,Staraptor,1,19,0.053,True,False
Engine,Flying,MachineMoves,MOVE_CONFIDE,Confide,Normal,Status,0,0,20,MOVE_EFFECT_HIT,0,True,Pidgeot; Fearow; Crobat; Dodrio; Xatu; Noctowl; Honchkrow; Pelipper; Swellow; Staraptor; Togekiss; Altaria; Dragonite; Salamence; Gyarados; Mantine; Skarmory; Aerodactyl; Gliscor,19,19,1.0,True,True
Engine,Flying,MachineMoves,MOVE_CONFUSE_RAY,Confuse Ray,Ghost,Status,0,100,10,MOVE_EFFECT_STATUS_CONFUSE,0,True,Noctowl; Honchkrow,2,19,0.105,False,False
Engine,Flying,MachineMoves,MOVE_COSMIC_POWER,Cosmic Power,Psychic,Status,0,0,20,MOVE_EFFECT_DEF_SP_DEF_UP,0,True,Xatu,1,19,0.053,True,False
Engine,Flying,MachineMoves,MOVE_CROSS_POISON,Cross Poison,Poison,Physical,70,100,20,MOVE_EFFECT_HIGH_CRITICAL_POISON_HIT,0,True,Crobat,1,19,0.053,False,False
Engine,Flying,MachineMoves,MOVE_CRUNCH,Crunch,Dark,Physical,80,100,15,MOVE_EFFECT_LOWER_DEFENSE_HIT,0,True,Crobat; Salamence; Gyarados; Aerodactyl; Gliscor,5,19,0.263,True,False
Engine,Flying,MachineMoves,MOVE_CURSE,Curse,Ghost,Status,0,0,10,MOVE_EFFECT_CURSE,0,True,Pidgeot; Fearow; Crobat; Dodrio; Xatu; Noctowl; Dragonite; Gyarados; Mantine; Skarmory; Aerodactyl,11,19,0.579,True,True
Engine,Flying,MachineMoves,MOVE_CUT,Cut,Normal,Physical,50,95,30,MOVE_EFFECT_HIT,0,True,Dragonite; Salamence; Skarmory; Gliscor,4,19,0.211,True,False
Engine,Flying,MachineMoves,MOVE_DARK_PULSE,Dark Pulse,Dark,Special,80,100,15,MOVE_EFFECT_FLINCH_HIT,0,True,Crobat; Honchkrow; Gyarados; Skarmory; Gliscor,5,19,0.263,True,False
Engine,Flying,MachineMoves,MOVE_DAZZLING_GLEAM,Dazzling Gleam,Fairy,Special,80,100,10,MOVE_EFFECT_HIT,0,True,Xatu; Togekiss; Altaria,3,19,0.158,True,False
Engine,Flying,MachineMoves,MOVE_DEFOG,Defog,Flying,Status,0,0,15,MOVE_EFFECT_REMOVE_HAZARDS_SCREENS_EVA_DOWN,0,True,Pidgeot; Fearow; Crobat; Xatu; Noctowl; Honchkrow; Pelipper; Swellow; Staraptor; Togekiss; Dragonite; Salamence; Mantine; Skarmory; Aerodactyl; Gliscor,16,19,0.842,False,True
Engine,Flying,MachineMoves,MOVE_DETECT,Detect,Fighting,Status,0,0,5,MOVE_EFFECT_PROTECT,4,True,Pidgeot; Fearow; Crobat; Xatu; Noctowl; Dragonite; Skarmory; Aerodactyl,8,19,0.421,False,True
Engine,Flying,MachineMoves,MOVE_DIG,Dig,Ground,Physical,80,100,10,MOVE_EFFECT_DIG,0,True,Gliscor,1,19,0.053,True,False
Engine,Flying,MachineMoves,MOVE_DISARMING_VOICE,Disarming Voice,Fairy,Special,40,0,15,MOVE_EFFECT_BYPASS_ACCURACY,0,True,Altaria,1,19,0.053,False,False
Engine,Flying,MachineMoves,MOVE_DIVE,Dive,Water,Physical,80,100,10,MOVE_EFFECT_DIVE,0,True,Dragonite; Gyarados; Mantine,3,19,0.158,True,False
Engine,Flying,MachineMoves,MOVE_DOUBLE_EDGE,Double-Edge,Normal,Physical,120,100,15,MOVE_EFFECT_RECOIL_THIRD,0,True,Pidgeot; Fearow; Dodrio; Noctowl; Honchkrow; Staraptor; Altaria; Dragonite; Salamence; Gyarados; Aerodactyl; Gliscor,12,19,0.632,True,True
Engine,Flying,MachineMoves,MOVE_DOUBLE_TEAM,Double Team,Normal,Status,0,0,15,MOVE_EFFECT_EVA_UP,0,True,Pidgeot; Fearow; Crobat; Dodrio; Xatu; Noctowl; Honchkrow; Pelipper; Swellow; Staraptor; Togekiss; Altaria; Dragonite; Salamence; Gyarados; Mantine; Skarmory; Aerodactyl; Gliscor,19,19,1.0,True,True
Engine,Flying,MachineMoves,MOVE_DRACO_METEOR,Draco Meteor,Dragon,Special,130,90,5,MOVE_EFFECT_USER_SP_ATK_DOWN_2,0,True,Altaria; Dragonite; Salamence,3,19,0.158,True,False
Engine,Flying,MachineMoves,MOVE_DRAGON_BREATH,Dragon Breath,Dragon,Special,60,100,20,MOVE_EFFECT_PARALYZE_HIT,0,True,Dragonite; Gyarados; Aerodactyl,3,19,0.158,False,False
Engine,Flying,MachineMoves,MOVE_DRAGON_CHEER,Dragon Cheer,Dragon,Status,0,0,15,MOVE_EFFECT_HIT,0,True,Altaria; Dragonite; Salamence; Gyarados,4,19,0.211,True,False
Engine,Flying,MachineMoves,MOVE_DRAGON_CLAW,Dragon Claw,Dragon,Physical,80,100,15,MOVE_EFFECT_HIT,0,True,Altaria; Dragonite; Salamence; Aerodactyl,4,19,0.211,True,False
Engine,Flying,MachineMoves,MOVE_DRAGON_DANCE,Dragon Dance,Dragon,Status,0,0,20,MOVE_EFFECT_ATK_SPEED_UP,0,True,Altaria; Dragonite; Salamence; Gyarados; Aerodactyl,5,19,0.263,True,False
Engine,Flying,MachineMoves,MOVE_DRAGON_PULSE,Dragon Pulse,Dragon,Special,85,100,10,MOVE_EFFECT_HIT,0,True,Altaria; Dragonite; Salamence; Gyarados; Aerodactyl,5,19,0.263,True,False
Engine,Flying,MachineMoves,MOVE_DRAGON_RAGE,Dragon Rage,Dragon,Special,1,100,10,MOVE_EFFECT_40_DAMAGE_FLAT,0,True,Dragonite; Gyarados; Aerodactyl,3,19,0.158,False,False
Engine,Flying,MachineMoves,MOVE_DRAGON_TAIL,Dragon Tail,Dragon,Physical,60,90,10,MOVE_EFFECT_FORCE_SWITCH_HIT,-6,True,Dragonite; Salamence; Gyarados,3,19,0.158,False,False
Engine,Flying,MachineMoves,MOVE_DRAINING_KISS,Draining Kiss,Fairy,Special,50,100,10,MOVE_EFFECT_RECOVER_THREE_QUARTERS_DAMAGE_DEALT,0,True,Togekiss,1,19,0.053,False,False
Engine,Flying,MachineMoves,MOVE_DRAIN_PUNCH,Drain Punch,Fighting,Physical,75,100,10,MOVE_EFFECT_RECOVER_HALF_DAMAGE_DEALT,0,True,Togekiss,1,19,0.053,True,False
Engine,Flying,MachineMoves,MOVE_DREAM_EATER,Dream Eater,Psychic,Special,100,100,15,MOVE_EFFECT_RECOVER_DAMAGE_SLEEP,0,True,Xatu; Noctowl; Honchkrow; Togekiss; Altaria,5,19,0.263,True,False
Engine,Flying,MachineMoves,MOVE_DRILL_RUN,Drill Run,Ground,Physical,80,95,10,MOVE_EFFECT_HIGH_CRITICAL,0,True,Fearow; Dodrio; Skarmory,3,19,0.158,True,False
Engine,Flying,MachineMoves,MOVE_DUAL_WINGBEAT,Dual Wingbeat,Flying,Physical,40,90,10,MOVE_EFFECT_HIT_TWICE,0,True,Noctowl; Honchkrow; Pelipper; Staraptor; Altaria; Salamence; Skarmory; Gliscor,8,19,0.421,True,True
Engine,Flying,MachineMoves,MOVE_DYNAMIC_PUNCH,Dynamic Punch,Fighting,Physical,100,50,5,MOVE_EFFECT_CONFUSE_HIT,0,True,Dragonite,1,19,0.053,False,False
Engine,Flying,MachineMoves,MOVE_EARTHQUAKE,Earthquake,Ground,Physical,100,100,10,MOVE_EFFECT_DOUBLE_DAMAGE_DIG,0,True,Altaria; Dragonite; Salamence; Gyarados; Mantine; Aerodactyl; Gliscor,7,19,0.368,True,True
Engine,Flying,MachineMoves,MOVE_EARTH_POWER,Earth Power,Ground,Special,90,100,10,MOVE_EFFECT_LOWER_SP_DEF_HIT,0,True,Aerodactyl; Gliscor,2,19,0.105,True,False
Engine,Flying,MachineMoves,MOVE_ECHOED_VOICE,Echoed Voice,Normal,Special,40,100,15,MOVE_EFFECT_HIT,0,True,Fearow; Dodrio; Noctowl; Pelipper; Swellow; Staraptor; Togekiss; Altaria,8,19,0.421,False,True
Engine,Flying,MachineMoves,MOVE_EMBARGO,Embargo,Dark,Status,0,100,15,MOVE_EFFECT_PREVENT_ITEM_USE,0,True,Honchkrow,1,19,0.053,True,False
Engine,Flying,MachineMoves,MOVE_ENCORE,Encore,Normal,Status,0,100,5,MOVE_EFFECT_ENCORE,0,True,Togekiss; Dragonite,2,19,0.105,True,False
Engine,Flying,MachineMoves,MOVE_ENDEAVOR,Endeavor,Normal,Physical,1,100,5,MOVE_EFFECT_SET_HP_EQUAL_TO_USER,0,True,Dodrio; Honchkrow; Staraptor; Altaria; Gyarados,5,19,0.263,True,False
Engine,Flying,MachineMoves,MOVE_ENDURE,Endure,Normal,Status,0,0,10,MOVE_EFFECT_SURVIVE_WITH_1_HP,4,True,Pidgeot; Fearow; Crobat; Dodrio; Xatu; Noctowl; Honchkrow; Pelipper; Swellow; Staraptor; Togekiss; Altaria; Dragonite; Salamence; Gyarados; Mantine; Skarmory; Aerodactyl; Gliscor,19,19,1.0,True,True
Engine,Flying,MachineMoves,MOVE_FACADE,Facade,Normal,Physical,70,100,20,MOVE_EFFECT_DOUBLE_POWER_WHEN_STATUSED,0,True,Pidgeot; Fearow; Crobat; Dodrio; Xatu; Noctowl; Honchkrow; Pelipper; Swellow; Staraptor; Togekiss; Altaria; Dragonite; Salamence; Gyarados; Mantine; Skarmory; Aerodactyl; Gliscor,19,19,1.0,True,True
Engine,Flying,MachineMoves,MOVE_FALSE_SWIPE,False Swipe,Normal,Physical,40,100,40,MOVE_EFFECT_LEAVE_WITH_1_HP,0,True,Fearow; Altaria; Gliscor,3,19,0.158,True,False
Engine,Flying,MachineMoves,MOVE_FEATHER_DANCE,Feather Dance,Flying,Status,0,100,15,MOVE_EFFECT_ATK_DOWN_2,0,True,Dodrio; Noctowl; Honchkrow; Pelipper; Staraptor; Altaria,6,19,0.316,True,True
Engine,Flying,MachineMoves,MOVE_FIRE_BLAST,Fire Blast,Fire,Special,110,85,5,MOVE_EFFECT_BURN_HIT,0,True,Togekiss; Altaria; Dragonite; Salamence; Gyarados; Aerodactyl,6,19,0.316,True,False
Engine,Flying,MachineMoves,MOVE_FIRE_FANG,Fire Fang,Fire,Physical,65,95,15,MOVE_EFFECT_FLINCH_BURN_HIT,0,True,Salamence; Aerodactyl; Gliscor,3,19,0.158,False,False
Engine,Flying,MachineMoves,MOVE_FIRE_PUNCH,Fire Punch,Fire,Physical,75,100,15,MOVE_EFFECT_BURN_HIT,0,True,Dragonite,1,19,0.053,False,False
Engine,Flying,MachineMoves,MOVE_FIRE_SPIN,Fire Spin,Fire,Special,35,85,15,MOVE_EFFECT_BIND_HIT,0,True,Altaria; Dragonite; Salamence,3,19,0.158,False,False
Engine,Flying,MachineMoves,MOVE_FLAMETHROWER,Flamethrower,Fire,Special,90,100,15,MOVE_EFFECT_BURN_HIT,0,True,Togekiss; Altaria; Dragonite; Salamence; Gyarados; Aerodactyl,6,19,0.316,True,False
Engine,Flying,MachineMoves,MOVE_FLASH,Flash,Normal,Status,0,100,20,MOVE_EFFECT_ACC_DOWN,0,True,Xatu; Noctowl; Togekiss; Skarmory,4,19,0.211,True,False
Engine,Flying,MachineMoves,MOVE_FLASH_CANNON,Flash Cannon,Steel,Special,80,100,10,MOVE_EFFECT_LOWER_SP_DEF_HIT,0,True,Skarmory,1,19,0.053,True,False
Engine,Flying,MachineMoves,MOVE_FLING,Fling,Dark,Physical,1,100,10,MOVE_EFFECT_FLING,0,True,Pelipper; Togekiss; Dragonite; Gliscor,4,19,0.211,True,False
Engine,Flying,MachineMoves,MOVE_FLY,Fly,Flying,Physical,90,95,15,MOVE_EFFECT_FLY,0,True,Pidgeot; Fearow; Crobat; Dodrio; Xatu; Noctowl; Honchkrow; Pelipper; Swellow; Staraptor; Togekiss; Altaria; Dragonite; Salamence; Skarmory; Aerodactyl,16,19,0.842,True,True
Engine,Flying,MachineMoves,MOVE_FOCUS_BLAST,Focus Blast,Fighting,Special,120,70,5,MOVE_EFFECT_LOWER_SP_DEF_HIT,0,True,Dragonite,1,19,0.053,True,False
Engine,Flying,MachineMoves,MOVE_FOCUS_ENERGY,Focus Energy,Normal,Status,0,0,30,MOVE_EFFECT_CRIT_UP_2,0,True,Salamence,1,19,0.053,True,False
Engine,Flying,MachineMoves,MOVE_FOCUS_PUNCH,Focus Punch,Fighting,Physical,150,100,20,MOVE_EFFECT_HIT_LAST_WHIFF_IF_HIT,-3,True,Togekiss; Dragonite,2,19,0.105,True,False
Engine,Flying,MachineMoves,MOVE_FOUL_PLAY,Foul Play,Dark,Physical,95,100,15,MOVE_EFFECT_HIT,0,True,Xatu; Honchkrow,2,19,0.105,True,False
Engine,Flying,MachineMoves,MOVE_FRUSTRATION,Frustration,Normal,Physical,1,100,20,MOVE_EFFECT_POWER_BASED_ON_LOW_FRIENDSHIP,0,True,Pidgeot; Fearow; Crobat; Dodrio; Xatu; Noctowl; Honchkrow; Pelipper; Swellow; Staraptor; Togekiss; Altaria; Dragonite; Salamence; Gyarados; Mantine; Skarmory; Aerodactyl; Gliscor,19,19,1.0,True,True
Engine,Flying,MachineMoves,MOVE_FURY_CUTTER,Fury Cutter,Bug,Physical,40,95,20,MOVE_EFFECT_DOUBLE_POWER_EACH_TURN,0,True,Dragonite,1,19,0.053,False,False
Engine,Flying,MachineMoves,MOVE_FUTURE_SIGHT,Future Sight,Psychic,Special,120,100,10,MOVE_EFFECT_HIT_IN_3_TURNS,0,True,Xatu; Noctowl; Togekiss,3,19,0.158,True,False
Engine,Flying,MachineMoves,MOVE_GIGA_DRAIN,Giga Drain,Grass,Special,75,100,10,MOVE_EFFECT_RECOVER_HALF_DAMAGE_DEALT,0,True,Crobat; Xatu,2,19,0.105,True,False
Engine,Flying,MachineMoves,MOVE_GIGA_IMPACT,Giga Impact,Normal,Physical,150,90,5,MOVE_EFFECT_RECHARGE_AFTER,0,True,Pidgeot; Fearow; Crobat; Dodrio; Xatu; Noctowl; Honchkrow; Pelipper; Swellow; Staraptor; Togekiss; Altaria; Dragonite; Salamence; Gyarados; Mantine; Skarmory; Aerodactyl; Gliscor,19,19,1.0,True,True
Engine,Flying,MachineMoves,MOVE_GRASS_KNOT,Grass Knot,Grass,Special,1,100,20,MOVE_EFFECT_INCREASE_POWER_WITH_WEIGHT,0,True,Xatu; Togekiss,2,19,0.105,True,False
Engine,Flying,MachineMoves,MOVE_GUARD_SWAP,Guard Swap,Psychic,Status,0,0,10,MOVE_EFFECT_SWAP_DEF_SP_DEF_STAT_CHANGES,0,True,Xatu; Skarmory,2,19,0.105,False,False
Engine,Flying,MachineMoves,MOVE_GUNK_SHOT,Gunk Shot,Poison,Physical,120,80,5,MOVE_EFFECT_POISON_HIT,0,True,Pelipper; Mantine; Gliscor,3,19,0.158,True,False
Engine,Flying,MachineMoves,MOVE_HAIL,Hail,Ice,Status,0,0,10,MOVE_EFFECT_WEATHER_HAIL,0,True,Pelipper; Dragonite; Gyarados; Mantine,4,19,0.211,True,False
Engine,Flying,MachineMoves,MOVE_HAZE,Haze,Ice,Status,0,0,30,MOVE_EFFECT_RESET_STAT_CHANGES,0,True,Noctowl; Honchkrow; Altaria; Dragonite,4,19,0.211,True,False
Engine,Flying,MachineMoves,MOVE_HEADBUTT,Headbutt,Normal,Physical,70,100,15,MOVE_EFFECT_FLINCH_HIT,0,True,Pidgeot; Fearow; Dodrio; Dragonite; Gyarados; Mantine; Aerodactyl,7,19,0.368,False,True
Engine,Flying,MachineMoves,MOVE_HEAT_WAVE,Heat Wave,Fire,Special,95,90,10,MOVE_EFFECT_BURN_HIT,0,True,Crobat; Xatu; Noctowl; Honchkrow; Staraptor; Togekiss; Altaria; Dragonite; Salamence; Aerodactyl,10,19,0.526,True,True
Engine,Flying,MachineMoves,MOVE_HELPING_HAND,Helping Hand,Normal,Status,0,0,20,MOVE_EFFECT_BOOST_ALLY_POWER_BY_50_PERCENT,5,True,Dodrio; Honchkrow; Pelipper; Staraptor; Togekiss; Altaria; Dragonite; Salamence; Gyarados; Mantine,10,19,0.526,True,True
Engine,Flying,MachineMoves,MOVE_HEX,Hex,Ghost,Special,65,100,10,MOVE_EFFECT_DOUBLE_DAMAGE_ON_STATUS,0,True,Crobat; Honchkrow,2,19,0.105,False,False
Engine,Flying,MachineMoves,MOVE_HIDDEN_POWER,Hidden Power,Normal,Special,60,100,15,MOVE_EFFECT_RANDOM_TYPE_BASED_ON_IVS,0,True,Pidgeot; Fearow; Crobat; Dodrio; Xatu; Noctowl; Honchkrow; Pelipper; Swellow; Staraptor; Togekiss; Altaria; Dragonite; Salamence; Gyarados; Mantine; Skarmory; Aerodactyl; Gliscor,19,19,1.0,True,True
Engine,Flying,MachineMoves,MOVE_HIGH_HORSEPOWER,High Horsepower,Ground,Physical,95,95,10,MOVE_EFFECT_HIT,0,True,Gliscor,1,19,0.053,True,False
Engine,Flying,MachineMoves,MOVE_HONE_CLAWS,Hone Claws,Dark,Status,0,0,15,MOVE_EFFECT_ATK_ACC_UP,0,True,Altaria; Dragonite; Salamence; Aerodactyl; Gliscor,5,19,0.263,False,False
Engine,Flying,MachineMoves,MOVE_HORN_DRILL,Horn Drill,Normal,Physical,1,30,5,MOVE_EFFECT_ONE_HIT_KO,0,True,Dragonite,1,19,0.053,False,False
Engine,Flying,MachineMoves,MOVE_HURRICANE,Hurricane,Flying,Special,110,70,10,MOVE_EFFECT_HURRICANE,0,True,Crobat; Noctowl; Honchkrow; Pelipper; Staraptor; Altaria; Dragonite; Salamence; Gyarados; Mantine; Skarmory; Aerodactyl,12,19,0.632,True,True
Engine,Flying,MachineMoves,MOVE_HYDRO_PUMP,Hydro Pump,Water,Special,110,80,5,MOVE_EFFECT_HIT,0,True,Pelipper; Dragonite; Salamence; Gyarados; Mantine,5,19,0.263,True,False
Engine,Flying,MachineMoves,MOVE_HYPER_BEAM,Hyper Beam,Normal,Special,150,90,5,MOVE_EFFECT_RECHARGE_AFTER,0,True,Pidgeot; Fearow; Crobat; Dodrio; Xatu; Noctowl; Honchkrow; Pelipper; Swellow; Staraptor; Togekiss; Altaria; Dragonite; Salamence; Gyarados; Mantine; Skarmory; Aerodactyl; Gliscor,19,19,1.0,True,True
Engine,Flying,MachineMoves,MOVE_HYPER_VOICE,Hyper Voice,Normal,Special,90,100,10,MOVE_EFFECT_HIT,0,True,Noctowl; Togekiss; Altaria; Salamence,4,19,0.211,True,False
Engine,Flying,MachineMoves,MOVE_ICE_BEAM,Ice Beam,Ice,Special,90,100,10,MOVE_EFFECT_FREEZE_HIT,0,True,Pelipper; Altaria; Dragonite; Gyarados; Mantine,5,19,0.263,True,False
Engine,Flying,MachineMoves,MOVE_ICE_FANG,Ice Fang,Ice,Physical,65,95,15,MOVE_EFFECT_FLINCH_FREEZE_HIT,0,True,Gyarados; Aerodactyl; Gliscor,3,19,0.158,False,False
Engine,Flying,MachineMoves,MOVE_ICE_PUNCH,Ice Punch,Ice,Physical,75,100,15,MOVE_EFFECT_FREEZE_HIT,0,True,Dragonite,1,19,0.053,False,False
Engine,Flying,MachineMoves,MOVE_ICE_SPINNER,Ice Spinner,Ice,Physical,80,100,15,MOVE_EFFECT_END_TERRAIN,0,True,Dragonite,1,19,0.053,True,False
Engine,Flying,MachineMoves,MOVE_ICY_WIND,Icy Wind,Ice,Special,55,95,15,MOVE_EFFECT_LOWER_SPEED_HIT,0,True,Honchkrow; Pelipper; Dragonite; Gyarados; Mantine; Skarmory,6,19,0.316,False,False
Engine,Flying,MachineMoves,MOVE_IMPRISON,Imprison,Psychic,Status,0,0,10,MOVE_EFFECT_MAKE_SHARED_MOVES_UNUSEABLE,0,True,Xatu; Noctowl; Togekiss,3,19,0.158,False,False
Engine,Flying,MachineMoves,MOVE_INCINERATE,Incinerate,Fire,Special,60,100,15,MOVE_EFFECT_INCINERATE,0,True,Honchkrow; Togekiss; Altaria; Dragonite; Salamence; Gyarados; Aerodactyl,7,19,0.368,False,True
Engine,Flying,MachineMoves,MOVE_IRON_DEFENSE,Iron Defense,Steel,Status,0,0,15,MOVE_EFFECT_DEF_UP_2,0,True,Salamence; Skarmory,2,19,0.105,True,False
Engine,Flying,MachineMoves,MOVE_IRON_HEAD,Iron Head,Steel,Physical,80,100,15,MOVE_EFFECT_FLINCH_HIT,0,True,Dragonite; Salamence; Gyarados; Mantine; Skarmory; Aerodactyl,6,19,0.316,True,False
Engine,Flying,MachineMoves,MOVE_IRON_TAIL,Iron Tail,Steel,Physical,100,75,15,MOVE_EFFECT_LOWER_DEFENSE_HIT,0,True,Altaria; Dragonite; Salamence; Gyarados; Aerodactyl; Gliscor,6,19,0.316,True,False
Engine,Flying,MachineMoves,MOVE_KNOCK_OFF,Knock Off,Dark,Physical,65,100,20,MOVE_EFFECT_REMOVE_HELD_ITEM,0,True,Dodrio; Pelipper; Gliscor,3,19,0.158,True,False
Engine,Flying,MachineMoves,MOVE_LASH_OUT,Lash Out,Dark,Physical,75,100,5,MOVE_EFFECT_HIT,0,True,Honchkrow; Gyarados,2,19,0.105,True,False
Engine,Flying,MachineMoves,MOVE_LEECH_LIFE,Leech Life,Bug,Physical,80,100,10,MOVE_EFFECT_RECOVER_HALF_DAMAGE_DEALT,0,True,Crobat,1,19,0.053,True,False
Engine,Flying,MachineMoves,MOVE_LIGHT_SCREEN,Light Screen,Psychic,Status,0,0,30,MOVE_EFFECT_SET_LIGHT_SCREEN,0,True,Xatu; Togekiss; Dragonite,3,19,0.158,True,False
Engine,Flying,MachineMoves,MOVE_LIQUIDATION,Liquidation,Water,Physical,85,100,10,MOVE_EFFECT_LOWER_DEFENSE_HIT,0,True,Pelipper; Mantine,2,19,0.105,True,False
Engine,Flying,MachineMoves,MOVE_LOW_KICK,Low Kick,Fighting,Physical,1,100,20,MOVE_EFFECT_INCREASE_POWER_WITH_WEIGHT,0,True,Dodrio; Dragonite,2,19,0.105,True,False
Engine,Flying,MachineMoves,MOVE_LUNGE,Lunge,Bug,Physical,80,100,15,MOVE_EFFECT_LOWER_ATTACK_HIT,0,True,Dodrio; Gliscor,2,19,0.105,True,False
Engine,Flying,MachineMoves,MOVE_MAGICAL_LEAF,Magical Leaf,Grass,Special,60,0,20,MOVE_EFFECT_BYPASS_ACCURACY,0,True,Togekiss,1,19,0.053,False,False
Engine,Flying,MachineMoves,MOVE_MAGIC_ROOM,Magic Room,Psychic,Status,0,0,10,MOVE_EFFECT_MAGIC_ROOM,0,True,Xatu,1,19,0.053,False,False
Engine,Flying,MachineMoves,MOVE_MEGA_KICK,Mega Kick,Normal,Physical,120,75,5,MOVE_EFFECT_HIT,0,True,Togekiss; Dragonite,2,19,0.105,False,False
Engine,Flying,MachineMoves,MOVE_MEGA_PUNCH,Mega Punch,Normal,Physical,80,85,20,MOVE_EFFECT_HIT,0,True,Togekiss; Dragonite,2,19,0.105,True,False
Engine,Flying,MachineMoves,MOVE_METAL_CLAW,Metal Claw,Steel,Physical,50,95,35,MOVE_EFFECT_RAISE_ATTACK_HIT,0,True,Skarmory; Gliscor,2,19,0.105,False,False
Engine,Flying,MachineMoves,MOVE_METAL_SOUND,Metal Sound,Steel,Status,0,85,40,MOVE_EFFECT_SP_DEF_DOWN_2,0,True,Skarmory,1,19,0.053,True,False
Engine,Flying,MachineMoves,MOVE_METRONOME,Metronome,Normal,Status,0,0,10,MOVE_EFFECT_CALL_RANDOM_MOVE,0,True,Togekiss; Dragonite,2,19,0.105,True,False
Engine,Flying,MachineMoves,MOVE_MIMIC,Mimic,Normal,Status,0,0,10,MOVE_EFFECT_COPY_MOVE_FOR_BATTLE,0,True,Pidgeot; Fearow; Dodrio; Dragonite; Gyarados; Aerodactyl,6,19,0.316,False,False
Engine,Flying,MachineMoves,MOVE_MUDDY_WATER,Muddy Water,Water,Special,90,85,10,MOVE_EFFECT_LOWER_ACCURACY_HIT,0,True,Pelipper; Gyarados,2,19,0.105,True,False
Engine,Flying,MachineMoves,MOVE_MUD_SHOT,Mud Shot,Ground,Special,55,95,15,MOVE_EFFECT_LOWER_SPEED_HIT,0,True,Gliscor,1,19,0.053,False,False
Engine,Flying,MachineMoves,MOVE_MUD_SLAP,Mud-Slap,Ground,Special,20,100,10,MOVE_EFFECT_LOWER_ACCURACY_HIT,0,True,Pidgeot; Fearow; Dodrio; Noctowl; Honchkrow; Dragonite; Salamence; Mantine; Skarmory; Gliscor,10,19,0.526,False,True
Engine,Flying,MachineMoves,MOVE_MYSTICAL_FIRE,Mystical Fire,Fire,Special,75,100,10,MOVE_EFFECT_LOWER_SP_ATK_HIT,0,True,Togekiss,1,19,0.053,False,False
Engine,Flying,MachineMoves,MOVE_NASTY_PLOT,Nasty Plot,Dark,Status,0,0,20,MOVE_EFFECT_SP_ATK_UP_2,0,True,Crobat; Noctowl; Honchkrow; Togekiss,4,19,0.211,True,False
Engine,Flying,MachineMoves,MOVE_NATURAL_GIFT,Natural Gift,Normal,Physical,1,100,15,MOVE_EFFECT_NATURAL_GIFT,0,True,Pidgeot; Fearow; Crobat; Dodrio; Xatu; Noctowl; Honchkrow; Pelipper; Swellow; Staraptor; Togekiss; Altaria; Dragonite; Salamence; Gyarados; Mantine; Skarmory; Aerodactyl; Gliscor,19,19,1.0,True,True
Engine,Flying,MachineMoves,MOVE_NIGHTMARE,Nightmare,Ghost,Status,0,100,15,MOVE_EFFECT_STATUS_NIGHTMARE,0,True,Xatu; Noctowl,2,19,0.105,False,False
Engine,Flying,MachineMoves,MOVE_NIGHT_SHADE,Night Shade,Ghost,Special,1,100,15,MOVE_EFFECT_LEVEL_DAMAGE_FLAT,0,True,Noctowl; Honchkrow,2,19,0.105,False,False
Engine,Flying,MachineMoves,MOVE_OUTRAGE,Outrage,Dragon,Physical,120,100,10,MOVE_EFFECT_CONTINUE_AND_CONFUSE_SELF,0,True,Altaria; Dragonite; Salamence; Gyarados,4,19,0.211,True,False
Engine,Flying,MachineMoves,MOVE_PAYBACK,Payback,Dark,Physical,50,100,10,MOVE_EFFECT_DOUBLE_POWER_IF_HIT,0,True,Crobat; Dodrio; Honchkrow; Pelipper; Gyarados; Skarmory; Aerodactyl; Gliscor,8,19,0.421,True,True
Engine,Flying,MachineMoves,MOVE_PLAY_ROUGH,Play Rough,Fairy,Physical,90,90,10,MOVE_EFFECT_LOWER_ATTACK_HIT,0,True,Togekiss; Altaria,2,19,0.105,True,False
Engine,Flying,MachineMoves,MOVE_PLUCK,Pluck,Flying,Physical,60,100,20,MOVE_EFFECT_EAT_BERRY,0,True,Pidgeot; Fearow; Crobat; Dodrio; Xatu; Noctowl; Honchkrow; Pelipper; Swellow; Staraptor; Togekiss; Altaria; Skarmory,13,19,0.684,True,True
Engine,Flying,MachineMoves,MOVE_POISON_JAB,Poison Jab,Poison,Physical,80,100,20,MOVE_EFFECT_POISON_HIT,0,True,Gliscor,1,19,0.053,True,False
Engine,Flying,MachineMoves,MOVE_POISON_TAIL,Poison Tail,Poison,Physical,50,100,25,MOVE_EFFECT_HIGH_CRITICAL_POISON_HIT,0,True,Gliscor,1,19,0.053,False,False
Engine,Flying,MachineMoves,MOVE_POUNCE,Pounce,Bug,Physical,50,100,20,MOVE_EFFECT_LOWER_SPEED_HIT,0,True,Dodrio,1,19,0.053,False,False
Engine,Flying,MachineMoves,MOVE_POWER_SWAP,Power Swap,Psychic,Status,0,0,10,MOVE_EFFECT_SWAP_ATK_SP_ATK_STAT_CHANGES,0,True,Xatu; Altaria,2,19,0.105,False,False
Engine,Flying,MachineMoves,MOVE_POWER_UP_PUNCH,Power-Up Punch,Fighting,Physical,40,100,20,MOVE_EFFECT_RAISE_ATTACK_HIT,0,True,Dragonite,1,19,0.053,False,False
Engine,Flying,MachineMoves,MOVE_POWER_WHIP,Power Whip,Grass,Physical,120,85,10,MOVE_EFFECT_HIT,0,True,Gyarados,1,19,0.053,True,False
Engine,Flying,MachineMoves,MOVE_PROTECT,Protect,Normal,Status,0,0,10,MOVE_EFFECT_PROTECT,4,True,Pidgeot; Fearow; Crobat; Dodrio; Xatu; Noctowl; Honchkrow; Pelipper; Swellow; Staraptor; Togekiss; Altaria; Dragonite; Salamence; Gyarados; Mantine; Skarmory; Aerodactyl; Gliscor,19,19,1.0,True,True
Engine,Flying,MachineMoves,MOVE_PSYBEAM,Psybeam,Psychic,Special,65,100,20,MOVE_EFFECT_CONFUSE_HIT,0,True,Noctowl,1,19,0.053,False,False
Engine,Flying,MachineMoves,MOVE_PSYCHIC,Psychic,Psychic,Special,90,100,10,MOVE_EFFECT_LOWER_SP_DEF_HIT,0,True,Xatu; Noctowl; Honchkrow; Togekiss,4,19,0.211,True,False
Engine,Flying,MachineMoves,MOVE_PSYCHIC_FANGS,Psychic Fangs,Psychic,Physical,85,100,10,MOVE_EFFECT_REMOVE_SCREENS,0,True,Salamence; Aerodactyl; Gliscor,3,19,0.158,True,False
Engine,Flying,MachineMoves,MOVE_PSYCHIC_NOISE,Psychic Noise,Psychic,Special,75,100,10,MOVE_EFFECT_PREVENT_HEALING_HIT,0,True,Noctowl; Honchkrow,2,19,0.105,True,False
Engine,Flying,MachineMoves,MOVE_PSYCH_UP,Psych Up,Normal,Status,0,0,10,MOVE_EFFECT_COPY_STAT_CHANGES,0,True,Xatu; Noctowl; Honchkrow; Togekiss; Altaria,5,19,0.263,True,False
Engine,Flying,MachineMoves,MOVE_PSYSHOCK,Psyshock,Psychic,Special,80,100,10,MOVE_EFFECT_HIT,0,True,Xatu; Togekiss,2,19,0.105,True,False
Engine,Flying,MachineMoves,MOVE_QUASH,Quash,Dark,Status,0,100,15,MOVE_EFFECT_QUASH,0,True,Honchkrow,1,19,0.053,False,False
Engine,Flying,MachineMoves,MOVE_RAGE,Rage,Normal,Physical,20,100,20,MOVE_EFFECT_RAISE_ATK_WHEN_HIT,0,True,Pidgeot; Fearow; Dodrio; Dragonite; Gyarados; Aerodactyl,6,19,0.316,False,False
Engine,Flying,MachineMoves,MOVE_RAIN_DANCE,Rain Dance,Water,Status,0,0,5,MOVE_EFFECT_WEATHER_RAIN,0,True,Pidgeot; Fearow; Crobat; Dodrio; Xatu; Noctowl; Honchkrow; Pelipper; Swellow; Staraptor; Togekiss; Altaria; Dragonite; Salamence; Gyarados; Mantine; Aerodactyl; Gliscor,18,19,0.947,True,True
Engine,Flying,MachineMoves,MOVE_RAZOR_WIND,Razor Wind,Normal,Special,80,100,10,MOVE_EFFECT_CHARGE_TURN_HIGH_CRIT,0,True,Pidgeot; Fearow; Dragonite; Aerodactyl,4,19,0.211,False,False
Engine,Flying,MachineMoves,MOVE_RECYCLE,Recycle,Normal,Status,0,0,10,MOVE_EFFECT_RECYCLE,0,True,Noctowl,1,19,0.053,True,False
Engine,Flying,MachineMoves,MOVE_REFLECT,Reflect,Psychic,Status,0,0,20,MOVE_EFFECT_SET_REFLECT,0,True,Pidgeot; Dodrio; Xatu; Noctowl; Togekiss; Dragonite; Gyarados; Aerodactyl,8,19,0.421,True,True
Engine,Flying,MachineMoves,MOVE_REST,Rest,Psychic,Status,0,0,5,MOVE_EFFECT_RECOVER_HEALTH_AND_SLEEP,0,True,Pidgeot; Fearow; Crobat; Dodrio; Xatu; Noctowl; Honchkrow; Pelipper; Swellow; Staraptor; Togekiss; Altaria; Dragonite; Salamence; Gyarados; Mantine; Skarmory; Aerodactyl; Gliscor,19,19,1.0,True,True
Engine,Flying,MachineMoves,MOVE_RETALIATE,Retaliate,Normal,Physical,70,100,5,MOVE_EFFECT_HIT,0,True,Honchkrow; Staraptor; Togekiss,3,19,0.158,False,False
Engine,Flying,MachineMoves,MOVE_RETURN,Return,Normal,Physical,1,100,20,MOVE_EFFECT_POWER_BASED_ON_FRIENDSHIP,0,True,Pidgeot; Fearow; Crobat; Dodrio; Xatu; Noctowl; Honchkrow; Pelipper; Swellow; Staraptor; Togekiss; Altaria; Dragonite; Salamence; Gyarados; Mantine; Skarmory; Aerodactyl; Gliscor,19,19,1.0,True,True
Engine,Flying,MachineMoves,MOVE_REVERSAL,Reversal,Fighting,Physical,1,100,15,MOVE_EFFECT_INCREASE_POWER_WITH_LESS_HP,0,True,Skarmory,1,19,0.053,True,False
Engine,Flying,MachineMoves,MOVE_ROAR,Roar,Normal,Status,0,0,20,MOVE_EFFECT_FORCE_SWITCH,-6,True,Altaria; Dragonite; Salamence; Gyarados; Skarmory; Aerodactyl,6,19,0.316,True,False
Engine,Flying,MachineMoves,MOVE_ROCK_BLAST,Rock Blast,Rock,Physical,25,90,10,MOVE_EFFECT_MULTI_HIT,0,True,Mantine; Aerodactyl,2,19,0.105,False,False
Engine,Flying,MachineMoves,MOVE_ROCK_POLISH,Rock Polish,Rock,Status,0,0,20,MOVE_EFFECT_SPEED_UP_2,0,True,Aerodactyl; Gliscor,2,19,0.105,True,False
Engine,Flying,MachineMoves,MOVE_ROCK_SLIDE,Rock Slide,Rock,Physical,75,90,10,MOVE_EFFECT_FLINCH_HIT,0,True,Dragonite; Salamence; Mantine; Skarmory; Aerodactyl; Gliscor,6,19,0.316,True,False
Engine,Flying,MachineMoves,MOVE_ROCK_SMASH,Rock Smash,Fighting,Physical,40,100,15,MOVE_EFFECT_LOWER_DEFENSE_HIT,0,True,Togekiss; Altaria; Dragonite; Salamence; Gyarados; Skarmory; Aerodactyl; Gliscor,8,19,0.421,True,True
Engine,Flying,MachineMoves,MOVE_ROCK_TOMB,Rock Tomb,Rock,Physical,60,95,15,MOVE_EFFECT_LOWER_SPEED_HIT,0,True,Dragonite; Salamence; Mantine; Skarmory; Aerodactyl; Gliscor,6,19,0.316,True,False
Engine,Flying,MachineMoves,MOVE_ROOST,Roost,Flying,Status,0,0,5,MOVE_EFFECT_HEAL_HALF_REMOVE_FLYING_TYPE,0,True,Pidgeot; Fearow; Crobat; Dodrio; Xatu; Noctowl; Honchkrow; Pelipper; Swellow; Staraptor; Togekiss; Altaria; Dragonite; Salamence; Mantine; Skarmory; Aerodactyl; Gliscor,18,19,0.947,True,True
Engine,Flying,MachineMoves,MOVE_ROUND,Round,Normal,Special,60,100,15,MOVE_EFFECT_HIT,0,True,Pidgeot; Fearow; Crobat; Dodrio; Xatu; Noctowl; Honchkrow; Pelipper; Swellow; Staraptor; Togekiss; Altaria; Dragonite; Salamence; Gyarados; Mantine; Skarmory; Aerodactyl; Gliscor,19,19,1.0,False,True
Engine,Flying,MachineMoves,MOVE_SAFEGUARD,Safeguard,Normal,Status,0,0,25,MOVE_EFFECT_PREVENT_STATUS,0,True,Togekiss; Altaria; Dragonite,3,19,0.158,True,False
Engine,Flying,MachineMoves,MOVE_SANDSTORM,Sandstorm,Rock,Status,0,0,10,MOVE_EFFECT_WEATHER_SANDSTORM,0,True,Dragonite; Gyarados; Skarmory; Aerodactyl; Gliscor,5,19,0.263,True,False
Engine,Flying,MachineMoves,MOVE_SAND_TOMB,Sand Tomb,Ground,Physical,35,85,15,MOVE_EFFECT_BIND_HIT,0,True,Skarmory; Gliscor,2,19,0.105,True,False
Engine,Flying,MachineMoves,MOVE_SCALD,Scald,Water,Special,80,100,15,MOVE_EFFECT_THAW_AND_BURN_HIT,0,True,Pelipper; Gyarados; Mantine,3,19,0.158,True,False
Engine,Flying,MachineMoves,MOVE_SCALE_SHOT,Scale Shot,Dragon,Physical,25,90,20,MOVE_EFFECT_MULTI_HIT,0,True,Dragonite; Gyarados; Gliscor,3,19,0.158,True,False
Engine,Flying,MachineMoves,MOVE_SCARY_FACE,Scary Face,Normal,Status,0,100,10,MOVE_EFFECT_SPEED_DOWN_2,0,True,Dodrio; Noctowl; Honchkrow; Dragonite; Salamence; Gyarados; Aerodactyl; Gliscor,8,19,0.421,False,True
Engine,Flying,MachineMoves,MOVE_SCREECH,Screech,Normal,Status,0,85,40,MOVE_EFFECT_DEF_DOWN_2,0,True,Crobat; Noctowl,2,19,0.105,False,False
Engine,Flying,MachineMoves,MOVE_SECRET_POWER,Secret Power,Normal,Physical,70,100,20,MOVE_EFFECT_SECRET_POWER,0,True,Pidgeot; Fearow; Crobat; Dodrio; Xatu; Noctowl; Honchkrow; Pelipper; Swellow; Staraptor; Togekiss; Altaria; Dragonite; Salamence; Gyarados; Mantine; Skarmory; Aerodactyl; Gliscor,19,19,1.0,True,True
Engine,Flying,MachineMoves,MOVE_SEED_BOMB,Seed Bomb,Grass,Physical,80,100,15,MOVE_EFFECT_HIT,0,True,Pelipper; Mantine,2,19,0.105,True,False
Engine,Flying,MachineMoves,MOVE_SHADOW_BALL,Shadow Ball,Ghost,Special,80,100,15,MOVE_EFFECT_LOWER_SP_DEF_HIT,0,True,Crobat; Xatu; Noctowl; Honchkrow; Togekiss,5,19,0.263,True,False
Engine,Flying,MachineMoves,MOVE_SHADOW_CLAW,Shadow Claw,Ghost,Physical,70,100,15,MOVE_EFFECT_HIGH_CRITICAL,0,True,Salamence,1,19,0.053,True,False
Engine,Flying,MachineMoves,MOVE_SHOCK_WAVE,Shock Wave,Electric,Special,60,0,20,MOVE_EFFECT_BYPASS_ACCURACY,0,True,Pelipper; Togekiss; Dragonite,3,19,0.158,True,False
Engine,Flying,MachineMoves,MOVE_SILVER_WIND,Silver Wind,Bug,Special,60,100,5,MOVE_EFFECT_RAISE_ALL_STATS_HIT,0,True,Xatu; Noctowl; Togekiss,3,19,0.158,True,False
Engine,Flying,MachineMoves,MOVE_SKILL_SWAP,Skill Swap,Psychic,Status,0,0,10,MOVE_EFFECT_SWITCH_ABILITIES,0,True,Xatu; Noctowl,2,19,0.105,True,False
Engine,Flying,MachineMoves,MOVE_SKITTER_SMACK,Skitter Smack,Bug,Physical,70,90,10,MOVE_EFFECT_LOWER_SP_ATK_HIT,0,True,Gliscor,1,19,0.053,True,False
Engine,Flying,MachineMoves,MOVE_SKULL_BASH,Skull Bash,Normal,Physical,130,100,10,MOVE_EFFECT_CHARGE_TURN_DEF_UP,0,True,Dodrio; Dragonite; Gyarados,3,19,0.158,False,False
Engine,Flying,MachineMoves,MOVE_SKY_ATTACK,Sky Attack,Flying,Physical,140,90,5,MOVE_EFFECT_CHARGE_TURN_HIGH_CRIT_FLINCH,0,True,Pidgeot; Fearow; Dodrio; Aerodactyl,4,19,0.211,False,True
Engine,Flying,MachineMoves,MOVE_SKY_DROP,Sky Drop,Flying,Physical,60,100,10,MOVE_EFFECT_HIT,0,True,Pelipper; Dragonite; Skarmory; Aerodactyl,4,19,0.211,False,True
Engine,Flying,MachineMoves,MOVE_SLEEP_TALK,Sleep Talk,Normal,Status,0,0,10,MOVE_EFFECT_USE_RANDOM_LEARNED_MOVE_SLEEP,0,True,Pidgeot; Fearow; Crobat; Dodrio; Xatu; Noctowl; Honchkrow; Pelipper; Swellow; Staraptor; Togekiss; Altaria; Dragonite; Salamence; Gyarados; Mantine; Skarmory; Aerodactyl; Gliscor,19,19,1.0,True,True
Engine,Flying,MachineMoves,MOVE_SLUDGE_BOMB,Sludge Bomb,Poison,Special,90,100,10,MOVE_EFFECT_POISON_HIT,0,True,Crobat; Gliscor,2,19,0.105,True,False
Engine,Flying,MachineMoves,MOVE_SMACK_DOWN,Smack Down,Rock,Physical,50,100,15,MOVE_EFFECT_SMACK_DOWN,0,True,Aerodactyl,1,19,0.053,True,False
Engine,Flying,MachineMoves,MOVE_SMART_STRIKE,Smart Strike,Steel,Physical,70,0,10,MOVE_EFFECT_BYPASS_ACCURACY,0,True,Togekiss,1,19,0.053,False,False
Engine,Flying,MachineMoves,MOVE_SNARL,Snarl,Dark,Special,55,95,15,MOVE_EFFECT_LOWER_SP_ATK_HIT,0,True,Honchkrow,1,19,0.053,False,False
Engine,Flying,MachineMoves,MOVE_SNATCH,Snatch,Dark,Status,0,0,10,MOVE_EFFECT_STEAL_STATUS_MOVE,4,True,Crobat; Honchkrow,2,19,0.105,True,False
Engine,Flying,MachineMoves,MOVE_SNORE,Snore,Normal,Special,50,100,15,MOVE_EFFECT_DAMAGE_WHILE_ASLEEP,0,True,Pidgeot; Fearow; Crobat; Dodrio; Xatu; Noctowl; Pelipper; Togekiss; Altaria; Dragonite; Salamence; Gyarados; Mantine; Skarmory; Aerodactyl,15,19,0.789,False,True
Engine,Flying,MachineMoves,MOVE_SNOWSCAPE,Snowscape,Ice,Status,0,0,10,MOVE_EFFECT_WEATHER_SNOW,0,True,Pelipper; Altaria; Dragonite,3,19,0.158,False,False
Engine,Flying,MachineMoves,MOVE_SOLAR_BEAM,Solar Beam,Grass,Special,120,100,10,MOVE_EFFECT_CHARGE_TURN_SUN_SKIPS,0,True,Xatu; Togekiss; Altaria,3,19,0.158,True,False
Engine,Flying,MachineMoves,MOVE_SPIKES,Spikes,Ground,Status,0,0,20,MOVE_EFFECT_SET_SPIKES,0,True,Skarmory; Gliscor,2,19,0.105,True,False
Engine,Flying,MachineMoves,MOVE_SPITE,Spite,Ghost,Status,0,100,10,MOVE_EFFECT_DECREASE_LAST_MOVE_PP,0,True,Noctowl; Honchkrow; Gyarados,3,19,0.158,True,False
Engine,Flying,MachineMoves,MOVE_STEALTH_ROCK,Stealth Rock,Rock,Status,0,0,20,MOVE_EFFECT_STEALTH_ROCK,0,True,Skarmory; Aerodactyl; Gliscor,3,19,0.158,True,False
Engine,Flying,MachineMoves,MOVE_STEEL_BEAM,Steel Beam,Steel,Special,140,95,5,MOVE_EFFECT_STEEL_BEAM,0,True,Skarmory,1,19,0.053,True,False
Engine,Flying,MachineMoves,MOVE_STEEL_WING,Steel Wing,Steel,Physical,70,90,25,MOVE_EFFECT_RAISE_DEF_HIT,0,True,Pidgeot; Fearow; Crobat; Dodrio; Xatu; Noctowl; Honchkrow; Pelipper; Swellow; Staraptor; Togekiss; Altaria; Dragonite; Salamence; Skarmory; Aerodactyl; Gliscor,17,19,0.895,True,True
Engine,Flying,MachineMoves,MOVE_STOMPING_TANTRUM,StompingTantrum,Ground,Physical,75,100,10,MOVE_EFFECT_HIT,0,True,Dodrio; Dragonite,2,19,0.105,False,False
Engine,Flying,MachineMoves,MOVE_STONE_EDGE,Stone Edge,Rock,Physical,100,80,5,MOVE_EFFECT_HIGH_CRITICAL,0,True,Dragonite; Salamence; Gyarados; Aerodactyl; Gliscor,5,19,0.263,True,False
Engine,Flying,MachineMoves,MOVE_STORED_POWER,Stored Power,Psychic,Special,20,100,10,MOVE_EFFECT_HIT,0,True,Xatu; Noctowl; Togekiss,3,19,0.158,True,False
Engine,Flying,MachineMoves,MOVE_STRENGTH,Strength,Normal,Physical,80,100,15,MOVE_EFFECT_HIT,0,True,Dragonite; Salamence; Gyarados; Aerodactyl; Gliscor,5,19,0.263,True,False
Engine,Flying,MachineMoves,MOVE_STRUGGLE_BUG,Struggle Bug,Bug,Special,50,100,20,MOVE_EFFECT_LOWER_SP_ATK_HIT,0,True,Staraptor; Gliscor,2,19,0.105,False,False
Engine,Flying,MachineMoves,MOVE_SUBSTITUTE,Substitute,Normal,Status,0,0,10,MOVE_EFFECT_SET_SUBSTITUTE,0,True,Pidgeot; Fearow; Crobat; Dodrio; Xatu; Noctowl; Honchkrow; Pelipper; Swellow; Staraptor; Togekiss; Altaria; Dragonite; Salamence; Gyarados; Mantine; Skarmory; Aerodactyl; Gliscor,19,19,1.0,True,True
Engine,Flying,MachineMoves,MOVE_SUNNY_DAY,Sunny Day,Fire,Status,0,0,5,MOVE_EFFECT_WEATHER_SUN,0,True,Pidgeot; Fearow; Crobat; Dodrio; Xatu; Noctowl; Honchkrow; Swellow; Staraptor; Togekiss; Altaria; Dragonite; Salamence; Gyarados; Skarmory; Aerodactyl; Gliscor,17,19,0.895,True,True
Engine,Flying,MachineMoves,MOVE_SUPERPOWER,Superpower,Fighting,Physical,120,100,5,MOVE_EFFECT_USER_ATK_DEF_DOWN_HIT,0,True,Dragonite,1,19,0.053,True,False
Engine,Flying,MachineMoves,MOVE_SURF,Surf,Water,Special,90,100,15,MOVE_EFFECT_DOUBLE_DAMAGE_DIVE,0,True,Pelipper; Dragonite; Gyarados; Mantine,4,19,0.211,True,False
Engine,Flying,MachineMoves,MOVE_SWAGGER,Swagger,Normal,Status,0,85,15,MOVE_EFFECT_ATK_UP_2_STATUS_CONFUSION,0,True,Pidgeot; Fearow; Crobat; Dodrio; Xatu; Noctowl; Honchkrow; Pelipper; Swellow; Staraptor; Togekiss; Altaria; Dragonite; Salamence; Gyarados; Mantine; Skarmory; Aerodactyl; Gliscor,19,19,1.0,True,True
Engine,Flying,MachineMoves,MOVE_SWIFT,Swift,Normal,Special,60,0,20,MOVE_EFFECT_BYPASS_ACCURACY,0,True,Pidgeot; Fearow; Crobat; Dodrio; Xatu; Noctowl; Pelipper; Staraptor; Togekiss; Altaria; Dragonite; Salamence; Mantine; Skarmory; Aerodactyl; Gliscor,16,19,0.842,False,True
Engine,Flying,MachineMoves,MOVE_SWORDS_DANCE,Swords Dance,Normal,Status,0,0,20,MOVE_EFFECT_ATK_UP_2,0,True,Dodrio; Skarmory; Gliscor,3,19,0.158,True,False
Engine,Flying,MachineMoves,MOVE_TAILWIND,Tailwind,Flying,Status,0,0,15,MOVE_EFFECT_DOUBLE_SPEED_3_TURNS,0,True,Dodrio; Noctowl; Honchkrow; Pelipper; Staraptor; Altaria; Dragonite; Salamence; Skarmory; Gliscor,10,19,0.526,True,True
Engine,Flying,MachineMoves,MOVE_TAKE_DOWN,Take Down,Normal,Physical,90,85,20,MOVE_EFFECT_RECOIL_QUARTER,0,True,Pidgeot; Fearow; Dodrio; Noctowl; Honchkrow; Pelipper; Staraptor; Altaria; Dragonite; Salamence; Gyarados; Skarmory; Aerodactyl; Gliscor,14,19,0.737,False,True
Engine,Flying,MachineMoves,MOVE_TAUNT,Taunt,Dark,Status,0,100,20,MOVE_EFFECT_TAUNT,0,True,Crobat; Dodrio; Honchkrow; Gyarados; Skarmory; Aerodactyl; Gliscor,7,19,0.368,True,True
Engine,Flying,MachineMoves,MOVE_TELEKINESIS,Telekinesis,Psychic,Status,0,0,15,MOVE_EFFECT_HIT,0,True,Xatu; Togekiss,2,19,0.105,False,False
Engine,Flying,MachineMoves,MOVE_TEMPER_FLARE,Temper Flare,Fire,Physical,75,100,10,MOVE_EFFECT_HIT,0,True,Salamence; Gyarados,2,19,0.105,True,False
Engine,Flying,MachineMoves,MOVE_TERA_BLAST,Tera Blast,Normal,Special,80,100,10,MOVE_EFFECT_HIT,0,True,Dodrio; Noctowl; Honchkrow; Pelipper; Staraptor; Altaria; Dragonite; Salamence; Gyarados; Skarmory; Gliscor,11,19,0.579,True,True
Engine,Flying,MachineMoves,MOVE_THIEF,Thief,Dark,Physical,60,100,25,MOVE_EFFECT_STEAL_HELD_ITEM,0,True,Pidgeot; Fearow; Crobat; Dodrio; Xatu; Noctowl; Honchkrow; Pelipper; Swellow; Staraptor; Altaria; Skarmory; Aerodactyl; Gliscor,14,19,0.737,True,True
Engine,Flying,MachineMoves,MOVE_THROAT_CHOP,Throat Chop,Dark,Physical,80,100,15,MOVE_EFFECT_THROAT_CHOP,0,True,Dodrio; Gliscor,2,19,0.105,True,False
Engine,Flying,MachineMoves,MOVE_THUNDER,Thunder,Electric,Special,110,70,10,MOVE_EFFECT_THUNDER,0,True,Dragonite; Gyarados,2,19,0.105,True,False
Engine,Flying,MachineMoves,MOVE_THUNDERBOLT,Thunderbolt,Electric,Special,90,100,15,MOVE_EFFECT_PARALYZE_HIT,0,True,Dragonite; Gyarados,2,19,0.105,True,False
Engine,Flying,MachineMoves,MOVE_THUNDER_FANG,Thunder Fang,Electric,Physical,65,95,15,MOVE_EFFECT_FLINCH_PARALYZE_HIT,0,True,Salamence; Aerodactyl; Gliscor,3,19,0.158,False,False
Engine,Flying,MachineMoves,MOVE_THUNDER_PUNCH,Thunder Punch,Electric,Physical,75,100,15,MOVE_EFFECT_PARALYZE_HIT,0,True,Dragonite,1,19,0.053,False,False
Engine,Flying,MachineMoves,MOVE_THUNDER_WAVE,Thunder Wave,Electric,Status,0,90,20,MOVE_EFFECT_STATUS_PARALYZE,0,True,Xatu; Honchkrow; Togekiss; Dragonite; Gyarados,5,19,0.263,True,False
Engine,Flying,MachineMoves,MOVE_TORMENT,Torment,Dark,Status,0,100,15,MOVE_EFFECT_TORMENT,0,True,Crobat; Dodrio; Honchkrow; Gyarados; Skarmory; Aerodactyl; Gliscor,7,19,0.368,True,True
Engine,Flying,MachineMoves,MOVE_TOXIC,Toxic,Poison,Status,0,90,10,MOVE_EFFECT_STATUS_BADLY_POISON,0,True,Pidgeot; Fearow; Crobat; Dodrio; Xatu; Noctowl; Honchkrow; Pelipper; Swellow; Staraptor; Togekiss; Altaria; Dragonite; Salamence; Gyarados; Mantine; Skarmory; Aerodactyl; Gliscor,19,19,1.0,True,True
Engine,Flying,MachineMoves,MOVE_TOXIC_SPIKES,Toxic Spikes,Poison,Status,0,0,20,MOVE_EFFECT_TOXIC_SPIKES,0,True,Gliscor,1,19,0.053,True,False
Engine,Flying,MachineMoves,MOVE_TRAILBLAZE,Trailblaze,Grass,Physical,50,100,20,MOVE_EFFECT_RAISE_SPEED_HIT,0,True,Dodrio; Altaria,2,19,0.105,False,False
Engine,Flying,MachineMoves,MOVE_TRICK,Trick,Psychic,Status,0,100,10,MOVE_EFFECT_SWITCH_HELD_ITEMS,0,True,Xatu; Togekiss,2,19,0.105,True,False
Engine,Flying,MachineMoves,MOVE_TRICK_ROOM,Trick Room,Psychic,Status,0,0,5,MOVE_EFFECT_TRICK_ROOM,-7,True,Xatu,1,19,0.053,True,False
Engine,Flying,MachineMoves,MOVE_TRI_ATTACK,Tri Attack,Normal,Special,80,100,10,MOVE_EFFECT_RANDOM_PRIMARY_STATUS_HIT,0,True,Fearow; Dodrio; Togekiss,3,19,0.158,True,False
Engine,Flying,MachineMoves,MOVE_UPROAR,Uproar,Normal,Special,90,100,10,MOVE_EFFECT_UPROAR,0,True,Crobat; Dodrio; Noctowl; Honchkrow; Pelipper; Staraptor; Togekiss; Altaria; Gyarados,9,19,0.474,True,True
Engine,Flying,MachineMoves,MOVE_U_TURN,U-turn,Bug,Physical,70,100,20,MOVE_EFFECT_SWITCH_HIT,0,True,Pidgeot; Fearow; Crobat; Xatu; Honchkrow; Pelipper; Swellow; Staraptor; Gliscor,9,19,0.474,True,True
Engine,Flying,MachineMoves,MOVE_VENOM_DRENCH,Venom Drench,Poison,Status,0,100,20,MOVE_EFFECT_VENOM_DRENCH,0,True,Crobat,1,19,0.053,True,False
Engine,Flying,MachineMoves,MOVE_VENOSHOCK,Venoshock,Poison,Special,65,100,10,MOVE_EFFECT_DOUBLE_POWER_ON_POISONED,0,True,Crobat; Gliscor,2,19,0.105,False,False
Engine,Flying,MachineMoves,MOVE_WATERFALL,Waterfall,Water,Physical,80,100,15,MOVE_EFFECT_FLINCH_HIT,0,True,Pelipper; Dragonite; Gyarados; Mantine,4,19,0.211,True,False
Engine,Flying,MachineMoves,MOVE_WATER_GUN,Water Gun,Water,Special,40,100,25,MOVE_EFFECT_HIT,0,True,Dragonite; Gyarados,2,19,0.105,False,False
Engine,Flying,MachineMoves,MOVE_WATER_PULSE,Water Pulse,Water,Special,60,100,20,MOVE_EFFECT_CONFUSE_HIT,0,True,Pelipper; Togekiss; Dragonite; Gyarados; Mantine,5,19,0.263,True,False
Engine,Flying,MachineMoves,MOVE_WEATHER_BALL,Weather Ball,Normal,Special,50,100,10,MOVE_EFFECT_CHANGE_TYPE_WITH_WEATHER,0,True,Pelipper; Altaria; Dragonite,3,19,0.158,True,False
Engine,Flying,MachineMoves,MOVE_WHIRLPOOL,Whirlpool,Water,Special,35,85,15,MOVE_EFFECT_WHIRLPOOL,0,True,Pelipper; Dragonite; Gyarados; Mantine,4,19,0.211,True,False
Engine,Flying,MachineMoves,MOVE_WHIRLWIND,Whirlwind,Normal,Status,0,0,20,MOVE_EFFECT_FORCE_SWITCH,-6,True,Pidgeot; Fearow; Dodrio; Aerodactyl,4,19,0.211,False,False
Engine,Flying,MachineMoves,MOVE_WILL_O_WISP,Will-O-Wisp,Fire,Status,0,85,15,MOVE_EFFECT_STATUS_BURN,0,True,Altaria,1,19,0.053,True,False
Engine,Flying,MachineMoves,MOVE_WONDER_ROOM,Wonder Room,Psychic,Status,0,0,10,MOVE_EFFECT_HIT,0,True,Altaria,1,19,0.053,False,False
Engine,Flying,MachineMoves,MOVE_WORK_UP,Work Up,Normal,Status,0,0,30,MOVE_EFFECT_ATK_SP_ATK_UP,0,True,Pidgeot; Fearow; Dodrio; Noctowl; Swellow; Staraptor; Togekiss,7,19,0.368,True,True
Engine,Flying,MachineMoves,MOVE_X_SCISSOR,X-Scissor,Bug,Physical,80,100,15,MOVE_EFFECT_HIT,0,True,Crobat; Skarmory; Gliscor,3,19,0.158,True,False
Engine,Flying,MachineMoves,MOVE_ZAP_CANNON,Zap Cannon,Electric,Special,120,50,5,MOVE_EFFECT_PARALYZE_HIT,0,True,Dragonite; Gyarados,2,19,0.105,False,False
Engine,Flying,MachineMoves,MOVE_ZEN_HEADBUTT,Zen Headbutt,Psychic,Physical,80,90,15,MOVE_EFFECT_FLINCH_HIT,0,True,Crobat; Xatu; Noctowl; Togekiss; Salamence,5,19,0.263,True,False
Engine,Flying,TutorMoves,MOVE_AFTER_YOU,After You,Normal,Status,0,0,15,MOVE_EFFECT_AFTER_YOU,0,True,Togekiss,1,19,0.053,False,False
Engine,Flying,TutorMoves,MOVE_AIR_CUTTER,Air Cutter,Flying,Special,60,95,25,MOVE_EFFECT_HIGH_CRITICAL,0,True,Pidgeot; Fearow; Crobat; Dodrio; Xatu; Noctowl; Honchkrow; Pelipper; Swellow; Staraptor; Togekiss; Altaria; Dragonite; Salamence; Mantine; Skarmory; Aerodactyl,17,19,0.895,True,True
Engine,Flying,TutorMoves,MOVE_ALLY_SWITCH,Ally Switch,Psychic,Status,0,0,15,MOVE_EFFECT_HIT,2,True,Xatu,1,19,0.053,False,False
Engine,Flying,TutorMoves,MOVE_ANCIENT_POWER,Ancient Power,Rock,Special,60,100,5,MOVE_EFFECT_RAISE_ALL_STATS_HIT,0,True,Togekiss; Aerodactyl,2,19,0.105,True,False
Engine,Flying,TutorMoves,MOVE_AQUA_TAIL,Aqua Tail,Water,Physical,90,90,10,MOVE_EFFECT_HIT,0,True,Dragonite; Salamence; Gyarados; Mantine; Aerodactyl; Gliscor,6,19,0.316,True,False
Engine,Flying,TutorMoves,MOVE_BIND,Bind,Normal,Physical,15,85,20,MOVE_EFFECT_BIND_HIT,0,True,Dragonite,1,19,0.053,False,False
Engine,Flying,TutorMoves,MOVE_BODY_SLAM,Body Slam,Normal,Physical,85,100,15,MOVE_EFFECT_PARALYZE_HIT,0,True,Dodrio; Altaria; Dragonite; Salamence; Gyarados; Mantine,6,19,0.316,False,False
Engine,Flying,TutorMoves,MOVE_BOUNCE,Bounce,Flying,Physical,85,85,5,MOVE_EFFECT_BOUNCE,0,True,Gyarados; Mantine,2,19,0.105,True,True
Engine,Flying,TutorMoves,MOVE_BUG_BITE,Bug Bite,Bug,Physical,60,100,20,MOVE_EFFECT_EAT_BERRY,0,True,Gliscor,1,19,0.053,True,False
Engine,Flying,TutorMoves,MOVE_COUNTER,Counter,Fighting,Physical,1,100,20,MOVE_EFFECT_COUNTER,-5,True,Swellow; Skarmory,2,19,0.105,False,False
Engine,Flying,TutorMoves,MOVE_COVET,Covet,Normal,Physical,60,100,25,MOVE_EFFECT_STEAL_HELD_ITEM,0,True,Togekiss,1,19,0.053,False,False
Engine,Flying,TutorMoves,MOVE_DARK_PULSE,Dark Pulse,Dark,Special,80,100,15,MOVE_EFFECT_FLINCH_HIT,0,True,Crobat; Honchkrow; Gyarados; Skarmory; Gliscor,5,19,0.263,False,False
Engine,Flying,TutorMoves,MOVE_DEFENSE_CURL,Defense Curl,Normal,Status,0,0,40,MOVE_EFFECT_DEF_UP_DOUBLE_ROLLOUT_POWER,0,True,Salamence,1,19,0.053,False,False
Engine,Flying,TutorMoves,MOVE_DEFOG,Defog,Flying,Status,0,0,15,MOVE_EFFECT_REMOVE_HAZARDS_SCREENS_EVA_DOWN,0,True,Pidgeot; Fearow; Crobat; Xatu; Noctowl; Honchkrow; Pelipper; Swellow; Staraptor; Togekiss; Altaria; Dragonite; Salamence; Mantine; Skarmory; Aerodactyl; Gliscor,17,19,0.895,False,True
Engine,Flying,TutorMoves,MOVE_DIVE,Dive,Water,Physical,80,100,10,MOVE_EFFECT_DIVE,0,True,Dragonite; Gyarados; Mantine,3,19,0.158,True,False
Engine,Flying,TutorMoves,MOVE_DOUBLE_EDGE,Double-Edge,Normal,Physical,120,100,15,MOVE_EFFECT_RECOIL_THIRD,0,True,Pidgeot; Fearow; Crobat; Dodrio; Xatu; Noctowl; Pelipper; Swellow; Altaria; Dragonite; Salamence; Gyarados; Mantine; Skarmory; Aerodactyl,15,19,0.789,False,True
Engine,Flying,TutorMoves,MOVE_DRACO_METEOR,Draco Meteor,Dragon,Special,130,90,5,MOVE_EFFECT_USER_SP_ATK_DOWN_2,0,True,Altaria; Dragonite; Salamence,3,19,0.158,False,False
Engine,Flying,TutorMoves,MOVE_DRAGON_PULSE,Dragon Pulse,Dragon,Special,85,100,10,MOVE_EFFECT_HIT,0,True,Altaria; Dragonite; Salamence; Gyarados; Aerodactyl,5,19,0.263,False,False
Engine,Flying,TutorMoves,MOVE_DRAIN_PUNCH,Drain Punch,Fighting,Physical,75,100,10,MOVE_EFFECT_RECOVER_HALF_DAMAGE_DEALT,0,True,Togekiss,1,19,0.053,False,False
Engine,Flying,TutorMoves,MOVE_DREAM_EATER,Dream Eater,Psychic,Special,100,100,15,MOVE_EFFECT_RECOVER_DAMAGE_SLEEP,0,True,Xatu; Noctowl; Altaria,3,19,0.158,False,False
Engine,Flying,TutorMoves,MOVE_DRILL_RUN,Drill Run,Ground,Physical,80,95,10,MOVE_EFFECT_HIGH_CRITICAL,0,True,Fearow,1,19,0.053,False,False
Engine,Flying,TutorMoves,MOVE_DUAL_WINGBEAT,Dual Wingbeat,Flying,Physical,40,90,10,MOVE_EFFECT_HIT_TWICE,0,True,Crobat; Xatu; Noctowl; Pelipper; Togekiss; Altaria; Dragonite; Salamence; Mantine; Skarmory; Aerodactyl,11,19,0.579,False,True
Engine,Flying,TutorMoves,MOVE_DYNAMIC_PUNCH,Dynamic Punch,Fighting,Physical,100,50,5,MOVE_EFFECT_CONFUSE_HIT,0,True,Dragonite,1,19,0.053,False,False
Engine,Flying,TutorMoves,MOVE_EARTH_POWER,Earth Power,Ground,Special,90,100,10,MOVE_EFFECT_LOWER_SP_DEF_HIT,0,True,Aerodactyl; Gliscor,2,19,0.105,True,False
Engine,Flying,TutorMoves,MOVE_ENDEAVOR,Endeavor,Normal,Physical,1,100,5,MOVE_EFFECT_SET_HP_EQUAL_TO_USER,0,True,Dodrio; Swellow; Staraptor; Togekiss,4,19,0.211,True,False
Engine,Flying,TutorMoves,MOVE_ENDURE,Endure,Normal,Status,0,0,10,MOVE_EFFECT_SURVIVE_WITH_1_HP,4,True,Pidgeot; Fearow; Crobat; Dodrio; Xatu; Noctowl; Pelipper; Swellow; Altaria; Dragonite; Salamence; Gyarados; Mantine; Skarmory; Aerodactyl,15,19,0.789,False,True
Engine,Flying,TutorMoves,MOVE_EXPANDING_FORCE,Expanding Force,Psychic,Special,80,100,10,MOVE_EFFECT_HIT,0,True,Xatu,1,19,0.053,False,False
Engine,Flying,TutorMoves,MOVE_FIRE_PUNCH,Fire Punch,Fire,Physical,75,100,15,MOVE_EFFECT_BURN_HIT,0,True,Dragonite,1,19,0.053,True,False
Engine,Flying,TutorMoves,MOVE_FLAMETHROWER,Flamethrower,Fire,Special,90,100,15,MOVE_EFFECT_BURN_HIT,0,True,Dragonite; Gyarados; Aerodactyl,3,19,0.158,False,False
Engine,Flying,TutorMoves,MOVE_FOCUS_PUNCH,Focus Punch,Fighting,Physical,150,100,20,MOVE_EFFECT_HIT_LAST_WHIFF_IF_HIT,-3,True,Togekiss; Dragonite,2,19,0.105,False,False
Engine,Flying,TutorMoves,MOVE_FOUL_PLAY,Foul Play,Dark,Physical,95,100,15,MOVE_EFFECT_HIT,0,True,Xatu; Honchkrow,2,19,0.105,False,False
Engine,Flying,TutorMoves,MOVE_FURY_CUTTER,Fury Cutter,Bug,Physical,40,95,20,MOVE_EFFECT_DOUBLE_POWER_EACH_TURN,0,True,Dragonite; Salamence; Skarmory; Gliscor,4,19,0.211,True,False
Engine,Flying,TutorMoves,MOVE_GIGA_DRAIN,Giga Drain,Grass,Special,75,100,10,MOVE_EFFECT_RECOVER_HALF_DAMAGE_DEALT,0,True,Crobat; Xatu,2,19,0.105,False,False
Engine,Flying,TutorMoves,MOVE_GUNK_SHOT,Gunk Shot,Poison,Physical,120,80,5,MOVE_EFFECT_POISON_HIT,0,True,Pelipper; Mantine,2,19,0.105,True,False
Engine,Flying,TutorMoves,MOVE_HEADBUTT,Headbutt,Normal,Physical,70,100,15,MOVE_EFFECT_FLINCH_HIT,0,True,Togekiss; Dragonite; Salamence; Gyarados; Mantine; Aerodactyl; Gliscor,7,19,0.368,True,True
Engine,Flying,TutorMoves,MOVE_HEAL_BELL,Heal Bell,Normal,Status,0,0,5,MOVE_EFFECT_CURE_PARTY_STATUS,0,True,Togekiss; Altaria,2,19,0.105,True,False
Engine,Flying,TutorMoves,MOVE_HEAT_WAVE,Heat Wave,Fire,Special,95,90,10,MOVE_EFFECT_BURN_HIT,0,True,Pidgeot; Fearow; Crobat; Xatu; Noctowl; Honchkrow; Swellow; Staraptor; Togekiss; Altaria; Dragonite; Salamence; Aerodactyl,13,19,0.684,True,True
Engine,Flying,TutorMoves,MOVE_HELPING_HAND,Helping Hand,Normal,Status,0,0,20,MOVE_EFFECT_BOOST_ALLY_POWER_BY_50_PERCENT,5,True,Mantine,1,19,0.053,True,False
Engine,Flying,TutorMoves,MOVE_HYPER_VOICE,Hyper Voice,Normal,Special,90,100,10,MOVE_EFFECT_HIT,0,True,Noctowl; Togekiss; Altaria; Salamence,4,19,0.211,False,False
Engine,Flying,TutorMoves,MOVE_ICE_BEAM,Ice Beam,Ice,Special,90,100,10,MOVE_EFFECT_FREEZE_HIT,0,True,Dragonite; Gyarados; Mantine,3,19,0.158,False,False
Engine,Flying,TutorMoves,MOVE_ICE_PUNCH,Ice Punch,Ice,Physical,75,100,15,MOVE_EFFECT_FREEZE_HIT,0,True,Dragonite,1,19,0.053,True,False
Engine,Flying,TutorMoves,MOVE_ICY_WIND,Icy Wind,Ice,Special,55,95,15,MOVE_EFFECT_LOWER_SPEED_HIT,0,True,Honchkrow; Pelipper; Dragonite; Gyarados; Mantine; Skarmory,6,19,0.316,True,False
Engine,Flying,TutorMoves,MOVE_IRON_DEFENSE,Iron Defense,Steel,Status,0,0,15,MOVE_EFFECT_DEF_UP_2,0,True,Skarmory,1,19,0.053,True,False
Engine,Flying,TutorMoves,MOVE_IRON_HEAD,Iron Head,Steel,Physical,80,100,15,MOVE_EFFECT_FLINCH_HIT,0,True,Dragonite; Gyarados; Mantine; Skarmory; Aerodactyl,5,19,0.263,True,False
Engine,Flying,TutorMoves,MOVE_IRON_TAIL,Iron Tail,Steel,Physical,100,75,15,MOVE_EFFECT_LOWER_DEFENSE_HIT,0,True,Altaria; Dragonite; Salamence; Gyarados; Aerodactyl; Gliscor,6,19,0.316,False,False
Engine,Flying,TutorMoves,MOVE_KNOCK_OFF,Knock Off,Dark,Physical,65,100,20,MOVE_EFFECT_REMOVE_HELD_ITEM,0,True,Dodrio; Pelipper; Gliscor,3,19,0.158,True,False
Engine,Flying,TutorMoves,MOVE_LASER_FOCUS,Laser Focus,Normal,Status,0,0,30,MOVE_EFFECT_LASER_FOCUS,0,True,Pidgeot; Fearow; Xatu; Noctowl; Swellow; Staraptor; Togekiss; Salamence; Aerodactyl,9,19,0.474,False,True
Engine,Flying,TutorMoves,MOVE_LASH_OUT,Lash Out,Dark,Physical,75,100,5,MOVE_EFFECT_HIT,0,True,Gyarados,1,19,0.053,False,False
Engine,Flying,TutorMoves,MOVE_LAST_RESORT,Last Resort,Normal,Physical,140,100,5,MOVE_EFFECT_FAIL_IF_NOT_USED_ALL_OTHER_MOVES,0,True,Togekiss,1,19,0.053,True,False
Engine,Flying,TutorMoves,MOVE_LIQUIDATION,Liquidation,Water,Physical,85,100,10,MOVE_EFFECT_LOWER_DEFENSE_HIT,0,True,Pelipper; Mantine,2,19,0.105,False,False
Engine,Flying,TutorMoves,MOVE_MAGIC_COAT,Magic Coat,Psychic,Status,0,0,15,MOVE_EFFECT_MAGIC_COAT,4,True,Xatu; Noctowl; Togekiss,3,19,0.158,True,False
Engine,Flying,TutorMoves,MOVE_MAGIC_ROOM,Magic Room,Psychic,Status,0,0,10,MOVE_EFFECT_MAGIC_ROOM,0,True,Xatu,1,19,0.053,False,False
Engine,Flying,TutorMoves,MOVE_METEOR_BEAM,Meteor Beam,Rock,Special,120,90,10,MOVE_EFFECT_CHARGE_TURN_SP_ATK_UP,0,True,Aerodactyl,1,19,0.053,False,False
Engine,Flying,TutorMoves,MOVE_MIMIC,Mimic,Normal,Status,0,0,10,MOVE_EFFECT_COPY_MOVE_FOR_BATTLE,0,True,Pidgeot; Fearow; Crobat; Dodrio; Xatu; Noctowl; Pelipper; Swellow; Altaria; Dragonite; Salamence; Gyarados; Mantine; Skarmory; Aerodactyl,15,19,0.789,False,True
Engine,Flying,TutorMoves,MOVE_MUD_SLAP,Mud-Slap,Ground,Special,20,100,10,MOVE_EFFECT_LOWER_ACCURACY_HIT,0,True,Pidgeot; Fearow; Dodrio; Noctowl; Honchkrow; Pelipper; Swellow; Staraptor; Togekiss; Altaria; Dragonite; Salamence; Mantine; Skarmory; Gliscor,15,19,0.789,True,True
Engine,Flying,TutorMoves,MOVE_NIGHTMARE,Nightmare,Ghost,Status,0,100,15,MOVE_EFFECT_STATUS_NIGHTMARE,0,True,Xatu; Noctowl,2,19,0.105,False,False
Engine,Flying,TutorMoves,MOVE_OMINOUS_WIND,Ominous Wind,Ghost,Special,60,100,5,MOVE_EFFECT_RAISE_ALL_STATS_HIT,0,True,Pidgeot; Fearow; Crobat; Xatu; Noctowl; Honchkrow; Pelipper; Swellow; Staraptor; Togekiss; Altaria; Dragonite; Salamence; Skarmory; Aerodactyl,15,19,0.789,True,True
Engine,Flying,TutorMoves,MOVE_OUTRAGE,Outrage,Dragon,Physical,120,100,10,MOVE_EFFECT_CONTINUE_AND_CONFUSE_SELF,0,True,Altaria; Dragonite; Salamence; Gyarados,4,19,0.211,True,False
Engine,Flying,TutorMoves,MOVE_PAIN_SPLIT,Pain Split,Normal,Status,0,0,20,MOVE_EFFECT_AVERAGE_HP,0,True,Xatu,1,19,0.053,True,False
Engine,Flying,TutorMoves,MOVE_PSYCH_UP,Psych Up,Normal,Status,0,0,10,MOVE_EFFECT_COPY_STAT_CHANGES,0,True,Xatu; Altaria,2,19,0.105,False,False
Engine,Flying,TutorMoves,MOVE_RECYCLE,Recycle,Normal,Status,0,0,10,MOVE_EFFECT_RECYCLE,0,True,Noctowl,1,19,0.053,False,False
Engine,Flying,TutorMoves,MOVE_ROCK_SLIDE,Rock Slide,Rock,Physical,75,90,10,MOVE_EFFECT_FLINCH_HIT,0,True,Salamence; Skarmory; Aerodactyl,3,19,0.158,False,False
Engine,Flying,TutorMoves,MOVE_ROLLOUT,Rollout,Rock,Physical,30,90,20,MOVE_EFFECT_DOUBLE_POWER_EACH_TURN_LOCK_INTO,0,True,Togekiss; Salamence,2,19,0.105,True,False
Engine,Flying,TutorMoves,MOVE_ROOST,Roost,Flying,Status,0,0,5,MOVE_EFFECT_HEAL_HALF_REMOVE_FLYING_TYPE,0,True,Pidgeot; Fearow; Crobat; Dodrio; Xatu; Noctowl; Honchkrow; Pelipper; Swellow; Staraptor; Togekiss; Altaria; Dragonite; Salamence; Skarmory; Aerodactyl; Gliscor,17,19,0.895,False,True
Engine,Flying,TutorMoves,MOVE_SCALE_SHOT,Scale Shot,Dragon,Physical,25,90,20,MOVE_EFFECT_MULTI_HIT,0,True,Dragonite; Gyarados,2,19,0.105,False,False
Engine,Flying,TutorMoves,MOVE_SEED_BOMB,Seed Bomb,Grass,Physical,80,100,15,MOVE_EFFECT_HIT,0,True,Pelipper; Mantine,2,19,0.105,True,False
Engine,Flying,TutorMoves,MOVE_SHOCK_WAVE,Shock Wave,Electric,Special,60,0,20,MOVE_EFFECT_BYPASS_ACCURACY,0,True,Pelipper; Togekiss; Dragonite,3,19,0.158,False,False
Engine,Flying,TutorMoves,MOVE_SIGNAL_BEAM,Signal Beam,Bug,Special,75,100,15,MOVE_EFFECT_CONFUSE_HIT,0,True,Xatu; Togekiss; Mantine,3,19,0.158,True,False
Engine,Flying,TutorMoves,MOVE_SKILL_SWAP,Skill Swap,Psychic,Status,0,0,10,MOVE_EFFECT_SWITCH_ABILITIES,0,True,Xatu,1,19,0.053,False,False
Engine,Flying,TutorMoves,MOVE_SKY_ATTACK,Sky Attack,Flying,Physical,140,90,5,MOVE_EFFECT_CHARGE_TURN_HIGH_CRIT_FLINCH,0,True,Pidgeot; Fearow; Crobat; Dodrio; Xatu; Noctowl; Honchkrow; Pelipper; Swellow; Staraptor; Togekiss; Altaria; Skarmory; Aerodactyl; Gliscor,15,19,0.789,True,True
Engine,Flying,TutorMoves,MOVE_SLEEP_TALK,Sleep Talk,Normal,Status,0,0,10,MOVE_EFFECT_USE_RANDOM_LEARNED_MOVE_SLEEP,0,True,Pidgeot; Fearow; Crobat; Dodrio; Xatu; Noctowl; Honchkrow; Pelipper; Swellow; Staraptor; Togekiss; Altaria; Dragonite; Salamence; Gyarados; Mantine; Skarmory; Aerodactyl; Gliscor,19,19,1.0,False,True
Engine,Flying,TutorMoves,MOVE_SNATCH,Snatch,Dark,Status,0,0,10,MOVE_EFFECT_STEAL_STATUS_MOVE,4,True,Crobat; Honchkrow,2,19,0.105,False,False
Engine,Flying,TutorMoves,MOVE_SNORE,Snore,Normal,Special,50,100,15,MOVE_EFFECT_DAMAGE_WHILE_ASLEEP,0,True,Pidgeot; Fearow; Crobat; Dodrio; Xatu; Noctowl; Honchkrow; Pelipper; Swellow; Staraptor; Togekiss; Altaria; Dragonite; Salamence; Gyarados; Mantine; Skarmory; Aerodactyl; Gliscor,19,19,1.0,True,True
Engine,Flying,TutorMoves,MOVE_SPITE,Spite,Ghost,Status,0,100,10,MOVE_EFFECT_DECREASE_LAST_MOVE_PP,0,True,Honchkrow; Gyarados,2,19,0.105,True,False
Engine,Flying,TutorMoves,MOVE_STEALTH_ROCK,Stealth Rock,Rock,Status,0,0,20,MOVE_EFFECT_STEALTH_ROCK,0,True,Skarmory; Aerodactyl; Gliscor,3,19,0.158,False,False
Engine,Flying,TutorMoves,MOVE_STEEL_BEAM,Steel Beam,Steel,Special,140,95,5,MOVE_EFFECT_STEEL_BEAM,0,True,Skarmory,1,19,0.053,False,False
Engine,Flying,TutorMoves,MOVE_STOMPING_TANTRUM,StompingTantrum,Ground,Physical,75,100,10,MOVE_EFFECT_HIT,0,True,Dodrio,1,19,0.053,False,False
Engine,Flying,TutorMoves,MOVE_STRING_SHOT,String Shot,Bug,Status,0,95,40,MOVE_EFFECT_SPEED_DOWN_2,0,True,Mantine,1,19,0.053,True,False
Engine,Flying,TutorMoves,MOVE_SUBSTITUTE,Substitute,Normal,Status,0,0,10,MOVE_EFFECT_SET_SUBSTITUTE,0,True,Pidgeot; Fearow; Crobat; Dodrio; Xatu; Noctowl; Pelipper; Swellow; Altaria; Dragonite; Salamence; Gyarados; Mantine; Skarmory; Aerodactyl,15,19,0.789,False,True
Engine,Flying,TutorMoves,MOVE_SUCKER_PUNCH,Sucker Punch,Dark,Physical,70,100,5,MOVE_EFFECT_HIT_FIRST_IF_TARGET_ATTACKING,1,True,Xatu; Honchkrow,2,19,0.105,True,False
Engine,Flying,TutorMoves,MOVE_SUPERPOWER,Superpower,Fighting,Physical,120,100,5,MOVE_EFFECT_USER_ATK_DEF_DOWN_HIT,0,True,Honchkrow; Dragonite,2,19,0.105,True,False
Engine,Flying,TutorMoves,MOVE_SUPER_FANG,Super Fang,Normal,Physical,1,90,10,MOVE_EFFECT_HALVE_HP,0,True,Crobat,1,19,0.053,True,False
Engine,Flying,TutorMoves,MOVE_SWAGGER,Swagger,Normal,Status,0,85,15,MOVE_EFFECT_ATK_UP_2_STATUS_CONFUSION,0,True,Pidgeot; Fearow; Crobat; Dodrio; Xatu; Noctowl; Pelipper; Swellow; Altaria; Dragonite; Salamence; Gyarados; Mantine; Skarmory; Aerodactyl,15,19,0.789,False,True
Engine,Flying,TutorMoves,MOVE_SWIFT,Swift,Normal,Special,60,0,20,MOVE_EFFECT_BYPASS_ACCURACY,0,True,Pidgeot; Fearow; Crobat; Dodrio; Xatu; Noctowl; Honchkrow; Pelipper; Swellow; Staraptor; Togekiss; Altaria; Dragonite; Salamence; Mantine; Skarmory; Aerodactyl; Gliscor,18,19,0.947,True,True
Engine,Flying,TutorMoves,MOVE_TAILWIND,Tailwind,Flying,Status,0,0,15,MOVE_EFFECT_DOUBLE_SPEED_3_TURNS,0,True,Pidgeot; Fearow; Crobat; Xatu; Noctowl; Honchkrow; Pelipper; Swellow; Staraptor; Togekiss; Altaria; Dragonite; Salamence; Mantine; Skarmory; Aerodactyl; Gliscor,17,19,0.895,True,True
Engine,Flying,TutorMoves,MOVE_TELEKINESIS,Telekinesis,Psychic,Status,0,0,15,MOVE_EFFECT_HIT,0,True,Xatu; Togekiss,2,19,0.105,False,False
Engine,Flying,TutorMoves,MOVE_THROAT_CHOP,Throat Chop,Dark,Physical,80,100,15,MOVE_EFFECT_THROAT_CHOP,0,True,Fearow; Gliscor,2,19,0.105,False,False
Engine,Flying,TutorMoves,MOVE_THUNDERBOLT,Thunderbolt,Electric,Special,90,100,15,MOVE_EFFECT_PARALYZE_HIT,0,True,Dragonite; Gyarados,2,19,0.105,False,False
Engine,Flying,TutorMoves,MOVE_THUNDER_PUNCH,Thunder Punch,Electric,Physical,75,100,15,MOVE_EFFECT_PARALYZE_HIT,0,True,Dragonite,1,19,0.053,True,False
Engine,Flying,TutorMoves,MOVE_THUNDER_WAVE,Thunder Wave,Electric,Status,0,90,20,MOVE_EFFECT_STATUS_PARALYZE,0,True,Xatu; Dragonite; Gyarados,3,19,0.158,False,False
Engine,Flying,TutorMoves,MOVE_TRICK,Trick,Psychic,Status,0,100,10,MOVE_EFFECT_SWITCH_HELD_ITEMS,0,True,Xatu; Togekiss,2,19,0.105,True,False
Engine,Flying,TutorMoves,MOVE_TWISTER,Twister,Dragon,Special,40,100,20,MOVE_EFFECT_FLINCH_DOUBLE_DAMAGE_FLY_OR_BOUNCE,0,True,Pidgeot; Fearow; Crobat; Xatu; Noctowl; Honchkrow; Pelipper; Swellow; Staraptor; Togekiss; Altaria; Dragonite; Salamence; Gyarados; Skarmory; Aerodactyl,16,19,0.842,True,True
Engine,Flying,TutorMoves,MOVE_UPROAR,Uproar,Normal,Special,90,100,10,MOVE_EFFECT_UPROAR,0,True,Pidgeot; Fearow; Crobat; Dodrio; Noctowl; Honchkrow; Pelipper; Staraptor; Altaria; Gyarados,10,19,0.526,True,True
Engine,Flying,TutorMoves,MOVE_WATER_PULSE,Water Pulse,Water,Special,60,100,20,MOVE_EFFECT_CONFUSE_HIT,0,True,Pelipper; Togekiss; Dragonite; Gyarados; Mantine,5,19,0.263,False,False
Engine,Flying,TutorMoves,MOVE_WONDER_ROOM,Wonder Room,Psychic,Status,0,0,10,MOVE_EFFECT_HIT,0,True,Altaria,1,19,0.053,False,False
Engine,Flying,TutorMoves,MOVE_ZEN_HEADBUTT,Zen Headbutt,Psychic,Physical,80,90,15,MOVE_EFFECT_FLINCH_HIT,0,True,Crobat; Xatu; Noctowl; Togekiss; Salamence,5,19,0.263,True,False
Engine,Water,MachineMoves,MOVE_ACID_SPRAY,Acid Spray,Poison,Special,40,100,20,MOVE_EFFECT_LOWER_SP_DEF_2_HIT,0,True,Tentacruel; Quagsire,2,29,0.069,False,False
Engine,Water,MachineMoves,MOVE_ACROBATICS,Acrobatics,Flying,Physical,55,100,15,MOVE_EFFECT_DOUBLE_POWER_WITHOUT_ITEM,0,True,Pelipper,1,29,0.034,False,False
Engine,Water,MachineMoves,MOVE_AERIAL_ACE,Aerial Ace,Flying,Physical,60,0,20,MOVE_EFFECT_BYPASS_ACCURACY,0,True,Golduck; Slowbro; Feraligatr; Pelipper; Crawdaunt; Empoleon,6,29,0.207,True,False
Engine,Water,MachineMoves,MOVE_AGILITY,Agility,Psychic,Status,0,0,30,MOVE_EFFECT_SPEED_UP_2,0,True,Kingler; Kingdra; Seaking; Starmie; Feraligatr; Lanturn; Pelipper; Sharpedo; Empoleon; Floatzel,10,29,0.345,True,True
Engine,Water,MachineMoves,MOVE_AIR_CUTTER,Air Cutter,Flying,Special,60,95,25,MOVE_EFFECT_HIGH_CRITICAL,0,True,Pelipper; Empoleon,2,29,0.069,False,False
Engine,Water,MachineMoves,MOVE_AIR_SLASH,Air Slash,Flying,Special,75,95,15,MOVE_EFFECT_FLINCH_HIT,0,True,Pelipper; Empoleon,2,29,0.069,False,False
Engine,Water,MachineMoves,MOVE_ALLURING_VOICE,Alluring Voice,Fairy,Special,80,100,10,MOVE_EFFECT_HIT,0,True,Dewgong; Lapras; Vaporeon; Azumarill; Milotic,5,29,0.172,True,False
Engine,Water,MachineMoves,MOVE_ALLY_SWITCH,Ally Switch,Psychic,Status,0,0,15,MOVE_EFFECT_HIT,2,True,Kingler; Starmie,2,29,0.069,True,False
Engine,Water,MachineMoves,MOVE_AMNESIA,Amnesia,Psychic,Status,0,0,20,MOVE_EFFECT_SP_DEF_UP_2,0,True,Golduck; Poliwrath; Slowbro; Kingler; Lanturn; Azumarill; Quagsire; Swampert; Wailord; Whiscash; Gastrodon,11,29,0.379,True,True
Engine,Water,MachineMoves,MOVE_ASSURANCE,Assurance,Dark,Physical,60,100,10,MOVE_EFFECT_DOUBLE_POWER_IF_TARGET_HIT,0,True,Sharpedo,1,29,0.034,False,False
Engine,Water,MachineMoves,MOVE_ATTRACT,Attract,Normal,Status,0,100,15,MOVE_EFFECT_INFATUATE,0,True,Blastoise; Golduck; Poliwrath; Tentacruel; Slowbro; Dewgong; Cloyster; Kingler; Kingdra; Seaking; Starmie; Gyarados; Lapras; Vaporeon; Feraligatr; Lanturn; Azumarill; Quagsire; Swampert; Pelipper; Sharpedo; Wailord; Whiscash; Crawdaunt; Milotic; Walrein; Empoleon; Gastrodon; Floatzel,29,29,1.0,True,True
Engine,Water,MachineMoves,MOVE_AURA_SPHERE,Aura Sphere,Fighting,Special,80,0,20,MOVE_EFFECT_BYPASS_ACCURACY,0,True,Blastoise,1,29,0.034,True,False
Engine,Water,MachineMoves,MOVE_AVALANCHE,Avalanche,Ice,Physical,60,100,10,MOVE_EFFECT_DOUBLE_DAMAGE_IF_HIT,-4,True,Blastoise; Slowbro; Dewgong; Cloyster; Starmie; Gyarados; Lapras; Feraligatr; Quagsire; Swampert; Sharpedo; Wailord; Crawdaunt; Milotic; Walrein; Empoleon,16,29,0.552,True,True
Engine,Water,MachineMoves,MOVE_BATON_PASS,Baton Pass,Normal,Status,0,0,40,MOVE_EFFECT_PASS_STATS_AND_STATUS,0,True,Poliwrath; Vaporeon; Floatzel,3,29,0.103,True,False
Engine,Water,MachineMoves,MOVE_BIDE,Bide,Normal,Physical,1,0,10,MOVE_EFFECT_BIDE,1,True,Blastoise; Golduck; Poliwrath; Tentacruel; Slowbro; Dewgong; Cloyster; Kingler; Seaking; Starmie; Gyarados; Lapras; Vaporeon,13,29,0.448,False,True
Engine,Water,MachineMoves,MOVE_BLIZZARD,Blizzard,Ice,Special,110,70,5,MOVE_EFFECT_BLIZZARD,0,True,Blastoise; Golduck; Poliwrath; Tentacruel; Slowbro; Dewgong; Cloyster; Kingler; Kingdra; Seaking; Starmie; Gyarados; Lapras; Vaporeon; Feraligatr; Lanturn; Azumarill; Quagsire; Swampert; Pelipper; Sharpedo; Wailord; Whiscash; Crawdaunt; Milotic; Walrein; Empoleon; Gastrodon; Floatzel,29,29,1.0,True,True
Engine,Water,MachineMoves,MOVE_BODY_PRESS,Body Press,Fighting,Physical,80,100,10,MOVE_EFFECT_HIT,0,True,Blastoise; Slowbro; Lapras; Quagsire; Swampert; Wailord; Walrein,7,29,0.241,True,False
Engine,Water,MachineMoves,MOVE_BODY_SLAM,Body Slam,Normal,Physical,85,100,15,MOVE_EFFECT_PARALYZE_HIT,0,True,Blastoise; Golduck; Poliwrath; Slowbro; Dewgong; Cloyster; Kingler; Kingdra; Seaking; Gyarados; Lapras; Vaporeon; Feraligatr; Azumarill; Quagsire; Swampert; Pelipper; Wailord; Whiscash; Crawdaunt; Milotic; Walrein; Empoleon; Gastrodon; Floatzel,25,29,0.862,True,True
Engine,Water,MachineMoves,MOVE_BOUNCE,Bounce,Flying,Physical,85,85,5,MOVE_EFFECT_BOUNCE,0,True,Kingdra; Seaking; Gyarados; Lanturn; Azumarill; Sharpedo; Wailord; Whiscash,8,29,0.276,False,False
Engine,Water,MachineMoves,MOVE_BRAVE_BIRD,Brave Bird,Flying,Physical,120,100,15,MOVE_EFFECT_RECOIL_THIRD,0,True,Pelipper,1,29,0.034,True,False
Engine,Water,MachineMoves,MOVE_BREAKING_SWIPE,Breaking Swipe,Dragon,Physical,60,100,15,MOVE_EFFECT_LOWER_ATTACK_HIT,0,True,Kingdra; Feraligatr; Milotic,3,29,0.103,True,False
Engine,Water,MachineMoves,MOVE_BRICK_BREAK,Brick Break,Fighting,Physical,75,100,15,MOVE_EFFECT_REMOVE_SCREENS,0,True,Blastoise; Golduck; Poliwrath; Slowbro; Kingler; Feraligatr; Azumarill; Quagsire; Swampert; Crawdaunt; Empoleon; Floatzel,12,29,0.414,True,True
Engine,Water,MachineMoves,MOVE_BRINE,Brine,Water,Special,65,100,10,MOVE_EFFECT_DOUBLE_POWER_WHEN_BELOW_HALF,0,True,Blastoise; Golduck; Tentacruel; Slowbro; Dewgong; Cloyster; Kingler; Kingdra; Starmie; Gyarados; Lapras; Vaporeon; Lanturn; Pelipper; Sharpedo; Wailord; Milotic; Walrein; Empoleon; Gastrodon; Floatzel,21,29,0.724,True,True
Engine,Water,MachineMoves,MOVE_BRUTAL_SWING,Brutal Swing,Dark,Physical,60,100,20,MOVE_EFFECT_HIT,0,True,Tentacruel; Kingler; Gyarados; Azumarill; Milotic,5,29,0.172,False,False
Engine,Water,MachineMoves,MOVE_BUBBLE_BEAM,Bubble Beam,Water,Special,65,100,20,MOVE_EFFECT_LOWER_SPEED_HIT,0,True,Blastoise; Golduck; Poliwrath; Tentacruel; Slowbro; Dewgong; Cloyster; Kingler; Seaking; Starmie; Gyarados; Lapras; Vaporeon,13,29,0.448,False,True
Engine,Water,MachineMoves,MOVE_BULK_UP,Bulk Up,Fighting,Status,0,0,20,MOVE_EFFECT_ATK_DEF_UP,0,True,Poliwrath; Swampert; Floatzel,3,29,0.103,True,False
Engine,Water,MachineMoves,MOVE_BULLDOZE,Bulldoze,Ground,Physical,60,100,20,MOVE_EFFECT_LOWER_SPEED_HIT,0,True,Blastoise; Poliwrath; Slowbro; Gyarados; Lapras; Feraligatr; Azumarill; Quagsire; Swampert; Sharpedo; Wailord; Whiscash; Milotic; Walrein; Empoleon; Gastrodon,16,29,0.552,False,True
Engine,Water,MachineMoves,MOVE_CALM_MIND,Calm Mind,Psychic,Status,0,0,20,MOVE_EFFECT_SP_ATK_SP_DEF_UP,0,True,Golduck; Slowbro; Vaporeon,3,29,0.103,True,False
Engine,Water,MachineMoves,MOVE_CAPTIVATE,Captivate,Normal,Status,0,100,20,MOVE_EFFECT_SP_ATK_DOWN_2_OPPOSITE_GENDER,0,True,Blastoise; Golduck; Poliwrath; Tentacruel; Slowbro; Dewgong; Cloyster; Kingler; Kingdra; Seaking; Gyarados; Lapras; Vaporeon; Feraligatr; Lanturn; Azumarill; Quagsire; Swampert; Pelipper; Sharpedo; Wailord; Whiscash; Crawdaunt; Milotic; Walrein; Empoleon; Gastrodon; Floatzel,28,29,0.966,True,True
Engine,Water,MachineMoves,MOVE_CHARGE,Charge,Electric,Status,0,0,20,MOVE_EFFECT_SP_DEF_UP_DOUBLE_ELECTRIC_POWER,0,True,Lanturn,1,29,0.034,True,False
Engine,Water,MachineMoves,MOVE_CHARGE_BEAM,Charge Beam,Electric,Special,50,90,10,MOVE_EFFECT_RAISE_SP_ATK_HIT,0,True,Lanturn,1,29,0.034,True,False
Engine,Water,MachineMoves,MOVE_CHARM,Charm,Fairy,Status,0,100,20,MOVE_EFFECT_ATK_DOWN_2,0,True,Dewgong; Lapras; Vaporeon; Azumarill; Empoleon,5,29,0.172,False,False
Engine,Water,MachineMoves,MOVE_CHILLING_WATER,Chilling Water,Water,Special,50,100,20,MOVE_EFFECT_LOWER_ATTACK_HIT,0,True,Blastoise; Golduck; Poliwrath; Tentacruel; Slowbro; Dewgong; Cloyster; Kingdra; Gyarados; Lapras; Vaporeon; Feraligatr; Lanturn; Azumarill; Quagsire; Swampert; Pelipper; Whiscash; Crawdaunt; Milotic; Empoleon; Gastrodon; Floatzel,23,29,0.793,False,True
Engine,Water,MachineMoves,MOVE_CLOSE_COMBAT,Close Combat,Fighting,Physical,120,100,5,MOVE_EFFECT_USER_DEF_SP_DEF_DOWN_HIT,0,True,Poliwrath; Sharpedo; Crawdaunt,3,29,0.103,True,False
Engine,Water,MachineMoves,MOVE_COACHING,Coaching,Fighting,Status,0,0,10,MOVE_EFFECT_COACHING,0,True,Poliwrath,1,29,0.034,True,False
Engine,Water,MachineMoves,MOVE_CONFIDE,Confide,Normal,Status,0,0,20,MOVE_EFFECT_HIT,0,True,Blastoise; Golduck; Poliwrath; Tentacruel; Slowbro; Dewgong; Cloyster; Kingler; Kingdra; Seaking; Starmie; Gyarados; Lapras; Vaporeon; Feraligatr; Lanturn; Azumarill; Quagsire; Swampert; Pelipper; Sharpedo; Wailord; Whiscash; Crawdaunt; Milotic; Walrein; Empoleon; Gastrodon; Floatzel,29,29,1.0,True,True
Engine,Water,MachineMoves,MOVE_CONFUSE_RAY,Confuse Ray,Ghost,Status,0,100,10,MOVE_EFFECT_STATUS_CONFUSE,0,True,Golduck; Tentacruel; Lapras; Lanturn; Milotic,5,29,0.172,False,False
Engine,Water,MachineMoves,MOVE_COSMIC_POWER,Cosmic Power,Psychic,Status,0,0,20,MOVE_EFFECT_DEF_SP_DEF_UP,0,True,Starmie,1,29,0.034,True,False
Engine,Water,MachineMoves,MOVE_COUNTER,Counter,Fighting,Physical,1,100,20,MOVE_EFFECT_COUNTER,-5,True,Blastoise; Golduck; Poliwrath; Slowbro,4,29,0.138,False,False
Engine,Water,MachineMoves,MOVE_CROSS_POISON,Cross Poison,Poison,Physical,70,100,20,MOVE_EFFECT_HIGH_CRITICAL_POISON_HIT,0,True,Tentacruel,1,29,0.034,False,False
Engine,Water,MachineMoves,MOVE_CRUNCH,Crunch,Dark,Physical,80,100,15,MOVE_EFFECT_LOWER_DEFENSE_HIT,0,True,Blastoise; Gyarados; Feraligatr; Sharpedo; Crawdaunt; Walrein; Floatzel,7,29,0.241,True,False
Engine,Water,MachineMoves,MOVE_CURSE,Curse,Ghost,Status,0,0,10,MOVE_EFFECT_CURSE,0,True,Blastoise; Golduck; Poliwrath; Tentacruel; Slowbro; Dewgong; Cloyster; Kingler; Kingdra; Seaking; Starmie; Gyarados; Lapras; Vaporeon; Feraligatr; Lanturn; Azumarill; Quagsire; Swampert; Whiscash; Gastrodon,21,29,0.724,True,True
Engine,Water,MachineMoves,MOVE_CUT,Cut,Normal,Physical,50,95,30,MOVE_EFFECT_HIT,0,True,Tentacruel; Kingler; Feraligatr; Crawdaunt; Empoleon,5,29,0.172,True,False
Engine,Water,MachineMoves,MOVE_DARKEST_LARIAT,Darkest Lariat,Dark,Physical,85,100,10,MOVE_EFFECT_HIT,0,True,Poliwrath; Swampert,2,29,0.069,True,False
Engine,Water,MachineMoves,MOVE_DARK_PULSE,Dark Pulse,Dark,Special,80,100,15,MOVE_EFFECT_FLINCH_HIT,0,True,Blastoise; Gyarados; Sharpedo; Crawdaunt,4,29,0.138,True,False
Engine,Water,MachineMoves,MOVE_DAZZLING_GLEAM,Dazzling Gleam,Fairy,Special,80,100,10,MOVE_EFFECT_HIT,0,True,Tentacruel; Starmie; Lanturn,3,29,0.103,True,False
Engine,Water,MachineMoves,MOVE_DEFENSE_CURL,Defense Curl,Normal,Status,0,0,40,MOVE_EFFECT_DEF_UP_DOUBLE_ROLLOUT_POWER,0,True,Blastoise; Poliwrath; Azumarill; Quagsire,4,29,0.138,False,False
Engine,Water,MachineMoves,MOVE_DEFOG,Defog,Flying,Status,0,0,15,MOVE_EFFECT_REMOVE_HAZARDS_SCREENS_EVA_DOWN,0,True,Pelipper; Empoleon,2,29,0.069,False,False
Engine,Water,MachineMoves,MOVE_DETECT,Detect,Fighting,Status,0,0,5,MOVE_EFFECT_PROTECT,4,True,Poliwrath; Vaporeon; Feraligatr,3,29,0.103,False,False
Engine,Water,MachineMoves,MOVE_DIG,Dig,Ground,Physical,80,100,10,MOVE_EFFECT_DIG,0,True,Blastoise; Golduck; Poliwrath; Slowbro; Kingler; Vaporeon; Feraligatr; Azumarill; Quagsire; Swampert; Crawdaunt; Empoleon; Gastrodon; Floatzel,14,29,0.483,True,True
Engine,Water,MachineMoves,MOVE_DISARMING_VOICE,Disarming Voice,Fairy,Special,40,0,15,MOVE_EFFECT_BYPASS_ACCURACY,0,True,Lapras; Azumarill; Milotic; Empoleon,4,29,0.138,False,False
Engine,Water,MachineMoves,MOVE_DIVE,Dive,Water,Physical,80,100,10,MOVE_EFFECT_DIVE,0,True,Blastoise; Golduck; Poliwrath; Tentacruel; Slowbro; Dewgong; Cloyster; Kingler; Kingdra; Seaking; Starmie; Gyarados; Lapras; Vaporeon; Feraligatr; Lanturn; Azumarill; Quagsire; Swampert; Sharpedo; Wailord; Whiscash; Crawdaunt; Milotic; Walrein; Empoleon; Gastrodon; Floatzel,28,29,0.966,True,True
Engine,Water,MachineMoves,MOVE_DOUBLE_EDGE,Double-Edge,Normal,Physical,120,100,15,MOVE_EFFECT_RECOIL_THIRD,0,True,Blastoise; Golduck; Poliwrath; Tentacruel; Slowbro; Dewgong; Cloyster; Kingler; Kingdra; Seaking; Starmie; Gyarados; Lapras; Vaporeon; Feraligatr; Lanturn; Azumarill; Quagsire; Swampert; Whiscash; Crawdaunt; Milotic; Empoleon; Floatzel,24,29,0.828,True,True
Engine,Water,MachineMoves,MOVE_DOUBLE_TEAM,Double Team,Normal,Status,0,0,15,MOVE_EFFECT_EVA_UP,0,True,Blastoise; Golduck; Poliwrath; Tentacruel; Slowbro; Dewgong; Cloyster; Kingler; Kingdra; Seaking; Starmie; Gyarados; Lapras; Vaporeon; Feraligatr; Lanturn; Azumarill; Quagsire; Swampert; Pelipper; Sharpedo; Wailord; Whiscash; Crawdaunt; Milotic; Walrein; Empoleon; Gastrodon; Floatzel,29,29,1.0,True,True
Engine,Water,MachineMoves,MOVE_DRACO_METEOR,Draco Meteor,Dragon,Special,130,90,5,MOVE_EFFECT_USER_SP_ATK_DOWN_2,0,True,Kingdra,1,29,0.034,True,False
Engine,Water,MachineMoves,MOVE_DRAGON_BREATH,Dragon Breath,Dragon,Special,60,100,20,MOVE_EFFECT_PARALYZE_HIT,0,True,Kingdra; Gyarados; Lapras,3,29,0.103,False,False
Engine,Water,MachineMoves,MOVE_DRAGON_CHEER,Dragon Cheer,Dragon,Status,0,0,15,MOVE_EFFECT_HIT,0,True,Gyarados; Lapras; Milotic,3,29,0.103,True,False
Engine,Water,MachineMoves,MOVE_DRAGON_CLAW,Dragon Claw,Dragon,Physical,80,100,15,MOVE_EFFECT_HIT,0,True,Feraligatr,1,29,0.034,True,False
Engine,Water,MachineMoves,MOVE_DRAGON_DANCE,Dragon Dance,Dragon,Status,0,0,20,MOVE_EFFECT_ATK_SPEED_UP,0,True,Kingdra; Gyarados; Lapras; Feraligatr; Whiscash; Crawdaunt; Milotic,7,29,0.241,True,False
Engine,Water,MachineMoves,MOVE_DRAGON_PULSE,Dragon Pulse,Dragon,Special,85,100,10,MOVE_EFFECT_HIT,0,True,Blastoise; Kingdra; Gyarados; Lapras; Feraligatr; Milotic,6,29,0.207,True,False
Engine,Water,MachineMoves,MOVE_DRAGON_RAGE,Dragon Rage,Dragon,Special,1,100,10,MOVE_EFFECT_40_DAMAGE_FLAT,0,True,Gyarados; Lapras,2,29,0.069,False,False
Engine,Water,MachineMoves,MOVE_DRAGON_TAIL,Dragon Tail,Dragon,Physical,60,90,10,MOVE_EFFECT_FORCE_SWITCH_HIT,-6,True,Blastoise; Gyarados; Feraligatr; Milotic,4,29,0.138,False,False
Engine,Water,MachineMoves,MOVE_DRAINING_KISS,Draining Kiss,Fairy,Special,50,100,10,MOVE_EFFECT_RECOVER_THREE_QUARTERS_DAMAGE_DEALT,0,True,Azumarill; Milotic,2,29,0.069,False,False
Engine,Water,MachineMoves,MOVE_DRAIN_PUNCH,Drain Punch,Fighting,Physical,75,100,10,MOVE_EFFECT_RECOVER_HALF_DAMAGE_DEALT,0,True,Poliwrath; Slowbro; Quagsire,3,29,0.103,True,False
Engine,Water,MachineMoves,MOVE_DREAM_EATER,Dream Eater,Psychic,Special,100,100,15,MOVE_EFFECT_RECOVER_DAMAGE_SLEEP,0,True,Slowbro; Starmie; Lapras,3,29,0.103,True,False
Engine,Water,MachineMoves,MOVE_DRILL_RUN,Drill Run,Ground,Physical,80,95,10,MOVE_EFFECT_HIGH_CRITICAL,0,True,Dewgong; Cloyster; Seaking; Lapras,4,29,0.138,True,False
Engine,Water,MachineMoves,MOVE_DUAL_WINGBEAT,Dual Wingbeat,Flying,Physical,40,90,10,MOVE_EFFECT_HIT_TWICE,0,True,Pelipper; Empoleon,2,29,0.069,True,False
Engine,Water,MachineMoves,MOVE_DYNAMIC_PUNCH,Dynamic Punch,Fighting,Physical,100,50,5,MOVE_EFFECT_CONFUSE_HIT,0,True,Blastoise; Golduck; Poliwrath; Slowbro; Feraligatr; Azumarill; Quagsire,7,29,0.241,False,False
Engine,Water,MachineMoves,MOVE_EARTHQUAKE,Earthquake,Ground,Physical,100,100,10,MOVE_EFFECT_DOUBLE_DAMAGE_DIG,0,True,Blastoise; Poliwrath; Slowbro; Gyarados; Lapras; Feraligatr; Quagsire; Swampert; Sharpedo; Wailord; Whiscash; Walrein; Empoleon; Gastrodon,14,29,0.483,True,True
Engine,Water,MachineMoves,MOVE_EARTH_POWER,Earth Power,Ground,Special,90,100,10,MOVE_EFFECT_LOWER_SP_DEF_HIT,0,True,Poliwrath; Quagsire; Swampert; Whiscash; Gastrodon,5,29,0.172,True,False
Engine,Water,MachineMoves,MOVE_ECHOED_VOICE,Echoed Voice,Normal,Special,40,100,15,MOVE_EFFECT_HIT,0,True,Slowbro; Dewgong; Lapras; Vaporeon; Swampert; Pelipper; Wailord; Walrein; Empoleon; Floatzel,10,29,0.345,False,True
Engine,Water,MachineMoves,MOVE_EERIE_IMPULSE,Eerie Impulse,Electric,Status,0,100,15,MOVE_EFFECT_SP_ATK_DOWN_2,0,True,Lanturn; Quagsire,2,29,0.069,True,False
Engine,Water,MachineMoves,MOVE_ELECTRIC_TERRAIN,ElectricTerrain,Electric,Status,0,0,10,MOVE_EFFECT_APPLY_TERRAINS,0,True,Lanturn,1,29,0.034,True,False
Engine,Water,MachineMoves,MOVE_ELECTROWEB,Electroweb,Electric,Special,55,95,15,MOVE_EFFECT_LOWER_SPEED_HIT,0,True,Lanturn,1,29,0.034,True,False
Engine,Water,MachineMoves,MOVE_ELECTRO_BALL,Electro Ball,Electric,Special,1,100,10,MOVE_EFFECT_HIT,0,True,Lanturn,1,29,0.034,True,False
Engine,Water,MachineMoves,MOVE_ENCORE,Encore,Normal,Status,0,100,5,MOVE_EFFECT_ENCORE,0,True,Golduck; Poliwrath; Dewgong; Azumarill; Quagsire; Walrein,6,29,0.207,True,False
Engine,Water,MachineMoves,MOVE_ENDEAVOR,Endeavor,Normal,Physical,1,100,5,MOVE_EFFECT_SET_HP_EQUAL_TO_USER,0,True,Golduck; Poliwrath; Dewgong; Gyarados; Feraligatr; Swampert; Crawdaunt,7,29,0.241,True,False
Engine,Water,MachineMoves,MOVE_ENDURE,Endure,Normal,Status,0,0,10,MOVE_EFFECT_SURVIVE_WITH_1_HP,4,True,Blastoise; Golduck; Poliwrath; Tentacruel; Slowbro; Dewgong; Cloyster; Kingler; Kingdra; Seaking; Starmie; Gyarados; Lapras; Vaporeon; Feraligatr; Lanturn; Azumarill; Quagsire; Swampert; Pelipper; Sharpedo; Wailord; Whiscash; Crawdaunt; Milotic; Walrein; Empoleon; Gastrodon; Floatzel,29,29,1.0,True,True
Engine,Water,MachineMoves,MOVE_EXPANDING_FORCE,Expanding Force,Psychic,Special,80,100,10,MOVE_EFFECT_HIT,0,True,Slowbro,1,29,0.034,True,False
Engine,Water,MachineMoves,MOVE_EXPLOSION,Explosion,Normal,Physical,250,100,5,MOVE_EFFECT_HALVE_DEFENSE,0,True,Cloyster,1,29,0.034,True,False
Engine,Water,MachineMoves,MOVE_FACADE,Facade,Normal,Physical,70,100,20,MOVE_EFFECT_DOUBLE_POWER_WHEN_STATUSED,0,True,Blastoise; Golduck; Poliwrath; Tentacruel; Slowbro; Dewgong; Cloyster; Kingler; Kingdra; Seaking; Starmie; Gyarados; Lapras; Vaporeon; Feraligatr; Lanturn; Azumarill; Quagsire; Swampert; Pelipper; Sharpedo; Wailord; Whiscash; Crawdaunt; Milotic; Walrein; Empoleon; Gastrodon; Floatzel,29,29,1.0,True,True
Engine,Water,MachineMoves,MOVE_FAKE_TEARS,Fake Tears,Dark,Status,0,100,20,MOVE_EFFECT_SP_DEF_DOWN_2,0,True,Vaporeon; Feraligatr; Azumarill,3,29,0.103,False,False
Engine,Water,MachineMoves,MOVE_FALSE_SWIPE,False Swipe,Normal,Physical,40,100,40,MOVE_EFFECT_LEAVE_WITH_1_HP,0,True,Blastoise; Kingler; Crawdaunt; Empoleon,4,29,0.138,True,False
Engine,Water,MachineMoves,MOVE_FEATHER_DANCE,Feather Dance,Flying,Status,0,100,15,MOVE_EFFECT_ATK_DOWN_2,0,True,Pelipper; Empoleon,2,29,0.069,True,False
Engine,Water,MachineMoves,MOVE_FIRE_BLAST,Fire Blast,Fire,Special,110,85,5,MOVE_EFFECT_BURN_HIT,0,True,Slowbro; Gyarados,2,29,0.069,True,False
Engine,Water,MachineMoves,MOVE_FISSURE,Fissure,Ground,Physical,1,30,5,MOVE_EFFECT_ONE_HIT_KO,0,True,Blastoise; Poliwrath; Slowbro,3,29,0.103,False,False
Engine,Water,MachineMoves,MOVE_FLAMETHROWER,Flamethrower,Fire,Special,90,100,15,MOVE_EFFECT_BURN_HIT,0,True,Slowbro; Gyarados,2,29,0.069,True,False
Engine,Water,MachineMoves,MOVE_FLASH,Flash,Normal,Status,0,100,20,MOVE_EFFECT_ACC_DOWN,0,True,Golduck; Slowbro; Starmie; Lanturn; Quagsire; Gastrodon,6,29,0.207,True,False
Engine,Water,MachineMoves,MOVE_FLASH_CANNON,Flash Cannon,Steel,Special,80,100,10,MOVE_EFFECT_LOWER_SP_DEF_HIT,0,True,Blastoise; Kingdra; Starmie; Empoleon,4,29,0.138,True,False
Engine,Water,MachineMoves,MOVE_FLING,Fling,Dark,Physical,1,100,10,MOVE_EFFECT_FLING,0,True,Blastoise; Golduck; Poliwrath; Slowbro; Dewgong; Kingler; Feraligatr; Azumarill; Quagsire; Swampert; Pelipper; Crawdaunt; Empoleon; Floatzel,14,29,0.483,True,True
Engine,Water,MachineMoves,MOVE_FLIP_TURN,Flip Turn,Water,Physical,60,100,20,MOVE_EFFECT_SWITCH_HIT,0,True,Blastoise; Golduck; Tentacruel; Dewgong; Kingdra; Vaporeon; Feraligatr; Lanturn; Swampert; Milotic; Empoleon; Floatzel,12,29,0.414,True,True
Engine,Water,MachineMoves,MOVE_FLY,Fly,Flying,Physical,90,95,15,MOVE_EFFECT_FLY,0,True,Pelipper,1,29,0.034,True,False
Engine,Water,MachineMoves,MOVE_FOCUS_BLAST,Focus Blast,Fighting,Special,120,70,5,MOVE_EFFECT_LOWER_SP_DEF_HIT,0,True,Blastoise; Golduck; Poliwrath; Slowbro; Feraligatr; Azumarill; Quagsire; Swampert; Floatzel,9,29,0.31,True,False
Engine,Water,MachineMoves,MOVE_FOCUS_ENERGY,Focus Energy,Normal,Status,0,0,30,MOVE_EFFECT_CRIT_UP_2,0,True,Kingdra; Vaporeon; Sharpedo,3,29,0.103,True,False
Engine,Water,MachineMoves,MOVE_FOCUS_PUNCH,Focus Punch,Fighting,Physical,150,100,20,MOVE_EFFECT_HIT_LAST_WHIFF_IF_HIT,-3,True,Blastoise; Golduck; Poliwrath; Slowbro; Feraligatr; Azumarill; Quagsire; Swampert; Floatzel,9,29,0.31,True,False
Engine,Water,MachineMoves,MOVE_FOUL_PLAY,Foul Play,Dark,Physical,95,100,15,MOVE_EFFECT_HIT,0,True,Slowbro,1,29,0.034,True,False
Engine,Water,MachineMoves,MOVE_FROST_BREATH,Frost Breath,Ice,Special,60,90,10,MOVE_EFFECT_ALWAYS_CRITICAL,0,True,Dewgong; Cloyster; Lapras; Walrein,4,29,0.138,False,False
Engine,Water,MachineMoves,MOVE_FRUSTRATION,Frustration,Normal,Physical,1,100,20,MOVE_EFFECT_POWER_BASED_ON_LOW_FRIENDSHIP,0,True,Blastoise; Golduck; Poliwrath; Tentacruel; Slowbro; Dewgong; Cloyster; Kingler; Kingdra; Seaking; Starmie; Gyarados; Lapras; Vaporeon; Feraligatr; Lanturn; Azumarill; Quagsire; Swampert; Pelipper; Sharpedo; Wailord; Whiscash; Crawdaunt; Milotic; Walrein; Empoleon; Gastrodon; Floatzel,29,29,1.0,True,True
Engine,Water,MachineMoves,MOVE_FURY_CUTTER,Fury Cutter,Bug,Physical,40,95,20,MOVE_EFFECT_DOUBLE_POWER_EACH_TURN,0,True,Golduck; Slowbro; Kingler; Feraligatr,4,29,0.138,False,False
Engine,Water,MachineMoves,MOVE_FUTURE_SIGHT,Future Sight,Psychic,Special,120,100,10,MOVE_EFFECT_HIT_IN_3_TURNS,0,True,Golduck; Slowbro; Lapras; Azumarill; Whiscash,5,29,0.172,True,False
Engine,Water,MachineMoves,MOVE_GIGA_DRAIN,Giga Drain,Grass,Special,75,100,10,MOVE_EFFECT_RECOVER_HALF_DAMAGE_DEALT,0,True,Tentacruel,1,29,0.034,True,False
Engine,Water,MachineMoves,MOVE_GIGA_IMPACT,Giga Impact,Normal,Physical,150,90,5,MOVE_EFFECT_RECHARGE_AFTER,0,True,Blastoise; Golduck; Poliwrath; Tentacruel; Slowbro; Dewgong; Cloyster; Kingler; Kingdra; Seaking; Starmie; Gyarados; Lapras; Vaporeon; Feraligatr; Lanturn; Azumarill; Quagsire; Swampert; Pelipper; Sharpedo; Wailord; Whiscash; Crawdaunt; Milotic; Walrein; Empoleon; Gastrodon; Floatzel,29,29,1.0,True,True
Engine,Water,MachineMoves,MOVE_GRASS_KNOT,Grass Knot,Grass,Special,1,100,20,MOVE_EFFECT_INCREASE_POWER_WITH_WEIGHT,0,True,Golduck; Slowbro; Starmie; Azumarill; Empoleon,5,29,0.172,True,False
Engine,Water,MachineMoves,MOVE_GUARD_SWAP,Guard Swap,Psychic,Status,0,0,10,MOVE_EFFECT_SWAP_DEF_SP_DEF_STAT_CHANGES,0,True,Quagsire,1,29,0.034,False,False
Engine,Water,MachineMoves,MOVE_GUNK_SHOT,Gunk Shot,Poison,Physical,120,80,5,MOVE_EFFECT_POISON_HIT,0,True,Tentacruel; Pelipper,2,29,0.069,True,False
Engine,Water,MachineMoves,MOVE_GYRO_BALL,Gyro Ball,Steel,Physical,1,100,5,MOVE_EFFECT_POWER_BASED_ON_LOW_SPEED,0,True,Blastoise; Starmie,2,29,0.069,True,False
Engine,Water,MachineMoves,MOVE_HAIL,Hail,Ice,Status,0,0,10,MOVE_EFFECT_WEATHER_HAIL,0,True,Blastoise; Golduck; Poliwrath; Tentacruel; Slowbro; Dewgong; Cloyster; Kingler; Kingdra; Seaking; Starmie; Gyarados; Lapras; Vaporeon; Feraligatr; Lanturn; Azumarill; Quagsire; Swampert; Pelipper; Sharpedo; Wailord; Whiscash; Crawdaunt; Milotic; Walrein; Empoleon; Gastrodon; Floatzel,29,29,1.0,True,True
Engine,Water,MachineMoves,MOVE_HARD_PRESS,Hard Press,Steel,Physical,0,100,10,MOVE_EFFECT_HIT,0,True,Swampert; Crawdaunt,2,29,0.069,True,False
Engine,Water,MachineMoves,MOVE_HAZE,Haze,Ice,Status,0,0,30,MOVE_EFFECT_RESET_STAT_CHANGES,0,True,Blastoise; Golduck; Poliwrath; Tentacruel; Dewgong; Lapras; Vaporeon; Quagsire; Milotic; Empoleon,10,29,0.345,True,True
Engine,Water,MachineMoves,MOVE_HEADBUTT,Headbutt,Normal,Physical,70,100,15,MOVE_EFFECT_FLINCH_HIT,0,True,Blastoise; Golduck; Poliwrath; Tentacruel; Slowbro; Dewgong; Cloyster; Kingler; Kingdra; Seaking; Starmie; Gyarados; Lapras; Vaporeon; Feraligatr; Azumarill; Quagsire,17,29,0.586,False,True
Engine,Water,MachineMoves,MOVE_HEAVY_SLAM,Heavy Slam,Steel,Physical,1,100,10,MOVE_EFFECT_HEAVY_SLAM,0,True,Wailord; Walrein,2,29,0.069,True,False
Engine,Water,MachineMoves,MOVE_HELPING_HAND,Helping Hand,Normal,Status,0,0,20,MOVE_EFFECT_BOOST_ALLY_POWER_BY_50_PERCENT,5,True,Blastoise; Golduck; Poliwrath; Slowbro; Dewgong; Cloyster; Gyarados; Lapras; Vaporeon; Feraligatr; Azumarill; Quagsire; Swampert; Pelipper; Whiscash; Milotic; Empoleon; Gastrodon; Floatzel,19,29,0.655,True,True
Engine,Water,MachineMoves,MOVE_HEX,Hex,Ghost,Special,65,100,10,MOVE_EFFECT_DOUBLE_DAMAGE_ON_STATUS,0,True,Tentacruel,1,29,0.034,False,False
Engine,Water,MachineMoves,MOVE_HIDDEN_POWER,Hidden Power,Normal,Special,60,100,15,MOVE_EFFECT_RANDOM_TYPE_BASED_ON_IVS,0,True,Blastoise; Golduck; Poliwrath; Tentacruel; Slowbro; Dewgong; Cloyster; Kingler; Kingdra; Seaking; Starmie; Gyarados; Lapras; Vaporeon; Feraligatr; Lanturn; Azumarill; Quagsire; Swampert; Pelipper; Sharpedo; Wailord; Whiscash; Crawdaunt; Milotic; Walrein; Empoleon; Gastrodon; Floatzel,29,29,1.0,True,True
Engine,Water,MachineMoves,MOVE_HIGH_HORSEPOWER,High Horsepower,Ground,Physical,95,95,10,MOVE_EFFECT_HIT,0,True,Poliwrath; Kingler; Quagsire; Swampert; Whiscash,5,29,0.172,True,False
Engine,Water,MachineMoves,MOVE_HONE_CLAWS,Hone Claws,Dark,Status,0,0,15,MOVE_EFFECT_ATK_ACC_UP,0,True,Golduck; Kingler; Feraligatr; Crawdaunt; Empoleon,5,29,0.172,False,False
Engine,Water,MachineMoves,MOVE_HORN_DRILL,Horn Drill,Normal,Physical,1,30,5,MOVE_EFFECT_ONE_HIT_KO,0,True,Dewgong; Seaking; Lapras,3,29,0.103,False,False
Engine,Water,MachineMoves,MOVE_HURRICANE,Hurricane,Flying,Special,110,70,10,MOVE_EFFECT_HURRICANE,0,True,Kingdra; Gyarados; Pelipper,3,29,0.103,True,False
Engine,Water,MachineMoves,MOVE_HYDRO_CANNON,Hydro Cannon,Water,Special,150,90,5,MOVE_EFFECT_RECHARGE_AFTER,0,True,Blastoise; Feraligatr; Swampert; Empoleon,4,29,0.138,True,True
Engine,Water,MachineMoves,MOVE_HYDRO_PUMP,Hydro Pump,Water,Special,110,80,5,MOVE_EFFECT_HIT,0,True,Blastoise; Golduck; Poliwrath; Tentacruel; Slowbro; Dewgong; Cloyster; Kingler; Kingdra; Seaking; Starmie; Gyarados; Lapras; Vaporeon; Feraligatr; Lanturn; Azumarill; Quagsire; Swampert; Pelipper; Sharpedo; Wailord; Whiscash; Crawdaunt; Milotic; Walrein; Empoleon; Gastrodon; Floatzel,29,29,1.0,True,True
Engine,Water,MachineMoves,MOVE_HYPER_BEAM,Hyper Beam,Normal,Special,150,90,5,MOVE_EFFECT_RECHARGE_AFTER,0,True,Blastoise; Golduck; Poliwrath; Tentacruel; Slowbro; Dewgong; Cloyster; Kingler; Kingdra; Seaking; Starmie; Gyarados; Lapras; Vaporeon; Feraligatr; Lanturn; Azumarill; Quagsire; Swampert; Pelipper; Sharpedo; Wailord; Whiscash; Crawdaunt; Milotic; Walrein; Empoleon; Gastrodon; Floatzel,29,29,1.0,True,True
Engine,Water,MachineMoves,MOVE_HYPER_VOICE,Hyper Voice,Normal,Special,90,100,10,MOVE_EFFECT_HIT,0,True,Lapras; Vaporeon; Azumarill; Wailord,4,29,0.138,True,False
Engine,Water,MachineMoves,MOVE_ICE_BEAM,Ice Beam,Ice,Special,90,100,10,MOVE_EFFECT_FREEZE_HIT,0,True,Blastoise; Golduck; Poliwrath; Tentacruel; Slowbro; Dewgong; Cloyster; Kingler; Kingdra; Seaking; Starmie; Gyarados; Lapras; Vaporeon; Feraligatr; Lanturn; Azumarill; Quagsire; Swampert; Pelipper; Sharpedo; Wailord; Whiscash; Crawdaunt; Milotic; Walrein; Empoleon; Gastrodon; Floatzel,29,29,1.0,True,True
Engine,Water,MachineMoves,MOVE_ICE_FANG,Ice Fang,Ice,Physical,65,95,15,MOVE_EFFECT_FLINCH_FREEZE_HIT,0,True,Gyarados; Feraligatr; Sharpedo; Walrein; Floatzel,5,29,0.172,False,False
Engine,Water,MachineMoves,MOVE_ICE_PUNCH,Ice Punch,Ice,Physical,75,100,15,MOVE_EFFECT_FREEZE_HIT,0,True,Blastoise; Golduck; Poliwrath; Slowbro; Feraligatr; Azumarill; Quagsire; Swampert; Floatzel,9,29,0.31,False,False
Engine,Water,MachineMoves,MOVE_ICE_SPINNER,Ice Spinner,Ice,Physical,80,100,15,MOVE_EFFECT_END_TERRAIN,0,True,Blastoise; Dewgong; Cloyster; Azumarill; Empoleon; Floatzel,6,29,0.207,True,False
Engine,Water,MachineMoves,MOVE_ICICLE_SPEAR,Icicle Spear,Ice,Physical,25,100,30,MOVE_EFFECT_MULTI_HIT,0,True,Dewgong; Cloyster; Lapras; Walrein,4,29,0.138,True,False
Engine,Water,MachineMoves,MOVE_ICY_WIND,Icy Wind,Ice,Special,55,95,15,MOVE_EFFECT_LOWER_SPEED_HIT,0,True,Blastoise; Golduck; Poliwrath; Tentacruel; Slowbro; Dewgong; Cloyster; Kingler; Kingdra; Seaking; Starmie; Gyarados; Lapras; Vaporeon; Feraligatr; Lanturn; Azumarill; Quagsire; Swampert; Pelipper; Sharpedo; Wailord; Whiscash; Crawdaunt; Milotic; Walrein; Empoleon; Gastrodon; Floatzel,29,29,1.0,False,True
Engine,Water,MachineMoves,MOVE_IMPRISON,Imprison,Psychic,Status,0,0,10,MOVE_EFFECT_MAKE_SHARED_MOVES_UNUSEABLE,0,True,Slowbro; Milotic,2,29,0.069,False,False
Engine,Water,MachineMoves,MOVE_INCINERATE,Incinerate,Fire,Special,60,100,15,MOVE_EFFECT_INCINERATE,0,True,Slowbro; Gyarados,2,29,0.069,False,False
Engine,Water,MachineMoves,MOVE_INFESTATION,Infestation,Bug,Special,20,100,20,MOVE_EFFECT_BIND_HIT,0,True,Tentacruel; Quagsire; Gastrodon,3,29,0.103,False,False
Engine,Water,MachineMoves,MOVE_IRON_DEFENSE,Iron Defense,Steel,Status,0,0,15,MOVE_EFFECT_DEF_UP_2,0,True,Blastoise; Slowbro; Cloyster; Kingler; Crawdaunt; Empoleon,6,29,0.207,True,False
Engine,Water,MachineMoves,MOVE_IRON_HEAD,Iron Head,Steel,Physical,80,100,15,MOVE_EFFECT_FLINCH_HIT,0,True,Kingdra; Gyarados; Lapras; Wailord; Milotic; Walrein,6,29,0.207,True,False
Engine,Water,MachineMoves,MOVE_IRON_TAIL,Iron Tail,Steel,Physical,100,75,15,MOVE_EFFECT_LOWER_DEFENSE_HIT,0,True,Blastoise; Golduck; Slowbro; Dewgong; Gyarados; Lapras; Vaporeon; Feraligatr; Azumarill; Quagsire; Swampert; Milotic; Walrein; Floatzel,14,29,0.483,True,True
Engine,Water,MachineMoves,MOVE_KNOCK_OFF,Knock Off,Dark,Physical,65,100,20,MOVE_EFFECT_REMOVE_HELD_ITEM,0,True,Golduck; Poliwrath; Tentacruel; Dewgong; Azumarill; Swampert; Pelipper; Crawdaunt; Empoleon,9,29,0.31,True,False
Engine,Water,MachineMoves,MOVE_LASH_OUT,Lash Out,Dark,Physical,75,100,5,MOVE_EFFECT_HIT,0,True,Gyarados; Feraligatr; Crawdaunt; Empoleon,4,29,0.138,True,False
Engine,Water,MachineMoves,MOVE_LIGHT_SCREEN,Light Screen,Psychic,Status,0,0,30,MOVE_EFFECT_SET_LIGHT_SCREEN,0,True,Golduck; Slowbro; Cloyster; Starmie; Azumarill; Milotic,6,29,0.207,True,False
Engine,Water,MachineMoves,MOVE_LIQUIDATION,Liquidation,Water,Physical,85,100,10,MOVE_EFFECT_LOWER_DEFENSE_HIT,0,True,Blastoise; Golduck; Poliwrath; Tentacruel; Slowbro; Dewgong; Cloyster; Kingler; Kingdra; Lapras; Vaporeon; Feraligatr; Lanturn; Azumarill; Quagsire; Swampert; Pelipper; Sharpedo; Wailord; Whiscash; Crawdaunt; Walrein; Empoleon; Gastrodon; Floatzel,25,29,0.862,True,True
Engine,Water,MachineMoves,MOVE_LOW_KICK,Low Kick,Fighting,Physical,1,100,20,MOVE_EFFECT_INCREASE_POWER_WITH_WEIGHT,0,True,Golduck; Poliwrath; Feraligatr; Swampert; Floatzel,5,29,0.172,True,False
Engine,Water,MachineMoves,MOVE_LOW_SWEEP,Low Sweep,Fighting,Physical,65,100,20,MOVE_EFFECT_LOWER_SPEED_HIT,0,True,Golduck; Poliwrath; Floatzel,3,29,0.103,False,False
Engine,Water,MachineMoves,MOVE_MEGAHORN,Megahorn,Bug,Physical,120,85,10,MOVE_EFFECT_HIT,0,True,Dewgong; Seaking; Lapras,3,29,0.103,True,False
Engine,Water,MachineMoves,MOVE_MEGA_DRAIN,Mega Drain,Grass,Special,40,100,15,MOVE_EFFECT_RECOVER_HALF_DAMAGE_DEALT,0,True,Tentacruel,1,29,0.034,False,False
Engine,Water,MachineMoves,MOVE_MEGA_KICK,Mega Kick,Normal,Physical,120,75,5,MOVE_EFFECT_HIT,0,True,Blastoise; Golduck; Poliwrath; Slowbro; Azumarill; Quagsire; Swampert,7,29,0.241,False,False
Engine,Water,MachineMoves,MOVE_MEGA_PUNCH,Mega Punch,Normal,Physical,80,85,20,MOVE_EFFECT_HIT,0,True,Blastoise; Golduck; Poliwrath; Slowbro; Azumarill; Quagsire; Swampert,7,29,0.241,True,False
Engine,Water,MachineMoves,MOVE_METAL_CLAW,Metal Claw,Steel,Physical,50,95,35,MOVE_EFFECT_RAISE_ATTACK_HIT,0,True,Feraligatr; Crawdaunt; Empoleon,3,29,0.103,False,False
Engine,Water,MachineMoves,MOVE_METAL_SOUND,Metal Sound,Steel,Status,0,85,40,MOVE_EFFECT_SP_DEF_DOWN_2,0,True,Empoleon,1,29,0.034,True,False
Engine,Water,MachineMoves,MOVE_METRONOME,Metronome,Normal,Status,0,0,10,MOVE_EFFECT_CALL_RANDOM_MOVE,0,True,Golduck; Poliwrath; Slowbro; Azumarill; Floatzel,5,29,0.172,True,False
Engine,Water,MachineMoves,MOVE_MIMIC,Mimic,Normal,Status,0,0,10,MOVE_EFFECT_COPY_MOVE_FOR_BATTLE,0,True,Blastoise; Golduck; Poliwrath; Tentacruel; Slowbro; Dewgong; Cloyster; Kingler; Seaking; Starmie; Gyarados; Lapras; Vaporeon,13,29,0.448,False,True
Engine,Water,MachineMoves,MOVE_MISTY_EXPLOSION,Misty Explosion,Fairy,Special,100,100,5,MOVE_EFFECT_HALVE_DEFENSE,0,True,Azumarill,1,29,0.034,True,False
Engine,Water,MachineMoves,MOVE_MISTY_TERRAIN,Misty Terrain,Fairy,Status,0,0,10,MOVE_EFFECT_APPLY_TERRAINS,0,True,Azumarill,1,29,0.034,True,False
Engine,Water,MachineMoves,MOVE_MUDDY_WATER,Muddy Water,Water,Special,90,85,10,MOVE_EFFECT_LOWER_ACCURACY_HIT,0,True,Blastoise; Golduck; Poliwrath; Tentacruel; Slowbro; Dewgong; Kingdra; Seaking; Gyarados; Lapras; Vaporeon; Feraligatr; Lanturn; Azumarill; Quagsire; Swampert; Pelipper; Whiscash; Crawdaunt; Milotic; Gastrodon; Floatzel,22,29,0.759,True,True
Engine,Water,MachineMoves,MOVE_MUD_SHOT,Mud Shot,Ground,Special,55,95,15,MOVE_EFFECT_LOWER_SPEED_HIT,0,True,Blastoise; Golduck; Poliwrath; Tentacruel; Slowbro; Cloyster; Kingler; Seaking; Azumarill; Quagsire; Swampert; Whiscash; Crawdaunt; Milotic; Gastrodon,15,29,0.517,False,True
Engine,Water,MachineMoves,MOVE_MUD_SLAP,Mud-Slap,Ground,Special,20,100,10,MOVE_EFFECT_LOWER_ACCURACY_HIT,0,True,Blastoise; Golduck; Poliwrath; Slowbro; Kingler; Vaporeon; Feraligatr; Azumarill; Quagsire; Swampert; Whiscash; Empoleon; Gastrodon; Floatzel,14,29,0.483,False,True
Engine,Water,MachineMoves,MOVE_NASTY_PLOT,Nasty Plot,Dark,Status,0,0,20,MOVE_EFFECT_SP_ATK_UP_2,0,True,Golduck; Slowbro; Crawdaunt,3,29,0.103,True,False
Engine,Water,MachineMoves,MOVE_NATURAL_GIFT,Natural Gift,Normal,Physical,1,100,15,MOVE_EFFECT_NATURAL_GIFT,0,True,Blastoise; Golduck; Poliwrath; Tentacruel; Slowbro; Dewgong; Cloyster; Kingler; Kingdra; Seaking; Starmie; Gyarados; Lapras; Vaporeon; Feraligatr; Lanturn; Azumarill; Quagsire; Swampert; Pelipper; Sharpedo; Wailord; Whiscash; Crawdaunt; Milotic; Walrein; Empoleon; Gastrodon; Floatzel,29,29,1.0,True,True
Engine,Water,MachineMoves,MOVE_NATURE_POWER,Nature Power,Normal,Status,0,0,20,MOVE_EFFECT_NATURE_POWER,0,True,Crawdaunt,1,29,0.034,False,False
Engine,Water,MachineMoves,MOVE_NIGHTMARE,Nightmare,Ghost,Status,0,100,15,MOVE_EFFECT_STATUS_NIGHTMARE,0,True,Slowbro; Starmie; Lapras,3,29,0.103,False,False
Engine,Water,MachineMoves,MOVE_OUTRAGE,Outrage,Dragon,Physical,120,100,10,MOVE_EFFECT_CONTINUE_AND_CONFUSE_SELF,0,True,Blastoise; Kingdra; Gyarados; Lapras; Feraligatr; Swampert; Whiscash,7,29,0.241,True,False
Engine,Water,MachineMoves,MOVE_PAIN_SPLIT,Pain Split,Normal,Status,0,0,20,MOVE_EFFECT_AVERAGE_HP,0,True,Gastrodon,1,29,0.034,True,False
Engine,Water,MachineMoves,MOVE_PAYBACK,Payback,Dark,Physical,50,100,10,MOVE_EFFECT_DOUBLE_POWER_IF_HIT,0,True,Poliwrath; Tentacruel; Cloyster; Gyarados; Pelipper; Sharpedo; Crawdaunt; Floatzel,8,29,0.276,True,False
Engine,Water,MachineMoves,MOVE_PAY_DAY,Pay Day,Normal,Physical,40,100,20,MOVE_EFFECT_INCREASE_PRIZE_MONEY,0,True,Golduck; Slowbro; Dewgong; Vaporeon,4,29,0.138,False,False
Engine,Water,MachineMoves,MOVE_PIN_MISSILE,Pin Missile,Bug,Physical,25,95,20,MOVE_EFFECT_MULTI_HIT,0,True,Cloyster,1,29,0.034,False,False
Engine,Water,MachineMoves,MOVE_PLAY_ROUGH,Play Rough,Fairy,Physical,90,90,10,MOVE_EFFECT_LOWER_ATTACK_HIT,0,True,Dewgong; Azumarill,2,29,0.069,True,False
Engine,Water,MachineMoves,MOVE_PLUCK,Pluck,Flying,Physical,60,100,20,MOVE_EFFECT_EAT_BERRY,0,True,Pelipper; Empoleon,2,29,0.069,True,False
Engine,Water,MachineMoves,MOVE_POISON_JAB,Poison Jab,Poison,Physical,80,100,20,MOVE_EFFECT_POISON_HIT,0,True,Poliwrath; Tentacruel; Cloyster; Seaking; Swampert; Sharpedo,6,29,0.207,True,False
Engine,Water,MachineMoves,MOVE_POUNCE,Pounce,Bug,Physical,50,100,20,MOVE_EFFECT_LOWER_SPEED_HIT,0,True,Tentacruel,1,29,0.034,False,False
Engine,Water,MachineMoves,MOVE_POWER_GEM,Power Gem,Rock,Special,80,100,20,MOVE_EFFECT_HIT,0,True,Golduck; Starmie,2,29,0.069,True,False
Engine,Water,MachineMoves,MOVE_POWER_UP_PUNCH,Power-Up Punch,Fighting,Physical,40,100,20,MOVE_EFFECT_RAISE_ATTACK_HIT,0,True,Blastoise; Golduck; Poliwrath; Feraligatr; Azumarill; Quagsire; Swampert; Floatzel,8,29,0.276,False,False
Engine,Water,MachineMoves,MOVE_POWER_WHIP,Power Whip,Grass,Physical,120,85,10,MOVE_EFFECT_HIT,0,True,Gyarados,1,29,0.034,True,False
Engine,Water,MachineMoves,MOVE_PROTECT,Protect,Normal,Status,0,0,10,MOVE_EFFECT_PROTECT,4,True,Blastoise; Golduck; Poliwrath; Tentacruel; Slowbro; Dewgong; Cloyster; Kingler; Kingdra; Seaking; Starmie; Gyarados; Lapras; Vaporeon; Feraligatr; Lanturn; Azumarill; Quagsire; Swampert; Pelipper; Sharpedo; Wailord; Whiscash; Crawdaunt; Milotic; Walrein; Empoleon; Gastrodon; Floatzel,29,29,1.0,True,True
Engine,Water,MachineMoves,MOVE_PSYBEAM,Psybeam,Psychic,Special,65,100,20,MOVE_EFFECT_CONFUSE_HIT,0,True,Golduck; Slowbro; Lanturn,3,29,0.103,False,False
Engine,Water,MachineMoves,MOVE_PSYCHIC,Psychic,Psychic,Special,90,100,10,MOVE_EFFECT_LOWER_SP_DEF_HIT,0,True,Golduck; Poliwrath; Slowbro; Starmie; Lapras,5,29,0.172,True,False
Engine,Water,MachineMoves,MOVE_PSYCHIC_FANGS,Psychic Fangs,Psychic,Physical,85,100,10,MOVE_EFFECT_REMOVE_SCREENS,0,True,Feraligatr; Sharpedo,2,29,0.069,True,False
Engine,Water,MachineMoves,MOVE_PSYCHIC_NOISE,Psychic Noise,Psychic,Special,75,100,10,MOVE_EFFECT_PREVENT_HEALING_HIT,0,True,Golduck; Slowbro; Lapras,3,29,0.103,True,False
Engine,Water,MachineMoves,MOVE_PSYCHIC_TERRAIN,Psychic Terrain,Psychic,Status,0,0,10,MOVE_EFFECT_APPLY_TERRAINS,0,True,Slowbro,1,29,0.034,True,False
Engine,Water,MachineMoves,MOVE_PSYCHO_CUT,Psycho Cut,Psychic,Physical,70,100,20,MOVE_EFFECT_HIGH_CRITICAL,0,True,Starmie,1,29,0.034,False,False
Engine,Water,MachineMoves,MOVE_PSYCH_UP,Psych Up,Normal,Status,0,0,10,MOVE_EFFECT_COPY_STAT_CHANGES,0,True,Golduck; Poliwrath; Slowbro; Starmie; Milotic; Empoleon,6,29,0.207,True,False
Engine,Water,MachineMoves,MOVE_PSYSHOCK,Psyshock,Psychic,Special,80,100,10,MOVE_EFFECT_HIT,0,True,Golduck; Slowbro; Starmie,3,29,0.103,True,False
Engine,Water,MachineMoves,MOVE_PSYWAVE,Psywave,Psychic,Special,1,100,15,MOVE_EFFECT_RANDOM_DAMAGE_1_TO_150_LEVEL,0,True,Poliwrath; Slowbro; Starmie; Lapras,4,29,0.138,False,False
Engine,Water,MachineMoves,MOVE_QUASH,Quash,Dark,Status,0,100,15,MOVE_EFFECT_QUASH,0,True,Kingler; Kingdra; Empoleon,3,29,0.103,False,False
Engine,Water,MachineMoves,MOVE_RAGE,Rage,Normal,Physical,20,100,20,MOVE_EFFECT_RAISE_ATK_WHEN_HIT,0,True,Blastoise; Golduck; Poliwrath; Tentacruel; Slowbro; Dewgong; Cloyster; Kingler; Seaking; Starmie; Gyarados; Lapras; Vaporeon,13,29,0.448,False,True
Engine,Water,MachineMoves,MOVE_RAIN_DANCE,Rain Dance,Water,Status,0,0,5,MOVE_EFFECT_WEATHER_RAIN,0,True,Blastoise; Golduck; Poliwrath; Tentacruel; Slowbro; Dewgong; Cloyster; Kingler; Kingdra; Seaking; Starmie; Gyarados; Lapras; Vaporeon; Feraligatr; Lanturn; Azumarill; Quagsire; Swampert; Pelipper; Sharpedo; Wailord; Whiscash; Crawdaunt; Milotic; Walrein; Empoleon; Gastrodon; Floatzel,29,29,1.0,True,True
Engine,Water,MachineMoves,MOVE_RAZOR_SHELL,Razor Shell,Water,Physical,75,95,10,MOVE_EFFECT_LOWER_DEFENSE_HIT,0,True,Slowbro; Cloyster; Kingler; Crawdaunt,4,29,0.138,False,True
Engine,Water,MachineMoves,MOVE_RECYCLE,Recycle,Normal,Status,0,0,10,MOVE_EFFECT_RECYCLE,0,True,Slowbro; Starmie,2,29,0.069,True,False
Engine,Water,MachineMoves,MOVE_REFLECT,Reflect,Psychic,Status,0,0,20,MOVE_EFFECT_SET_REFLECT,0,True,Blastoise; Tentacruel; Slowbro; Cloyster; Starmie; Gyarados; Lapras; Vaporeon,8,29,0.276,True,False
Engine,Water,MachineMoves,MOVE_REST,Rest,Psychic,Status,0,0,5,MOVE_EFFECT_RECOVER_HEALTH_AND_SLEEP,0,True,Blastoise; Golduck; Poliwrath; Tentacruel; Slowbro; Dewgong; Cloyster; Kingler; Kingdra; Seaking; Starmie; Gyarados; Lapras; Vaporeon; Feraligatr; Lanturn; Azumarill; Quagsire; Swampert; Pelipper; Sharpedo; Wailord; Whiscash; Crawdaunt; Milotic; Walrein; Empoleon; Gastrodon; Floatzel,29,29,1.0,True,True
Engine,Water,MachineMoves,MOVE_RETALIATE,Retaliate,Normal,Physical,70,100,5,MOVE_EFFECT_HIT,0,True,Vaporeon; Sharpedo; Crawdaunt,3,29,0.103,False,False
Engine,Water,MachineMoves,MOVE_RETURN,Return,Normal,Physical,1,100,20,MOVE_EFFECT_POWER_BASED_ON_FRIENDSHIP,0,True,Blastoise; Golduck; Poliwrath; Tentacruel; Slowbro; Dewgong; Cloyster; Kingler; Kingdra; Seaking; Starmie; Gyarados; Lapras; Vaporeon; Feraligatr; Lanturn; Azumarill; Quagsire; Swampert; Pelipper; Sharpedo; Wailord; Whiscash; Crawdaunt; Milotic; Walrein; Empoleon; Gastrodon; Floatzel,29,29,1.0,True,True
Engine,Water,MachineMoves,MOVE_REVENGE,Revenge,Fighting,Physical,60,100,10,MOVE_EFFECT_DOUBLE_DAMAGE_IF_HIT,-4,True,Crawdaunt,1,29,0.034,False,False
Engine,Water,MachineMoves,MOVE_REVERSAL,Reversal,Fighting,Physical,1,100,15,MOVE_EFFECT_INCREASE_POWER_WITH_LESS_HP,0,True,Poliwrath,1,29,0.034,True,False
Engine,Water,MachineMoves,MOVE_ROAR,Roar,Normal,Status,0,0,20,MOVE_EFFECT_FORCE_SWITCH,-6,True,Blastoise; Gyarados; Lapras; Vaporeon; Feraligatr; Swampert; Sharpedo; Wailord; Walrein; Empoleon; Floatzel,11,29,0.379,True,True
Engine,Water,MachineMoves,MOVE_ROCK_BLAST,Rock Blast,Rock,Physical,25,90,10,MOVE_EFFECT_MULTI_HIT,0,True,Cloyster; Gastrodon,2,29,0.069,False,False
Engine,Water,MachineMoves,MOVE_ROCK_CLIMB,Rock Climb,Normal,Physical,90,85,20,MOVE_EFFECT_CONFUSE_HIT,0,True,Blastoise; Golduck; Poliwrath; Feraligatr; Swampert; Empoleon,6,29,0.207,True,False
Engine,Water,MachineMoves,MOVE_ROCK_SLIDE,Rock Slide,Rock,Physical,75,90,10,MOVE_EFFECT_FLINCH_HIT,0,True,Blastoise; Poliwrath; Kingler; Feraligatr; Quagsire; Swampert; Whiscash; Crawdaunt; Walrein; Empoleon; Gastrodon,11,29,0.379,True,True
Engine,Water,MachineMoves,MOVE_ROCK_SMASH,Rock Smash,Fighting,Physical,40,100,15,MOVE_EFFECT_LOWER_DEFENSE_HIT,0,True,Blastoise; Golduck; Poliwrath; Slowbro; Kingler; Gyarados; Lapras; Vaporeon; Feraligatr; Azumarill; Quagsire; Swampert; Sharpedo; Wailord; Whiscash; Crawdaunt; Walrein; Empoleon; Gastrodon; Floatzel,20,29,0.69,True,True
Engine,Water,MachineMoves,MOVE_ROCK_TOMB,Rock Tomb,Rock,Physical,60,95,15,MOVE_EFFECT_LOWER_SPEED_HIT,0,True,Blastoise; Poliwrath; Kingler; Feraligatr; Quagsire; Swampert; Sharpedo; Wailord; Whiscash; Crawdaunt; Walrein; Empoleon; Gastrodon; Floatzel,14,29,0.483,True,True
Engine,Water,MachineMoves,MOVE_ROLLOUT,Rollout,Rock,Physical,30,90,20,MOVE_EFFECT_DOUBLE_POWER_EACH_TURN_LOCK_INTO,0,True,Blastoise; Azumarill; Quagsire,3,29,0.103,False,False
Engine,Water,MachineMoves,MOVE_ROOST,Roost,Flying,Status,0,0,5,MOVE_EFFECT_HEAL_HALF_REMOVE_FLYING_TYPE,0,True,Pelipper,1,29,0.034,True,False
Engine,Water,MachineMoves,MOVE_ROUND,Round,Normal,Special,60,100,15,MOVE_EFFECT_HIT,0,True,Blastoise; Golduck; Poliwrath; Tentacruel; Slowbro; Dewgong; Cloyster; Kingler; Kingdra; Seaking; Starmie; Gyarados; Lapras; Vaporeon; Feraligatr; Lanturn; Azumarill; Quagsire; Swampert; Pelipper; Sharpedo; Wailord; Whiscash; Crawdaunt; Milotic; Walrein; Empoleon; Gastrodon; Floatzel,29,29,1.0,False,True
Engine,Water,MachineMoves,MOVE_SAFEGUARD,Safeguard,Normal,Status,0,0,25,MOVE_EFFECT_PREVENT_STATUS,0,True,Tentacruel; Slowbro; Dewgong; Lapras; Quagsire; Milotic,6,29,0.207,True,False
Engine,Water,MachineMoves,MOVE_SANDSTORM,Sandstorm,Rock,Status,0,0,10,MOVE_EFFECT_WEATHER_SANDSTORM,0,True,Gyarados; Quagsire; Whiscash; Gastrodon,4,29,0.138,True,False
Engine,Water,MachineMoves,MOVE_SAND_TOMB,Sand Tomb,Ground,Physical,35,85,15,MOVE_EFFECT_BIND_HIT,0,True,Swampert; Whiscash; Gastrodon,3,29,0.103,True,False
Engine,Water,MachineMoves,MOVE_SCALD,Scald,Water,Special,80,100,15,MOVE_EFFECT_THAW_AND_BURN_HIT,0,True,Blastoise; Golduck; Poliwrath; Tentacruel; Slowbro; Kingler; Kingdra; Seaking; Starmie; Gyarados; Vaporeon; Feraligatr; Lanturn; Azumarill; Quagsire; Swampert; Pelipper; Sharpedo; Wailord; Whiscash; Crawdaunt; Milotic; Empoleon; Gastrodon; Floatzel,25,29,0.862,True,True
Engine,Water,MachineMoves,MOVE_SCALE_SHOT,Scale Shot,Dragon,Physical,25,90,20,MOVE_EFFECT_MULTI_HIT,0,True,Kingdra; Gyarados; Feraligatr; Milotic,4,29,0.138,True,False
Engine,Water,MachineMoves,MOVE_SCARY_FACE,Scary Face,Normal,Status,0,100,10,MOVE_EFFECT_SPEED_DOWN_2,0,True,Blastoise; Poliwrath; Tentacruel; Cloyster; Kingdra; Gyarados; Feraligatr; Swampert; Sharpedo; Whiscash; Crawdaunt; Empoleon; Floatzel,13,29,0.448,False,True
Engine,Water,MachineMoves,MOVE_SCREECH,Screech,Normal,Status,0,85,40,MOVE_EFFECT_DEF_DOWN_2,0,True,Golduck; Tentacruel; Cloyster; Lanturn; Swampert; Sharpedo,6,29,0.207,False,False
Engine,Water,MachineMoves,MOVE_SECRET_POWER,Secret Power,Normal,Physical,70,100,20,MOVE_EFFECT_SECRET_POWER,0,True,Blastoise; Golduck; Poliwrath; Tentacruel; Slowbro; Dewgong; Cloyster; Kingler; Kingdra; Seaking; Starmie; Gyarados; Lapras; Vaporeon; Feraligatr; Lanturn; Azumarill; Quagsire; Swampert; Pelipper; Sharpedo; Wailord; Whiscash; Crawdaunt; Milotic; Walrein; Empoleon; Gastrodon; Floatzel,29,29,1.0,True,True
Engine,Water,MachineMoves,MOVE_SEED_BOMB,Seed Bomb,Grass,Physical,80,100,15,MOVE_EFFECT_HIT,0,True,Pelipper,1,29,0.034,True,False
Engine,Water,MachineMoves,MOVE_SEISMIC_TOSS,Seismic Toss,Fighting,Physical,1,100,20,MOVE_EFFECT_LEVEL_DAMAGE_FLAT,0,True,Blastoise; Golduck; Poliwrath; Slowbro,4,29,0.138,False,False
Engine,Water,MachineMoves,MOVE_SELF_DESTRUCT,Self-Destruct,Normal,Physical,200,100,5,MOVE_EFFECT_HALVE_DEFENSE,0,True,Cloyster; Wailord,2,29,0.069,False,False
Engine,Water,MachineMoves,MOVE_SHADOW_BALL,Shadow Ball,Ghost,Special,80,100,15,MOVE_EFFECT_LOWER_SP_DEF_HIT,0,True,Slowbro; Vaporeon,2,29,0.069,True,False
Engine,Water,MachineMoves,MOVE_SHADOW_CLAW,Shadow Claw,Ghost,Physical,70,100,15,MOVE_EFFECT_HIGH_CRITICAL,0,True,Golduck; Feraligatr; Empoleon,3,29,0.103,True,False
Engine,Water,MachineMoves,MOVE_SHOCK_WAVE,Shock Wave,Electric,Special,60,0,20,MOVE_EFFECT_BYPASS_ACCURACY,0,True,Lapras; Lanturn; Pelipper,3,29,0.103,True,False
Engine,Water,MachineMoves,MOVE_SKILL_SWAP,Skill Swap,Psychic,Status,0,0,10,MOVE_EFFECT_SWITCH_ABILITIES,0,True,Golduck; Slowbro; Starmie,3,29,0.103,True,False
Engine,Water,MachineMoves,MOVE_SKITTER_SMACK,Skitter Smack,Bug,Physical,70,90,10,MOVE_EFFECT_LOWER_SP_ATK_HIT,0,True,Tentacruel; Milotic; Gastrodon,3,29,0.103,True,False
Engine,Water,MachineMoves,MOVE_SKULL_BASH,Skull Bash,Normal,Physical,130,100,10,MOVE_EFFECT_CHARGE_TURN_DEF_UP,0,True,Blastoise; Golduck; Poliwrath; Tentacruel; Slowbro; Dewgong; Seaking; Starmie; Gyarados; Lapras; Vaporeon,11,29,0.379,False,True
Engine,Water,MachineMoves,MOVE_SKY_DROP,Sky Drop,Flying,Physical,60,100,10,MOVE_EFFECT_HIT,0,True,Pelipper,1,29,0.034,False,False
Engine,Water,MachineMoves,MOVE_SLEEP_TALK,Sleep Talk,Normal,Status,0,0,10,MOVE_EFFECT_USE_RANDOM_LEARNED_MOVE_SLEEP,0,True,Blastoise; Golduck; Poliwrath; Tentacruel; Slowbro; Dewgong; Cloyster; Kingler; Kingdra; Seaking; Starmie; Gyarados; Lapras; Vaporeon; Feraligatr; Lanturn; Azumarill; Quagsire; Swampert; Pelipper; Sharpedo; Wailord; Whiscash; Crawdaunt; Milotic; Walrein; Empoleon; Gastrodon; Floatzel,29,29,1.0,True,True
Engine,Water,MachineMoves,MOVE_SLUDGE_BOMB,Sludge Bomb,Poison,Special,90,100,10,MOVE_EFFECT_POISON_HIT,0,True,Tentacruel; Quagsire; Crawdaunt; Gastrodon,4,29,0.138,True,False
Engine,Water,MachineMoves,MOVE_SLUDGE_WAVE,Sludge Wave,Poison,Special,95,100,10,MOVE_EFFECT_POISON_HIT,0,True,Tentacruel; Quagsire; Swampert; Crawdaunt; Gastrodon,5,29,0.172,True,False
Engine,Water,MachineMoves,MOVE_SMACK_DOWN,Smack Down,Rock,Physical,50,100,15,MOVE_EFFECT_SMACK_DOWN,0,True,Blastoise; Swampert,2,29,0.069,True,False
Engine,Water,MachineMoves,MOVE_SMART_STRIKE,Smart Strike,Steel,Physical,70,0,10,MOVE_EFFECT_BYPASS_ACCURACY,0,True,Dewgong; Cloyster; Seaking; Lapras,4,29,0.138,False,False
Engine,Water,MachineMoves,MOVE_SNARL,Snarl,Dark,Special,55,95,15,MOVE_EFFECT_LOWER_SP_ATK_HIT,0,True,Feraligatr; Sharpedo; Crawdaunt; Floatzel,4,29,0.138,False,False
Engine,Water,MachineMoves,MOVE_SNORE,Snore,Normal,Special,50,100,15,MOVE_EFFECT_DAMAGE_WHILE_ASLEEP,0,True,Blastoise; Golduck; Poliwrath; Tentacruel; Slowbro; Dewgong; Cloyster; Kingler; Kingdra; Seaking; Starmie; Gyarados; Lapras; Vaporeon; Feraligatr; Lanturn; Azumarill; Quagsire; Swampert; Pelipper; Sharpedo; Wailord; Whiscash; Crawdaunt; Milotic; Walrein; Gastrodon,27,29,0.931,False,True
Engine,Water,MachineMoves,MOVE_SNOWSCAPE,Snowscape,Ice,Status,0,0,10,MOVE_EFFECT_WEATHER_SNOW,0,True,Slowbro; Dewgong; Cloyster; Kingdra; Lapras; Azumarill; Quagsire; Pelipper; Empoleon; Gastrodon,10,29,0.345,False,True
Engine,Water,MachineMoves,MOVE_SOLAR_BEAM,Solar Beam,Grass,Special,120,100,10,MOVE_EFFECT_CHARGE_TURN_SUN_SKIPS,0,True,Lapras,1,29,0.034,True,False
Engine,Water,MachineMoves,MOVE_SPIKES,Spikes,Ground,Status,0,0,20,MOVE_EFFECT_SET_SPIKES,0,True,Cloyster; Quagsire; Whiscash; Gastrodon,4,29,0.138,True,False
Engine,Water,MachineMoves,MOVE_SPITE,Spite,Ghost,Status,0,100,10,MOVE_EFFECT_DECREASE_LAST_MOVE_PP,0,True,Gyarados; Feraligatr; Crawdaunt,3,29,0.103,True,False
Engine,Water,MachineMoves,MOVE_STEALTH_ROCK,Stealth Rock,Rock,Status,0,0,20,MOVE_EFFECT_STEALTH_ROCK,0,True,Quagsire; Swampert; Whiscash; Empoleon; Gastrodon,5,29,0.172,True,False
Engine,Water,MachineMoves,MOVE_STEEL_BEAM,Steel Beam,Steel,Special,140,95,5,MOVE_EFFECT_STEEL_BEAM,0,True,Empoleon,1,29,0.034,True,False
Engine,Water,MachineMoves,MOVE_STEEL_WING,Steel Wing,Steel,Physical,70,90,25,MOVE_EFFECT_RAISE_DEF_HIT,0,True,Pelipper; Empoleon,2,29,0.069,True,False
Engine,Water,MachineMoves,MOVE_STOMPING_TANTRUM,StompingTantrum,Ground,Physical,75,100,10,MOVE_EFFECT_HIT,0,True,Kingler; Feraligatr; Quagsire; Swampert; Whiscash; Walrein; Gastrodon,7,29,0.241,False,False
Engine,Water,MachineMoves,MOVE_STONE_EDGE,Stone Edge,Rock,Physical,100,80,5,MOVE_EFFECT_HIGH_CRITICAL,0,True,Gyarados; Quagsire; Swampert; Whiscash; Gastrodon,5,29,0.172,True,False
Engine,Water,MachineMoves,MOVE_STORED_POWER,Stored Power,Psychic,Special,20,100,10,MOVE_EFFECT_HIT,0,True,Slowbro; Vaporeon,2,29,0.069,True,False
Engine,Water,MachineMoves,MOVE_STRENGTH,Strength,Normal,Physical,80,100,15,MOVE_EFFECT_HIT,0,True,Blastoise; Golduck; Poliwrath; Slowbro; Dewgong; Kingler; Gyarados; Lapras; Vaporeon; Feraligatr; Azumarill; Quagsire; Swampert; Sharpedo; Wailord; Whiscash; Crawdaunt; Walrein; Empoleon; Gastrodon; Floatzel,21,29,0.724,True,True
Engine,Water,MachineMoves,MOVE_SUBMISSION,Submission,Fighting,Physical,80,80,20,MOVE_EFFECT_RECOIL_QUARTER,0,True,Blastoise; Golduck; Poliwrath; Slowbro,4,29,0.138,False,False
Engine,Water,MachineMoves,MOVE_SUBSTITUTE,Substitute,Normal,Status,0,0,10,MOVE_EFFECT_SET_SUBSTITUTE,0,True,Blastoise; Golduck; Poliwrath; Tentacruel; Slowbro; Dewgong; Cloyster; Kingler; Kingdra; Seaking; Starmie; Gyarados; Lapras; Vaporeon; Feraligatr; Lanturn; Azumarill; Quagsire; Swampert; Pelipper; Sharpedo; Wailord; Whiscash; Crawdaunt; Milotic; Walrein; Empoleon; Gastrodon; Floatzel,29,29,1.0,True,True
Engine,Water,MachineMoves,MOVE_SUNNY_DAY,Sunny Day,Fire,Status,0,0,5,MOVE_EFFECT_WEATHER_SUN,0,True,Slowbro; Gyarados; Vaporeon; Whiscash,4,29,0.138,True,False
Engine,Water,MachineMoves,MOVE_SUPERPOWER,Superpower,Fighting,Physical,120,100,5,MOVE_EFFECT_USER_ATK_DEF_DOWN_HIT,0,True,Poliwrath; Kingler; Azumarill; Swampert; Crawdaunt,5,29,0.172,True,False
Engine,Water,MachineMoves,MOVE_SURF,Surf,Water,Special,90,100,15,MOVE_EFFECT_DOUBLE_DAMAGE_DIVE,0,True,Blastoise; Golduck; Poliwrath; Tentacruel; Slowbro; Dewgong; Cloyster; Kingler; Kingdra; Seaking; Starmie; Gyarados; Lapras; Vaporeon; Feraligatr; Lanturn; Azumarill; Quagsire; Swampert; Pelipper; Sharpedo; Wailord; Whiscash; Crawdaunt; Milotic; Walrein; Empoleon; Gastrodon; Floatzel,29,29,1.0,True,True
Engine,Water,MachineMoves,MOVE_SWAGGER,Swagger,Normal,Status,0,85,15,MOVE_EFFECT_ATK_UP_2_STATUS_CONFUSION,0,True,Blastoise; Golduck; Poliwrath; Tentacruel; Slowbro; Dewgong; Cloyster; Kingler; Kingdra; Seaking; Starmie; Gyarados; Lapras; Vaporeon; Feraligatr; Lanturn; Azumarill; Quagsire; Swampert; Pelipper; Sharpedo; Wailord; Whiscash; Crawdaunt; Milotic; Walrein; Empoleon; Gastrodon; Floatzel,29,29,1.0,True,True
Engine,Water,MachineMoves,MOVE_SWIFT,Swift,Normal,Special,60,0,20,MOVE_EFFECT_BYPASS_ACCURACY,0,True,Golduck; Poliwrath; Tentacruel; Slowbro; Cloyster; Kingdra; Seaking; Starmie; Vaporeon; Azumarill; Pelipper; Sharpedo; Whiscash; Crawdaunt; Milotic; Empoleon; Floatzel,17,29,0.586,False,True
Engine,Water,MachineMoves,MOVE_SWORDS_DANCE,Swords Dance,Normal,Status,0,0,20,MOVE_EFFECT_ATK_UP_2,0,True,Tentacruel; Kingler; Seaking; Feraligatr; Crawdaunt; Walrein; Empoleon,7,29,0.241,True,False
Engine,Water,MachineMoves,MOVE_TAILWIND,Tailwind,Flying,Status,0,0,15,MOVE_EFFECT_DOUBLE_SPEED_3_TURNS,0,True,Pelipper,1,29,0.034,True,False
Engine,Water,MachineMoves,MOVE_TAKE_DOWN,Take Down,Normal,Physical,90,85,20,MOVE_EFFECT_RECOIL_QUARTER,0,True,Blastoise; Golduck; Poliwrath; Tentacruel; Slowbro; Dewgong; Cloyster; Kingler; Kingdra; Seaking; Starmie; Gyarados; Lapras; Vaporeon; Feraligatr; Lanturn; Azumarill; Quagsire; Swampert; Pelipper; Whiscash; Crawdaunt; Milotic; Empoleon; Gastrodon; Floatzel,26,29,0.897,False,True
Engine,Water,MachineMoves,MOVE_TAUNT,Taunt,Dark,Status,0,100,20,MOVE_EFFECT_TAUNT,0,True,Golduck; Poliwrath; Gyarados; Sharpedo; Crawdaunt; Floatzel,6,29,0.207,True,False
Engine,Water,MachineMoves,MOVE_TELEKINESIS,Telekinesis,Psychic,Status,0,0,15,MOVE_EFFECT_HIT,0,True,Golduck; Slowbro; Starmie,3,29,0.103,False,False
Engine,Water,MachineMoves,MOVE_TELEPORT,Teleport,Psychic,Status,0,0,20,MOVE_EFFECT_FLEE_FROM_WILD_BATTLE,-6,True,Slowbro; Cloyster; Starmie,3,29,0.103,False,False
Engine,Water,MachineMoves,MOVE_TEMPER_FLARE,Temper Flare,Fire,Physical,75,100,10,MOVE_EFFECT_HIT,0,True,Gyarados,1,29,0.034,True,False
Engine,Water,MachineMoves,MOVE_TERA_BLAST,Tera Blast,Normal,Special,80,100,10,MOVE_EFFECT_HIT,0,True,Blastoise; Golduck; Poliwrath; Tentacruel; Slowbro; Dewgong; Cloyster; Kingdra; Gyarados; Lapras; Vaporeon; Feraligatr; Lanturn; Azumarill; Quagsire; Swampert; Pelipper; Whiscash; Crawdaunt; Milotic; Empoleon; Gastrodon; Floatzel,23,29,0.793,True,True
Engine,Water,MachineMoves,MOVE_THIEF,Thief,Dark,Physical,60,100,25,MOVE_EFFECT_STEAL_HELD_ITEM,0,True,Golduck; Poliwrath; Tentacruel; Dewgong; Kingler; Feraligatr; Quagsire; Pelipper; Sharpedo; Crawdaunt; Floatzel,11,29,0.379,True,True
Engine,Water,MachineMoves,MOVE_THROAT_CHOP,Throat Chop,Dark,Physical,80,100,15,MOVE_EFFECT_THROAT_CHOP,0,True,Poliwrath; Tentacruel; Seaking; Empoleon,4,29,0.138,True,False
Engine,Water,MachineMoves,MOVE_THUNDER,Thunder,Electric,Special,110,70,10,MOVE_EFFECT_THUNDER,0,True,Starmie; Gyarados; Lapras; Lanturn,4,29,0.138,True,False
Engine,Water,MachineMoves,MOVE_THUNDERBOLT,Thunderbolt,Electric,Special,90,100,15,MOVE_EFFECT_PARALYZE_HIT,0,True,Starmie; Gyarados; Lapras; Lanturn,4,29,0.138,True,False
Engine,Water,MachineMoves,MOVE_THUNDER_WAVE,Thunder Wave,Electric,Status,0,90,20,MOVE_EFFECT_STATUS_PARALYZE,0,True,Slowbro; Starmie; Gyarados; Lanturn,4,29,0.138,True,False
Engine,Water,MachineMoves,MOVE_TORMENT,Torment,Dark,Status,0,100,15,MOVE_EFFECT_TORMENT,0,True,Cloyster; Gyarados; Sharpedo; Floatzel,4,29,0.138,True,False
Engine,Water,MachineMoves,MOVE_TOXIC,Toxic,Poison,Status,0,90,10,MOVE_EFFECT_STATUS_BADLY_POISON,0,True,Blastoise; Golduck; Poliwrath; Tentacruel; Slowbro; Dewgong; Cloyster; Kingler; Kingdra; Seaking; Starmie; Gyarados; Lapras; Vaporeon; Feraligatr; Lanturn; Azumarill; Quagsire; Swampert; Pelipper; Sharpedo; Wailord; Whiscash; Crawdaunt; Milotic; Walrein; Empoleon; Gastrodon; Floatzel,29,29,1.0,True,True
Engine,Water,MachineMoves,MOVE_TOXIC_SPIKES,Toxic Spikes,Poison,Status,0,0,20,MOVE_EFFECT_TOXIC_SPIKES,0,True,Tentacruel; Cloyster; Quagsire,3,29,0.103,True,False
Engine,Water,MachineMoves,MOVE_TRAILBLAZE,Trailblaze,Grass,Physical,50,100,20,MOVE_EFFECT_RAISE_SPEED_HIT,0,True,Golduck; Vaporeon; Feraligatr; Azumarill; Quagsire,5,29,0.172,False,False
Engine,Water,MachineMoves,MOVE_TRICK,Trick,Psychic,Status,0,100,10,MOVE_EFFECT_SWITCH_HELD_ITEMS,0,True,Slowbro; Starmie,2,29,0.069,True,False
Engine,Water,MachineMoves,MOVE_TRICK_ROOM,Trick Room,Psychic,Status,0,0,5,MOVE_EFFECT_TRICK_ROOM,-7,True,Slowbro; Starmie,2,29,0.069,True,False
Engine,Water,MachineMoves,MOVE_TRIPLE_AXEL,Triple Axel,Ice,Physical,20,90,10,MOVE_EFFECT_HIT_THREE_TIMES_INCREMENT_BASE_POWER_20,0,True,Dewgong; Milotic; Empoleon,3,29,0.103,True,False
Engine,Water,MachineMoves,MOVE_TRI_ATTACK,Tri Attack,Normal,Special,80,100,10,MOVE_EFFECT_RANDOM_PRIMARY_STATUS_HIT,0,True,Slowbro; Cloyster; Starmie,3,29,0.103,True,False
Engine,Water,MachineMoves,MOVE_UPPER_HAND,Upper Hand,Fighting,Physical,65,100,15,MOVE_EFFECT_HIT,3,True,Poliwrath,1,29,0.034,True,False
Engine,Water,MachineMoves,MOVE_UPROAR,Uproar,Normal,Special,90,100,10,MOVE_EFFECT_UPROAR,0,True,Dewgong; Gyarados; Feraligatr; Azumarill; Swampert; Pelipper; Sharpedo; Whiscash; Empoleon,9,29,0.31,True,False
Engine,Water,MachineMoves,MOVE_U_TURN,U-turn,Bug,Physical,70,100,20,MOVE_EFFECT_SWITCH_HIT,0,True,Pelipper,1,29,0.034,True,False
Engine,Water,MachineMoves,MOVE_VACUUM_WAVE,Vacuum Wave,Fighting,Special,40,100,30,MOVE_EFFECT_PRIORITY_1,1,True,Golduck; Poliwrath; Empoleon,3,29,0.103,True,False
Engine,Water,MachineMoves,MOVE_VENOM_DRENCH,Venom Drench,Poison,Status,0,100,20,MOVE_EFFECT_VENOM_DRENCH,0,True,Tentacruel,1,29,0.034,True,False
Engine,Water,MachineMoves,MOVE_VENOSHOCK,Venoshock,Poison,Special,65,100,10,MOVE_EFFECT_DOUBLE_POWER_ON_POISONED,0,True,Tentacruel,1,29,0.034,False,False
Engine,Water,MachineMoves,MOVE_VOLT_SWITCH,Volt Switch,Electric,Special,70,100,20,MOVE_EFFECT_SWITCH_HIT,0,True,Lanturn,1,29,0.034,False,False
Engine,Water,MachineMoves,MOVE_WATERFALL,Waterfall,Water,Physical,80,100,15,MOVE_EFFECT_FLINCH_HIT,0,True,Blastoise; Golduck; Poliwrath; Tentacruel; Slowbro; Dewgong; Cloyster; Kingdra; Seaking; Starmie; Gyarados; Lapras; Vaporeon; Feraligatr; Lanturn; Azumarill; Quagsire; Swampert; Pelipper; Sharpedo; Wailord; Whiscash; Crawdaunt; Milotic; Walrein; Empoleon; Gastrodon; Floatzel,28,29,0.966,True,True
Engine,Water,MachineMoves,MOVE_WATER_GUN,Water Gun,Water,Special,40,100,25,MOVE_EFFECT_HIT,0,True,Blastoise; Golduck; Poliwrath; Tentacruel; Slowbro; Dewgong; Cloyster; Kingler; Seaking; Starmie; Gyarados; Lapras; Vaporeon,13,29,0.448,False,True
Engine,Water,MachineMoves,MOVE_WATER_PLEDGE,Water Pledge,Water,Special,80,100,10,MOVE_EFFECT_HIT,0,True,Blastoise; Feraligatr; Swampert; Empoleon,4,29,0.138,True,True
Engine,Water,MachineMoves,MOVE_WATER_PULSE,Water Pulse,Water,Special,60,100,20,MOVE_EFFECT_CONFUSE_HIT,0,True,Blastoise; Golduck; Poliwrath; Tentacruel; Slowbro; Dewgong; Cloyster; Kingler; Kingdra; Seaking; Starmie; Gyarados; Lapras; Vaporeon; Feraligatr; Lanturn; Azumarill; Quagsire; Swampert; Pelipper; Sharpedo; Wailord; Whiscash; Crawdaunt; Milotic; Walrein; Empoleon; Gastrodon; Floatzel,29,29,1.0,True,True
Engine,Water,MachineMoves,MOVE_WEATHER_BALL,Weather Ball,Normal,Special,50,100,10,MOVE_EFFECT_CHANGE_TYPE_WITH_WEATHER,0,True,Blastoise; Poliwrath; Tentacruel; Slowbro; Dewgong; Cloyster; Kingdra; Lapras; Vaporeon; Swampert; Pelipper; Wailord; Whiscash; Milotic; Empoleon; Gastrodon,16,29,0.552,True,True
Engine,Water,MachineMoves,MOVE_WHIRLPOOL,Whirlpool,Water,Special,35,85,15,MOVE_EFFECT_WHIRLPOOL,0,True,Blastoise; Golduck; Poliwrath; Tentacruel; Slowbro; Dewgong; Cloyster; Kingler; Kingdra; Seaking; Starmie; Gyarados; Lapras; Vaporeon; Feraligatr; Lanturn; Azumarill; Quagsire; Swampert; Pelipper; Sharpedo; Wailord; Whiscash; Crawdaunt; Milotic; Walrein; Empoleon; Gastrodon; Floatzel,29,29,1.0,True,True
Engine,Water,MachineMoves,MOVE_WILD_CHARGE,Wild Charge,Electric,Physical,90,100,15,MOVE_EFFECT_RECOIL_THIRD,0,True,Lanturn,1,29,0.034,True,False
Engine,Water,MachineMoves,MOVE_WONDER_ROOM,Wonder Room,Psychic,Status,0,0,10,MOVE_EFFECT_HIT,0,True,Golduck; Slowbro; Starmie,3,29,0.103,False,False
Engine,Water,MachineMoves,MOVE_WORK_UP,Work Up,Normal,Status,0,0,30,MOVE_EFFECT_ATK_SP_ATK_UP,0,True,Blastoise; Poliwrath; Vaporeon; Feraligatr; Azumarill; Swampert; Empoleon,7,29,0.241,True,False
Engine,Water,MachineMoves,MOVE_X_SCISSOR,X-Scissor,Bug,Physical,80,100,15,MOVE_EFFECT_HIT,0,True,Kingler; Crawdaunt,2,29,0.069,True,False
Engine,Water,MachineMoves,MOVE_ZAP_CANNON,Zap Cannon,Electric,Special,120,50,5,MOVE_EFFECT_PARALYZE_HIT,0,True,Slowbro; Starmie; Gyarados; Lapras; Lanturn,5,29,0.172,False,False
Engine,Water,MachineMoves,MOVE_ZEN_HEADBUTT,Zen Headbutt,Psychic,Physical,80,90,15,MOVE_EFFECT_FLINCH_HIT,0,True,Blastoise; Golduck; Slowbro; Lapras; Sharpedo; Wailord; Whiscash,7,29,0.241,True,False
Engine,Water,TutorMoves,MOVE_AFTER_YOU,After You,Normal,Status,0,0,15,MOVE_EFFECT_AFTER_YOU,0,True,Slowbro; Quagsire,2,29,0.069,False,False
Engine,Water,TutorMoves,MOVE_AIR_CUTTER,Air Cutter,Flying,Special,60,95,25,MOVE_EFFECT_HIGH_CRITICAL,0,True,Pelipper,1,29,0.034,True,False
Engine,Water,TutorMoves,MOVE_ALLY_SWITCH,Ally Switch,Psychic,Status,0,0,15,MOVE_EFFECT_HIT,2,True,Kingler; Starmie,2,29,0.069,False,False
Engine,Water,TutorMoves,MOVE_ANCIENT_POWER,Ancient Power,Rock,Special,60,100,5,MOVE_EFFECT_RAISE_ALL_STATS_HIT,0,True,Kingler; Lapras; Feraligatr; Quagsire; Swampert; Sharpedo; Crawdaunt; Gastrodon,8,29,0.276,True,False
Engine,Water,TutorMoves,MOVE_AQUA_TAIL,Aqua Tail,Water,Physical,90,90,10,MOVE_EFFECT_HIT,0,True,Blastoise; Golduck; Slowbro; Dewgong; Seaking; Gyarados; Lapras; Vaporeon; Feraligatr; Lanturn; Azumarill; Quagsire; Swampert; Whiscash; Milotic; Walrein; Floatzel,17,29,0.586,True,True
Engine,Water,TutorMoves,MOVE_BIND,Bind,Normal,Physical,15,85,20,MOVE_EFFECT_BIND_HIT,0,True,Tentacruel; Milotic,2,29,0.069,False,False
Engine,Water,TutorMoves,MOVE_BLOCK,Block,Normal,Status,0,0,5,MOVE_EFFECT_PREVENT_ESCAPE,0,True,Slowbro; Lapras; Feraligatr; Wailord; Walrein; Gastrodon,6,29,0.207,True,False
Engine,Water,TutorMoves,MOVE_BODY_SLAM,Body Slam,Normal,Physical,85,100,15,MOVE_EFFECT_PARALYZE_HIT,0,True,Blastoise; Golduck; Poliwrath; Slowbro; Dewgong; Kingler; Kingdra; Gyarados; Lapras; Vaporeon; Feraligatr; Azumarill; Quagsire; Swampert; Wailord; Crawdaunt; Milotic; Walrein,18,29,0.621,False,True
Engine,Water,TutorMoves,MOVE_BOUNCE,Bounce,Flying,Physical,85,85,5,MOVE_EFFECT_BOUNCE,0,True,Kingdra; Seaking; Gyarados; Lanturn; Azumarill; Sharpedo; Wailord; Whiscash,8,29,0.276,True,False
Engine,Water,TutorMoves,MOVE_COACHING,Coaching,Fighting,Status,0,0,10,MOVE_EFFECT_COACHING,0,True,Poliwrath,1,29,0.034,False,False
Engine,Water,TutorMoves,MOVE_CORROSIVE_GAS,Corrosive Gas,Poison,Status,0,100,40,MOVE_EFFECT_HIT,0,True,Tentacruel,1,29,0.034,False,False
Engine,Water,TutorMoves,MOVE_COUNTER,Counter,Fighting,Physical,1,100,20,MOVE_EFFECT_COUNTER,-5,True,Blastoise; Golduck; Poliwrath; Slowbro; Feraligatr; Quagsire; Swampert; Crawdaunt,8,29,0.276,False,False
Engine,Water,TutorMoves,MOVE_COVET,Covet,Normal,Physical,60,100,25,MOVE_EFFECT_STEAL_HELD_ITEM,0,True,Vaporeon; Azumarill; Empoleon,3,29,0.103,False,False
Engine,Water,TutorMoves,MOVE_DARK_PULSE,Dark Pulse,Dark,Special,80,100,15,MOVE_EFFECT_FLINCH_HIT,0,True,Gyarados; Sharpedo; Crawdaunt,3,29,0.103,False,False
Engine,Water,TutorMoves,MOVE_DEFENSE_CURL,Defense Curl,Normal,Status,0,0,40,MOVE_EFFECT_DEF_UP_DOUBLE_ROLLOUT_POWER,0,True,Blastoise; Poliwrath; Azumarill; Quagsire; Swampert; Wailord; Walrein,7,29,0.241,False,False
Engine,Water,TutorMoves,MOVE_DEFOG,Defog,Flying,Status,0,0,15,MOVE_EFFECT_REMOVE_HAZARDS_SCREENS_EVA_DOWN,0,True,Pelipper; Empoleon,2,29,0.069,False,False
Engine,Water,TutorMoves,MOVE_DIVE,Dive,Water,Physical,80,100,10,MOVE_EFFECT_DIVE,0,True,Blastoise; Golduck; Poliwrath; Tentacruel; Slowbro; Dewgong; Cloyster; Kingler; Kingdra; Seaking; Starmie; Gyarados; Lapras; Vaporeon; Feraligatr; Lanturn; Azumarill; Quagsire; Swampert; Sharpedo; Wailord; Whiscash; Crawdaunt; Milotic; Walrein; Empoleon; Gastrodon; Floatzel,28,29,0.966,True,True
Engine,Water,TutorMoves,MOVE_DOUBLE_EDGE,Double-Edge,Normal,Physical,120,100,15,MOVE_EFFECT_RECOIL_THIRD,0,True,Blastoise; Golduck; Poliwrath; Tentacruel; Slowbro; Dewgong; Cloyster; Kingler; Kingdra; Seaking; Starmie; Gyarados; Lapras; Vaporeon; Feraligatr; Lanturn; Azumarill; Quagsire; Swampert; Pelipper; Sharpedo; Wailord; Whiscash; Crawdaunt; Milotic; Walrein,26,29,0.897,False,True
Engine,Water,TutorMoves,MOVE_DRACO_METEOR,Draco Meteor,Dragon,Special,130,90,5,MOVE_EFFECT_USER_SP_ATK_DOWN_2,0,True,Kingdra,1,29,0.034,False,False
Engine,Water,TutorMoves,MOVE_DRAGON_PULSE,Dragon Pulse,Dragon,Special,85,100,10,MOVE_EFFECT_HIT,0,True,Blastoise; Kingdra; Gyarados; Lapras; Feraligatr; Milotic,6,29,0.207,False,False
Engine,Water,TutorMoves,MOVE_DRAIN_PUNCH,Drain Punch,Fighting,Physical,75,100,10,MOVE_EFFECT_RECOVER_HALF_DAMAGE_DEALT,0,True,Slowbro,1,29,0.034,False,False
Engine,Water,TutorMoves,MOVE_DREAM_EATER,Dream Eater,Psychic,Special,100,100,15,MOVE_EFFECT_RECOVER_DAMAGE_SLEEP,0,True,Slowbro; Starmie; Lapras,3,29,0.103,False,False
Engine,Water,TutorMoves,MOVE_DRILL_RUN,Drill Run,Ground,Physical,80,95,10,MOVE_EFFECT_HIGH_CRITICAL,0,True,Dewgong; Seaking; Lapras,3,29,0.103,False,False
Engine,Water,TutorMoves,MOVE_DUAL_CHOP,Dual Chop,Dragon,Physical,40,90,15,MOVE_EFFECT_HIT_TWICE,0,True,Poliwrath,1,29,0.034,False,False
Engine,Water,TutorMoves,MOVE_DUAL_WINGBEAT,Dual Wingbeat,Flying,Physical,40,90,10,MOVE_EFFECT_HIT_TWICE,0,True,Pelipper,1,29,0.034,False,False
Engine,Water,TutorMoves,MOVE_DYNAMIC_PUNCH,Dynamic Punch,Fighting,Physical,100,50,5,MOVE_EFFECT_CONFUSE_HIT,0,True,Blastoise; Golduck; Poliwrath; Slowbro; Feraligatr; Azumarill; Quagsire; Swampert,8,29,0.276,False,False
Engine,Water,TutorMoves,MOVE_EARTH_POWER,Earth Power,Ground,Special,90,100,10,MOVE_EFFECT_LOWER_SP_DEF_HIT,0,True,Quagsire; Swampert; Whiscash; Gastrodon,4,29,0.138,True,False
Engine,Water,TutorMoves,MOVE_ENDEAVOR,Endeavor,Normal,Physical,1,100,5,MOVE_EFFECT_SET_HP_EQUAL_TO_USER,0,True,Poliwrath; Swampert; Crawdaunt,3,29,0.103,True,False
Engine,Water,TutorMoves,MOVE_ENDURE,Endure,Normal,Status,0,0,10,MOVE_EFFECT_SURVIVE_WITH_1_HP,4,True,Blastoise; Golduck; Poliwrath; Tentacruel; Slowbro; Dewgong; Cloyster; Kingler; Kingdra; Seaking; Starmie; Gyarados; Lapras; Vaporeon; Feraligatr; Lanturn; Azumarill; Quagsire; Swampert; Pelipper; Sharpedo; Wailord; Whiscash; Crawdaunt; Milotic; Walrein,26,29,0.897,False,True
Engine,Water,TutorMoves,MOVE_EXPANDING_FORCE,Expanding Force,Psychic,Special,80,100,10,MOVE_EFFECT_HIT,0,True,Slowbro; Starmie,2,29,0.069,False,False
Engine,Water,TutorMoves,MOVE_EXPLOSION,Explosion,Normal,Physical,250,100,5,MOVE_EFFECT_HALVE_DEFENSE,0,True,Cloyster,1,29,0.034,False,False
Engine,Water,TutorMoves,MOVE_FLAMETHROWER,Flamethrower,Fire,Special,90,100,15,MOVE_EFFECT_BURN_HIT,0,True,Slowbro; Gyarados,2,29,0.069,False,False
Engine,Water,TutorMoves,MOVE_FLIP_TURN,Flip Turn,Water,Physical,60,100,20,MOVE_EFFECT_SWITCH_HIT,0,True,Blastoise; Golduck; Kingdra; Seaking; Starmie; Vaporeon; Swampert; Sharpedo; Milotic,9,29,0.31,False,True
Engine,Water,TutorMoves,MOVE_FOCUS_PUNCH,Focus Punch,Fighting,Physical,150,100,20,MOVE_EFFECT_HIT_LAST_WHIFF_IF_HIT,-3,True,Blastoise; Golduck; Poliwrath; Slowbro; Feraligatr; Azumarill; Quagsire; Swampert; Floatzel,9,29,0.31,False,False
Engine,Water,TutorMoves,MOVE_FOUL_PLAY,Foul Play,Dark,Physical,95,100,15,MOVE_EFFECT_HIT,0,True,Slowbro,1,29,0.034,False,False
Engine,Water,TutorMoves,MOVE_FURY_CUTTER,Fury Cutter,Bug,Physical,40,95,20,MOVE_EFFECT_DOUBLE_POWER_EACH_TURN,0,True,Golduck; Slowbro; Kingler; Seaking; Feraligatr; Sharpedo; Crawdaunt; Walrein; Empoleon,9,29,0.31,True,False
Engine,Water,TutorMoves,MOVE_GIGA_DRAIN,Giga Drain,Grass,Special,75,100,10,MOVE_EFFECT_RECOVER_HALF_DAMAGE_DEALT,0,True,Tentacruel,1,29,0.034,False,False
Engine,Water,TutorMoves,MOVE_GRAVITY,Gravity,Psychic,Status,0,0,5,MOVE_EFFECT_GRAVITY,0,True,Starmie,1,29,0.034,True,False
Engine,Water,TutorMoves,MOVE_GUNK_SHOT,Gunk Shot,Poison,Physical,120,80,5,MOVE_EFFECT_POISON_HIT,0,True,Pelipper,1,29,0.034,True,False
Engine,Water,TutorMoves,MOVE_HEADBUTT,Headbutt,Normal,Physical,70,100,15,MOVE_EFFECT_FLINCH_HIT,0,True,Blastoise; Golduck; Poliwrath; Slowbro; Dewgong; Kingdra; Gyarados; Lapras; Vaporeon; Feraligatr; Azumarill; Quagsire; Swampert; Wailord; Whiscash; Walrein; Empoleon; Gastrodon; Floatzel,19,29,0.655,True,True
Engine,Water,TutorMoves,MOVE_HEAL_BELL,Heal Bell,Normal,Status,0,0,5,MOVE_EFFECT_CURE_PARTY_STATUS,0,True,Lapras; Vaporeon; Lanturn,3,29,0.103,True,False
Engine,Water,TutorMoves,MOVE_HELPING_HAND,Helping Hand,Normal,Status,0,0,20,MOVE_EFFECT_BOOST_ALLY_POWER_BY_50_PERCENT,5,True,Poliwrath; Vaporeon; Azumarill; Floatzel,4,29,0.138,True,False
Engine,Water,TutorMoves,MOVE_HYDRO_CANNON,Hydro Cannon,Water,Special,150,90,5,MOVE_EFFECT_RECHARGE_AFTER,0,True,Blastoise; Feraligatr; Swampert; Empoleon,4,29,0.138,False,True
Engine,Water,TutorMoves,MOVE_HYPER_VOICE,Hyper Voice,Normal,Special,90,100,10,MOVE_EFFECT_HIT,0,True,Lapras; Vaporeon; Azumarill; Wailord,4,29,0.138,False,False
Engine,Water,TutorMoves,MOVE_ICE_BEAM,Ice Beam,Ice,Special,90,100,10,MOVE_EFFECT_FREEZE_HIT,0,True,Blastoise; Golduck; Poliwrath; Tentacruel; Slowbro; Dewgong; Cloyster; Kingler; Kingdra; Seaking; Starmie; Gyarados; Lapras; Vaporeon; Feraligatr; Lanturn; Azumarill; Quagsire,18,29,0.621,False,True
Engine,Water,TutorMoves,MOVE_ICE_PUNCH,Ice Punch,Ice,Physical,75,100,15,MOVE_EFFECT_FREEZE_HIT,0,True,Blastoise; Golduck; Poliwrath; Slowbro; Feraligatr; Azumarill; Quagsire; Swampert; Floatzel,9,29,0.31,True,False
Engine,Water,TutorMoves,MOVE_ICY_WIND,Icy Wind,Ice,Special,55,95,15,MOVE_EFFECT_LOWER_SPEED_HIT,0,True,Blastoise; Golduck; Poliwrath; Tentacruel; Slowbro; Dewgong; Cloyster; Kingler; Kingdra; Seaking; Starmie; Gyarados; Lapras; Vaporeon; Feraligatr; Lanturn; Azumarill; Quagsire; Swampert; Pelipper; Sharpedo; Wailord; Whiscash; Crawdaunt; Milotic; Walrein; Empoleon; Gastrodon; Floatzel,29,29,1.0,True,True
Engine,Water,TutorMoves,MOVE_IRON_DEFENSE,Iron Defense,Steel,Status,0,0,15,MOVE_EFFECT_DEF_UP_2,0,True,Blastoise; Slowbro; Cloyster; Kingler; Crawdaunt; Empoleon,6,29,0.207,True,False
Engine,Water,TutorMoves,MOVE_IRON_HEAD,Iron Head,Steel,Physical,80,100,15,MOVE_EFFECT_FLINCH_HIT,0,True,Kingdra; Gyarados; Lapras; Wailord; Milotic; Walrein,6,29,0.207,True,False
Engine,Water,TutorMoves,MOVE_IRON_TAIL,Iron Tail,Steel,Physical,100,75,15,MOVE_EFFECT_LOWER_DEFENSE_HIT,0,True,Blastoise; Golduck; Slowbro; Dewgong; Gyarados; Lapras; Vaporeon; Feraligatr; Azumarill; Quagsire; Swampert; Milotic; Walrein; Floatzel,14,29,0.483,False,True
Engine,Water,TutorMoves,MOVE_KNOCK_OFF,Knock Off,Dark,Physical,65,100,20,MOVE_EFFECT_REMOVE_HELD_ITEM,0,True,Tentacruel; Kingler; Seaking; Azumarill; Pelipper; Crawdaunt; Empoleon,7,29,0.241,True,False
Engine,Water,TutorMoves,MOVE_LASER_FOCUS,Laser Focus,Normal,Status,0,0,30,MOVE_EFFECT_LASER_FOCUS,0,True,Golduck; Kingdra; Vaporeon; Milotic; Empoleon,5,29,0.172,False,False
Engine,Water,TutorMoves,MOVE_LASH_OUT,Lash Out,Dark,Physical,75,100,5,MOVE_EFFECT_HIT,0,True,Gyarados; Crawdaunt,2,29,0.069,False,False
Engine,Water,TutorMoves,MOVE_LAST_RESORT,Last Resort,Normal,Physical,140,100,5,MOVE_EFFECT_FAIL_IF_NOT_USED_ALL_OTHER_MOVES,0,True,Vaporeon,1,29,0.034,True,False
Engine,Water,TutorMoves,MOVE_LIQUIDATION,Liquidation,Water,Physical,85,100,10,MOVE_EFFECT_LOWER_DEFENSE_HIT,0,True,Blastoise; Golduck; Dewgong; Cloyster; Kingler; Feraligatr; Azumarill; Pelipper; Sharpedo; Wailord; Crawdaunt; Empoleon; Floatzel,13,29,0.448,False,True
Engine,Water,TutorMoves,MOVE_LOW_KICK,Low Kick,Fighting,Physical,1,100,20,MOVE_EFFECT_INCREASE_POWER_WITH_WEIGHT,0,True,Golduck; Feraligatr; Swampert; Floatzel,4,29,0.138,True,False
Engine,Water,TutorMoves,MOVE_MAGIC_COAT,Magic Coat,Psychic,Status,0,0,15,MOVE_EFFECT_MAGIC_COAT,4,True,Tentacruel; Slowbro; Starmie; Milotic,4,29,0.138,True,False
Engine,Water,TutorMoves,MOVE_MEGA_KICK,Mega Kick,Normal,Physical,120,75,5,MOVE_EFFECT_HIT,0,True,Blastoise; Golduck; Poliwrath; Slowbro; Feraligatr; Azumarill; Quagsire; Swampert,8,29,0.276,False,False
Engine,Water,TutorMoves,MOVE_MEGA_PUNCH,Mega Punch,Normal,Physical,80,85,20,MOVE_EFFECT_HIT,0,True,Blastoise; Golduck; Poliwrath; Slowbro; Feraligatr; Azumarill; Quagsire; Swampert,8,29,0.276,False,False
Engine,Water,TutorMoves,MOVE_METEOR_BEAM,Meteor Beam,Rock,Special,120,90,10,MOVE_EFFECT_CHARGE_TURN_SP_ATK_UP,0,True,Starmie,1,29,0.034,False,False
Engine,Water,TutorMoves,MOVE_METRONOME,Metronome,Normal,Status,0,0,10,MOVE_EFFECT_CALL_RANDOM_MOVE,0,True,Poliwrath,1,29,0.034,False,False
Engine,Water,TutorMoves,MOVE_MIMIC,Mimic,Normal,Status,0,0,10,MOVE_EFFECT_COPY_MOVE_FOR_BATTLE,0,True,Blastoise; Golduck; Poliwrath; Tentacruel; Slowbro; Dewgong; Cloyster; Kingler; Kingdra; Seaking; Starmie; Gyarados; Lapras; Vaporeon; Feraligatr; Lanturn; Azumarill; Quagsire; Swampert; Pelipper; Sharpedo; Wailord; Whiscash; Crawdaunt; Milotic; Walrein,26,29,0.897,False,True
Engine,Water,TutorMoves,MOVE_MISTY_EXPLOSION,Misty Explosion,Fairy,Special,100,100,5,MOVE_EFFECT_HALVE_DEFENSE,0,True,Azumarill,1,29,0.034,False,False
Engine,Water,TutorMoves,MOVE_MUD_SLAP,Mud-Slap,Ground,Special,20,100,10,MOVE_EFFECT_LOWER_ACCURACY_HIT,0,True,Blastoise; Golduck; Poliwrath; Slowbro; Kingler; Seaking; Vaporeon; Feraligatr; Azumarill; Quagsire; Swampert; Pelipper; Sharpedo; Whiscash; Crawdaunt; Milotic; Walrein; Empoleon; Gastrodon; Floatzel,20,29,0.69,True,True
Engine,Water,TutorMoves,MOVE_NIGHTMARE,Nightmare,Ghost,Status,0,100,15,MOVE_EFFECT_STATUS_NIGHTMARE,0,True,Slowbro; Starmie; Lapras,3,29,0.103,False,False
Engine,Water,TutorMoves,MOVE_OMINOUS_WIND,Ominous Wind,Ghost,Special,60,100,5,MOVE_EFFECT_RAISE_ALL_STATS_HIT,0,True,Pelipper,1,29,0.034,True,False
Engine,Water,TutorMoves,MOVE_OUTRAGE,Outrage,Dragon,Physical,120,100,10,MOVE_EFFECT_CONTINUE_AND_CONFUSE_SELF,0,True,Blastoise; Kingdra; Gyarados; Lapras; Feraligatr; Swampert,6,29,0.207,True,False
Engine,Water,TutorMoves,MOVE_PAIN_SPLIT,Pain Split,Normal,Status,0,0,20,MOVE_EFFECT_AVERAGE_HP,0,True,Starmie; Gastrodon,2,29,0.069,True,False
Engine,Water,TutorMoves,MOVE_PSYCH_UP,Psych Up,Normal,Status,0,0,10,MOVE_EFFECT_COPY_STAT_CHANGES,0,True,Golduck; Slowbro; Starmie; Milotic,4,29,0.138,False,False
Engine,Water,TutorMoves,MOVE_RECYCLE,Recycle,Normal,Status,0,0,10,MOVE_EFFECT_RECYCLE,0,True,Slowbro; Starmie,2,29,0.069,False,False
Engine,Water,TutorMoves,MOVE_RISING_VOLTAGE,Rising Voltage,Electric,Special,70,100,20,MOVE_EFFECT_HIT,0,True,Lanturn,1,29,0.034,False,False
Engine,Water,TutorMoves,MOVE_ROCK_SLIDE,Rock Slide,Rock,Physical,75,90,10,MOVE_EFFECT_FLINCH_HIT,0,True,Feraligatr; Swampert; Whiscash; Walrein,4,29,0.138,False,False
Engine,Water,TutorMoves,MOVE_ROLE_PLAY,Role Play,Psychic,Status,0,0,10,MOVE_EFFECT_COPY_ABILITY,0,True,Golduck,1,29,0.034,True,False
Engine,Water,TutorMoves,MOVE_ROLLOUT,Rollout,Rock,Physical,30,90,20,MOVE_EFFECT_DOUBLE_POWER_EACH_TURN_LOCK_INTO,0,True,Blastoise; Starmie; Azumarill; Quagsire; Swampert; Wailord; Walrein,7,29,0.241,True,False
Engine,Water,TutorMoves,MOVE_ROOST,Roost,Flying,Status,0,0,5,MOVE_EFFECT_HEAL_HALF_REMOVE_FLYING_TYPE,0,True,Pelipper,1,29,0.034,False,False
Engine,Water,TutorMoves,MOVE_SCALE_SHOT,Scale Shot,Dragon,Physical,25,90,20,MOVE_EFFECT_MULTI_HIT,0,True,Kingdra; Seaking; Gyarados; Sharpedo; Milotic,5,29,0.172,False,False
Engine,Water,TutorMoves,MOVE_SEED_BOMB,Seed Bomb,Grass,Physical,80,100,15,MOVE_EFFECT_HIT,0,True,Pelipper,1,29,0.034,True,False
Engine,Water,TutorMoves,MOVE_SEISMIC_TOSS,Seismic Toss,Fighting,Physical,1,100,20,MOVE_EFFECT_LEVEL_DAMAGE_FLAT,0,True,Blastoise; Golduck; Poliwrath; Slowbro; Feraligatr; Azumarill; Quagsire; Swampert,8,29,0.276,False,False
Engine,Water,TutorMoves,MOVE_SELF_DESTRUCT,Self-Destruct,Normal,Physical,200,100,5,MOVE_EFFECT_HALVE_DEFENSE,0,True,Cloyster; Wailord,2,29,0.069,False,False
Engine,Water,TutorMoves,MOVE_SHOCK_WAVE,Shock Wave,Electric,Special,60,0,20,MOVE_EFFECT_BYPASS_ACCURACY,0,True,Lapras; Lanturn; Pelipper,3,29,0.103,False,False
Engine,Water,TutorMoves,MOVE_SIGNAL_BEAM,Signal Beam,Bug,Special,75,100,15,MOVE_EFFECT_CONFUSE_HIT,0,True,Blastoise; Golduck; Slowbro; Dewgong; Cloyster; Kingdra; Seaking; Starmie; Lapras; Vaporeon; Lanturn; Walrein; Empoleon,13,29,0.448,True,True
Engine,Water,TutorMoves,MOVE_SKILL_SWAP,Skill Swap,Psychic,Status,0,0,10,MOVE_EFFECT_SWITCH_ABILITIES,0,True,Slowbro; Starmie,2,29,0.069,False,False
Engine,Water,TutorMoves,MOVE_SKITTER_SMACK,Skitter Smack,Bug,Physical,70,90,10,MOVE_EFFECT_LOWER_SP_ATK_HIT,0,True,Milotic; Gastrodon,2,29,0.069,False,False
Engine,Water,TutorMoves,MOVE_SKY_ATTACK,Sky Attack,Flying,Physical,140,90,5,MOVE_EFFECT_CHARGE_TURN_HIGH_CRIT_FLINCH,0,True,Pelipper,1,29,0.034,True,False
Engine,Water,TutorMoves,MOVE_SLEEP_TALK,Sleep Talk,Normal,Status,0,0,10,MOVE_EFFECT_USE_RANDOM_LEARNED_MOVE_SLEEP,0,True,Blastoise; Golduck; Poliwrath; Tentacruel; Slowbro; Dewgong; Cloyster; Kingler; Kingdra; Seaking; Starmie; Gyarados; Lapras; Vaporeon; Feraligatr; Lanturn; Azumarill; Quagsire; Swampert; Pelipper; Sharpedo; Wailord; Whiscash; Crawdaunt; Milotic; Walrein; Empoleon; Gastrodon; Floatzel,29,29,1.0,False,True
Engine,Water,TutorMoves,MOVE_SNORE,Snore,Normal,Special,50,100,15,MOVE_EFFECT_DAMAGE_WHILE_ASLEEP,0,True,Blastoise; Golduck; Poliwrath; Tentacruel; Slowbro; Dewgong; Cloyster; Kingler; Kingdra; Seaking; Starmie; Gyarados; Lapras; Vaporeon; Feraligatr; Lanturn; Azumarill; Quagsire; Swampert; Pelipper; Sharpedo; Wailord; Whiscash; Crawdaunt; Milotic; Walrein; Empoleon; Gastrodon; Floatzel,29,29,1.0,True,True
Engine,Water,TutorMoves,MOVE_SPITE,Spite,Ghost,Status,0,100,10,MOVE_EFFECT_DECREASE_LAST_MOVE_PP,0,True,Gyarados; Feraligatr; Sharpedo; Crawdaunt,4,29,0.138,True,False
Engine,Water,TutorMoves,MOVE_STEALTH_ROCK,Stealth Rock,Rock,Status,0,0,20,MOVE_EFFECT_STEALTH_ROCK,0,True,Swampert; Empoleon,2,29,0.069,False,False
Engine,Water,TutorMoves,MOVE_STEEL_ROLLER,Steel Roller,Steel,Physical,130,100,5,MOVE_EFFECT_END_TERRAIN,0,True,Cloyster; Azumarill; Wailord; Walrein,4,29,0.138,False,False
Engine,Water,TutorMoves,MOVE_STOMPING_TANTRUM,StompingTantrum,Ground,Physical,75,100,10,MOVE_EFFECT_HIT,0,True,Kingler; Quagsire; Swampert; Whiscash; Walrein; Gastrodon,6,29,0.207,False,False
Engine,Water,TutorMoves,MOVE_STRING_SHOT,String Shot,Bug,Status,0,95,40,MOVE_EFFECT_SPEED_DOWN_2,0,True,Gastrodon,1,29,0.034,True,False
Engine,Water,TutorMoves,MOVE_SUBSTITUTE,Substitute,Normal,Status,0,0,10,MOVE_EFFECT_SET_SUBSTITUTE,0,True,Blastoise; Golduck; Poliwrath; Tentacruel; Slowbro; Dewgong; Cloyster; Kingler; Kingdra; Seaking; Starmie; Gyarados; Lapras; Vaporeon; Feraligatr; Lanturn; Azumarill; Quagsire; Swampert; Pelipper; Sharpedo; Wailord; Whiscash; Crawdaunt; Milotic; Walrein,26,29,0.897,False,True
Engine,Water,TutorMoves,MOVE_SUCKER_PUNCH,Sucker Punch,Dark,Physical,70,100,5,MOVE_EFFECT_HIT_FIRST_IF_TARGET_ATTACKING,1,True,Lanturn,1,29,0.034,True,False
Engine,Water,TutorMoves,MOVE_SUPERPOWER,Superpower,Fighting,Physical,120,100,5,MOVE_EFFECT_USER_ATK_DEF_DOWN_HIT,0,True,Kingler; Feraligatr; Azumarill; Swampert; Crawdaunt,5,29,0.172,True,False
Engine,Water,TutorMoves,MOVE_SUPER_FANG,Super Fang,Normal,Physical,1,90,10,MOVE_EFFECT_HALVE_HP,0,True,Sharpedo; Walrein,2,29,0.069,True,False
Engine,Water,TutorMoves,MOVE_SWAGGER,Swagger,Normal,Status,0,85,15,MOVE_EFFECT_ATK_UP_2_STATUS_CONFUSION,0,True,Blastoise; Golduck; Poliwrath; Tentacruel; Slowbro; Dewgong; Cloyster; Kingler; Kingdra; Seaking; Starmie; Gyarados; Lapras; Vaporeon; Feraligatr; Lanturn; Azumarill; Quagsire; Swampert; Pelipper; Sharpedo; Wailord; Whiscash; Crawdaunt; Milotic; Walrein,26,29,0.897,False,True
Engine,Water,TutorMoves,MOVE_SWIFT,Swift,Normal,Special,60,0,20,MOVE_EFFECT_BYPASS_ACCURACY,0,True,Golduck; Slowbro; Cloyster; Kingdra; Seaking; Starmie; Vaporeon; Azumarill; Pelipper; Sharpedo; Crawdaunt; Milotic; Floatzel,13,29,0.448,True,True
Engine,Water,TutorMoves,MOVE_SWORDS_DANCE,Swords Dance,Normal,Status,0,0,20,MOVE_EFFECT_ATK_UP_2,0,True,Tentacruel; Kingler; Feraligatr; Crawdaunt,4,29,0.138,False,False
Engine,Water,TutorMoves,MOVE_TAILWIND,Tailwind,Flying,Status,0,0,15,MOVE_EFFECT_DOUBLE_SPEED_3_TURNS,0,True,Pelipper,1,29,0.034,True,False
Engine,Water,TutorMoves,MOVE_TELEKINESIS,Telekinesis,Psychic,Status,0,0,15,MOVE_EFFECT_HIT,0,True,Golduck; Slowbro; Starmie,3,29,0.103,False,False
Engine,Water,TutorMoves,MOVE_TERRAIN_PULSE,Terrain Pulse,Normal,Special,50,100,10,MOVE_EFFECT_HIT,0,True,Blastoise,1,29,0.034,False,False
Engine,Water,TutorMoves,MOVE_THROAT_CHOP,Throat Chop,Dark,Physical,80,100,15,MOVE_EFFECT_THROAT_CHOP,0,True,Poliwrath; Seaking; Empoleon,3,29,0.103,False,False
Engine,Water,TutorMoves,MOVE_THUNDERBOLT,Thunderbolt,Electric,Special,90,100,15,MOVE_EFFECT_PARALYZE_HIT,0,True,Starmie; Gyarados; Lapras; Lanturn,4,29,0.138,False,False
Engine,Water,TutorMoves,MOVE_THUNDER_WAVE,Thunder Wave,Electric,Status,0,90,20,MOVE_EFFECT_STATUS_PARALYZE,0,True,Slowbro; Starmie; Gyarados; Lanturn,4,29,0.138,False,False
Engine,Water,TutorMoves,MOVE_TRICK,Trick,Psychic,Status,0,100,10,MOVE_EFFECT_SWITCH_HELD_ITEMS,0,True,Slowbro; Starmie,2,29,0.069,True,False
Engine,Water,TutorMoves,MOVE_TRIPLE_AXEL,Triple Axel,Ice,Physical,20,90,10,MOVE_EFFECT_HIT_THREE_TIMES_INCREMENT_BASE_POWER_20,0,True,Milotic,1,29,0.034,False,False
Engine,Water,TutorMoves,MOVE_TWISTER,Twister,Dragon,Special,40,100,20,MOVE_EFFECT_FLINCH_DOUBLE_DAMAGE_FLY_OR_BOUNCE,0,True,Kingdra; Starmie; Gyarados; Pelipper; Milotic,5,29,0.172,True,False
Engine,Water,TutorMoves,MOVE_UPROAR,Uproar,Normal,Special,90,100,10,MOVE_EFFECT_UPROAR,0,True,Gyarados; Feraligatr; Swampert; Pelipper; Sharpedo,5,29,0.172,True,False
Engine,Water,TutorMoves,MOVE_VACUUM_WAVE,Vacuum Wave,Fighting,Special,40,100,30,MOVE_EFFECT_PRIORITY_1,1,True,Poliwrath,1,29,0.034,True,False
Engine,Water,TutorMoves,MOVE_WATER_PLEDGE,Water Pledge,Water,Special,80,100,10,MOVE_EFFECT_HIT,0,True,Blastoise; Feraligatr; Swampert; Empoleon,4,29,0.138,False,True
Engine,Water,TutorMoves,MOVE_WATER_PULSE,Water Pulse,Water,Special,60,100,20,MOVE_EFFECT_CONFUSE_HIT,0,True,Blastoise; Golduck; Poliwrath; Tentacruel; Slowbro; Dewgong; Cloyster; Kingler; Kingdra; Seaking; Starmie; Gyarados; Lapras; Vaporeon; Feraligatr; Lanturn; Azumarill; Quagsire; Swampert; Pelipper; Sharpedo; Wailord; Whiscash; Crawdaunt; Milotic; Walrein; Empoleon; Gastrodon; Floatzel,29,29,1.0,False,True
Engine,Water,TutorMoves,MOVE_WONDER_ROOM,Wonder Room,Psychic,Status,0,0,10,MOVE_EFFECT_HIT,0,True,Golduck; Slowbro; Starmie,3,29,0.103,False,False
Engine,Water,TutorMoves,MOVE_WORRY_SEED,Worry Seed,Grass,Status,0,100,10,MOVE_EFFECT_SET_ABILITY_TO_INSOMNIA,0,True,Golduck,1,29,0.034,True,False
Engine,Water,TutorMoves,MOVE_ZEN_HEADBUTT,Zen Headbutt,Psychic,Physical,80,90,15,MOVE_EFFECT_FLINCH_HIT,0,True,Blastoise; Golduck; Slowbro; Lapras; Sharpedo; Wailord; Whiscash,7,29,0.241,True,False
